full_name,net,ORAPM,DRAPM,oTS,oTOV,oSC,dTS,dTOV,dSC,RESID,PVAL,ci95,weff
Oscar Tshiebwe,0.5041367335412067,0.544058158125956,-0.03992142458474937,-2.2771034563682604,-0.0995011177881597,2.920662732282376,-0.15793283730713847,-0.013763302237326698,0.1317747149597158,0.0,2.9391730272166057,4.302064492479691,6881.60532401598
Amari Williams,0.20414645173889467,-1.7792507665082455,1.9833972182471402,-1.7468115044666959,-0.35352607596455377,0.321086813923004,1.737009261052521,0.3733626800868174,-0.12697472289219794,0.0,0.21394869515306966,5.445291656226997,3148.229011568731
Harrison Ingram,-0.021643829198357944,-0.7080973752693798,0.6864535460710218,-2.1889468495418516,0.6649885315464052,0.8158609427260666,0.2807365325882294,0.45800622382681516,-0.0522892103440228,0.0,1.8865664877552641,4.012686318354415,9252.220743002243
E.J. Liddell,-0.7998853048855628,-1.5479460967147112,0.7480607918291484,-1.8403687434313254,0.1020757370707602,0.1903469096458541,1.2928326822041578,-0.4257056420094501,-0.1190662483655593,0.0,-0.25234924365839506,4.307552112304264,6848.711624370755
Damion Baugh,-0.8041771561728922,-1.201558034484171,0.3973808783112788,-1.9433866669544109,0.011954930751339243,0.7298737017189008,-0.04788436833489845,0.5087919904434557,-0.06352674379727843,0.0,1.1870938791164174,4.01880225827602,9179.95046581273
Moses Brown,-0.9398624045719715,-0.1918855532065198,-0.7479768513654517,-2.131660720066962,-0.11248497733417803,2.05226014419462,1.2246472566815987,-1.6456115423683517,-0.3270125656786987,0.0,-0.03284894118660825,4.321016108067282,6763.713442111337
Orlando Robinson,-0.9853767458390843,-2.0703518011222437,1.0849750552831594,-2.0183851347736703,-0.10653789570822683,0.05457122935965342,1.1059884314034538,0.11051620819014546,-0.1315295843104397,0.0,-0.07298004246886766,5.052085199001443,3939.4512644913966
N'Faly Dante,-0.9937084381807937,-1.3221739210201477,0.32846548283935406,-1.9986166207778133,-0.3559532747750607,1.0323959745327265,0.4231361060753799,-0.05507438543745418,-0.039596237798571604,0.0,0.5817720765216401,5.520623610991187,3025.6423382164157
Adama Sanogo,-1.0038822496451787,-1.2197806721225755,0.21589842247739674,-2.3563098266241504,-0.16928363595069576,1.3058127904522707,-0.006242817707891479,0.3646370271517964,-0.1424957869665082,0.0,1.3586703946868632,5.369703930225282,3277.221460523615
Malevy Leons,-1.019179957915654,-2.097794981498992,1.0786150235833378,-2.0667656969985355,-0.15514359925932492,0.12411431475886858,0.5049906813520151,0.47369280306845934,0.0999315391628634,0.0,0.5425950577308665,4.25947973978554,7160.031895335483
Jaylen Martin,-1.1061902578972966,-1.2403494123947556,0.134159154497459,-2.1940615128457837,0.429682174717802,0.5240299257332259,0.3756023090749918,-0.1126174843931205,-0.12882567018441235,0.0,0.7122689458734951,4.283910465514743,7001.389387820031
Malik Williams,-1.107087297335098,-1.7701109437274796,0.6630236463923815,-2.3903498312687548,0.03344365645266653,0.5867952310886085,0.963962872934386,-0.05455482042923857,-0.24638440611276596,0.0,0.3192996609992706,4.010852812616435,9264.531237913525
Andersson Garcia,-1.1375923042562233,-1.3312225177893322,0.19363021353310894,-2.04920127051755,0.19521389573744258,0.5227648569907756,-0.6633696490614915,0.7428141125378904,0.11418575005671006,0.0,1.5749786153228187,5.094775661849351,3830.1616887726022
Pedro Bradshaw,-1.1403155465470407,-1.1286902180974094,-0.011625328449631309,-2.324173721142329,0.2760504265303105,0.9194330765146093,-0.0287469271964248,0.13762266445199603,-0.12050106570520254,0.0,1.2126051017917132,5.0515043825199255,3938.7571047469373
Wendell Moore Jr.,-1.175600299815141,-1.841563409206396,0.6659631093912551,-2.182464942036276,0.1253864085521016,0.2155151242777784,-0.27239110259299426,1.0090773568903468,-0.07072314490609741,0.0,1.2792557448141295,4.605121193600125,5341.954455357474
ID_1631474,-1.1800835220869925,-1.0182382342709353,-0.16184528781605734,-2.023101594316995,0.7487106575537593,0.2561527024923005,0.5646979799989219,-0.6217051809254945,-0.10483808688948469,0.0,0.2783200922310807,3.899294363767935,10617.474457267681
Jesse Edwards,-1.2063975031579903,-1.9459519660955427,0.7395544629375522,-2.30773031322795,-0.3783723226379286,0.740150669770336,0.710499045355438,0.10064022170699582,-0.07158480412488152,0.0,0.3908337647145217,6.402550934215644,2027.2010610267566
Chris Mañon,-1.2171228724361183,-2.180024627102509,0.9629017546663907,-1.6354799083236864,0.021143913329376735,-0.5656886321081992,0.5833217896247337,0.4633742594236044,-0.08379429438194738,0.0,-0.1649647537371655,4.69898997776651,4985.987262417995
Neemias Queta,-1.2428862719802525,-2.043368582036062,0.8004823100558095,-1.946519324712903,0.0025563983225308784,-0.09940565564568998,0.6620460348181646,0.1670816060592159,-0.02864533082157092,0.0,0.04158701791448588,6.279935283548068,2130.4138760546257
Braxton Key,-1.300390714564385,-2.7078055411769357,1.4074148266125508,-1.9960044202036364,0.17182283451192537,-0.883623955485225,-0.24845879010766947,1.6047337516855862,0.051139865034634,0.0,0.9440724957469205,4.348370394398647,6595.449218302489
Ethan Thompson,-1.3058316488043198,-1.793961775919056,0.4881301271147363,-1.9603033442970865,0.08692175498925386,0.07941981338877663,0.1833368793058645,0.3091894401807153,-0.0043961923718435075,0.0,0.4711348161869023,3.8353597028605297,11546.37265163671
Elijah Harkless,-1.3129383871286069,-1.3658945324976834,0.052956145369076515,-1.6568189771412491,0.2504592330756468,0.040465211567918935,-0.6772854103896417,0.7585232994648787,-0.028281743706160475,0.0,1.021166000402284,4.699630230316016,4988.194616469189
Marcus Garrett,-1.3285751857743329,-1.7502251749326079,0.42164998915827495,-1.9108446429077306,0.35050251697604934,-0.18988304900092665,0.5852185047631907,-0.11571649122263086,-0.04785202438228491,0.0,-0.002949047629793082,3.9706200598222154,9714.070214942065
Daishen Nix,-1.3583374048840002,-1.7058021607046858,0.3474647558206855,-2.164940936399024,0.3735348801251196,0.08560389556921871,-0.7588106380201802,1.1251909681475938,-0.018915574306728078,0.0,1.5654141695352042,3.8212055748465645,11783.061715514192
ID_1641799,-1.3810290456410528,-2.4923700635810797,1.111341017940027,-2.107949030776222,-0.39001087870488105,0.005589845900023593,-0.04836757070773018,1.0761976051797315,0.0835109834680256,0.0,0.7752875558428998,4.265947127840045,7116.4902528379325
Justin Minaya,-1.4751985310790419,-2.336404192624438,0.8612056615453961,-2.255531648820277,-0.10723807385691331,0.026365530052752162,-0.2415489247651315,1.2767898816981749,-0.17403529538764725,0.0,1.0218820425063666,4.017092149089205,9198.185216790149
Jordan Schakel,-1.4849859243523782,-1.2376732098617826,-0.24731271449059547,-2.3655158092391226,0.3842517112172805,0.7435908881600595,-0.24204054611771508,0.12201201094933392,-0.1272841793222143,0.0,1.1225704310044595,4.5056456253101285,5779.053587578854
David Roddy,-1.49144262412219,-2.2135907737221796,0.7221481495999896,-2.073537071752083,-0.1623797424298603,0.022326040459763608,0.299595662061651,0.3708954366599454,0.0516570508783932,0.0,0.28249878556824193,4.731117246155115,4871.190576381716
ID_1642481,-1.4951112806560085,-2.7508261196448,1.2557148389887913,-2.3744715871730366,-0.3583045666866874,-0.01804996578507606,2.035142385450768,-0.6557136713819085,-0.12371387508006843,0.0,-1.1557820789337403,4.508920770843814,5759.454434675497
Morales,-1.5341114853321756,-1.3495160970801916,-0.18459538825198396,-1.8072517879938517,-0.43712182853087544,0.8948575194445356,-0.6974211653797417,0.6956451019490704,-0.18281932482131258,0.0,0.9705614680414179,3.779053516321742,12504.83408571572
Isaac Jones,-1.5398949313282064,-1.6893316312430513,0.14943669991484487,-1.5264302224922153,0.026581546551082802,-0.18948295530191883,0.369316538325941,-0.17918000126587408,-0.04069983714522206,0.0,-0.3827812471619322,4.416394237212318,6220.887602655155
ID_1630660,-1.5556542716099933,-1.2885776100147273,-0.26707666159526605,-2.006143448939608,0.5053689149116452,0.21219692401323542,-0.0749505663573467,-0.13144036485237653,-0.06068573038554281,0.0,0.5254397436869612,5.960841941787997,2450.3358927561903
Skal Labissiere,-1.5589661039400189,-1.334696155443798,-0.224269948496221,-1.8922359410156373,0.16919507137998852,0.3883447141918509,0.8120085881114097,-1.0104915088302306,-0.02578702777740012,0.0,-0.4787387510357914,3.8887794997451723,10763.46275816874
Jahmir Young,-1.5729445551492147,-1.310978662238032,-0.2619658929111828,-1.9105112674720655,0.3329438985643851,0.2665887066696485,0.06317793647696657,-0.17120423757845302,-0.1539395918096963,0.0,0.2743887758458843,4.149520725938225,7980.9147881383
ID_1643327,-1.6050783781696274,-1.6848697631896727,0.07979138502004524,-1.655048047343641,0.1360555222477411,-0.16587723809377272,-0.5666221043387732,0.7921215910894703,-0.14570810173065185,0.0,0.6165917735127868,4.7898580269907,4672.577722423201
Trey Alexander,-1.6790283399049697,-1.3532667766453013,-0.3257615632596683,-1.7675593410342012,0.47696743593962576,-0.06267487155072587,0.05238939695209144,-0.2638425338269213,-0.11430842638483846,0.0,0.03614160417714013,4.199551920185806,7582.686165899624
ID_1641892,-1.6857417760207785,-2.3597266217637882,0.6739848457430098,-2.4858319095567003,-0.041407837211412155,0.16751312500432447,0.678538909335627,0.02956104604314129,-0.034115109635758464,0.0,0.12155122420029514,6.159183030824222,2235.890352140972
Chuma Okeke,-1.6866085392518215,-1.891907783663227,0.20529924441140554,-2.021836417609697,0.2492412310255006,-0.11931259707903064,0.17859310849842458,0.07841853378240671,-0.05171239786942574,0.0,0.15663476985945093,5.001403321192184,4072.0651116070776
Trey Jemison,-1.697149422636433,-1.083288276835946,-0.6138611458004871,-2.3069800293955507,-0.29059875243282957,1.5142905049924342,-0.3600026516910233,-0.16317865263104236,-0.09067984147842145,0.0,0.9698332584501409,4.84499139856921,4498.59437987306
Moussa Diabate,-1.6974216195458993,-2.3412056963710066,0.6437840768251072,-1.9256051744159324,-0.6051550844405839,0.1895545624855094,0.7035830231609442,0.040534038498581754,-0.10033298483441873,0.0,-0.47539946829091145,6.394084604165167,2035.7418045699023
Wenyen Gabriel,-1.7021166401499768,-2.227026508341297,0.5249098681913202,-2.110056760876426,-0.2293239240066423,0.1123541765417711,0.5858446087359005,0.07463507357843809,-0.13556981412301833,0.0,-0.17790448800945147,6.1510220327363525,2249.4038560022996
Zikarsky,-1.714619139150777,-2.595185796088486,0.880566656937709,-1.7734712492208604,-0.577647279728525,-0.2440672671391007,1.8770781450258118,-0.8612602627402484,-0.1352512253478545,0.0,-1.8182260349557287,4.954551433447792,4195.145095260664
Daeqwon Plowden,-1.7314268316694457,-1.6777095393500958,-0.05371729231934988,-2.053541730739787,-0.14738945322811678,0.5232216446178078,0.127799212383099,-0.02052791599668438,-0.1609885887057645,0.0,0.1943156866872422,3.962704615199516,9816.44514645007
ID_1642011,-1.7338867578696584,-2.212857607971857,0.47897085010219853,-2.352182350598665,-0.008638609984026241,0.14796335261083476,0.1148863912655812,0.5802729716056321,-0.21618851276901474,0.0,0.5034092014634258,4.738370767293826,4844.347187974459
ID_1642438,-1.7357688894444667,-2.5787182070139214,0.8429493175694548,-2.158033855965978,0.32261765194299885,-0.7433020029909421,0.6291205916214496,0.31294320680248766,-0.09911448085448249,0.0,-0.20685562509993805,5.4390547016791295,3158.6964755502613
Brown,-1.7559746926068294,-1.326217248173412,-0.42975744443341746,-1.9987359092755301,0.04644353201826215,0.626075129083856,-0.3561281399166815,0.20054565598872032,-0.27417496050545626,0.0,0.5988893565853821,4.085270826191435,8532.930575985712
ID_1641917,-1.7564267570794214,-1.6331108933893306,-0.12331586369009076,-1.733758536293855,-0.005302043754507796,0.1059496866590322,-0.4068904522024903,0.2359324538298353,0.04764213468256426,0.0,0.384222231416924,4.055550604929218,8817.897448522395
Pedulla,-1.7815279304532348,-1.5668584446935776,-0.21466948575965714,-1.9656913903881421,0.301369125603354,0.09746382009121057,-0.6191112398212154,0.42269498757344015,-0.018253233511881878,0.0,0.8032746997561229,4.771220224331227,4735.139712681208
RayJ Dennis,-1.7933935171586348,-1.9592483273675003,0.16585481020886553,-1.846692556170687,0.519077826541186,-0.6316335977379993,-0.1389175342216501,0.5102140307656351,-0.20544168633511947,0.0,0.19221657323370225,4.069304136916056,8687.4139208515
Julian Reese,-1.8006242279698412,-1.4084138220139617,-0.3922104059558794,-1.9942990177439313,-0.04882046895032825,0.6347056646802978,-0.6914327889976326,0.3026405676085783,-0.003418184566825133,0.0,0.8851075787717229,5.532918164734413,3005.1650224632112
Quenton Jackson,-1.803680637875047,-1.8629421017173944,0.05926146384234736,-1.7520596381249431,0.01471277252887715,-0.12559523612132836,-0.2956748845204114,0.4392034133018363,-0.08426706493907755,0.0,0.24405388477030754,4.625303852853556,5260.785471541076
Jarron Cumberland,-1.810932011408534,-2.1807642452888385,0.3698322338803044,-2.003777500300245,0.12909967946539247,-0.306086424453986,0.05373457857299979,0.43195345327542745,-0.11585579796812283,0.0,0.1391109103187111,4.182704432402357,7710.728398690278
Nate Hinton,-1.8129919289853165,-2.12578125536493,0.31278932637961365,-2.198731376984631,-0.11132434197159444,0.18427446359129518,-0.7790168098897639,1.1748378227615601,-0.0830316864921826,0.0,1.1647562578890784,3.821261429892883,11770.191963914293
ID_1643251,-1.8317096863154994,-0.7349252230567576,-1.0967844632587418,-1.9650442891412383,0.01975553104876615,1.2103635350357145,-1.0578004413053632,-0.056491894043038525,0.017507872089659926,0.0,1.1911350441311022,5.477304038722622,3094.6816111530807
ID_1643126,-1.8418474029792486,-1.835234105693623,-0.006613297285625708,-1.9751502584226124,0.2822907400341405,-0.1423745873051511,0.12301425358642604,-0.042333784511050035,-0.08729376636100171,0.0,0.010288601856937668,4.939071728707903,4233.050471200599
Jordan Miller,-1.8422169037740277,-1.4608583894601541,-0.3813585143138736,-1.863424851177891,0.24206880076750764,0.16049766095022938,-0.5198821338481484,0.16227929541361288,-0.023755675879337995,0.0,0.5410900812520119,6.134216583731302,2265.1626552977127
Dalano Banton,-1.8484405497314402,-1.8893586698456146,0.040918120114174325,-2.017864476882118,0.025103970832339978,0.1034018362041636,0.45327560129474687,-0.31099097666743447,-0.10136650451313807,0.0,-0.283851674144069,4.383385732224603,6398.314293540363
Oduro,-1.8541905614483036,-2.7958995311324637,0.9417089696841601,-2.0888963238349953,-0.5650921372180593,-0.14191107007940934,0.47062060455577137,0.4916671524581487,-0.02057878732976008,0.0,-0.23591484216907999,4.189549803815934,7655.097356615612
ID_1631285,-1.8658100394776156,-1.9435224992835751,0.07771245980595959,-1.9318837548474117,-0.43572914336221175,0.42409039892604816,-0.19166922842387446,0.40952334055402156,-0.14014165232418752,0.0,0.25774294379367046,4.688061889893373,5025.5684277796645
Goldin,-1.8690890151888373,-2.644255277879166,0.7751662626903288,-2.2360933641268206,-0.0045047406396740985,-0.40365717311267185,1.2858583564618518,-0.33422908295355,-0.17646301081797294,0.0,-0.9188540075238689,5.657459358443602,2820.117479057949
Jamaree Bouyea,-1.8946987796726478,-2.6121059883837408,0.7174072087110931,-1.909601424519705,0.16899545696163465,-0.8715000208256705,0.5444305133646746,0.2464123143986342,-0.07343561905221571,0.0,-0.5295278685176174,4.313471079464814,6811.116607483089
Jordan Bell,-1.9431322612724906,-3.0104375490742252,1.0673052878017346,-1.8306776957125273,-0.26598232532272126,-0.9137775280389765,0.7830440419561914,0.37912521732584975,-0.09486397148030663,0.0,-0.8954986075161547,5.915519461315189,2497.115151519034
Kessler Edwards,-1.9470149506655257,-2.536451219078734,0.5894362684132083,-2.250697539235073,-0.13829893826610298,-0.14745474157755764,0.7386389761001361,0.006912080491023827,-0.15611478817795163,0.0,-0.4349563875305884,4.509562718445242,5758.367710584298
ID_1641864,-1.957107339671732,-1.7506400625476994,-0.2064672771240326,-2.1786376685235704,0.2882924156972525,0.13970519027861855,0.09483723977391323,-0.14164026625867687,-0.15966425063926895,0.0,0.12669308907792523,4.727956434768402,4881.555370236127
Drew Peterson,-1.9602335384589318,-1.8216338045439757,-0.13859973391495597,-1.9762678206408537,0.07765337584247786,0.07698064025440016,0.31540555036615403,-0.21038962206504405,-0.24361566221606595,0.0,-0.299371268184232,3.941189402409583,10065.031816425937
Charles Brown Jr.,-1.9635915125669001,-2.831893378691281,0.8683018661243808,-2.022714162936226,-0.2581982917391904,-0.5509809240158646,-0.29999823443420626,1.2779646264012114,-0.10966452584262439,0.0,0.35912088480353205,3.8521296393191427,11284.25065433079
Isaiah Miller,-1.9664382501986006,-1.9843890743378965,0.017950824139295926,-1.9870679150733581,0.14080016676761958,-0.13812132603215788,-0.7428195720967142,0.7575950213156835,0.0031753749203266984,0.0,0.7634492369714718,4.645641804544513,5178.899440799632
Pete Nance,-1.97115751834082,-2.7477620640669054,0.7766045457260853,-1.9417105321862154,0.010834425687336752,-0.8168859575680265,0.854381707706748,0.10368730135512258,-0.18146446333578542,0.0,-0.8838286938613527,4.681440494774959,5051.858698069784
Omier,-1.971184611688678,-0.6874435329729249,-1.283741078715753,-1.589906505347014,-0.38539690754050804,1.2878598799145973,-0.921782266948828,-0.41850521001605906,0.056546398249134155,0.0,0.5405041606071643,4.903145697583892,4326.213201167815
Zyon Pullin,-1.9713444009525647,-1.7592042851746585,-0.21214011577790604,-1.683825134259592,0.19273386262396008,-0.2681130135390266,0.07076754837199262,-0.17033914606882977,-0.11256851808106888,0.0,-0.3582868150649652,4.563878388788847,5517.071786528036
ID_1642392,-1.9858768007765817,-1.7395702315854953,-0.24630656919108643,-2.02273014655281,0.03450046943665544,0.24865944553065922,-0.5309219386247837,0.49148763946099167,-0.20687227002729444,0.0,0.5677752844010118,4.739436495058433,4843.590886738648
ID_1642045,-1.996311810092486,-2.3454268300813013,0.3491150199888153,-1.7833289107314334,-0.09515227883448067,-0.46694564051538734,-0.05565966018443286,0.563014417971891,-0.15823973779864292,0.0,-0.1573232391766199,6.146703243490029,2255.5213365456557
Nate Pierre-Louis,-2.0076235450983777,-1.6361470079356897,-0.3714765371626881,-2.0511093996464487,0.05101286435489136,0.3639495273558676,-0.6030827723486287,0.31479675892407355,-0.08319052373813289,0.0,0.6465686268966997,5.421855608722055,3185.1705996220253
Henry Ellenson,-2.0163104861656644,-1.5599499814884463,-0.4563605046772181,-1.9037791891859799,0.42840701088542144,-0.08457780318788793,-0.020541455985771395,-0.359942885235571,-0.07587616345587572,0.0,-0.09198984099391322,5.243525518406778,3515.7459684012624
T.J. Warren,-2.025657605485831,-1.974884195191566,-0.05077341029426499,-2.0147656283457485,-0.052495417246183354,0.09237685040036564,0.3272633108356686,-0.2508967222934617,-0.1271399988364719,0.0,-0.33815528797575134,4.962333067000952,4167.047065807382
Gabe Levin,-2.0267895230248,-1.5422032777873036,-0.4845862452374963,-2.270447450399959,-0.18362921129408555,0.911873383906741,-0.16026143194231385,-0.3286112589210273,0.004286445625844862,0.0,0.4039193593174729,4.601978611137828,5352.592170042648
David Duke Jr.,-2.035537288830957,-2.849481054100436,0.8139437652694791,-1.9011078011823523,-0.05643203826965608,-0.8919412146484277,0.024078990108189813,0.8059284468433303,-0.016063671682041078,0.0,-0.1585084777567945,4.275971542869819,7048.7154866284
Colby Jones,-2.0384731443684414,-2.3580551159249774,0.3195819715565362,-1.964087503611316,-0.3252339542459114,-0.06873365806775,-0.00850262026700399,0.4474164201311344,-0.11933182830759419,0.0,-0.06588302049012117,4.977512170309419,4122.090656315131
Adam Flagler,-2.0475986272292848,-2.122624970426336,0.07502634319705122,-2.167530233751042,0.293651773144492,-0.24874650981978624,0.36966954971168786,-0.28892750446853843,-0.005715702046098212,0.0,-0.24973794318993092,4.984835348023186,4110.466019342657
DaRon Holmes II,-2.0554531763165973,-1.7630717116500614,-0.2923814646665359,-1.9551526061354347,0.1825462541972977,0.009534640288075602,0.6215012995029224,-0.7131963183545529,-0.2006864458149055,0.0,-0.721801869684085,5.57249297803224,2946.0275705561335
Lachlan Olbrich,-2.075089490956,-1.7499814207697266,-0.3251080701862734,-1.846338134106771,0.02646221989253872,0.06989449344450582,0.18513482846871243,-0.36666322345135044,-0.1435796752036354,0.0,-0.4138861853179413,6.176652328052176,2227.0474277354374
Markquis Nowell,-2.0773895783765535,-2.383156024343478,0.30576644596692465,-2.113797795750313,-0.15678002785847378,-0.11257820073469119,-0.32471063090532215,0.7774084501101983,-0.14693137323795152,0.0,0.36111884827908186,4.742339755705435,4830.328955841871
Kobe Bufkin,-2.0797470458858465,-1.8775065891402565,-0.20224045674559005,-1.578096195022977,-0.11285241124333145,-0.1865579828739482,-0.34974993822033923,0.2535641541840559,-0.10605467270930673,0.0,-0.15190091264253047,5.076802756065333,3877.2675203929857
Olivier Sarr,-2.103802788690032,-2.4899179520929273,0.3861151634028954,-1.9724573593231647,-0.7436007227634158,0.22614012999365296,0.40861035018133673,-0.05898329010370734,0.036488103325266,0.0,-0.5399557795482042,4.485308022239908,5868.624616870404
ID_1630546,-2.105093519263187,-1.4953697112774442,-0.6097238079857428,-1.9859238063228497,0.14566739800319023,0.3448866970422153,-0.3530329193220435,-0.0687553563098044,-0.18793553235389493,0.0,0.2338632063817062,4.086169318721711,8530.911019510408
DaQuan Jeffries,-2.1148599854272274,-2.475952539978106,0.3610925545508787,-1.993879950685658,0.13232570902121188,-0.6143982983136599,0.8570175560500636,-0.45483217755628935,-0.041092823942895526,0.0,-0.9779975907916328,4.227562349624288,7382.6893172550745
Mamadi Diakite,-2.114901397565276,-2.4214901487292053,0.3065887511639292,-1.5281487986306097,-0.4035000406417933,-0.4898413094568025,0.47866462917469643,-0.0220510921890985,-0.15002478582166873,0.0,-1.065417228109363,4.763125195051673,4758.478626550509
Killian Hayes,-2.1246094603786903,-2.523885617302863,0.39927615692417273,-1.9765545338346933,0.15446804759496857,-0.7017991310631384,0.01085630542683591,0.4800451924358821,-0.0916253409385453,0.0,-0.158911231970833,4.4531494305255,6028.91766129542
ID_1643070,-2.130919156689148,-1.937668668969347,-0.19325048771980105,-1.8336993892844577,0.0692384947806794,-0.17320777446556873,-0.3910581232532829,0.41954999554855255,-0.22174236001507072,0.0,0.09383835584859249,4.684560433750764,5038.904088538726
ID_1631384,-2.138483488557593,-1.4552812916643179,-0.6832021968932751,-2.256785651731173,-0.2030241751120125,1.0045285351788675,-0.07480382869846108,-0.5059325073413565,-0.1024658608534574,0.0,0.19310599187204108,6.2990496330120616,2111.5405673934674
Romeo Weems,-2.144064000814407,-2.170512511357119,0.02644851054271205,-2.2762457052162137,-0.21209127740857198,0.3178244712676669,-0.17554711352335128,0.21438595087944246,-0.012390326813379121,0.0,0.30772881792515827,4.069089823266868,8674.545253904558
Jay Huff,-2.1484334840641144,-2.6370412901653606,0.4886078061012462,-2.105648560365365,-0.14191364940598625,-0.3894790803940095,0.8424787668809067,-0.31819743079926877,-0.03567352998039176,0.0,-0.8852636905796563,5.785380761031274,2653.0473185228566
David Jones Garcia,-2.1597900397585903,-2.094997807649987,-0.06479223210860299,-1.8051686169863201,-0.16433947754837966,-0.1254897131152872,-0.11678325412335705,0.10850221579926878,-0.05651119378451472,0.0,-0.2378381686489128,4.615540363851685,5297.058137923963
Johnny Davis,-2.1797858885224417,-2.4584080308164338,0.2786221422939922,-2.300234047836305,0.10264316809267993,-0.26081715107280873,0.39013814114203893,0.06364295712727314,-0.1751589559753199,0.0,-0.2696899818281756,4.763106383603882,4759.101271035115
Henri Drell,-2.1827305761724443,-2.4682218867593364,0.28549131058689226,-2.066514174375294,0.05662288658395906,-0.4583305989680014,0.2784198010721617,0.05689954891025324,-0.04982803939552267,0.0,-0.3946362028693118,4.341387036958829,6640.1918507307255
Jaden Springer,-2.1876729716038406,-2.2883164616682676,0.10064349006442691,-2.1304680477342917,-0.05439576358395494,-0.10345265035002088,-0.6048535283279854,0.6748196019277386,0.030677416464673757,0.0,0.5476486044584365,4.659006402692874,5130.632416431703
ID_1631449,-2.190970494875247,-2.13763249765083,-0.05333799722441715,-2.3481142575785596,-0.23471861845503694,0.4452003783827667,0.05569997077591515,0.12025104908616316,-0.22928901708649546,0.0,0.10144379192739744,4.327229214858984,6711.734114908239
Darius Days,-2.2006880826052684,-2.223047017574143,0.022358934968874353,-2.1723584148951405,-0.14778561548777353,0.0970970128087712,-0.6959756706493135,0.7157474701356641,0.002587135482523803,0.0,0.6676460029391855,5.1442005480021935,3726.2235408842407
ID_1631198,-2.2026608422249243,-2.2785108814635833,0.07585003923865874,-2.2005686519561296,-0.12858329613218503,0.05064106662473117,-0.501415731083327,0.6070411160773566,-0.029775345755370775,0.0,0.4993235408145319,4.430828487470177,6137.829826364765
JD Davison,-2.2120346373923967,-1.5600096171879994,-0.6520250202043976,-1.613193631985122,0.15238441441903766,-0.09920039962191496,-0.4042558743890151,-0.05936633823462603,-0.1884028075807565,0.0,-0.19458513101825983,4.04941194992771,8873.677849320213
Jermaine Samuels Jr.,-2.2235661957478463,-2.514751970735883,0.2911857749880371,-1.9458234750033327,-0.4381799719791229,-0.13074852375342755,0.018363005909641295,0.23542493823314864,0.03739783084524717,0.0,-0.29610572665415463,4.182580443304433,7709.842545062753
Nae'Qwan Tomlin,-2.2341277256651075,-1.862092525190398,-0.37203520047470967,-2.07725071157774,-0.32825224268756215,0.5434104290749041,0.1889752063672795,-0.39155460796594466,-0.1694557988760445,0.0,-0.3458522204546472,5.334121585142862,3339.400156856269
ID_1641991,-2.2434833331223025,-2.4982367340005496,0.2547534008782471,-2.067279655836066,-0.24350707040872077,-0.18745000775576284,0.14363637692516007,0.1926395142742029,-0.08152249032111586,0.0,-0.31984005421139655,5.55189805962383,2977.813816564003
Keaton Wallace,-2.2487105847753965,-2.5090759545483006,0.26036536977290387,-2.1925973680495754,0.10827988464918953,-0.4247584711479146,0.07944959725297118,0.2238375319200217,-0.042921759400089035,0.0,-0.13556281397879238,4.8586956187015895,4457.027887725055
ID_1643091,-2.254013293248189,-1.956724852984883,-0.29728844026330603,-1.883866155325339,0.21656072573223983,-0.28941942339178384,-0.6713512207303702,0.3423187444407603,0.03174403602630391,0.0,0.3012040828075202,4.964753085437133,4154.926549538315
Victor Oladipo,-2.260885992338321,-3.0527360621375585,0.7918500697992374,-2.4759475896372867,-0.5961485680860081,0.019360095585736647,0.11473630485788944,0.6785353224164556,-0.0014215574751075821,0.0,0.10032529244107663,5.748037353702672,2701.2311787713033
ID_1642496,-2.2657944242112196,-2.20710168599715,-0.05869273821406941,-2.0311275994538023,-0.29616154458100213,0.12018745803765446,0.39692970582328935,-0.4148557789661383,-0.04076666507122047,0.0,-0.6315965305807064,5.194591586735476,3617.9328322737447
Myron Gardner,-2.2658262222227177,-1.4626803070951757,-0.803145915127542,-2.2605403848806396,0.04174783365000584,0.756112244135458,-0.5010836627524198,-0.3030477724371526,0.0009855200620303706,0.0,0.4957978254103417,4.6316711587643065,5233.148650721425
ID_1643090,-2.2774241413296177,-1.8725765591243642,-0.4048475822052534,-2.087264231078667,-0.10288799897018586,0.31757567092448913,-0.26293846828555295,-0.04625498210911337,-0.09565413181058705,0.0,0.07277855803460284,6.008111146322474,2392.3816028489655
Nate Darling,-2.3048072717958954,-2.230125398852732,-0.07468187294316372,-1.9873712647924489,0.13407267666920342,-0.3768268107294864,-0.22458326021105013,0.267939637854598,-0.11803825058671161,0.0,-0.0928527467923966,5.57501546224418,2943.133295176306
ID_1642072,-2.308821462827008,-1.86473906446072,-0.4440823983662876,-1.9578552426373483,-0.3309791476360868,0.42409532581271536,-0.5759560176710007,0.27249076372821146,-0.14061714442349837,0.0,0.22498979748134162,4.788485709956941,4680.16026115241
Chris Silva,-2.311017024401215,-2.9900430991205704,0.6790260747193557,-1.889508435958367,-0.7443237673926937,-0.3562108957695098,0.43406273477064283,0.3277577036717145,-0.08279436372300158,0.0,-0.8555713232134905,5.500395254772096,3056.02212779024
ID_1643009,-2.312381381234472,-2.7379862623593976,0.42560488112492556,-2.3673919844640383,-0.5235131348486719,0.15291885695331225,0.02276037382556162,0.4846912123566394,-0.08184670505727555,0.0,0.032250229404004224,4.977275121451024,4124.34431156059
Chaz Lanier,-2.3127050096912036,-1.829167428389304,-0.4835375813018998,-1.8954659282115887,0.5551316364048724,-0.48883313658258776,-0.6554614498989378,0.2809971840913421,-0.10907331549430405,0.0,0.2382223684193227,5.637763017627561,2847.5885967988847
Chaney Johnson,-2.3343382954911394,-1.3363454795818914,-0.9979928159092479,-1.5381359164584163,-0.33144270180267044,0.5332331386791953,-1.2246982049744086,0.4359128171506543,-0.20920742808549359,0.0,0.4284958259416856,4.993151168502637,4082.768093832398
Jacob Toppin,-2.3464674656215037,-2.1859563550751018,-0.16051111054640194,-2.009077687957883,-0.14650885765766733,-0.030369809459551256,0.3959303811760029,-0.43184169742186657,-0.12459979430053825,0.0,-0.7333201588396234,4.714804807228539,4929.6586931344145
Carlik Jones,-2.346843355286322,-1.906576885402311,-0.44026646988401097,-1.9790515683503511,0.2938504078175138,-0.2213757248694736,-0.5020410479499435,0.10258154174610684,-0.04080696368017431,0.0,0.13424926101397275,5.9346823191541755,2474.8875134862374
ID_1641746,-2.3574118961891477,-2.3595726322338706,0.002160736044723055,-1.9446763857380003,0.20361486048389993,-0.6185111069797702,-0.12055238481916064,0.13740959918006884,-0.014696478316185146,0.0,-0.29218312563198656,4.644597970796283,5190.7597296947815
Zavier Simpson,-2.357478615665253,-2.093903902714286,-0.26357471295096685,-2.114462408311417,0.16954727405686165,-0.1489887684597307,-0.10042109340240368,-0.06091117736469796,-0.10224244218386519,0.0,-0.1425951139514322,4.659176259742956,5133.647901893111
Trhae Mitchell,-2.357849916300586,-2.922524866033235,0.5646749497326491,-2.543333946041393,-0.43251012798330246,0.05331920799146017,0.42686956736715387,0.47957207552893205,-0.3417666931634369,0.0,-0.24138553762634712,3.801815012604136,12096.52183303954
Mo Bamba,-2.36154417221269,-2.135859797149178,-0.22568437506351188,-1.8249116664218803,-0.19223177398525196,-0.11871635674204589,0.28764450881035086,-0.3927312774169041,-0.12059760645695863,0.0,-0.8242770146011605,5.828259086108739,2604.641113112213
Tosan Evbuomwan,-2.3650917455938996,-2.4276984654697666,0.06260671987586724,-2.1124535239626914,-0.058382532371068524,-0.2568624091360069,-0.5045425139540693,0.4420876303776247,0.12506160345231188,0.0,0.2519042923228612,4.0377631110575365,8985.66280110565
PJ Hall,-2.366010493159508,-2.0790550260585006,-0.2869554671010077,-1.6906043597968914,0.02472016714329689,-0.41317083340490623,0.11992344433838398,-0.3835065852059293,-0.023372326233462387,0.0,-0.795329577701001,4.613551501378916,5312.086631699381
Cameron McGriff,-2.3662158581105333,-2.6864562645396592,0.320240406429126,-1.8214694254948969,-0.33847769115179205,-0.52650914789297,0.10169693011211178,0.259269114955966,-0.0407256386389518,0.0,-0.6464433627277479,4.170788027750062,7805.479646364878
Tolu Smith,-2.367122720629023,-2.3877149000627336,0.02059217943371089,-1.7615861389261696,-0.9123689461196303,0.2862401849830667,0.6980981527450337,-0.48001518025393675,-0.1974907930573861,0.0,-1.3036347344478865,4.603516303802795,5347.865098427458
ID_1643069,-2.371613721786034,-3.365995679724095,0.9943819579380611,-2.204537944177645,-0.35801886215976075,-0.8034388733866892,-0.14616149308799287,1.026481936834937,0.11406151419111704,0.0,-0.020914284520395954,4.41538752406024,6221.559907681591
ID_1641777,-2.395205038244746,-2.002203990785549,-0.39300104745919695,-2.0882381962201433,-0.3484865377216262,0.4345207431562206,0.3110640093575995,-0.6800604259325953,-0.0240046308842011,0.0,-0.618030851382202,5.0105158012317474,4041.809113373185
Patrick McCaw,-2.4024002881568274,-2.2977726489113453,-0.10462763924548214,-2.062683427550351,0.19029554550157707,-0.4253847668625714,-0.8567470952802396,0.8332451658986841,-0.08112570986392666,0.0,0.5170302346737632,4.089325591902928,8489.893306467411
Skylar Mays,-2.4066087669347715,-1.572530516020198,-0.8340782509145733,-2.260617971770996,0.23940384959416972,0.4486836061566284,-0.5898340556379046,-0.08380512073441843,-0.16043907454225026,0.0,0.4438432604741295,5.398515228250698,3227.2195539965596
Isaiah Stevens,-2.407126978395526,-2.119859508464457,-0.2872674699310688,-2.072988950581715,0.25492195266538253,-0.3017925105481245,-0.17539518247449631,-0.15735088590212343,0.045478598445550994,0.0,-0.1587428453393144,4.295484610127986,6922.299281431412
Nassir Little,-2.409355623907169,-3.036075146667189,0.6267195227600195,-1.907865300895627,-0.1414580315645643,-0.9867518142069978,0.4708211912219038,0.25734223992108535,-0.1014439083829697,0.0,-0.9723115142334464,5.075487944581334,3881.3359984569825
ID_1643223,-2.4138904573402167,-1.2171851899696589,-1.1967052673705578,-2.5249898695423783,0.5635410646440333,0.7442636149286861,-1.3992396449171682,0.17855486408029128,0.023979513466319102,0.0,1.5103390571193298,5.341378315124135,3329.066588533211
Bez Mbeng,-2.4198890435553846,-3.2292286324966697,0.8093395889412852,-2.2732903332342476,-0.2418761639944464,-0.7140621352679756,0.2170345360676641,0.7445133375133457,-0.15220828463972455,0.0,-0.3636332463888008,4.900174632863909,4340.9833015111235
Shulga,-2.43036129401301,-2.3737663661869535,-0.056594927826056414,-2.0766538301077224,-0.6021640856138499,0.30505154953461866,0.06115539988544905,-0.005381097631511837,-0.11236923007999362,0.0,-0.4148628637907367,4.716328263748952,4921.510123377095
Cam Christie,-2.4363362675260007,-2.3581633225031324,-0.0781729450228684,-1.9382565385458506,0.09013565586536529,-0.5100424398226472,-0.37709645771784756,0.36038843689545347,-0.0614649242004743,0.0,-0.12098327126230271,5.339499820160732,3329.857607695265
ID_1642412,-2.4416077382488144,-2.522211631519032,0.08060389327021757,-2.1710496581315506,-0.24611331760492416,-0.10504865578255729,-0.49242014485470015,0.606151821631872,-0.033127783506954264,0.0,0.22186206473743625,6.313520009192309,2097.024430817296
John Butler Jr.,-2.447152428669337,-2.549573151186256,0.10242072251691893,-2.019618362916567,-0.009312979185311682,-0.5206418090843777,0.5081229749640465,-0.32604198079139923,-0.0796602716557283,0.0,-0.935657040716817,3.9734859939769867,9677.465051342006
Cooke,-2.4544253682760853,-2.127835561886386,-0.32658980638969926,-2.1059845408187705,0.14909936930190382,-0.17095039036951923,-0.01353793355013122,-0.24802599512373955,-0.06502587771582846,0.0,-0.3349028939071834,3.9708422732951685,9712.491128976872
Nick Smith Jr.,-2.454592744995646,-2.2612063910850293,-0.19338635391061684,-1.7174043906899037,0.10847774233376345,-0.6522797427288891,-0.3146558295338101,0.3284744302587781,-0.20720495463558483,0.0,-0.42253252477193237,5.416824752726055,3193.993626642792
Reece Beekman,-2.455950593165141,-2.4860392009854815,0.030088607820340507,-1.8906154261105155,-0.06693385246184334,-0.5284899224131225,-0.2680793908022578,0.46150951212675945,-0.16334151350416115,0.0,-0.2972557762523676,4.267760479939605,7097.508152799801
ID_1642946,-2.4583347697538436,-1.960569872625706,-0.49776489712813765,-2.2908491090494825,0.06114721470623796,0.26913202171753847,-0.27426639608496967,-0.2533820548557024,0.02988355381253438,0.0,0.1067807353806084,5.170871479011191,3662.453846027101
ID_1642915,-2.461618253029722,-1.5184663889447796,-0.9431518640849423,-1.7979667889965538,0.2988645578412579,-0.019364157789483638,-0.29659060475458837,-0.6512080838189347,0.004646824488580684,0.0,-0.36706085927857973,4.8935734789614935,4362.915767010698
ID_1642473,-2.464231206232186,-2.562225678317546,0.09799447208535991,-1.9861467736973104,0.44593049571303656,-1.0220094003332718,0.6151846113590632,-0.35368318370525875,-0.16350695556844455,0.0,-1.0932690438939385,5.069122376562657,3895.9865032860657
ID_1641999,-2.4667616339381535,-2.5485694393117413,0.08180780537358787,-2.4062335739209817,-0.5956677122135876,0.4533318468228281,-1.0247211350719758,1.1267129305810353,-0.02018399013547159,0.0,0.9641930750548042,4.083670720090091,8549.061498249546
Sidy Cissoko,-2.4690393817795337,-2.782210485557139,0.31317110377760504,-1.7752007393587141,-0.07293134182997843,-0.9340784043684466,0.027121692454705693,0.4973346684381183,-0.21128525711521892,0.0,-0.7209603348755257,4.97447180307701,4134.358028892599
Daniss Jenkins,-2.4717273326785456,-2.227610140149018,-0.24411719252952765,-2.08610476280693,-0.21025815536992737,0.06875277802783908,-0.14515389231330533,-0.07131704612342005,-0.027646254092802275,0.0,-0.2404686775583106,5.027051943105224,4001.3918921472086
Deonte Burton,-2.481479486851274,-2.803128921226332,0.321649434375058,-1.8602407263243088,-0.033913978486338286,-0.9089742164156851,-0.0039731172150284655,0.3997254243239214,-0.07410287273383492,0.0,-0.6172656433119368,5.176845578003634,3653.5057760410396
ID_1643025,-2.4827604108250467,-1.788744369687488,-0.6940160411375589,-2.232083114489676,-0.3809227172370024,0.8242614620391899,-0.580606853097817,-0.04258943399568238,-0.07081975404405944,0.0,0.32992955676244573,5.570820157409949,2940.670037770469
Devon Dotson,-2.4846264990726405,-2.382661761444692,-0.10196473762794882,-1.9571297028544166,0.2052604100985002,-0.6307924686887756,-0.2727211176348714,0.1563553833736056,0.014400996633316968,0.0,-0.2547756785833528,5.0789548363035895,3874.712935552857
Elijah Hughes,-2.495998130746636,-2.2091537805133847,-0.28684435023325117,-2.1665218700257567,0.22004231064085084,-0.2626742211284791,-0.042616937508669406,-0.06867027330877512,-0.17555713941580667,0.0,-0.2868593232122101,4.4843210794841735,5876.680857384415
Terry Taylor,-2.4971033945985734,-1.3979293728252682,-1.0991740217733055,-2.1084735169854336,0.2618031465366479,0.4487409976235175,-0.18794654010009648,-0.8488717205132843,-0.06235576115992455,0.0,-0.20068333751304343,4.440111323526006,6095.183909706591
Anton Watson,-2.5030308214642982,-2.250927281716961,-0.2521035397473369,-2.0773749679593876,-0.018057664611680818,-0.1554946491458927,-0.8017181569094759,0.5463097073425442,0.00330490981959472,0.0,0.3760623034045655,4.147664402892425,7991.771841375961
ID_1642027,-2.514576174170711,-2.5164432785910718,0.00186710442036081,-2.2318608027267413,0.32529866335309343,-0.6098811392174242,0.3093825550761623,-0.13151080542937416,-0.17600464522642734,0.0,-0.5920979265201323,5.387257222480122,3245.5739549528935
Hamidou Diallo,-2.5187618923950676,-1.9760765449644064,-0.5426853474306614,-1.5661745170582009,0.21348815440429797,-0.6233901823105036,-0.7734393484451286,0.28022934003739847,-0.04947533902293131,0.0,-0.17914802689173845,6.348052566579946,2072.5781832999332
Lamar Stevens,-2.5349514861458897,-2.8744065063631155,0.33945502021722573,-2.045996052777672,-0.3745643640476537,-0.4538460895377896,0.43661084616955603,-0.0643879157085287,-0.032767910243801615,0.0,-0.9255662795377737,6.1236424367625695,2274.6879707811736
Enaruna,-2.537792200278059,-2.6155992830409924,0.07780708276293336,-1.8673140280456844,0.37788029735540185,-1.12616555235071,-0.2696374348656922,0.5208575382901728,-0.17341302066154723,0.0,-0.4008407373666825,4.163116919639056,7862.050508114531
ID_1631376,-2.5418047001522783,-2.9507765227827116,0.4089718226304332,-2.2545021044873317,-0.2911877455947012,-0.405086672700679,0.6689002356292363,-0.3522398557025949,0.0923114427037918,0.0,-0.9562028312941834,4.784536976370554,4690.045451408093
Justin Champagnie,-2.5439471251592005,-1.9298339580336292,-0.6141131671255714,-2.0281105783580844,-0.37939600732361756,0.4776726276480726,-0.6606698224462094,0.17366823603757028,-0.1271115807169323,0.0,0.14483327564509307,4.839764418427726,4515.208186309602
Trey Burke,-2.547248694804241,-2.5696410230139564,0.022392328209715456,-1.8934901908379393,-0.26364370010191035,-0.41250713207410644,0.022138036837040354,0.1367925316613853,-0.1365382402887102,0.0,-0.6758965408033417,5.791818313212736,2645.6874694072862
Malcolm Hill,-2.5481212927323043,-1.8217001631204344,-0.7264211296118698,-1.9822900698589514,0.10243824418564823,0.0581516625528688,-0.3921187630819755,-0.30374223033727765,-0.030560136192616508,0.0,-0.17371245979137712,3.987736136271261,9520.222153923809
ID_1643128,-2.5546066634719162,-1.6186025830747783,-0.9360040803971379,-2.554402791039271,0.6503989687538791,0.28540123921061356,-0.3665292042516389,-0.30601235798824894,-0.26346251815725,0.0,0.3663253318189937,5.47134448362996,3106.369798708407
Ben Saraf,-2.5547361534249093,-2.994436648500875,0.4397004950759657,-2.3668478293375443,-0.7565838019596864,0.12899498279635535,-0.11743836882056113,0.6566148040949602,-0.09947594019843337,0.0,-0.07044995526680425,6.365696222469773,2060.520539424807
Juan Toscano-Anderson,-2.557222556059882,-3.214188781032171,0.656966224972289,-2.1492076671475013,-0.3406161866286496,-0.7243649272560201,0.32055402936771293,0.4447539697506643,-0.10834177414608825,0.0,-0.7285689182800936,4.96664161397525,4153.194451343011
Jordan Bowden,-2.5728942500369354,-2.07876418870791,-0.4941300613290256,-2.0406401662219307,0.2333557852427392,-0.2714798077287184,-0.7119535947086891,0.17750908845198257,0.040314444927680965,0.0,0.17969951089368436,4.313497769978227,6809.568387532621
Darius Bazley,-2.5753174350495485,-2.8069165274254066,0.23159909237585818,-1.8988745159727116,-0.08527148714373214,-0.8227705243089631,0.8086402032426604,-0.3405604954129807,-0.23648061545382149,0.0,-1.4850831223194976,5.7514761342999465,2695.5171506749075
Leaky Black,-2.5785257169287776,-3.142162053889016,0.5636363369602382,-2.0588625670829344,0.03673092441510106,-1.1200304112211823,0.2179684290613233,0.45531314294168806,-0.10964523504277326,0.0,-0.7376315789071664,4.058812567240122,8779.626970847208
Dillon Jones,-2.5799350262530782,-2.3357187126870613,-0.2442163135660169,-2.016144502730072,0.11041098134193184,-0.4299851912989211,-0.293637280209747,-0.05755003898387642,0.10697100562760656,0.0,-0.2701532433132592,4.208277721244927,7519.589239165588
Jaylen Nowell,-2.585767352285219,-1.768133490634742,-0.8176338616504771,-1.8006662481726237,0.29973095674296046,-0.26719819920507865,-0.599602952462262,-0.1264310595683495,-0.0915998496198657,0.0,-0.18549815165033337,5.087609803767738,3852.0020598161627
ID_1630654,-2.5903254202867356,-2.2454679869384053,-0.3448574333483303,-2.3306341644007946,0.03177154481933056,0.05339463264305899,0.13499791346455337,-0.3488507594859958,-0.13100458732688788,0.0,-0.39468916935049414,5.125771942574063,3760.2713215247018
Jamal Cain,-2.595744381395875,-1.9750246063938766,-0.6207197750019986,-1.7533894842766282,-0.2840297855452658,0.06239466342801753,-0.36862646775253466,-0.18458362222733335,-0.06750968502213067,0.0,-0.4737284293667123,5.6044944438867565,2900.5783442774996
ID_1642022,-2.5979820540549126,-2.481067012790585,-0.11691504126432775,-2.1239784344251027,-0.23860690469882914,-0.11848167366665327,-0.06391760964666376,0.07988465339228887,-0.13288208500995285,0.0,-0.4100860099831464,6.4231703542867065,2012.6637321972767
ID_1642679,-2.599360244217654,-1.56865545499627,-1.0307047892213843,-2.4705268642898517,0.1142038039221629,0.7876676053714189,-0.6324112322812138,-0.40539078340209445,0.007097226461923803,0.0,0.5035778523534111,5.52905793527435,3009.8131777490435
Enrique Freeman,-2.6017673624467825,-1.9532193966331461,-0.6485479658136364,-1.8510381258806843,-0.222259921507933,0.1200786507554713,0.09126507500687697,-0.7762579463214132,0.03644490550089985,0.0,-0.841994311572975,4.33727923290074,6667.415397428208
Jon Elmore,-2.6018577122622255,-2.1859673518947806,-0.4158903603674449,-2.0663928694454667,0.3674000237732947,-0.48697450622260874,0.19762938120344287,-0.3577982780312888,-0.255721463539599,0.0,-0.7330942240202019,3.8621096373065456,11146.389926044347
Jeenathan Williams,-2.602163230686082,-2.2474491739597258,-0.354714056726356,-2.0271055981636787,-0.2152703156043347,-0.005073260191712503,-0.8819698840946903,0.6546233270481694,-0.12736749967983502,0.0,0.30691225157228713,4.099117754950999,8400.355496768922
ID_1643019,-2.6038686107343696,-2.677919276927404,0.07405066619303403,-1.7511713093315504,-0.4466056966938637,-0.4801422709019898,-0.06471014452511775,0.18165982799623792,-0.042899017278086135,0.0,-0.7879871568777016,4.561311349824357,5532.365874498639
ID_1642755,-2.607048326572741,-2.525118333781029,-0.08192999279171223,-2.253042323732692,-0.0959180848966076,-0.1761579251517293,0.4241948897288821,-0.416898923023292,-0.0892259594973023,0.0,-0.7782008925689311,6.1712257173147425,2235.023912614074
ID_1642398,-2.6139650270276493,-1.5679722198989547,-1.0459928071286946,-1.6023271209509495,0.4454244598647489,-0.41106955881275414,-0.722293902838719,-0.0692021464315313,-0.25449675785844433,0.0,-0.28934400323798093,4.560154469149315,5532.566028160531
ID_1641934,-2.619697338371936,-2.5185959705675516,-0.10110136780438447,-2.065328124156112,0.02810376439150178,-0.48137161080294144,-0.3326600774239372,0.27775885303536313,-0.046200143415810385,0.0,-0.22170913679188695,5.439333799876825,3154.096132549584
Colin Castleton,-2.624043123627865,-2.172544451539157,-0.4514986720887083,-1.7059552932059163,-0.2124299741505519,-0.2541591841826888,0.3828067413160906,-0.7501544839381729,-0.08415092946662606,0.0,-1.3008945717380396,4.434447984263206,6124.088761606541
Jackson Rowe,-2.6376385059906706,-2.3167376671159157,-0.32090083887475496,-1.8326948238234981,-0.09452387577363948,-0.3895189675187779,-0.3440579909155296,-0.021355639185952055,0.04451279122672666,0.0,-0.4608856912516427,4.508769183336433,5761.180139793363
Ibou Badji,-2.6460994131875153,-2.989612223266809,0.34351281007929396,-2.239964645173404,-0.2775155689702974,-0.4721320091231079,1.5055480906544694,-0.955814255776777,-0.20622102479839838,0.0,-1.9116828586685808,4.736960335067593,4846.761691578654
ID_1631436,-2.6478262579533807,-2.847675381683415,0.19984912373003416,-2.4543432252746156,-0.41358130801896287,0.02024915161016383,-0.6959124696340061,0.8923703579066389,0.003391235457401387,0.0,0.5024294369552412,6.370915494254873,2053.8127061241685
Devin Cannady,-2.65204328341653,-2.6678448568911626,0.01580157347463243,-1.727138840624813,-0.06589112913505295,-0.8748148871312966,-0.20217909534094075,0.3326127347196064,-0.11463206590403321,0.0,-0.7227253474507763,5.331144755107742,3349.5750838391214
ID_1641918,-2.6573003615232413,-2.5813463031705,-0.07595405835274124,-2.372375861535862,0.06951299688976423,-0.2784834385244024,0.2660951457001004,-0.17627378701814927,-0.16577541703469237,0.0,-0.5510196456874797,6.158393165749398,2242.384487063581
ID_1643218,-2.6656318996350787,-1.7436154858362745,-0.9220164137988044,-1.9836755391797678,-0.13131292303901504,0.3713729763825081,-0.16209048784931424,-0.371137430311766,-0.3887884956377242,0.0,-0.5198658726059971,5.0096219307110745,4041.043575183538
Jahlil Okafor,-2.6731451947263816,-2.8382200232532346,0.16507482852685287,-1.8021580798698718,-0.6522097129305674,-0.3838522304527954,0.8257004400530462,-0.5330039348007122,-0.12762167672548116,0.0,-1.6966875549095561,5.314780391209049,3379.2525736457105
ID_1642940,-2.674299601832101,-2.147216086587447,-0.5270835152446542,-2.1043380648614933,-0.14236566570199774,0.09948764397604443,-0.17045375308891514,-0.4169362018722343,0.06030643971649524,0.0,-0.39950778388169234,5.934611822870184,2478.4234279509374
Charles Bassey,-2.6783923774415523,-2.160286641119181,-0.5181057363223711,-2.0535151407167267,-0.29893363109976157,0.19216213069730748,0.34109373818709865,-0.8270229080806506,-0.03217656642881915,0.0,-0.9659709749119239,5.503936347088036,3051.763530570708
Kylor Kelley,-2.679505194937548,-3.6944249012127095,1.0149197062751614,-2.391384747396799,-0.7540269088259193,-0.5490132449899913,1.8245189748688522,-0.5513922670613065,-0.2582070015323844,0.0,-2.1126394224096012,4.340021074258651,6653.765316916361
Craig Sword,-2.6925570483757326,-2.5664385705613886,-0.1261184778143439,-1.6649618741716568,-0.5289013578836512,-0.3725753385060809,-0.6090616522766577,0.5235619809020877,-0.040618806439773975,0.0,-0.41853352192741833,5.351485276505338,3308.297495877644
JaQuori McLaughlin,-2.6937666371711275,-1.9851980261662807,-0.7085686110048468,-2.1983890024799786,-0.22276281014323096,0.43595378645692884,-0.6637318889271286,0.017657416204839696,-0.062494138282557905,0.0,0.16835425423597966,5.1865106444496805,3629.7259806863312
Jared Butler,-2.6960478280276594,-2.348517525316893,-0.34753030271076646,-1.9243081089381382,-0.049445035237160664,-0.37476438114159377,-0.2968573301304589,-0.053130621904257685,0.0024576493239500674,0.0,-0.474882388959062,6.064177405652409,2335.3702541402
Malachi Flynn,-2.7031611066935533,-1.98332140216486,-0.7198397045286931,-2.066920236726502,-0.0014146903071325378,0.0850135248687745,-0.6766450122981384,-0.04137053243324372,-0.0018241597973108897,0.0,0.040404142331087356,5.470158668273512,3105.0573524019765
Keshad Johnson,-2.705864273531356,-2.270572963186588,-0.4352913103447678,-1.8237544500756542,-0.09447700796762007,-0.3523415051433136,-0.3514788846639444,-0.09102043650654865,0.007208010825725267,0.0,-0.530630938791757,5.121137535428476,3776.22682403209
ID_1642104,-2.709380507903868,-2.838248761007173,0.12886825310330463,-2.065574174372948,-0.22758419463628446,-0.5450903919979406,0.2088792795008736,0.04934165457606596,-0.12935268097363495,0.0,-0.852685613031794,6.172301344061192,2229.495239740816
ID_1631289,-2.711120478370982,-2.5148110304314906,-0.1963094479394914,-2.074104602105522,0.036577912948631774,-0.47728434127460023,-0.38546676945458547,0.30166795881041986,-0.11251063729532577,0.0,-0.2515491068108744,5.221024660578935,3559.6677814895866
ID_1641985,-2.7119561276744055,-1.8760109450638724,-0.835945182610533,-2.1044138614559578,0.01654979729581829,0.21185311909626703,-0.05256854455529847,-0.3963232907532379,-0.3870533473019966,0.0,-0.5549737216631492,4.321133935938361,6761.299564239929
Cole Swider,-2.7127734403506034,-1.8215781504558544,-0.8911952898947489,-1.9801839218637636,0.3105781669613879,-0.15197239555347872,-0.09838971002518343,-0.7370846004729952,-0.05572097939657038,0.0,-0.6341998084616564,4.764324266252103,4761.583494272405
ID_1630667,-2.7137998476227057,-2.084774745127305,-0.6290251024954007,-1.9871454792460208,0.0551572263054633,-0.15278649218674778,-0.7259365366290973,0.03504662211052828,0.06186481202316829,0.0,-0.0007178317475879104,3.8037109112278134,12080.488970670704
Kenneth Faried,-2.7184141395196884,-2.277707630368428,-0.4407065091512601,-2.024460711204213,-0.3953786360853143,0.14213171692109888,-0.3079192965668968,-0.0876885240547993,-0.045098688529564016,0.0,-0.3860341317485787,6.133617789144743,2267.629824431664
ID_1642486,-2.722552040546917,-2.2115170886495803,-0.5110349518973366,-2.335990732626624,0.32116365457662877,-0.19669001059958507,-0.8010721661937963,0.33366392497546254,-0.04362671067900288,0.0,0.41451085827350337,4.215854492437338,7457.376066731362
ID_1642592,-2.733611262391431,-1.9198721836218098,-0.813739078769621,-2.197328976908538,-0.3138152401934086,0.5912720334801367,-0.5367051498179323,0.14434567735141926,-0.421379606303108,0.0,0.0004228643350393524,4.377210178805209,6434.605019104181
Yang Hansen,-2.740112096787886,-3.0268843988347394,0.28677230204685333,-1.688973043261215,-0.6355525521854166,-0.7023588033881076,0.7572869498802851,-0.38865164944462327,-0.0818629983888085,0.0,-1.808426003406956,5.905428713043861,2515.417714039305
Toby Okani,-2.753548931523924,-1.4687354472499021,-1.2848134842740218,-2.404170525564009,0.13639183968990293,0.7990432386242037,-0.6796826657053749,-0.380520350558751,-0.2246104680098957,0.0,0.33030425974545985,5.174214968864672,3654.741754306497
Isaiah Roby,-2.7563954735889986,-2.689737729520827,-0.06665774406817167,-2.5005655694851017,-0.05753758690540882,-0.13163457313031673,-0.36991001795187256,0.3429510437438525,-0.0396987698601516,0.0,0.11408011384797533,4.780934803269046,4701.153228128023
ID_1642937,-2.758952462193232,-2.6811595148299863,-0.07779294736324567,-2.3104914609650864,-0.3331668432028085,-0.037501210662091444,-0.5660026235671142,0.597118154575563,-0.10890847837169455,0.0,0.11754162233896857,5.084690677051224,3855.5760798641354
ID_1631266,-2.759563918133659,-2.5289792475297,-0.23058467060395915,-1.9286051773886754,-0.03993305131748298,-0.5604410188235417,-0.28970993884508145,0.15424536428350025,-0.09512009604237795,0.0,-0.5412488018999024,5.187377995529118,3634.4492023971734
AJ Lawson,-2.7607289980287604,-2.3669676903255104,-0.39376130770325024,-1.9707735338883101,0.21291223248533842,-0.609106388922539,-0.6883389734272042,0.4713886361009167,-0.17681097037696272,0.0,-0.1016164907132466,3.9973593299682046,9412.106804687866
ID_1630701,-2.7686447415468676,-2.6717445858528386,-0.09690015569402921,-2.060390346833978,-0.29012965094492404,-0.3212245880739368,0.015691090291114373,0.012059727112820322,-0.12465097309796391,0.0,-0.7239454850040045,4.688714371187086,5023.750627677155
Tidjane Salaün,-2.7713961401821114,-2.458736100185402,-0.31266003999670977,-1.974342707656075,-0.4022367084407682,-0.08215668408855853,0.003493649974910973,-0.36221168715066004,0.04605799717903933,0.0,-0.8005470825009474,5.768442264624568,2672.7357943307943
Ousmane Dieng,-2.7742548916287353,-2.5836085044889305,-0.19064638713980478,-2.0170373969892927,-0.17414654797975862,-0.3924245595198791,0.1819926619415314,-0.30313251785763273,-0.06950653122370345,0.0,-0.9392101565809738,5.409926521759865,3207.2123119866797
Marcus Bagley,-2.779414223785591,-2.898371874223338,0.11895765043774717,-1.73283776191641,-0.20756790816261392,-0.9579662041443145,0.11463734716756557,0.13521882755571465,-0.13089852428553306,0.0,-1.161213809036747,5.229737398461961,3542.5207551293706
Luke Travers,-2.781419543238241,-2.9925347500979953,0.21111520685975416,-2.1286944133223464,-0.4060389400235712,-0.45780139675207787,0.24301662657971423,0.002481703750337759,-0.03438312347029783,0.0,-0.8957417564956092,5.1892134925228355,3627.394356637325
Miles Kelly,-2.7948055544206536,-1.834852384301239,-0.9599531701194146,-1.5756633100735793,-0.21038221103623286,-0.04880686319142691,-0.00985317717482359,-0.7330086064288486,-0.21709138651574247,0.0,-1.209289067172251,5.038603342801688,3971.2165590457835
Alex Reese,-2.7966157331031036,-2.1669758927211946,-0.6296398403819088,-2.4079866506964684,-0.028203511272160947,0.26921426924743497,0.15777794929483835,-0.7326016381316243,-0.054816151545122836,0.0,-0.5464070317014731,4.181997273569511,7716.7644572976515
ID_1642429,-2.8043120319174246,-2.4395574337104007,-0.3647545982070237,-1.9406618836465896,0.02575811560181987,-0.5246536656656307,-0.0015084023246165756,-0.3893335495546588,0.02608735367225165,0.0,-0.862141745946218,5.468485942588776,3104.886401516369
Dennis Smith Jr.,-2.8091868128106294,-2.5594536019506284,-0.24973321086000103,-2.114050240067867,0.1407718421325247,-0.5861752040152857,-0.44242532545551344,0.16720026103854377,0.025491853556968674,0.0,-0.2527112472872485,5.451862787753568,3132.530740124931
ID_1642607,-2.8097807696619146,-2.3683964658337415,-0.4413843038281732,-2.402770849100376,0.07473452698901145,-0.04036014372237684,-0.7291190680361683,0.5922733729407414,-0.3045386087327463,0.0,0.3221091474746297,4.550935447760656,5566.956443557214
TyTy Washington Jr.,-2.8125228081722886,-1.985480323480234,-0.8270424846920544,-1.9797865732152387,0.46208915982902776,-0.4677829100940231,-0.5308141223964443,-0.1620773929938698,-0.1341509693017403,0.0,-0.30192211256060547,4.062645779056832,8744.170275482975
Jason Preston,-2.821597799326654,-2.1381615119488275,-0.6834362873778262,-2.1131870870424776,-0.083921132914717,0.05894670800836732,-0.3115369209403187,-0.329240689812997,-0.04265867662451059,0.0,-0.39687379134385725,4.661123420684913,5125.960454304117
ID_1642974,-2.8232163880502634,-2.31134821649787,-0.5118681715523932,-1.9156514001578626,-0.13887483433513506,-0.2568219820048723,-0.8364479413382725,0.3749822256654741,-0.05040245587959482,0.0,-0.07111704655412801,5.2934696935011925,3417.992533830574
ID_1643153,-2.828849732059423,-2.366958105397239,-0.4618916266621841,-1.7847533312366752,-0.2522269931755109,-0.32997778098505276,-0.5004409414497986,0.20784243636783412,-0.16929312158021967,0.0,-0.5436554593729491,5.032653454861568,3981.217847364888
ID_1642508,-2.8297727953362743,-3.941386767323856,1.111613971987582,-2.1925050590109265,-0.5061720976405677,-1.2427096106723616,1.2041860309383678,0.06262927797295748,-0.1552013369237433,0.0,-1.841453767263715,4.362199537552772,6512.462025729801
Brandon Goodwin,-2.8322099100639067,-1.839595607189853,-0.9926143028740537,-2.2561508299517734,0.16953014745442485,0.2470250753074954,-0.8726291988241413,0.06612001847991081,-0.18610512252982325,0.0,0.2965701187120078,5.8654388537969275,2552.675450251637
Xavier Moon,-2.832855664264322,-2.2377366582571194,-0.5951190060072029,-1.9471168090165913,0.19215764440028937,-0.4827774936408177,-0.611293965493741,0.08896146901861629,-0.07278650953207805,0.0,-0.27444488975399006,5.300233380781283,3406.1825061158625
ID_1642584,-2.835539771984352,-2.708619701290834,-0.1269200706935178,-2.1721808684591215,-0.15921808106424454,-0.3772207517674675,-0.7414282023279819,0.6776119786710677,-0.06310384703660361,0.0,0.07806929880275208,6.353554173988506,2064.3412379061338
Kevin McCullar Jr.,-2.836151108401005,-2.7345883265489657,-0.10156278185203957,-2.1752563864481926,-0.4613452308524491,-0.09798670924832392,-0.479839528403709,0.35715440795789555,0.02112233859377391,0.0,-0.18105519354910357,5.717281099898767,2740.8210596600175
Elfrid Payton,-2.8473132804382493,-2.502694123721583,-0.3446191567166663,-2.2288128831216785,-0.29765999167848767,0.02377875107858274,0.5136296977335549,-0.6107685745953553,-0.24748027985486595,0.0,-1.132130095050126,4.657505150566795,5135.713294152342
Bryce McGowens,-2.858088070898938,-2.2124960567472938,-0.6455920141516438,-1.5437119594362694,-0.08578893025892224,-0.5829951670521019,-0.6154786600570559,0.13064834305303588,-0.16076169714762376,0.0,-0.698897451405612,5.566665815938354,2957.06438507401
LJ Figueroa,-2.8595154084809318,-2.512003225516637,-0.347512182964295,-1.9639581179800865,-0.31303855653152035,-0.2350065510050297,-0.9188901318617206,0.8320060536168048,-0.26062810471937914,0.0,0.023332841360875656,4.452451037312032,6032.935397254916
Isaiah Wong,-2.863773670559232,-2.462611347835028,-0.4011623227242037,-1.9974644708160767,-0.4820734915393101,0.016926614520358707,-0.07701807673343808,-0.23478268201142294,-0.08936156397934271,0.0,-0.789291123009717,5.599376862551112,2907.0139929355555
ID_1642583,-2.864187588331126,-2.024254813905736,-0.8399327744253896,-2.4646914151213974,-0.4392682990775967,0.879704900293258,-0.4165604899908864,-0.13077406833360028,-0.292598216100903,0.0,0.01706431678115805,4.9795992461350895,4121.74289143644
ID_1641863,-2.87157793350319,-2.241653681887693,-0.6299242516154974,-2.2619722927798978,0.3101826359018963,-0.28986402500969144,-0.4345576559094153,-0.16185784646870316,-0.03350874923737886,0.0,-0.17504798481387712,3.919435922179992,10344.911040443669
Alijah Martin,-2.87268387475715,-1.9670872361830218,-0.9055966385741283,-2.112805381214526,-0.1646931759406839,0.31041132097218815,-1.647576007533913,0.7673055572469527,-0.025326188287168067,0.0,0.8876975139912889,4.776625911106684,4719.011958802057
Kaiser Gates,-2.8738396832168878,-3.0028743880349054,0.12903470481801743,-2.1779806975724423,0.07458526403452281,-0.8994789544969862,0.37100630290124104,-0.1258880404765252,-0.11608355760669842,0.0,-1.0668652885456869,5.688507941127566,2782.8896826458995
ID_1631231,-2.8755516566085904,-2.669152465595828,-0.2063991910127623,-2.0594284144182584,0.21252571688781186,-0.8222497680653816,-0.7803900711026913,0.7334267252151336,-0.15943584512520462,0.0,-0.035733171087640764,4.071952549962837,8655.479122986082
Ron Harper Jr.,-2.8781416548004923,-2.4388621545087052,-0.4392795002917871,-2.108596200709908,0.039827115362950555,-0.37009306916174783,-0.5801163886665709,0.2005183226813615,-0.059681434306577706,0.0,-0.18942906542401353,4.395832004092346,6329.652682121613
Armoni Brooks,-2.879172815910888,-2.255764023666615,-0.623408792244273,-2.183826726765401,0.228152098318345,-0.300089395219559,-0.12494793036691276,-0.25021782731488085,-0.24824303456247948,0.0,-0.5703981587785744,5.523926960334611,3022.76837914583
Huntley,-2.892487265020666,-1.9896742503813563,-0.9028130146393096,-2.1399327197125486,-0.10974311418389032,0.2600015835150826,-0.7061453085313887,-0.11269406104632569,-0.08397364506159521,0.0,-0.046409236776728605,4.95224963795174,4193.603931524289
Brandon Williams,-2.8967447453750212,-2.250415166205675,-0.6463295791693465,-1.7653206788299243,0.28662716183990544,-0.7717216492156559,-0.8160733614552667,0.237952621473498,-0.06820883918757782,0.0,-0.31535070508983026,5.124718824939409,3767.823329873157
Quinton Rose,-2.9058928633484973,-2.7411211708584213,-0.16477169249007617,-2.208412479775968,0.11577891888491149,-0.6484876099673647,-0.6671285323466288,0.5646765575444994,-0.06231971768794674,0.0,-0.030351851225900547,4.952314307040485,4197.821921686111
Jared Brownridge,-2.9061187780845903,-2.6073353296467947,-0.2987834484377954,-2.3487763837540196,0.24524636583400722,-0.5038053117267826,-0.21062017836176927,0.15004533626588573,-0.23820860634191188,0.0,-0.3467222159688015,4.597551293174225,5383.095334203843
Shaquille Harrison,-2.9088221817276176,-2.8648582604838326,-0.04396392124378501,-2.021842357095913,0.3239835181208576,-1.1669994215087773,-0.33261388524368685,0.38172687553844736,-0.09307691153854553,0.0,-0.5543659393880178,4.748541512576313,4809.970073682283
Richmond,-2.9106966686594626,-1.6356707046045376,-1.2750259640549249,-2.140295662423113,0.029858291947033933,0.47476666587154115,-1.3183901578454758,0.004531314340663173,0.038832879449887725,0.0,0.547989151609126,5.102355834641792,3822.8249705661965
Ray Spalding,-2.91183246863354,-3.073400555804449,0.16156808717090915,-2.1761590643572655,-0.6126035692531913,-0.28463792219399214,-0.5682016764595719,0.8944090720767388,-0.1646393084462578,0.0,-0.16747172781670233,5.448985135446236,3142.024596494968
ID_1641986,-2.9201656128727778,-3.3997117628149396,0.4795461499421617,-2.0233410876315068,-0.3726660249264953,-1.0037046502569376,0.7586729844067382,-0.015009006580918478,-0.264117827883658,0.0,-1.6554975096480093,5.358542990429347,3295.001667542052
Jeff Dowtin,-2.9211012713615747,-2.3309955632676296,-0.590105708093945,-1.8962590299722566,0.4308744136935645,-0.8656109469889374,-0.560276055444948,0.1731349624724268,-0.20296461512142383,0.0,-0.46456618594436994,4.928621221154363,4258.1671407385575
Louis King,-2.9244971741751002,-3.1263424445372356,0.20184527036213548,-1.819543903277307,-0.4369222669288325,-0.8698762743310962,-0.29628587707149223,0.5628761133987228,-0.06474496596509507,0.0,-0.8086673938263008,4.535084419379358,5641.682509238597
Jeremiah Robinson-Earl,-2.9300518917561593,-1.7198060792124583,-1.2102458125437012,-2.378664495714175,0.08633372406316225,0.5725246924385547,-0.5317735807465246,-0.6680243325759749,-0.010447899221201706,0.0,-0.01961381529545958,5.005439231884058,4054.7739294570856
James Banks III,-2.9313139458066475,-3.7469549452066446,0.815640999399997,-2.7674895278769025,-0.8217083311635821,-0.15775708616616022,1.3921094242377632,-0.520126380654772,-0.056342044182994155,0.0,-1.5559338421675086,4.368491009742618,6467.524737470068
Manny Camper,-2.9470973597262566,-2.9262934790238035,-0.020803880702453204,-2.2154049945050662,-0.15456173956648342,-0.5563267449522539,-0.08153403149863309,0.06797597518332756,-0.007245824387147673,0.0,-0.6501583337225575,5.589896647225938,2916.8153990307405
Justin Anderson,-2.948781681725743,-2.8486802340343216,-0.10010144769142107,-1.9282294881311475,-0.1254159094412572,-0.7950348364619166,0.05584581817569023,0.02745936007262864,-0.18340662593973994,0.0,-1.0763980117702852,5.903137176522903,2511.2275977605605
ID_1631413,-2.952692271344071,-2.5994508415271214,-0.3532414298169497,-1.8687101924880791,0.015843909238920484,-0.7465845582779628,-1.064860999529086,0.7080344426377765,0.003585127074359859,0.0,-0.01912107932690589,5.321986873429411,3356.5868799737627
ID_1643187,-2.969021581270199,-2.120200151332964,-0.8488214299372352,-2.467679071932349,0.13023360728470845,0.21724531331467645,-0.4679301036481555,-0.21059988818406847,-0.1702914381050113,0.0,-0.03341240568969486,5.819037693122056,2612.7780765674293
Sharife Cooper,-2.972191124982115,-2.657874943573331,-0.314316181408784,-2.1308100039310327,0.10980901580645325,-0.6368739554487515,-0.3181069555510788,0.08105049446975574,-0.07725972032746091,0.0,-0.5232741655000033,4.471277097584732,5940.882332236153
Miles Norris,-2.975830695027308,-2.7045363914765073,-0.27129430355080086,-1.982533313479966,0.05054092101199237,-0.7725439990085335,-0.2249082850355583,-0.029764486692351537,-0.016621531822891056,0.0,-0.7683890965117838,4.585523358504969,5425.367479571289
Jordan Ford,-2.9782663228383024,-2.3654432584504277,-0.6128230643878745,-1.958969962710891,-0.21271907659434297,-0.1937542191451937,-0.6312137844330201,0.12353579506456039,-0.10514507501941472,0.0,-0.388082575694391,5.261109448886675,3482.6746391823226
Loudon Love,-2.9824860777615934,-2.7057525000497877,-0.27673357771180546,-2.1746286371468067,-0.2830084896425601,-0.24811537326042127,-0.14045701997180965,0.09299134252313984,-0.22926790026313565,0.0,-0.6674004206429771,6.17792722519702,2222.4990767841114
RaiQuan Gray,-2.9831400680700186,-2.8602141207887652,-0.12292594728125344,-2.0914002431269068,-0.044135436047254825,-0.7246784416146036,-0.3098265518202222,0.2119007764723262,-0.025000171933357462,0.0,-0.5819132731228897,5.300610935027051,3404.9781955062276
ID_1642378,-2.9848940645533757,-1.4900934227542513,-1.4948006417991246,-2.401056882801071,0.43305163468998886,0.47791182535683085,-0.972413191709949,-0.2232447473759516,-0.2991427027132241,0.0,0.3885760099576441,4.606432653834969,5336.979657519954
ID_1643100,-2.987695369146617,-2.432486439872954,-0.5552089292736626,-2.2903894113362004,-0.609551540894637,0.4674545123578834,-0.19135164712564917,-0.28142358858472916,-0.08243369356328431,0.0,-0.5059543106847672,5.048504929876418,3947.9611686966696
ID_1642945,-2.995777207518919,-2.813575246954597,-0.18220196056432178,-2.232162125117232,-0.08043611475125749,-0.5009770070861075,0.0430210139304118,-0.09785992290731793,-0.12736305158741565,0.0,-0.8066360963320985,5.3687206236286915,3282.032949673585
DJ Steward,-2.996805437595448,-2.3225112038061915,-0.6742942337892568,-1.9179309959045414,-0.12934400399703794,-0.27523620390461223,-0.013655882805593822,-0.4307436705325215,-0.22989468045114148,0.0,-1.0652185588853131,4.1983967551396,7589.165908529599
Alex Fudge,-2.997023974001535,-2.7314324180578873,-0.2655915559436476,-2.085870821375326,-0.4104521041737041,-0.23510949250885724,-0.5282316064151009,0.45482979531526596,-0.19218974484381265,0.0,-0.38292154621110797,4.975689677289957,4127.300773174544
ID_1642637,-3.002057069978001,-2.4273447947265048,-0.5747122752514964,-2.4288818025962606,-0.015232874648133526,0.016769882517889467,-0.18680139933207268,-0.17232741496629372,-0.2155834609531299,0.0,-0.38637386804966767,5.092269918283099,3843.6863847099594
Alize Johnson,-3.007786694703372,-1.5139444629152317,-1.4938422317881404,-1.9736856015529918,0.1772217675369665,0.2825193711007936,-0.7424110487956103,-0.6160294410064167,-0.13540174198611352,0.0,-0.2916900443547701,4.6451729567454105,5186.631132076491
ID_1643225,-3.0088899892943353,-3.4620913484224523,0.45320135912811693,-2.440453206981473,-0.1277001126802273,-0.8939380287607518,0.4558590434475329,0.14285707407421552,-0.14551475839363154,0.0,-1.0242958257603951,5.267580922861835,3463.254336149669
ID_1643234,-3.018200457405778,-2.429097864381427,-0.589102593024351,-2.5507475066029595,0.42903531752455115,-0.3073856753030185,-0.4535451829170824,0.015353937068810566,-0.1509113471760791,0.0,-0.013907767885735917,5.052358271248585,3938.9492049464297
Jalen Lecque,-3.01826969120219,-2.84251733322915,-0.17575235797303995,-1.9122303260699374,-0.16309499891194865,-0.7671920082472636,-0.7032519269705872,0.5188545310807711,0.008645037916776246,0.0,-0.402787438161665,5.180979149224359,3642.975665244156
Dominick Barlow,-3.019065782888184,-2.9132260130568866,-0.10583976983129759,-2.16872043357201,-0.10949915568630633,-0.6350064237985702,0.08744791083883374,-0.07884499811187345,-0.11444268255825787,0.0,-0.9377932601550079,5.465562039337944,3113.085887285758
Jalen McDaniels,-3.019728468266961,-3.263818621457191,0.24409015319023017,-1.8838550580970965,-0.8913143339904823,-0.4886492293696121,0.2943079791969496,0.02259401854381661,-0.07281184455053605,0.0,-1.4301813893668138,5.596963492946266,2909.042455567681
D.J. Carton,-3.0202636351759424,-2.9349995906356954,-0.085264044540247,-2.0603779930644937,-0.22937471950329757,-0.6452468780679037,-0.13064562281458625,0.3038618847175179,-0.25848030644317865,0.0,-0.8292400192968621,4.037386337313958,8990.709412629749
Terquavion Smith,-3.020325065930031,-2.159590697322865,-0.8607343686071658,-2.054058009243274,0.19810351289433187,-0.30363620097392274,-0.9930819276939968,0.3488628665491453,-0.21651530746231426,0.0,0.026814871007240143,6.279902635825593,2135.095770128959
Kent,-3.0223223585544594,-2.140109562564585,-0.8822127959898745,-1.9303941015776884,-0.4527386252398547,0.24302316425295833,-0.24767337961545932,-0.432006831364189,-0.20253258501022625,0.0,-0.8442548773613117,4.621158596113925,5275.030200312252
Jacob Gilyard,-3.0274369068120603,-2.7773310587810807,-0.2501058480309795,-2.376952559864744,-0.13158651572187788,-0.2687919831944583,-0.5062373022749918,0.4500874727644054,-0.19395601852039318,0.0,-0.1442470446723239,5.054407512315641,3931.5957165247783
Riley Minix,-3.0306175488613385,-2.117720158763922,-0.9128973900974167,-1.8567866411683438,-0.12978634509697223,-0.13114717249860558,-0.8926350689942192,-0.09981042113481986,0.07954810003162238,0.0,-0.2811958386987753,4.551305036665287,5572.784592739672
JT Thor,-3.031011582743737,-2.981726266108165,-0.04928531663557223,-2.2557904320900617,-0.6310312058196081,-0.09490462819849507,0.4786178909285641,-0.3268213697922695,-0.20108183777186683,0.0,-1.2538390415822396,5.647596163216907,2833.9266358411896
Chris Clemons,-3.0327752956825282,-2.614357580246431,-0.4184177154360973,-1.9922686722150753,-0.08542492187663203,-0.5366639861547237,-0.5028589610239677,0.1835596992268394,-0.09911845363896904,0.0,-0.5376476624434853,6.2813037163356,2129.4309453289534
ID_1641758,-3.033084673279401,-2.7056168429424776,-0.32746783033692317,-2.145950214405802,0.24594858751428067,-0.805615216050956,-0.5748913359988407,0.44273549049253563,-0.19531198483061812,0.0,-0.31224312287475786,5.53915451966487,2997.7703956969676
Ahmad Caver,-3.0383312417184554,-2.9493215296455233,-0.08900971207293201,-2.1051045547157434,-0.11270815033902015,-0.7315088245907599,-0.3112974260694932,0.4092327388754109,-0.18694502487884973,0.0,-0.621929260933219,4.763303312427624,4757.758887736947
ID_1641941,-3.050553945428889,-4.083513163998146,1.032959218569257,-2.156392305162408,-0.5617726031203459,-1.3653482557153918,0.6188549673752873,0.6141943934233078,-0.20009014222933824,0.0,-1.513016607641768,5.202687242279212,3598.5071356253725
ID_1641935,-3.05289780682329,-2.512816650006565,-0.5400811568167252,-2.1705374090950436,-0.0389483427626906,-0.30333089814883096,-0.23097853058781795,-0.14298452451252616,-0.1661181017163811,0.0,-0.6513818671404288,4.070298104665756,8676.578931804717
ID_1642591,-3.0594776070727185,-2.341324398943075,-0.7181532081296434,-2.144941321292214,-0.19627184565218264,-0.00011123199867840716,-1.3303757530937723,0.6143299142953664,-0.0021073693312375907,0.0,0.4158394673132678,5.934716706268477,2475.732208403765
ID_1642934,-3.06213812653095,-1.9878594767181248,-1.0742786498128252,-2.090145493451648,0.3426801517603323,-0.24039413502680895,-1.1055727878066821,0.11500048907594138,-0.08370635108208449,0.0,0.13358015472738022,5.155991199055132,3699.968012835123
Greg Brown III,-3.066883359408825,-2.8904530096356975,-0.17643034977312771,-1.7630551626890827,-0.54221170824897,-0.5851861386976446,0.2893520655977504,-0.1264518086831739,-0.3393306066877042,0.0,-1.5931802623174927,4.989083686375564,4092.4680211400673
Jay Scrubb,-3.0834763399910123,-2.4788981279566333,-0.6045782120343788,-1.9834307514943994,-0.3935171344986377,-0.10195024196359645,-0.7371088588179917,0.2336233529456757,-0.10109270616206273,0.0,-0.3629367296786212,4.818439062265418,4581.418554859514
Micah Potter,-3.086175082794339,-3.098368896372265,0.012193813577926094,-1.72255924621435,-0.7140624914175966,-0.6617471587403185,0.31801753109180797,-0.27066264076072544,-0.03516107675315644,0.0,-1.681633367671797,4.370256547164739,6480.584706814214
Cassius Stanley,-3.0903852809979733,-2.6131488481192737,-0.4772364328786996,-2.129433755367887,-0.14508314855434337,-0.33863194419704296,-0.18484820942852276,-0.18054161927925164,-0.11184660417092523,0.0,-0.7761033162015631,5.604166288423919,2899.453813399302
Patrick Baldwin Jr.,-3.0935714980051503,-2.69693505500266,-0.39663644300249035,-1.9874828432622131,0.10786740863078786,-0.8173196203712345,-0.36414874738092695,0.1682427850304007,-0.20073048065196408,0.0,-0.7419399073620101,4.170037195790069,7807.351225757842
ID_1643101,-3.1021184457848436,-2.4798079985489245,-0.6223104472359191,-1.8343628807950183,-0.10687745615070646,-0.5385676616031998,-0.41473722501537197,-0.05777612056484808,-0.149797101655699,0.0,-0.8530183399744533,5.221570830703775,3555.8731225228485
Taze Moore,-3.104250903593708,-2.4741823514539742,-0.6300685521397337,-2.0416066962235484,-0.047250934454919916,-0.38532472077550556,-0.5753886335897815,0.13400403602053673,-0.18868395457048887,0.0,-0.4872555737803776,4.9568473434885965,4178.789509666177
ID_1641795,-3.119670525678875,-1.9060778534930645,-1.2135926721858104,-1.9068196080187474,-0.22979753200822678,0.23053928653390965,-0.36819631167725675,-0.671189109798745,-0.17420725070980841,0.0,-0.8446546059828706,3.7689308858601067,12691.105026976269
Theo Pinson,-3.12168040513432,-2.523779848924117,-0.5979005562102028,-2.0392617009915384,-0.2522746041439001,-0.23224354378867845,-0.15393532955795503,-0.33358760509608915,-0.11037762155615856,0.0,-0.9284833745848263,5.860968195380616,2557.961942721239
D'Moi Hodge,-3.126021288066376,-2.815386151824903,-0.31063513624147276,-2.076183764148082,-0.19508167642267193,-0.5441207112541494,-0.6415268633883984,0.5424967656305082,-0.21160503848358259,0.0,-0.40831066052989573,4.441942591368801,6088.499761876275
ID_1642957,-3.1277547874463174,-2.085598916841159,-1.0421558706051586,-1.8105207919720776,-0.0984888591191869,-0.17658926574989484,-1.0114874475734237,-0.02430914025506604,-0.006359282776668709,0.0,-0.30574654790081646,5.190675085680242,3627.014407681375
Kevon Harris,-3.1284469931710324,-2.3243127169157285,-0.8041342762553039,-2.044661767775028,-0.058134108605199825,-0.2215168405355008,-0.5363510402753063,-0.18042606746539824,-0.08735716851459926,0.0,-0.5474341851206982,4.323088457100075,6751.851622189969
Matt Hurt,-3.1299409256429565,-2.7820847546629563,-0.34785617098,-1.9681571335427666,0.30276716113911134,-1.1166947822593012,0.04844898783669105,-0.31239668623170436,-0.08390847258498668,0.0,-1.2102327799368808,5.866170651077045,2554.2795243232385
Emanuel Miller,-3.1308947607945368,-2.5250622009207273,-0.6058325598738096,-2.074917522233193,-0.5260717189610999,0.07592704027356567,-0.5185420398382883,0.007662459519814271,-0.09495297955533559,0.0,-0.5374351987230556,4.071066823441981,8660.941222775433
Javon Freeman-Liberty,-3.1321068984201337,-1.655945577181393,-1.4761613212387408,-2.2128228813800375,0.41602002652308023,0.14085727767556433,-1.2927822805401123,-0.04307246102989569,-0.14030657966873275,0.0,0.37349826350001614,4.808775473288574,4608.971042662095
David Johnson,-3.1428826549144557,-2.394112492152145,-0.7487701627623107,-1.9884732457614398,-0.13735328530923133,-0.26828596108147407,-0.4102229731043941,-0.19667772588678265,-0.14186946377113402,0.0,-0.7441864360486221,5.017038529545592,4020.2586489227706
ID_1642440,-3.1437630754567074,-2.45810236731246,-0.6856607081442478,-2.0551360317233645,-0.23585010499481865,-0.1671162305942764,-1.2751258891838693,0.5428336432778829,0.04663153776173856,0.0,0.18649884545052636,4.369799081297883,6469.382906637911
ID_1641924,-3.1441663465110277,-2.6430721968943858,-0.5010941496166419,-2.4510893192607943,0.017979728113630578,-0.20996260574722211,0.003755771661916263,-0.2537850880948469,-0.2510648331837112,0.0,-0.6968327989121497,5.16792539771062,3670.307096459473
Sallis,-3.149602937379716,-2.365684405940795,-0.7839185314389208,-2.129346896257047,0.5586414012868096,-0.7949789109705576,-0.6070996356881542,0.06046380979731601,-0.23728270554808265,0.0,-0.4131564054345146,5.008891436784533,4041.8012050175835
ID_1642696,-3.1522271110388127,-2.609388487547038,-0.5428386234917747,-2.4498004253490846,-0.23699486720917234,0.077406805011219,-0.3881174672098899,-0.03054289341081853,-0.12417826287106634,0.0,-0.3143092184798382,5.197366000837714,3607.9755400827003
Lovering,-3.1575332085893,-2.951864357076353,-0.20566885151294695,-2.7340655951340302,-0.35077038285223333,0.1329716209099106,0.13537922625548604,-0.1592358608658277,-0.1818122169026053,0.0,-0.5588468397107558,5.486552560682781,3076.439484853228
ID_1630588,-3.159996371373603,-3.038420867236927,-0.121575504136676,-2.408933130978009,-0.43011912953912035,-0.1993686067197975,0.0284565897748848,-0.19930924443653517,0.04927715052497436,0.0,-0.7795198301704787,6.358478917143879,2063.950842230622
Joel Ayayi,-3.1627799091728663,-2.2091299865262735,-0.953649922646593,-1.9602405191026868,-0.5253439719630906,0.27645450453950426,-0.8764158931139956,0.04285773280196452,-0.12009176233456188,0.0,-0.32612349695618364,6.371375327244962,2052.299828530973
Tony Snell,-3.162969108842945,-2.6243939608886477,-0.5385751479542973,-2.3699309463148754,-0.09847679882142793,-0.15598621575234425,-0.28863625052592884,-0.18558864568500166,-0.06435025174336681,0.0,-0.5044019120021407,6.06704164050452,2332.619685470194
Paris Bass,-3.1658023679247407,-2.405384518906062,-0.760417849018679,-1.8999303031210872,0.006274153040368102,-0.5117283688253427,-0.7765461929836661,0.1097121006151672,-0.09358375665018012,0.0,-0.48932587181998755,6.401949631266702,2026.6908206255746
Tyson Etienne,-3.1674117084394977,-2.2587687318480567,-0.9086429765914408,-1.9371528522445276,0.32418292500320184,-0.6457988046067309,-0.9265951185461476,0.13167910063694713,-0.11372695868224025,0.0,-0.30366373764882215,3.9398824344776058,10079.72059293989
Andrew Funk,-3.1774600281732104,-1.959985065823713,-1.2174749623494976,-2.139516387138716,0.02960118609324186,0.14993013522176146,-0.36371838127569495,-0.6779283809324081,-0.17582820014139453,0.0,-0.6742252597587993,4.3719606383091545,6463.878466675238
Jules Bernard,-3.179710212445754,-2.644723942128273,-0.5349862703174807,-1.7993541842611018,-0.23868992615108614,-0.6066798317160853,-0.0498282156993794,-0.40807915914886456,-0.07707889546923671,0.0,-1.3305278124852729,3.8540037050763023,11260.592777051135
Marques Bolden,-3.189985313275363,-2.617532385316656,-0.572452927958707,-2.1684831116049867,-0.34908425589782915,-0.09996501781384023,0.6609506365898311,-1.1252503489079226,-0.10815321564061539,0.0,-1.6824528382602073,4.435755846998549,6117.82696731087
ID_1643210,-3.192889853894946,-2.691132300493839,-0.5017575534011074,-2.1153135574273856,0.16764078340786087,-0.743459526474314,-0.5440173951239605,0.24997486926452506,-0.20771502754167187,0.0,-0.5335589013436,5.565825176825415,2954.4739994550737
ID_1642487,-3.195439149615237,-1.8199591650784148,-1.3754799845368222,-2.054222627722564,-0.4639241730694043,0.6981876357135532,-1.3337816058147831,-0.0834917303272231,0.041793351605183965,0.0,0.1925650839221098,4.557204609167977,5545.714068558027
Izaiah Brockington,-3.1986365367451475,-2.9069610843188425,-0.29167545242630516,-2.165151960912396,-0.07194203498500502,-0.6698670884214413,-0.2468368401168005,0.0632905109960418,-0.10812912330554648,0.0,-0.786647735715951,4.499164762624025,5806.857385577199
ID_1643208,-3.198718437937239,-2.623696993294883,-0.5750214446423558,-2.2111374597321864,0.17233101070147389,-0.5848905442641703,-0.9763281901780991,0.3679073689303302,0.03339937660541306,0.0,-0.011252788026953148,4.921198030887594,4277.947790090971
DeJon Jarreau,-3.214821321994643,-1.8004512560886194,-1.4143700659060237,-2.0037906391313856,0.12982218386912048,0.07351719917364558,-0.8906033355072838,-0.4775507776772882,-0.0462159527214516,0.0,-0.3204273473559738,4.7717300923878305,4734.008946914264
D.J. Wilson,-3.2192918376060127,-3.468269436972552,0.24897759936653935,-1.8841664790810255,-0.6355610872341848,-0.9485418706573417,0.5510957840001237,-0.1988771513278096,-0.10324103330577478,0.0,-1.886221142525111,5.58674059575693,2925.197604130769
ID_1642019,-3.2277031970119023,-2.5360007340682693,-0.6917024629436331,-2.185050968675561,0.05752141660957394,-0.40847118200228233,-0.6673131376483551,0.012520129994121283,-0.036909455289399346,0.0,-0.37533909068798643,5.4744755922740085,3097.6055017539293
Dexter Dennis,-3.2287688981547427,-3.03913611694539,-0.18963278120935273,-2.097408757491481,-0.09732106977446486,-0.8444062896794442,0.7326977798251831,-0.5992415541397484,-0.3230890068947874,0.0,-1.8640579204884449,3.8013302465698597,12101.578490816879
ID_1631238,-3.2359465363603737,-2.783866362092643,-0.45208017426773056,-1.8874421223923668,-0.06570411709056088,-0.8307201226097155,-0.2639298636354642,-0.14494319968013397,-0.043207110952132366,0.0,-1.0845745503325428,5.815327114690458,2618.0674652518956
Ashton Hagans,-3.247560889529113,-2.6100594995637394,-0.6375013899653735,-1.9712934310227967,-0.2451857565464205,-0.3935803119945225,-0.6247653542558941,0.021574365684112043,-0.03431040139359155,0.0,-0.6515021042504224,5.55736841649789,2969.28813088319
Nojel Eastern,-3.254624747888986,-2.3900446364940167,-0.8645801113949693,-1.948325619493415,-0.4687640471166465,0.027045030116045088,-1.0314745127622635,0.19473946331514488,-0.027845061947850608,0.0,-0.2748246156333071,4.540694627625209,5613.414555530355
Matt Lewis,-3.256012192500942,-2.8777717143230594,-0.3782404781778826,-2.1152166925564853,-0.15396869314854733,-0.6085863286180266,-0.022563106775175368,-0.15499808832249629,-0.20067928308021094,0.0,-1.1182323931692812,6.1072551919560985,2290.7370166602655
Taelon Peter,-3.2585306125038045,-3.6471387101877846,0.38860809768397997,-2.080996326725684,-0.48165082416254346,-1.0844915592995572,0.13558780545198446,0.34183264768667104,-0.08881235545467556,0.0,-1.3131220912301051,5.928657376411613,2482.23626122519
Trevelin Queen,-3.2691609146253806,-2.6353458683228994,-0.6338150463024811,-1.7942988777754247,-0.6431785599672113,-0.19786843058026315,-0.7584737988850461,0.23161981360314526,-0.10696106102058033,0.0,-0.7163882379649095,4.809742635000602,4607.152239324697
ID_1631258,-3.284441276556485,-3.104777038184751,-0.17966423837173418,-2.0842153730821544,0.031127466441364215,-1.0516891315439605,-0.2619132386525885,0.14023296230879317,-0.057983962027938867,0.0,-0.938312664821742,6.1368107153712845,2265.5672069214825
ID_1641881,-3.2860661476365145,-2.9430827621694964,-0.342983385467018,-2.487819735869645,-0.21582717124470002,-0.23943585505515103,0.45401525122113473,-0.4443429659889615,-0.35265567069919124,0.0,-1.252261662988004,4.170219338371611,7806.852298033181
Donovan Williams,-3.2912602681830845,-2.38606539954937,-0.9051948686337145,-2.3965209616799688,-0.4131199242625708,0.4235754863931699,-0.3504766482664765,-0.25013769046620254,-0.30458052990103546,0.0,-0.544262658236639,3.965634542042537,9771.522275291389
Kennedy Chandler,-3.2914680909470926,-2.023464940941154,-1.2680031500059383,-2.131186923547251,-0.06736283157894407,0.1750848141850414,-1.3103924305380767,0.2631631763127548,-0.2207738957806165,0.0,0.15011126313823564,3.8718753083520885,10999.665042352632
Obadiah Noel,-3.2921250240200806,-2.4899662749480083,-0.8021587490720721,-2.264803159092337,-0.2803126023577529,0.05514948650208196,-1.0555563674427066,0.14994654475901376,0.1034510736116207,0.0,0.02823450251496351,4.617321339308144,5297.512928231694
ID_1631395,-3.29406789821412,-2.4554968237670174,-0.8385710744471024,-2.4369995501272848,0.0992214082178006,-0.11771868185753295,-0.6238243641549852,-0.043910151068535,-0.17083655922358218,0.0,-0.23324398393184953,5.435804608665271,3162.8880853782066
Josh Christopher,-3.2993582529869716,-2.739438774773948,-0.5599194782130235,-1.8237343042119634,-0.13450966804873798,-0.7811948025132465,-0.6428543732115884,0.21582439127824432,-0.1328894962796793,0.0,-0.8327695755634194,3.9811418164298917,9599.151684333392
MarJon Beauchamp,-3.3015510830807795,-2.289780950863758,-1.0117701322170216,-2.170137863642475,-0.12779054947634413,0.008147462255060967,-0.817230967059257,-0.2027180416140807,0.008178876456315931,0.0,-0.3141822523790479,4.99645644640268,4077.63272422666
ID_1643105,-3.3016767581212907,-2.9687451876344095,-0.33293157048688093,-2.2157146674907677,0.015604230493118015,-0.7686347506367597,-1.3622624387494535,1.051560678448129,-0.02222981018555646,0.0,0.2763003481189309,6.0949541501095466,2301.5485458383773
ID_1629788,-3.3046712538036407,-2.5702560349283616,-0.7344152188752792,-1.7259674367838387,0.27695407359018376,-1.1212426717347066,-0.2052149831354404,-0.2959214957135783,-0.23327874002626048,0.0,-1.3734888338843616,5.074750498060951,3883.646009289155
Mark Sears,-3.305247702065356,-2.668651443034535,-0.6365962590308213,-2.120816900814397,0.0868949504092553,-0.6347294926293934,-0.08981122189386737,-0.3051755549871293,-0.2416094821498246,0.0,-1.094619579357092,4.812462923315317,4598.422689125155
Brooks Barnhizer,-3.3117865008121194,-2.7990773762134937,-0.5127091245986257,-1.8604295711905332,-0.5798085475615724,-0.35883925746138784,-0.397464509731977,0.03826159208462658,-0.15350620695127537,0.0,-1.0538924198896091,5.794419873962173,2636.709609337847
ID_1631322,-3.319211601186568,-1.8630353223439045,-1.4561762788426635,-1.9436500234925358,0.1341732836878895,-0.05355858253925805,-0.7948448423960357,-0.6120054226051719,-0.04932601384145594,0.0,-0.5807167352979964,4.27403576384453,7061.213558456693
Brea,-3.3241732687194503,-2.550398242372218,-0.7737750263472327,-2.24112403514928,-0.10848805433317105,-0.20078615288976656,-0.3162298008073467,-0.37996572056680483,-0.07757950497308115,0.0,-0.7668194327628237,4.8930669612676505,4357.26392667041
Maozinha Pereira,-3.325003992011392,-2.9363630240197853,-0.3886409679916065,-1.9551042241717016,-0.4409663212231646,-0.5402924786249191,-0.5714634623379083,0.25552562737867207,-0.07270313303237023,0.0,-0.7984363055017818,5.519797428870451,3022.3482741228895
Jalen Slawson,-3.3280252929097545,-3.3097351009492946,-0.018290191960460084,-1.7480201263794362,-0.741841079363702,-0.8198738952061562,-0.04999620659331877,0.22076978035918865,-0.18906376572632996,0.0,-1.5300089599369995,3.8563576598596994,11220.6484232338
Melvin Frazier Jr.,-3.32955025515414,-2.5389926348607803,-0.7905576202933593,-1.9297135951965836,-0.009896657079092014,-0.5993823825851046,-0.6969859066451852,0.07877230850852893,-0.17234402215670291,0.0,-0.7028507533123707,4.995252908309917,4077.9587287823006
ID_1641811,-3.330364772157269,-2.78780804283297,-0.5425567293242988,-1.8390627820612173,-0.5412421689705753,-0.40750309180117733,-0.6443012329199549,0.08312649868224073,0.018618004913415392,0.0,-0.8470007571760965,5.26519175415239,3473.710244953486
Trentyn Flowers,-3.330596291802906,-2.6825924844093385,-0.6480038073935674,-2.1190753564646863,-0.4317082628717032,-0.13180886507294914,-0.7857169416756442,0.26080582902892213,-0.12309269474684537,0.0,-0.4258039936625756,4.815788370807452,4592.973516680986
Trevon Scott,-3.332891240116117,-2.3097428933997524,-1.0231483467163645,-2.3782049228860362,0.134170934603645,-0.06570890511736116,-0.8218120560604639,0.08874368539498767,-0.2900799760508881,0.0,-0.1328742611696166,3.906407571877634,10515.213345988202
Ricky Council IV,-3.3383940954497096,-2.3274703691102587,-1.0109237263394506,-1.7586630473876017,0.10468341457592772,-0.6734907362985847,-0.6602659038310155,-0.20559121753262768,-0.14506660497580753,0.0,-0.9194651442310922,5.9277854963390775,2482.9491527050805
Gui Santos,-3.3426020144742976,-2.6822113174812197,-0.6603906969930777,-1.8880983124787316,-0.6842981810360559,-0.10981482396643186,-0.3470828290637268,-0.22829359291953724,-0.08501427500981369,0.0,-1.1074208729318387,5.5198911669255954,3024.2104489950725
Caleb Houstan,-3.3452970616172406,-2.693847648081465,-0.6514494135357757,-2.123315604953463,-0.331636101424544,-0.2388959417034579,-0.46614175676222974,-0.012677982036560613,-0.17262967473698532,0.0,-0.7558396999015478,4.709638102329619,4950.069650008861
Keion Brooks Jr.,-3.347238817586694,-3.2555963906877947,-0.09164242689889904,-2.1332446528974502,-0.578446019190914,-0.5439057185994305,0.5002260920256895,-0.4573017009005052,-0.1345668180240833,0.0,-1.714220256714933,4.061767536816094,8746.752513397434
ID_1641893,-3.3538674235225154,-2.1474420878791007,-1.2064253356434147,-1.9629588855014186,-0.19412132155290024,0.009638119175217952,-1.008892433587924,-0.10968537203612469,-0.08784753001936621,0.0,-0.38201610443317313,5.675023646347531,2795.4635706308472
Keon Johnson,-3.358284800989681,-2.690993946220737,-0.667290854768944,-1.8081232618795164,-0.19497095107987836,-0.687899733261342,-0.49342292701475504,-0.14169578391908133,-0.032172143835107705,0.0,-1.0567386120954094,5.1479558455003405,3721.8288158577825
Eugene Omoruyi,-3.3659609288996073,-2.6537482880770455,-0.712212640822562,-1.9643406145677373,-0.36131917302054206,-0.32808850048876625,-0.8634076062103384,0.19503636189258566,-0.043841396504809255,0.0,-0.5382127081215319,5.219219861482527,3559.7544840824844
Jack McVeigh,-3.3699686467859036,-2.027264057441244,-1.3427045893446596,-2.278426998863487,-0.199540617953402,0.4507035593756453,-0.47049385576735064,-0.7439125666729158,-0.12829816690439333,0.0,-0.6210477921550659,5.649419948944985,2831.5231158922797
Derek Ogbeide,-3.3706661382135743,-2.6504392636021263,-0.7202268746114479,-2.1617428534577785,-0.5173399707626433,0.028643560618295316,-0.7920258062265922,-0.052668260235210325,0.12446719185035471,0.0,-0.41689747852920356,5.642905667575567,2841.616589742103
Gray,-3.376174666167717,-3.1770726650693315,-0.19910200109838577,-2.040388925811664,-0.12311095617901299,-1.0135727830786547,-0.9777480995508685,0.8013597017151475,-0.022713603262664736,0.0,-0.3580376408051849,4.670303826989373,5087.494114342673
ID_1642046,-3.3806784884531993,-3.0465143385446884,-0.33416414990851073,-2.145226747154025,-0.3108763762270187,-0.5904112151636448,-0.3287776468716695,0.1423584439430974,-0.14774494697993867,0.0,-0.9066740944275048,4.153612717471341,7941.089246090625
KJ Simpson,-3.381743425041667,-2.8250115411760293,-0.5567318838656378,-2.2229835914785134,-0.18889604543055666,-0.41313190426695906,-0.648638200204938,0.2008242518223231,-0.10891793548302285,0.0,-0.5101216333582155,4.841624254319146,4513.363239329967
ID_1642930,-3.3830172161753342,-1.8873266623072331,-1.495690553868101,-1.7177555341332975,0.12561310988586527,-0.2951842380598009,-0.876029372890355,-0.48652751574486536,-0.13313366523288045,0.0,-0.7892323091516815,4.488387218969098,5857.275799085072
Mac McClung,-3.386507957703599,-1.9523070437990164,-1.4342009139045824,-1.4047692877219284,0.19521189428659308,-0.742749650363681,0.01852145225615326,-1.1155565708835586,-0.33716579527717694,0.0,-2.0002601222378233,3.680128247065915,14590.960081456424
Jones,-3.3907081893302613,-2.045856944930631,-1.34485124439963,-2.037470234415485,0.41805675949985743,-0.42644347001500355,-0.7513340175820036,-0.49191638818352074,-0.10160083863410581,0.0,-0.6019039373327727,4.513478379377667,5738.336158185268
Mason Jones,-3.397645281337394,-2.8801270818114597,-0.5175181995259344,-1.6718349262963688,-0.3980553939701201,-0.8102367615449707,-0.6097075235731814,0.20906002392379142,-0.11687069987654436,0.0,-1.1161028314678436,4.381152998878204,6410.3379337290735
ShawnDre' Jones,-3.41001123221144,-2.0071806855190237,-1.4028305466924165,-2.3468817412326533,0.2055855025596074,0.1341155531540223,-1.0205102045347378,-0.32686002752388754,-0.0554603146337911,0.0,-0.04261928644404896,6.027053866512514,2375.6761440537985
ID_1629801,-3.411812744046908,-2.7756872345218087,-0.6361255095250993,-1.9856364413120104,-0.044710978926332925,-0.7453398142834651,-0.7908653223524901,0.25040169919945926,-0.09566188637206836,0.0,-0.6353109803824071,5.666668237752468,2810.4275792442268
ID_1643058,-3.4159113401721353,-2.674520937615669,-0.7413904025564666,-2.1348906574276088,-0.2662395580201266,-0.2733907221679336,-1.1230691959662038,0.5340994186811148,-0.15242062527137756,0.0,-0.15795148677832294,5.725780721654925,2723.8855913104912
Kevin Knox II,-3.419817698165393,-2.3895269002873247,-1.0302907978780684,-2.0132908377572893,0.21045297076822334,-0.5866890332982586,-0.5247762239705137,-0.6215120545756989,0.11599748066814408,0.0,-0.8817506364375901,4.173433889152821,7778.333915296964
Solomon Young,-3.4207627384653554,-2.500404733194331,-0.9203580052710245,-2.074838215970587,-0.16268120007016665,-0.2628853171535775,-1.3003110101312707,0.3301030826378025,0.04984992222244369,0.0,-0.04561351236349795,6.183024410998697,2217.9777237848307
Chasson Randle,-3.4269071891087237,-2.7124375376568373,-0.7144696514518866,-2.1918116904848497,-0.1780831754843026,-0.3425426716876848,-0.3307611284206585,-0.2017950622449964,-0.1819134607862316,0.0,-0.9043343702032155,5.209106981770733,3583.4843329207247
ID_1643206,-3.43395701429439,-3.228734977207892,-0.20522203708649772,-2.0411787987928403,-0.47010314928570435,-0.7174530291293477,0.2570793402404229,-0.32687311743553266,-0.13542825989138796,0.0,-1.6498575557419728,5.341199675635901,3320.9094877914595
ID_1641990,-3.435667335622445,-3.1296001299907577,-0.30606720563168743,-2.2239900074108654,-0.010311838058075201,-0.8952982845218171,-0.3586501467813131,0.24778038646502504,-0.1951974453153994,0.0,-0.8530271814302667,5.786938918645452,2648.750363622209
Jaylen Sims,-3.4367694724963744,-2.6309371179575916,-0.8058323545387828,-1.9125019138570492,-0.06884453629208309,-0.6495906678084591,-0.6091672751365241,-0.19999942433865842,0.003334344936399683,0.0,-0.9151002835028009,3.737432854680081,13315.380818329426
ID_1631129,-3.44097599023457,-2.657512049851353,-0.783463940383217,-1.992675102017628,-0.15806008917445546,-0.5067768586592694,-0.23514970766133655,-0.43469854506631056,-0.11361568765556983,0.0,-1.2131511805556052,5.952147654764166,2453.194487534387
Isaiah Crawford,-3.4473058028592023,-2.9166205280731234,-0.5306852747860787,-1.8435226344210731,-0.10669731818811043,-0.96640057546394,-0.19347856623931203,-0.2879211571317043,-0.04928555141506246,0.0,-1.4103046021988173,4.462124056717345,5985.848440301337
ID_1641987,-3.45097622706068,-3.8651583692404294,0.4141821421797497,-2.455546938297033,-0.6834108641797354,-0.7262005667636611,0.9039704579007434,-0.3556175418118069,-0.13417077390918675,0.0,-1.8993997466643902,4.282414450190371,7005.896317611749
Joe Wieskamp,-3.4530634500014004,-2.716506084052215,-0.7365573659491856,-2.12894170295147,-0.06377103633780362,-0.5237933447629415,-0.4742127436987532,-0.275262539376653,0.012917917126220632,0.0,-0.8499090033511776,5.325599895508567,3357.938248081921
ID_1642640,-3.458087450524837,-2.146491361969589,-1.3115960885552476,-2.009434493662749,-0.013083716517601707,-0.12397315178923837,-0.7904299240917314,-0.3794253700297545,-0.14174079443376172,0.0,-0.6582230327703563,4.7904109513862565,4669.987875987254
Tristen Newton,-3.4581014402422072,-2.5695166412996953,-0.8885847989425122,-1.7418346920473988,0.12354550024740268,-0.9512274494996992,-0.7138227281128413,0.05950717448236309,-0.23426924531203397,0.0,-1.0024440200819673,3.9400328986258306,10086.191486684249
ID_1641994,-3.4582763576506084,-2.08653574522182,-1.3717406124287885,-1.663986959521295,-0.12593396252967687,-0.29661482317084803,-1.20931169036092,-0.22075512937969347,0.058326207311825,0.0,-0.5849777077683933,5.742202659513414,2715.74042002979
Stanley Johnson,-3.459970230977171,-2.400263173636827,-1.0597070573403438,-1.9354109894271336,-0.11466304975453429,-0.3501891344551587,-0.8575564634023125,-0.3226906762940927,0.12054008235606148,0.0,-0.6670027781477242,5.426769020867647,3178.021705357685
Cormac Ryan,-3.464099149119282,-2.923902273283633,-0.5401968758356489,-1.8030966339368586,-0.4177718070277043,-0.7030338323190701,-0.5066976009378759,0.0357184630110626,-0.06921773790883565,0.0,-1.1543049142445476,4.444446018500449,6073.338341025572
ID_1642442,-3.4697899865020116,-2.5526752020920274,-0.9171147844099844,-1.9959478138699334,-0.22919864381505234,-0.32752874440704194,-0.49910234471074233,-0.12439011366707671,-0.2936223260321653,0.0,-0.9747398279213363,6.315806707151623,2100.018030081898
Chris Livingston,-3.4720683991152486,-1.965903778061662,-1.5061646210535866,-1.773025772713015,-0.6931781549560259,0.5003001496073789,-1.05710081696445,-0.28719864657608124,-0.16186515751305539,0.0,-0.6419418094377836,4.415302257130388,6217.909907342933
ID_1642485,-3.4736728861041692,-2.5851197771818417,-0.8885531089223275,-1.9926110731983622,-0.330276839587366,-0.26223186439611357,-0.5541670553062547,-0.3010135657904804,-0.03337248782559249,0.0,-0.9268947575995525,4.8313613097902754,4539.917903020865
Gabe York,-3.4834094548230867,-2.667805693970184,-0.8156037608529028,-2.0280394680055838,0.008327264118497185,-0.6480934900830974,-0.9972243999853648,0.2521532209213584,-0.07053258178889626,0.0,-0.4581455868321381,5.233649609998941,3535.066522991467
Galen Robinson Jr.,-3.49122163710481,-2.9098645418231315,-0.5813570952816786,-2.233833265173551,-0.21350608938624735,-0.462525187263333,-0.5648854453581794,0.16270929939069717,-0.1791809493141963,0.0,-0.6925029265730795,5.301108408159756,3397.6947168622264
Feron Hunt,-3.4935488893082596,-2.9903119812426167,-0.5032369080656427,-1.9583858436418573,-0.7171760180286165,-0.31475011957214294,-0.4520402605283156,0.188711812765729,-0.23990846030305607,0.0,-1.0831227851380867,4.435558650509701,6115.502826000215
Maxwell Lewis,-3.4983549493132107,-3.34317575680719,-0.15517919250602077,-2.234149569469816,-0.33306264843952105,-0.7759635388978525,0.0333796946874107,0.017645049401141782,-0.20620393659457326,0.0,-1.2975850745308053,6.208050719400515,2195.8152635142565
Josh Reaves,-3.500235371318984,-3.441990816197697,-0.05824455512128672,-2.115524069959302,-0.6288684081830965,-0.6975983380552987,-1.7301702790511424,1.6951955575064335,-0.02326983357657779,0.0,0.34545897769146044,5.5478330639737345,2980.8021439107897
Leonard Miller,-3.5060812159368866,-2.3473449904397627,-1.1587362254971239,-1.8798075673189716,-0.5269975344158466,0.059460111295055684,-0.9627482019857104,-0.04895495085750693,-0.1470330726539063,0.0,-0.6635254466322041,4.712493682363714,4931.894151623379
DJ Stewart,-3.5076015453979106,-2.8907785180529872,-0.6168230273449232,-2.1788829890159445,0.02248262868606679,-0.7343781577231097,-0.6580217715272243,0.09514768427675907,-0.05394894009445803,0.0,-0.6706967848547419,5.938528622328407,2471.7456100250392
Phillip Wheeler,-3.5103323021846644,-2.6582385332136558,-0.8520937689710087,-1.9751136615401546,-0.4420318291689591,-0.2410930425045419,-1.3188404665475284,0.5973569050005871,-0.13061020742406748,0.0,-0.21637817409698135,4.018386302376249,9183.988427603235
ID_1643121,-3.513339011172068,-3.3777258777128116,-0.13561313345925635,-2.5033218335984913,-0.1615868874344264,-0.7128171566798941,-0.1403162397131285,0.09288625760766714,-0.08818315135379497,0.0,-0.8697009378604483,5.125660348244521,3761.255174202778
Liam McNeeley,-3.513809930872323,-2.1693857135881864,-1.3444242172841365,-2.308448326855053,0.0771087923842253,0.061953820882641175,-0.2697386913085312,-0.8209379712289491,-0.2537475547466564,0.0,-0.935622912708739,5.415402406035733,3199.9657347032526
Dariq Whitehead,-3.5147073129856827,-3.0346439427748653,-0.4800633702108173,-2.358641504738877,-0.17471239264493035,-0.5012900453910579,-0.7398060230150234,0.3314008428494086,-0.07165819004520245,0.0,-0.41625978523178214,4.5596068729963495,5537.299024762785
Malachi Smith,-3.516888115751157,-2.7313183989257745,-0.7855697168253823,-1.984245820245468,-0.08110857296699188,-0.6659640057133144,-0.38847235904128696,-0.20938830245125287,-0.1877090553328425,0.0,-1.1441699364644016,4.0639809664472955,8737.606407256819
ID_1642578,-3.5170101878176667,-2.461774566441661,-1.055235621376006,-2.1505052005352856,-0.5575840734306803,0.24631470752430495,-0.4045008214876399,-0.4452636674486529,-0.20547113243971316,0.0,-0.9620041657947414,4.292580507254159,6939.954319842169
ID_1631458,-3.5207636510612152,-2.386779084467727,-1.1339845665934887,-2.1970185012339676,-0.09942292211588305,-0.09033766111787614,-1.2212050809725659,0.13200285804522405,-0.044782343666147056,0.0,-0.1025400688546822,6.412360001369691,2017.2461457511522
ID_1642527,-3.5274021258438046,-2.9870245000982774,-0.5403776257455274,-1.7840477590916248,-0.07324224580443309,-1.1297344952022192,-0.07298635135185477,-0.33253226057835966,-0.13485901381531298,0.0,-1.6703680154003249,4.372859156875914,6458.265688131012
Jarrett Culver,-3.5493237357627625,-2.674263899301928,-0.8750598364608346,-2.15880908491805,-0.10586536993350307,-0.4095894444503746,-0.7935561101144522,0.01839426334738764,-0.0998979896937702,0.0,-0.5969585407302602,4.25710796083765,7176.898777687375
Robert Woodard II,-3.549793517186885,-2.7627161566970266,-0.7870773604898584,-2.289245096001273,-0.32356378850474077,-0.14990727219101327,-0.35798271961413153,-0.30606329716032643,-0.12303134371540043,0.0,-0.902565701571481,5.235669575942079,3528.091086570849
Jack White,-3.5527562700288673,-2.936834365759568,-0.6159219042692989,-2.160221163337517,-0.19107171707232504,-0.5855414853497263,-0.2548597755970073,-0.18124544587553273,-0.1798166827967589,0.0,-1.1376753310943428,6.395742092302451,2033.1308399606646
Rob Edwards,-3.554704323711611,-2.9317813075436154,-0.6229230161679954,-2.2768788360580086,-0.01701336138739945,-0.6378891100982071,-0.3641493867262805,-0.151768360979724,-0.10700526846199089,0.0,-0.9136761009273215,5.3571277350083895,3294.4950157505978
Jahmi'us Ramsey,-3.5630228930774086,-2.7848501274905217,-0.7781727655868867,-1.835610486256667,-0.15082991845196284,-0.798409722781892,-0.6543410745440593,-0.07187752614933982,-0.05195416489348762,0.0,-1.0730713322766823,4.569727581588745,5492.901946627803
Broome,-3.56576879926443,-2.5409961956808877,-1.0247726035835423,-2.1832843524829655,-0.11794509932036537,-0.23976674387755692,-0.7329149891126886,-0.30982593966844024,0.01796832519758665,0.0,-0.6495694576687758,5.375917276379894,3269.285186483941
Mychal Mulder,-3.573838882198479,-3.3138519953251495,-0.2599868868733297,-2.2163855654775584,-0.05507219249252719,-1.0423942373550639,-0.19771577722531775,-0.03782541146455054,-0.0244456981834614,0.0,-1.159737539495603,5.2105452753191335,3583.583442050739
Kyle Guy,-3.5805114470973924,-2.722316358564318,-0.8581950885330745,-1.7947619302780666,-0.42238916010855426,-0.5051652681776971,-0.9410546083018598,0.2485894182968053,-0.16572989852802006,0.0,-0.844694908517466,5.293508966862416,3417.8145404685374
ID_1643222,-3.5837133831135612,-2.471178587217979,-1.1125347958955825,-1.8692268050832335,0.24634701685861177,-0.8482987989933569,-0.7152694388104827,-0.5033467672288848,0.10608141014378503,0.0,-0.999217139219845,5.2451540207728655,3503.9608278434844
ID_1643147,-3.588614628827023,-1.978450506665101,-1.610164122161922,-2.5000928324460703,0.3113961089276238,0.2102462168533451,-0.6243358549280715,-0.8516703642750887,-0.13415790295876195,0.0,-0.4641859414528817,4.576457193966308,5460.639215916928
Scottie Lindsey,-3.5910037200742453,-2.432821253478852,-1.1581824665953933,-2.2993895943624487,-0.0929236197613826,-0.040508039355020675,-0.8187280594605928,-0.19127080751250267,-0.1481835996222978,0.0,-0.47288606625120366,6.081297754910356,2316.4605495130168
Sandfort,-3.598005048952035,-2.9261913213874955,-0.6718137275645397,-2.157427520943229,-0.3173876849108235,-0.4513761155334429,-0.6324467904969336,-0.1890035967982933,0.14963665973068718,0.0,-0.8081307375118725,5.7506925827649695,2698.759935636819
Gilbert,-3.598209941099921,-2.92288435723061,-0.6753255838693111,-1.667172648806877,-0.32553142990470973,-0.9301802785190231,-0.7232490791102409,0.18284553351882746,-0.13492203827789756,0.0,-1.2077882131828028,4.6321721869202195,5235.198202870979
Ivan Gandia-Rosa,-3.5988760395409374,-2.7666328476617634,-0.8322431918791742,-2.3265342760191077,0.2679957246749667,-0.7080942963176224,-0.555011734585171,-0.3623958950617688,0.08516443776776561,0.0,-0.7173300289366589,6.094225693933537,2306.657590097405
ID_1631489,-3.599557949789868,-2.9071798730393246,-0.6923780767505435,-2.3473627205233747,-0.3301864951893307,-0.22963065732661922,-0.2381283441484157,-0.51197387648929,0.05772414388716221,0.0,-1.0140668851180776,5.12881441040389,3759.305499288374
ID_1631407,-3.6067142239573866,-3.182771135855906,-0.42394308810148085,-2.151989604891635,-0.1508222664020967,-0.8799592645621742,-1.6993515847441767,1.3469281549561634,-0.07151965831346753,0.0,0.2446269656784249,4.337200426872569,6665.700175607151
ID_1641802,-3.6096066421860256,-2.483891823556857,-1.1257148186291686,-2.073707899894217,0.3138201232212907,-0.7240040468839303,-1.3482600872967105,0.038940532624935076,0.18360473604260702,0.0,-0.18763865499509746,4.797532983365598,4646.47659120352
Tyrese Martin,-3.635604853487358,-2.6706929495205545,-0.9649119039668035,-1.9994283199936673,0.028935725577557775,-0.7002003551044449,-0.4749013352110408,-0.3860035044432185,-0.10400706431254417,0.0,-1.16127519828265,5.151037429382856,3708.197194329914
Keifer Sykes,-3.647911122913013,-2.597558953756831,-1.0503521691561817,-2.06735198549853,-0.10357253924012907,-0.4266344290181722,-0.9939710824527692,0.033285145151396564,-0.08966623185480899,0.0,-0.5865880549617137,5.857037139389832,2566.2318945703746
ID_1626217,-3.6573418294397824,-3.000746162589125,-0.656595666850657,-2.3305866815129916,-0.5230728996467937,-0.1470865814293396,0.16435577924268763,-0.6350485508941666,-0.18590289519917802,0.0,-1.491110927169478,6.301675712419535,2110.7041262949306
Chris Youngblood,-3.6596048539993955,-2.983615058204907,-0.6759897957944887,-1.72275486504973,-0.41468480541887615,-0.846175387736301,0.027984082936703625,-0.6586658393373763,-0.045308039393816044,0.0,-1.9648340718863695,5.314676916522146,3374.8401096191988
Javonte Smart,-3.6598895384606376,-2.375081118820818,-1.28480841963982,-2.032524975174918,0.008134179829360294,-0.3506903234752601,-1.0509553595054597,0.014322555780737725,-0.24817561591509807,0.0,-0.5764092037802602,3.8255030102549115,11707.691066318406
Trevor Keels,-3.673732498777329,-2.4233408679981947,-1.2503916307791345,-2.2765691068593803,0.049249460674943984,-0.1960212218137584,-0.6914949126064907,-0.2762843615247841,-0.2826123566478598,0.0,-0.7056684793114583,3.80258113909848,12099.672788026828
Tyler Burton,-3.6810160774924268,-3.175095015053428,-0.5059210624389987,-2.102221358387442,-0.2643525735586392,-0.8085210831073467,-1.045796124306305,0.5304644557349902,0.009410606132315993,0.0,-0.5329985947986797,4.520784791863117,5712.080211802186
Hunter Dickinson,-3.68605496564858,-2.575008808650867,-1.111046156997713,-2.3457793716514357,-0.5282504598118801,0.2990210228124486,-0.10014839243490692,-1.079431582525525,0.06853381796271882,0.0,-1.2401272015622378,4.697942197927255,4996.556069772111
Jalen Bridges,-3.687771516941691,-2.831687602606097,-0.8560839143355938,-2.242844972972021,0.06641281269155325,-0.6552554423256294,-0.8675603499819615,0.05941932875905766,-0.04794289311268994,0.0,-0.5773661939877084,3.981290978849811,9590.136323477818
GG Jackson,-3.6887259209852274,-2.930968442892707,-0.7577574780925203,-1.9903875304679175,-0.5615949422409133,-0.3789859701838761,-0.24685717763928866,-0.31862463566610777,-0.19227566478712382,0.0,-1.451481212878021,5.60747999292695,2889.8406133999233
Johnny Juzang,-3.6901733191824997,-2.469198415326386,-1.2209749038561133,-1.798356916717259,-0.07915515482060022,-0.5916863437885267,-0.5310638830074859,-0.5663056389328955,-0.12360538191573181,0.0,-1.3607525194577543,6.047669112453291,2353.5998432233414
Buddy Boeheim,-3.6905811576929866,-2.719536488276561,-0.9710446694164256,-1.9203503125410994,0.12256876037866671,-0.9217549361141286,-0.026663266344059633,-0.7690945597879679,-0.1752868432843981,0.0,-1.743567578807828,4.198855691477362,7593.67449447859
Olin Carter III,-3.693580406123618,-2.6513524140774787,-1.0422279920461393,-2.393491877523396,0.10886951271609258,-0.3667300492701749,-0.5773424982712642,-0.26639618056610637,-0.19848931320876878,0.0,-0.7227460303289575,5.352305069461766,3308.7164430021085
Jared Rhoden,-3.6943821101534193,-2.294251388609341,-1.4001307215440781,-2.132150061130595,0.26208962433932026,-0.4241909518180662,-0.7679093956137921,-0.5938927620466237,-0.03832856388366235,0.0,-0.794322653409032,4.535782754847438,5639.575612322262
Yuki Kawamura,-3.701089904079153,-1.90114743064909,-1.7999424734300629,-1.6738366297307259,0.3054686978899557,-0.5327794988083199,-1.4793021563014728,-0.17784344972059907,-0.14279686740799097,0.0,-0.5479511180469543,5.055872078901927,3927.3995945978695
Ryan Woolridge,-3.7015371880318066,-2.9414610373208583,-0.7600761507109484,-2.434033048362318,-0.3301647135598422,-0.17726327539869782,-0.6671330856175809,0.013898568270130904,-0.10684163336349842,0.0,-0.6003710540519075,4.929511716341108,4252.593233871812
ID_1630312,-3.7068226511673648,-3.556893006041194,-0.14992964512617102,-2.2652687628800554,-0.3818261539430097,-0.9097980892181285,0.18789081321868417,-0.2077071515307977,-0.1301133068140575,0.0,-1.6294447015059934,4.964155253261819,4161.93207950975
ID_1643064,-3.707742137133236,-2.855169143908349,-0.852572993224887,-2.2392340705618405,-0.13526630846511395,-0.4806687648813944,-0.5569478218076251,-0.15475834793583018,-0.14086682348143167,0.0,-0.9115602447637702,6.308607905957849,2107.867187250881
ID_1643083,-3.7096182242202573,-2.6236058763638557,-1.0860123478564017,-2.042258681654516,-0.30154356428542317,-0.27980363042391665,-0.7466975048830974,-0.1496965557452863,-0.1896182872280179,0.0,-0.920662037682644,5.195208592020674,3611.6941947930377
Cameron Martin,-3.7244179155478188,-3.0757447389244543,-0.6486731766233642,-2.2642648003998387,-0.40984650558816355,-0.4016334329364517,-0.707247936394353,0.055463518645829143,0.0031112411251597305,0.0,-0.7529051787536264,6.322070885272744,2093.48368743059
ID_1641751,-3.7525567790294136,-2.547150867385607,-1.2054059116438063,-1.8600135549101136,0.035647260729907204,-0.7227845732054006,-1.163768966771499,0.03810654053806871,-0.07974348541037604,0.0,-0.7287742573478007,4.940460213613808,4219.270647820991
ID_1642283,-3.7535470199561303,-2.1416612462703375,-1.6118857736857926,-2.451016629096255,0.08308836607116937,0.22626701675474836,-1.1853825312254591,-0.22115293014163923,-0.20535031231869424,0.0,-0.11714785963441574,5.353449843285146,3308.307222977596
Kai Jones,-3.763018882732561,-3.2674404324689554,-0.4955784502636056,-2.0956011529770753,-0.3757324194243586,-0.7961068600675218,-0.04767583343671755,-0.3688927801657526,-0.0790098366611354,0.0,-1.6197418963187684,6.260672390236974,2148.217113525856
ID_1631249,-3.771963206872096,-3.0712066852834314,-0.7007565215886643,-2.0355879428562687,-0.22297873184125383,-0.8126400105859091,-0.5537645321734775,-0.046349377189810664,-0.1006426122253761,0.0,-1.1826107318423495,6.10648683457235,2291.6369103544666
Reggie Perry,-3.7723127884609227,-3.0021946682074776,-0.7701181202534452,-1.9267637167533307,-0.08802863010661469,-0.987402321347532,-0.8506889232958845,0.16786574614293107,-0.08729494310049168,0.0,-0.9948601484117073,4.8451084731181595,4502.634279476586
ID_1631421,-3.7767850054316052,-2.835271523694503,-0.9415134817371023,-1.8747991753685778,-0.5652787801626582,-0.39519356816326684,-0.45361214953258583,-0.1579939623355504,-0.3299073698689661,0.0,-1.4483736805304415,4.344995887102572,6618.343380056232
Terence Davis,-3.779106279298379,-3.3802663271621505,-0.39883995213622886,-2.0714611011799304,-0.2891397878436427,-1.019665438138577,-0.24835970682005576,-0.08229663973696902,-0.06818360557920405,0.0,-1.4592854712983927,5.864228110543954,2554.5730981749775
Pat Spencer,-3.7795828956879784,-2.4632885534566316,-1.3162943422313471,-1.7984644048608913,-0.16934402804997017,-0.49548012054576984,-1.2346740706183845,0.02246280008344903,-0.10408307169641164,0.0,-0.7464444202087026,5.7588961577691,2686.841057056019
ID_1642573,-3.782015711478422,-3.0839588883882874,-0.6980568230901345,-2.234667899112141,-0.597639594537818,-0.2516513947383282,-0.5428308948286871,-0.10118863416772067,-0.05403729409372677,0.0,-1.0045169175375936,5.173812806466506,3653.0522108909695
David Stockton,-3.7855943901492806,-3.223418434775143,-0.5621759553741373,-2.0469752455202697,-0.09088693036671919,-1.0855562588881544,-0.7167290808380525,0.2867228604145088,-0.13216973495059356,0.0,-1.0218900637909585,5.018658534080916,4018.6699730582964
Telfort,-3.7862976346587662,-2.5950472739944033,-1.191250360664363,-2.0647922438397894,0.010657049688114206,-0.5409120798427283,-0.2997332598641246,-0.8667548690352673,-0.02476223176497125,0.0,-1.4217721309548526,4.464013283540953,5976.124265396944
ID_1643112,-3.7940477831754142,-1.9652411834079888,-1.8288065997674252,-1.8247994129752054,0.410145016703937,-0.5505867871367205,-1.3865609489830355,-0.2829782648471987,-0.15926738593719092,0.0,-0.5826874212171731,5.125150747260101,3766.0852737144587
Antonio Reeves,-3.7999073586094507,-2.518857840314804,-1.2810495182946466,-2.0131677681012965,0.08716600798422183,-0.5928560801977296,-0.6282647117968785,-0.4202834253447019,-0.2325013811530662,0.0,-1.158474878711276,4.492542516262409,5838.634962951746
ID_1642615,-3.807419347202665,-3.365928325327163,-0.4414910218755023,-2.06000453837323,0.1334419279212562,-1.4393657148751886,-1.045667846490859,0.7150863356024884,-0.11090951098713159,0.0,-0.7017469623385757,4.3165043410895825,6778.243489994225
ID_1642470,-3.812086852862049,-2.599924531398978,-1.212162321463071,-1.8404636628211093,-0.0007212179968750787,-0.7587396505809934,-1.9399763428918262,0.686677900466383,0.04113612096237207,0.0,-0.031646847149113366,5.757617115743014,2690.669576393594
Justin Jackson,-3.8122033450894572,-2.3520944060223234,-1.4601089390671338,-2.012589304902388,0.28900426234201687,-0.6285093634619522,-0.5280277748141349,-0.6788646489914514,-0.25321651526154765,0.0,-1.2715862653729344,5.1300198107052655,3754.4138632092854
ID_1643104,-3.8209336070159705,-2.547729648687475,-1.2732039583284953,-2.2482992351825293,-0.11427367872681429,-0.1851567347781317,-0.3788722882608238,-0.6316678949193149,-0.2626637751483568,0.0,-1.1937620835726177,5.02058862608985,4012.007669801695
ID_1642409,-3.8268838264525487,-1.8429363016681886,-1.9839475247843603,-1.787612703510866,0.43142918646073514,-0.4867527846180577,-1.867166725715793,0.0743953837849129,-0.19117618285348043,0.0,-0.1721043972258901,5.171941250681533,3669.615008816027
Lindell Wigginton,-3.8282088499242235,-3.279010179128502,-0.5491986707957218,-2.0199693377404384,-0.21303233533865906,-1.046008506049404,-0.46677123338982934,0.11235221190585404,-0.19477964931174652,0.0,-1.3414682787939554,6.248854218631929,2157.1227486198422
Kendall Brown,-3.857442746295317,-2.8720499104161035,-0.9853928358792133,-1.7345536648943822,-0.27698785721425145,-0.8605083883074697,-0.905080876148491,0.08018496738823783,-0.16049692711896013,0.0,-1.2178082052524437,3.9022959351114155,10568.583851188598
LJ Cryer,-3.8579230627515404,-3.283809081668263,-0.5741139810832775,-2.080655510782306,-0.18118007145433995,-1.021973499431617,-0.14637720003712495,-0.2957323999687067,-0.1320043810774458,0.0,-1.6308903519321094,6.434694756958959,2005.2037083497703
ID_1643161,-3.8643522366332674,-2.949314713022733,-0.9150375236105344,-1.6681497052519303,-0.16665502674028332,-1.1145099810305195,-0.3718574222448235,-0.1877185036821124,-0.3554615976835984,0.0,-1.8243451091365135,5.31999358547507,3368.923789070971
ID_1643246,-3.8655865963036757,-1.7422871661082606,-2.123299430195415,-2.008691472504119,0.1598632686735863,0.10654103772227219,-1.4831546671443747,-0.494229854349993,-0.14591490870104726,0.0,-0.37374045665518174,5.237129882850419,3527.825250707756
ID_1642563,-3.866503382095729,-3.561755711607679,-0.3047476704880502,-2.1158250633496634,-0.5136152357877392,-0.9323154124702763,-0.04218409068258511,-0.2695899415923211,0.00702636178685602,0.0,-1.7084942280634805,4.927434325483227,4257.877662200699
ID_1631455,-3.8731310016471534,-2.7849851252146642,-1.0881458764324892,-1.8936793622105954,0.3251495601441785,-1.2164553231482476,-0.6263462525852335,-0.18172448232505609,-0.2800751415221996,0.0,-1.3531053868513248,3.747301490053357,13109.827295465282
Marcus Burk,-3.8741312537928208,-2.4032481382880535,-1.4708831155047672,-2.239043070785401,0.2374262861746605,-0.40163135367731306,-1.4268216876012931,0.05654039570816417,-0.10060182361163827,0.0,-0.20826649540612668,4.209455219457307,7504.324767783786
Tyler Smith,-3.8756665583804772,-3.537797906989713,-0.3378686513907644,-2.2926483130046265,-0.5057687044771957,-0.739380889507891,-0.5983430461075968,0.38838856546952977,-0.12791417075269731,0.0,-0.9846751992682542,4.392113595945399,6349.347763354727
ID_1642651,-3.8839142877128596,-2.002567520367262,-1.8813467673455975,-2.193645898596508,0.022494195800624922,0.1685841824286206,-0.6844580296038953,-1.028343220879164,-0.16854551686253805,0.0,-1.0058103595124566,5.022123241044153,4010.267529031211
ID_1642619,-3.8984716940124406,-2.5809337914900543,-1.3175379025223863,-1.9740875201488248,-0.13779773331885156,-0.4690485380223781,-0.6701631876535631,-0.35813490525130554,-0.2892398096175177,0.0,-1.2542209862100528,4.732184820277163,4864.211704106137
Yuri Collins,-3.900320416527972,-3.6428361509064877,-0.2574842656214844,-1.8251084682379184,-0.5844166453557617,-1.2333110373128076,-0.5904375421477384,0.4331315160736833,-0.10017823954742933,0.0,-1.4847744061423154,4.199100339547466,7582.967816204311
ID_1643159,-3.907383570437844,-2.8080703655255865,-1.0993132049122574,-2.0491243501702407,-0.4656518729933599,-0.2932941423619855,-0.7868771266930106,-0.11191128234994233,-0.20052479586930452,0.0,-1.0713820935745921,4.878811995287422,4397.995491507643
ID_1643149,-3.9196498813599012,-2.589226949624092,-1.3304229317358094,-2.133656081457366,-0.19006995973209123,-0.2655009084346346,-1.61005936977842,0.31136445148835246,-0.03172801344574194,0.0,-0.1759344301241153,6.195508462347735,2206.0604551100823
ID_1641907,-3.9245438353494286,-3.14976111408685,-0.7747827212625787,-1.7401288468801714,-0.675340547167812,-0.7342917200388666,-0.8289306628170331,0.15347914276640293,-0.09933120121194862,0.0,-1.3554843256522244,4.92571553839145,4266.899133710734
Drew Timme,-3.928402418043088,-2.550725593717134,-1.3776768243259538,-1.4974127691550996,0.02211807987150674,-1.0754309044335413,-0.9665204242597913,-0.4027786993044977,-0.008377700761664664,0.0,-1.4644692246281967,4.268783127742979,7094.878843815683
Jordan Walsh,-3.929943922247917,-2.8768108851807357,-1.053133037067181,-2.0596172907851136,-0.3055837245213928,-0.5116098698742293,-0.6638625594840166,-0.17482100662625333,-0.21444947095691105,0.0,-1.2064640719787865,6.0564562615629525,2343.070811403885
Aleem Ford,-3.9358290895745887,-3.0399802629155603,-0.8958488266590283,-2.200515526485294,-0.14146781575154752,-0.6979969206787189,-0.8446650742266939,0.10802549278509926,-0.1592092452174336,0.0,-0.8906484888626007,4.847054181653587,4489.264291429641
John Poulakidas,-3.9435340500717135,-2.20022931267222,-1.7433047373994934,-2.3078156256749383,0.25482063217524686,-0.1472343191725285,-0.8623426003822857,-0.8216350883614458,-0.05932704865576209,0.0,-0.7733758240144896,4.817908333731137,4584.332982287315
ID_1631286,-3.953384937678867,-2.487509248881392,-1.4658756887974747,-2.296643404588177,-0.09098372720458757,-0.09988211708862726,-1.4584181085016525,0.0398450364215846,-0.04730261671740676,0.0,-0.198323424589037,6.1868786009027605,2216.0593173492725
Lucas Williamson,-3.953980940829706,-2.9563151008503623,-0.9976658399793437,-2.299448952590996,0.14912934155754098,-0.8059954898169077,-1.467481803760093,0.4723099050592668,-0.0024939412785174725,0.0,-0.18705018447861743,4.160230804150679,7880.62427272117
ID_1630663,-3.9553422896979358,-3.185615639548434,-0.7697266501495018,-1.8392907081273118,-0.17320258223757462,-1.1731223491835476,-0.3238013898298523,-0.24256669221671404,-0.20335856810293548,0.0,-1.7922501917407718,4.78839046160216,4674.632595628277
ID_1643182,-3.9568517646432575,-2.7280272071350264,-1.228824557508231,-2.476213453805417,0.10930322082247923,-0.36111697415208893,-0.5591368139856123,-0.5731130201660763,-0.09657472335654235,0.0,-0.9215014968522284,5.995485993952851,2402.4644097376568
Lacey James,-3.9657715610449533,-3.0816190937215384,-0.8841524673234148,-2.5711387794123377,-0.00011785847801529248,-0.5103624558311854,-0.9143527502654645,0.07281142931720583,-0.0426111463751562,0.0,-0.48028003136715103,5.528730803950106,3012.580085863972
Isaiah Todd,-3.9722356302043114,-3.3324062115297135,-0.6398294186745979,-2.193976759027716,-0.34617302779282505,-0.7922564247091725,-0.4532984060423422,-0.052981720297594126,-0.13354929233466153,0.0,-1.3249604651342533,6.219474394228827,2185.164528857791
ID_1642053,-3.9775203502578313,-2.4205925765007565,-1.5569277737570748,-2.376505365715473,-0.3111873452192997,0.2671001344340159,-1.5576542882811384,0.18528974966914472,-0.1845632351450811,0.0,-0.04336069626122016,6.338461191099489,2078.833255792125
ID_1643298,-3.9805803375455064,-3.3630367685892506,-0.6175435689562558,-2.058438422560424,0.012733406735385033,-1.3173317527642117,-0.4468820761884202,0.021360938476502528,-0.1920224312443382,0.0,-1.4752598387966622,5.743413752152275,2706.1933750337803
ID_1631317,-3.981566262224775,-3.1399825952517313,-0.841583666973044,-1.9581620828818487,-0.28697865182869625,-0.8948418605411861,-0.6810358891461654,-0.002118260764479886,-0.15842951706239872,0.0,-1.3423682901967608,5.5591082407241155,2966.1658485452235
Tonje,-3.981643140671286,-2.315896765169109,-1.6657463755021773,-1.5713389237347384,-0.4948510532743825,-0.24970678815998823,-1.4214300691705386,-0.11652413992484138,-0.12779216640679733,0.0,-0.9888741477660095,4.652730632775942,5156.997375051874
Pacôme Dadiet,-3.9848960332295738,-2.799144484534362,-1.1857515486952115,-2.028757786706052,-0.5697598948711116,-0.20062680295719842,-0.5452812469052816,-0.45453482797243105,-0.18593547381749892,0.0,-1.41085699961824,4.85695814618875,4464.936720587618
ID_1642475,-3.9889999109349628,-2.680049751200175,-1.3089501597347881,-2.2139701313373497,-0.4217352833939792,-0.04434433646884589,-0.396001128146789,-0.7901396912871632,-0.12280934030083593,0.0,-1.379028651450824,5.118497741840703,3783.239960164926
ID_1643207,-3.9987380435338267,-3.3410738655420706,-0.6576641779917558,-2.2853797307492654,-0.2772158209612908,-0.7784783138315141,-0.3609527762635222,-0.06884847124244328,-0.2278629304857903,0.0,-1.3524055365210383,5.891288254350802,2526.3391725682077
ID_1642554,-3.999437236898693,-2.8792064461852807,-1.1202307907134126,-2.3129304848900047,-0.11468768191648943,-0.45158827937878654,-0.781397553911849,-0.17726064841435596,-0.16157258838720767,0.0,-0.9051091980968395,5.489304030001581,3073.585073303755
Isaiah Mobley,-4.006385378298604,-3.2046246525977846,-0.8017607257008195,-2.1164738010571695,-0.0978168092393907,-0.9903340423012245,-0.25055344336357455,-0.4996835518814906,-0.05152373045575429,0.0,-1.63935813387786,4.76297360747625,4762.626972813026
Jordan Hall,-4.027003663626627,-3.545863024096233,-0.4811406395303935,-2.5150849172075347,-0.4113790144571189,-0.6193990924315795,-0.3870757671648774,-0.08562674865379037,-0.008438123711725712,0.0,-1.1248429792542145,4.1000321326819416,8397.710159071356
Brian Bowen II,-4.028104276526889,-2.538634637383005,-1.4894696391438842,-2.0738594293936967,-0.06137423887000158,-0.4034009691193068,-1.1173266301238165,-0.21044649636159432,-0.16169651265847318,0.0,-0.8369182170093759,5.429717594168268,3168.424538870342
Bronny James,-4.031056306764593,-3.127573818747464,-0.9034824880171289,-1.896643010370537,-0.44430029634241186,-0.7866305120345153,-0.5595177002009823,-0.17168835788115822,-0.17227642993498835,0.0,-1.5748955961930735,5.171541143800548,3662.814556740411
Jeremiah Tilmon Jr.,-4.032995341179987,-3.3610404292251914,-0.6719549119547954,-2.3974607360021665,-0.8007841421911812,-0.16279555103184395,-0.3238243776116374,-0.24932969538349153,-0.09880083895966638,0.0,-1.3117102275661832,4.840823883687275,4508.712652285969
ID_1631293,-4.035662748276728,-3.120110426496928,-0.9155523217797997,-1.8833646255803247,-0.3079441114596082,-0.9288016894569948,-0.8269448236114623,0.014366653501850957,-0.1029741516701884,0.0,-1.3253532990849404,5.827238561474601,2602.9102851206485
ID_1641784,-4.048589600609551,-2.0986816800051593,-1.949907920604392,-2.200273963876431,-0.2335496495280504,0.33514193339932186,-1.2553688978586104,-0.47784899408096454,-0.21669002866481718,0.0,-0.5929467388745102,5.266013222555631,3473.694917182389
ID_1643160,-4.050331597075994,-2.96809108011818,-1.0822405169578138,-2.1159927445526043,-0.29155867305279115,-0.5605396625127844,-1.2043725309918147,0.1459050543074595,-0.023773040273458515,0.0,-0.7299663215315746,5.083328855680941,3864.2316167918234
Keyontae Johnson,-4.052355557742418,-2.7669033115939956,-1.285452246148422,-1.997532005657994,-0.3295153222534034,-0.43985598368259815,-0.07059497236747336,-0.9950546611876903,-0.2198026125932584,0.0,-1.9842285797169503,4.014576030855988,9228.380083422595
ID_1643115,-4.061501964558081,-2.1025126769821165,-1.9589892875759642,-2.5212479269798314,0.47644272799197074,-0.057707477994255685,-1.4062668196818988,-0.3334027710733717,-0.21931969682069374,0.0,-0.13398721789635037,5.9795445319936364,2422.464856464996
ID_1643093,-4.065330740371078,-3.8478383961615825,-0.21749234420949531,-2.1228754409049317,-0.5562582617036365,-1.1687046935530145,-0.21641069077847538,0.15574728895701664,-0.15682894238803657,0.0,-1.7260446086876708,5.55998003072597,2961.53957254501
Jonathan Mogbo,-4.068315534030761,-3.674615391048775,-0.3937001429819858,-1.8824909263166656,-0.8533052496017308,-0.9388192151303786,-0.7220388663709069,0.5279318660785284,-0.19959314268960732,0.0,-1.4637857413431885,5.157870939324872,3694.3391983761194
ID_1631305,-4.072226307765428,-3.8714588328515323,-0.20076747491389568,-2.1819786736120848,-0.5083817518996154,-1.1810984073398318,-0.03364125452219652,0.11684638292468169,-0.28397260331638086,0.0,-1.8566063796311463,5.284391806683591,3428.434646291341
Amari Bailey,-4.078719013370451,-3.0826485636087977,-0.9960704497616535,-2.0190385376782563,-0.555384656241562,-0.5082253696889795,-0.9948349408064594,0.25644148048883797,-0.25767698944403206,0.0,-1.0648455348857355,5.369938550576145,3274.414781269207
Davon Reed,-4.080759920489066,-3.8088991678847073,-0.2718607526043586,-2.2530049436121717,-0.08508111145184577,-1.47081311282069,0.0019177149939969551,-0.16638725779102803,-0.10739120980732754,0.0,-1.8296726918708914,4.641169549314976,5200.585087404566
ID_1643051,-4.086175948525477,-3.0764266337139423,-1.0097493148115344,-2.201546587586313,-0.20245330346313542,-0.6724267426644939,-0.7116258164407168,-0.2208125532073928,-0.07731094516342496,0.0,-1.1730035444984472,6.3089104706932,2108.417653036513
ID_1631171,-4.08666566580724,-3.3934676839433693,-0.6931979818638712,-2.1007661296431106,-0.3954248005048926,-0.8972767537953659,-0.550912775742704,0.007699524177608927,-0.14998473029877596,0.0,-1.4349867604214255,5.4506428213627895,3135.2479514035813
Lester Quinones,-4.095131687042819,-3.0542251852009845,-1.0409065018418344,-1.5169723130101265,-0.319062937478434,-1.218189934712424,-0.4358960514511538,-0.4568180889915387,-0.14819236139914188,0.0,-2.1422633225815386,3.8008988061652116,12116.196856317001
ID_1642965,-4.102206775780887,-2.5483408088611688,-1.5538659669197183,-1.692304882416011,-0.09532505604050265,-0.760710870404655,-2.3999854076689777,0.9828126063205054,-0.13669316557124592,0.0,-0.00991648569589823,4.612668637818919,5302.502738747564
Blake Hinson,-4.105980294936646,-2.5384426160871247,-1.5675376788495214,-1.826328371987918,-0.09396969445885359,-0.6181445496403533,-1.4100317807919307,-0.12199715191393173,-0.03550874614365887,0.0,-0.8696201421567974,4.179470860089455,7731.539321703925
Jamorko Pickett,-4.108767591372419,-3.853690927740987,-0.25507666363143167,-2.0185355687733844,-0.5527248943230537,-1.2824304646445488,-0.28479469341135566,0.06526207027187482,-0.035544040491950785,0.0,-1.8054373291876784,5.079044681459634,3872.465919744549
ID_1641915,-4.122568529051113,-3.0239134940180246,-1.0986550350330893,-2.0258430206947167,-0.5455663433494475,-0.45250412997386047,-0.7726199110396952,-0.30628312718705675,-0.01975199680633738,0.0,-1.3241055973167022,4.531757433886296,5658.16586527501
ID_1642888,-4.139253993081292,-2.536492913609612,-1.6027610794716796,-2.2151984102441684,0.12655298274729299,-0.4478474861127367,-1.0906302084900714,-0.3708268309348061,-0.141304040046802,0.0,-0.8334253743470519,5.178314142182,3649.820422151033
Malik Fitts,-4.139863271215269,-2.792685574472445,-1.3471776967428244,-2.1960795670814157,0.006176913698790865,-0.60278292108982,-0.5974829570312731,-0.5408473268884751,-0.2088474128230762,0.0,-1.3463007471025805,6.161975506700034,2237.0539558156515
Dakota Mathias,-4.140493083226709,-3.08274755461903,-1.0577455286076791,-1.97153210674174,-0.17314601472623745,-0.938069433151053,-0.6252569989584134,-0.24319531651297305,-0.18929321313629266,0.0,-1.543703977526556,4.274850410691455,7058.2375638918475
Kira Lewis Jr.,-4.1757186676220766,-3.242278506012214,-0.9334401616098627,-2.2390677477744125,0.3634805839146623,-1.3666913421524638,-0.7907978995859049,0.1234718583212315,-0.2661141203451894,0.0,-1.1458530202617594,4.324641554735025,6734.229375860095
Stephen Thompson Jr.,-4.1782835539652625,-3.229147157046447,-0.9491363969188155,-2.1126620195015215,-0.07225637906003796,-1.0442287584848877,-0.4883753721235003,-0.2329761799678217,-0.2277848448274935,0.0,-1.5772461623402407,3.935600032322945,10128.394796615412
Kalob Ledoux,-4.184037031456,-3.319665712343957,-0.8643713191120425,-2.1997273820329135,-0.28107796431496757,-0.8388603659960755,-0.6981274467520213,0.009311031069894234,-0.17555490342991542,0.0,-1.286182202671064,6.149445639167929,2249.513019414934
ID_1642943,-4.194797571271255,-1.905654975761576,-2.289142595509679,-2.0438560509749877,-0.17510727700721337,0.31330835222062503,-1.6494034134532525,-0.5087202859816335,-0.13101889607479303,0.0,-0.5015381068430149,5.22118112652883,3557.8356714880056
Donte Ingram,-4.200006219394931,-2.8468898510876377,-1.3531163683072933,-2.206931822599819,-0.20589173386761353,-0.43406629462020513,-0.9672089428701615,-0.33416799284928045,-0.0517394325878516,0.0,-1.0258654539249508,5.198962565506014,3595.4190752363256
ID_1631499,-4.2107830161770154,-2.5777060997566186,-1.6330769164203969,-2.1186954963258486,-0.2239515465237615,-0.23505905690700846,-1.5613049948045066,0.0035701951067984017,-0.07534211672268876,0.0,-0.5307825250466602,5.497075732482557,3061.1158820922365
ID_1643021,-4.21317014563057,-3.6617089430041334,-0.5514612026264365,-2.412672583351242,0.23638217479749468,-1.4854185344503859,0.051989740251604966,-0.28482764256876114,-0.3186233003092803,0.0,-1.8524873025309327,4.676747936593585,5063.924879069822
Alondes Williams,-4.224483365774368,-3.0944401299543918,-1.1300432358199763,-1.9499248832756413,-0.5218542116201803,-0.62266103505857,-1.1215134369423772,0.13807099835921005,-0.14660079723680927,0.0,-1.1530450455563495,3.7947028227591706,12232.163403632012
Jalen Crutcher,-4.224658193383932,-2.6301231761573263,-1.5945350172266053,-2.115497087586298,0.03824816801167713,-0.5528742565827054,-0.9071896633468235,-0.4735578489939283,-0.21378750488585352,0.0,-1.2019714424508101,3.6527887942859203,15297.60031732505
ID_1642444,-4.239023439324189,-3.2247270993306762,-1.0142963399935123,-2.0605159259912855,-0.2961180463883928,-0.8680931269509976,-0.4315261974884922,-0.3098774082827544,-0.2728927342222657,0.0,-1.7469813158444105,4.2877196874076695,6962.941556506299
ID_1642605,-4.247505168761377,-3.092970302053409,-1.1545348667079673,-2.276029628799305,-0.1190037478437681,-0.6979369254103363,-0.7281231392899619,-0.3542986878320756,-0.07211303958592988,0.0,-1.24335240067211,4.339701035274404,6648.356424725518
Kobi Simmons,-4.251828663735911,-3.4967260045633637,-0.7551026591725477,-1.9318864126739113,-0.6240058122400756,-0.9408337796493766,-0.6856765488978189,0.036303574069202246,-0.10572968434393105,0.0,-1.634265702164181,5.460103472489436,3121.4724717003437
ID_1642552,-4.2705578497852485,-2.0092935421493636,-2.2612643076358845,-2.2317187027749115,0.23950236141597886,-0.01707720079043079,-1.360849968054199,-0.673297939097665,-0.22711640048402076,0.0,-0.6779891789561376,5.302049583303149,3398.80770185069
Sean McDermott,-4.272812540968644,-2.706231089724555,-1.5665814512440892,-1.9824502113660645,-0.1779545962621688,-0.5458262820963218,-1.1781442853997046,-0.2890424752047,-0.09939469063968445,0.0,-1.112218044202875,4.479184849668934,5903.873169636873
ID_1631408,-4.283510545351606,-3.040824014555398,-1.242686530796208,-2.229972951768219,-0.14810044058184568,-0.6627506222053335,-0.949169101846087,-0.13146923071288097,-0.16204819823724018,0.0,-1.1043684917373005,4.3216079769706734,6758.24329810966
AJ Johnson,-4.2961994653892726,-3.352679306474354,-0.9435201589149187,-2.223497749748829,-0.4619900099336652,-0.6671915467918602,-0.41426994688480917,-0.377740214289692,-0.15150999774041754,0.0,-1.658431768755635,5.279765593068937,3441.2777279510474
MJ Walker,-4.2980481793706,-3.378257995495124,-0.9197901838754754,-2.379892148293049,-0.22496319746249033,-0.7734026497395852,-0.6067022040426842,-0.2868806303803721,-0.026207349452419038,0.0,-1.3114538270348668,4.203335779106013,7550.574431820994
ID_1642524,-4.306927824827142,-3.0241178572376395,-1.2828099675895024,-2.259184927428761,-0.12252069029108317,-0.6424122395177951,-1.3663842961954957,0.07461344861288755,0.008960879993105797,0.0,-0.6813586012028849,4.555186475982457,5545.606137248302
ID_1631400,-4.328548927823054,-2.6641401042635033,-1.6644088235595507,-2.389017842893463,0.23742715141722487,-0.5125494127872654,-1.6200127366135582,0.11517123612561611,-0.1595673230716085,0.0,-0.31951834831603293,5.972660506982985,2427.0762464277605
Bryce Wills,-4.3319462160969415,-4.046006703151367,-0.2859395129455752,-2.2270386608546886,-0.5353025013900437,-1.283665540906634,-0.043328931876728816,-0.1539565702854701,-0.08865401078337627,0.0,-2.061578623365524,6.008811087445778,2394.011188824902
ID_1641823,-4.332744578718657,-3.2535556115937805,-1.0791889671248764,-2.158936229729011,-0.37037935648088893,-0.7242400253838805,-1.0805578672855185,-0.006038879303881438,0.007407779464523617,0.0,-1.0932504817041273,5.285251474632497,3428.9260325553096
ID_1641526,-4.333115885558448,-3.1382095878306915,-1.194906297727757,-2.1189246353202273,-0.6667237269813788,-0.3525612255290852,-0.9042084695488738,-0.17276211995766305,-0.11793570822122001,0.0,-1.3099827806893471,5.2809599238297125,3440.0821020305248
Rayan Rupert,-4.370975825976866,-3.34543873308212,-1.0255370928947458,-2.033200005215931,-0.43310411058151665,-0.8791346172846725,-1.132178676980284,0.1971032827227017,-0.09046169863716354,0.0,-1.205597143780651,6.059399537161195,2339.256313789847
Jazian Gortman,-4.372154919583979,-3.460562916182179,-0.9115920034017998,-2.2588820419642652,-0.36127083471504506,-0.8404100395028683,-0.777484641188134,0.06401164631996314,-0.19811900853362896,0.0,-1.3357882364315792,4.7973196827974505,4646.769082632512
John Jenkins,-4.381252065204203,-2.8972458968486086,-1.4840061683555938,-2.025111376137266,-0.28473818288751723,-0.5873963378238254,-1.1813300309405104,-0.11312581378044632,-0.18955032363463725,0.0,-1.1748106581264262,6.037796273129035,2364.407519082545
Mouhamadou Gueye,-4.394256860788151,-3.5829533750499545,-0.811303485738197,-1.8901361218277852,-0.7579321879462239,-0.9348850652759456,-0.1175984997225546,-0.5286406941080319,-0.1650642919076105,0.0,-2.386522239237812,3.950268560495248,9950.467995992398
ID_1643224,-4.412590306546654,-3.001610744944656,-1.4109795616019973,-2.241035029421924,-0.32758080397135036,-0.43299491155138126,-0.9562966747760163,-0.4356651613706624,-0.01901772545531845,0.0,-1.2152586023487126,5.3921013949998455,3233.7747266419638
Paul Watson,-4.419554180334106,-3.2468927356779305,-1.172661444656175,-2.068633042482819,-0.44608274577055734,-0.732176947424554,-0.8351386358125902,-0.29587604155456865,-0.04164676728901617,0.0,-1.5157825020386961,4.131112783559424,8125.896843306951
ID_1643120,-4.445557695625128,-3.0378746202715177,-1.4076830753536103,-2.004432948354247,-0.422500294712153,-0.6109413772051178,-1.1345308417569204,-0.2878696479358438,0.01471741433915394,0.0,-1.3065939055139606,4.926036805302987,4272.998521933878
ID_1631365,-4.453667942050941,-3.7194754763820055,-0.7341924656689354,-2.213902142993136,-0.8561854502061673,-0.6493878831827019,-1.1070275111426864,0.42147803533266326,-0.048642989858912265,0.0,-1.1327382879151182,5.60959635203884,2886.1185722779665
ID_1643080,-4.45555042001097,-2.8870761117322474,-1.5684743082787223,-1.9838948516721229,-0.028206576860339685,-0.8749746831997846,-0.9765552723984765,-0.5929340374513974,0.0010150015711517524,0.0,-1.4951002959403699,5.413528150650342,3203.0083887500004
Kaleb Johnson,-4.462184002471491,-2.7135075847544528,-1.7486764177170382,-2.1086910367353355,-0.5392781907408596,-0.06553835727825758,-1.9270536887723666,0.29439956497304265,-0.11602229391771415,0.0,-0.4264392769637887,4.604869641689539,5336.2998318822165
ID_1641920,-4.476123033287716,-3.3734877709275204,-1.1026352623601956,-1.8253745967869381,-0.284327604574518,-1.2637855695660645,-0.7914582197674009,-0.17344532188841374,-0.1377317207043809,0.0,-1.8592902167333771,5.950127460531262,2455.8526587510305
ID_1642568,-4.496499241677249,-3.0334206029882527,-1.4630786386889967,-2.312432214009172,-0.018663119589325455,-0.7023252693897551,-1.045340845255768,-0.24214281407014399,-0.17559497936308455,0.0,-1.138726182412309,5.667139208579871,2806.253273826523
ID_1641792,-4.503300446972962,-3.5238122667931693,-0.979488180179793,-2.2826591419529167,0.03447587301725133,-1.275628997857504,-0.6693953352558734,-0.2333000115935992,-0.07679283333032044,0.0,-1.5512459697641723,5.2008207816631025,3606.3978086493944
Bobi Klintman,-4.5062454359033435,-3.318001781510513,-1.18824365439283,-2.0243714293230193,-0.280769080577214,-1.0128612716102796,-1.6207900981220722,0.4702500043182459,-0.037703560589003635,0.0,-0.8610839084582514,4.535828689885933,5641.921891860202
Stanley Umude,-4.539394705357106,-3.0876313488343934,-1.451763356522712,-2.134195909027974,-0.2325412420352401,-0.7208941977711796,-0.821383177284477,-0.6349526759581927,0.004572496719957714,0.0,-1.5838156190446546,4.057115126573134,8790.810115365108
ID_1642561,-4.56047705043955,-3.425836632103705,-1.1346404183358456,-2.1368188139867828,-0.14238041779383206,-1.14663740032309,-1.1282286952379996,0.028719707125501245,-0.035131430223347304,0.0,-1.295429541214768,5.506365866531804,3048.2809419502314
ID_1641856,-4.560524091399877,-3.0021139791928966,-1.5584101122069804,-1.9946227779376298,-0.12536196743593012,-0.8821292338193367,-1.5540494188014957,0.1373589909316752,-0.14171968433716003,0.0,-1.0118518946607515,4.150896578092901,7955.946343460226
ID_1643148,-4.571122184021702,-2.174855229360156,-2.396266954661546,-2.070945059971227,0.04125578974584787,-0.14516595913477692,-1.5254174648770458,-0.7936818644646213,-0.07716762531987856,0.0,-0.9747596591734289,4.716283100490023,4925.658220251022
Zhaire Smith,-4.5732702767811375,-3.672088062672459,-0.9011822141086792,-1.9638997231399544,-0.6447367755095297,-1.063451564022975,-0.5279545226176313,-0.13628541455681092,-0.23694227693423683,0.0,-2.081416031023552,3.8340728104546695,11564.1682182797
ID_1642480,-4.6025954768049315,-3.1403863217468952,-1.4622091550580363,-2.281639673049207,-0.31592039323999055,-0.5428262554576978,-1.0546921184246345,-0.3027374081992673,-0.10477962843413455,0.0,-1.2662636853310902,5.813232119899502,2617.664348041877
Emoni Bates,-4.606264266341609,-3.1549264126536722,-1.4513378536879367,-1.9505543709742108,-0.336414788749671,-0.8679572529297904,-0.6339290492312457,-0.6460146621378364,-0.17139414231885458,0.0,-2.0217808461361524,4.970250437547503,4145.179625124045
ID_1643022,-4.678293168429186,-2.9682390238197027,-1.7100541446094837,-2.4087998214627335,-0.3874272453790678,-0.17201195697790117,-1.2544841981981512,-0.44972255822120255,-0.005847388190130004,0.0,-1.0150091487683015,4.53731944324897,5630.694244996395
ID_1642924,-4.69349534938457,-3.5458144282199093,-1.1476809211646601,-1.9350511385149545,-0.28049996708946345,-1.330263322615491,-1.1281332031015134,0.15012479751259214,-0.16967251557573884,0.0,-1.6303110077681011,4.885497437660559,4376.2607995115995
ID_1641939,-4.698923899044257,-3.388317130690723,-1.3106067683535338,-2.558066177462948,-0.7171417925192518,-0.11310916070852309,-0.5913577349381587,-0.7808550470349345,0.061606013619559336,0.0,-1.54949998664315,5.439187773988396,3154.8484100500445
Giorgi Bezhanishvili,-4.760773646595242,-3.35493937357629,-1.4058342730189517,-2.1350168816598036,-0.1222494124565265,-1.0976730794599598,-0.44279008666253383,-0.9677610240065855,0.004716837650167699,0.0,-2.1829666782729045,4.122011591998472,8200.925545048565
Miye Oni,-4.78323159117826,-3.200226116815161,-1.5830054743630988,-1.9857717568835458,-0.48272276040738127,-0.7317315995242337,-1.3659165245839509,-0.06668021605176322,-0.15040873372738475,0.0,-1.431543309710763,6.0019367767905685,2399.866249179151
ID_1642365,-4.792329333984862,-3.5128965087339292,-1.2794328252509322,-1.9477464080537017,-0.6950680139842044,-0.8700820866960234,-0.8839765998205282,-0.2367939108070863,-0.15866231462331765,0.0,-1.9606063261106317,5.2617385012857785,3482.653302960138
James Bouknight,-4.8306792927429285,-3.443249156515346,-1.3874301362275832,-1.8593271206478617,-0.9697173022255348,-0.6142047336419495,-0.6253615823779662,-0.5575496620374394,-0.20451889181217764,0.0,-2.3459905897171014,4.0287085476753335,9077.459593287642
Craig Randall II,-4.836917684140192,-2.6937492260898277,-2.1431684580503645,-2.2552526234777206,0.11898641935967685,-0.5574830219717839,-1.0980231180909215,-0.7841523217004878,-0.2609930182589554,0.0,-1.4836419425715501,4.872014552939617,4420.771903987381
ID_1642972,-4.854908789492615,-2.981207562704072,-1.8737012267885433,-2.4854537786930937,-0.26859067298304407,-0.22716311102793446,-1.5250638489772435,-0.38705981583117094,0.03842243801987105,0.0,-0.8443911618222784,4.762834133159555,4763.306076856522
Liam Robbins,-4.8647278730090235,-3.6074472270922513,-1.257280645916772,-2.2252960952673906,-0.34395300118806743,-1.0381981306367933,-0.7462346572998808,-0.48865699889840014,-0.022388989718491056,0.0,-1.893197120441752,5.527602501987716,3012.218579334958
ID_1642558,-4.9664067914189785,-3.1818742952540955,-1.784532496164883,-2.175186996044262,-0.1698487080577804,-0.8368385911520535,-1.7688270547435807,-0.038928771789607956,0.02322333036830565,0.0,-1.0223927406311362,4.827759244963994,4549.964573476037
Dereon Seabron,-4.979907388088382,-2.8458638415084634,-2.134043546579918,-1.6053047051906364,0.02780581710458141,-1.2683649534224084,-1.1268329158349202,-0.6534869378747621,-0.35372369287023564,0.0,-2.2477697670628247,4.0066897743528855,9310.87447754929
ID_1642547,-5.113923133845205,-3.4582200373829086,-1.6557030964622965,-1.7466000587190327,-0.8697883247313986,-0.8418316539324775,-1.4583395877606977,0.10302011908257691,-0.3003836277841756,0.0,-1.9089834873654745,4.310072619036592,6818.475807989693
RJ Nembhard Jr.,-5.120116373713784,-3.450901037308004,-1.6692153364057798,-1.990706688753677,-0.7143714555178924,-0.7458228930364348,-1.1053588002465915,-0.41315927341263126,-0.1506972627465571,0.0,-2.0240508847135157,4.182092791841812,7715.283088258317
ID_1643075,-5.19261422707314,-2.8216222241183364,-2.370992002954803,-2.430630508584391,0.05228209744297199,-0.4432738129769173,-1.8732401015705693,-0.3648925802875516,-0.13285932109668197,0.0,-0.8887436169181788,5.3468967122644555,3314.433253870766
ID_1642428,-5.3490070406791865,-3.1660147955134086,-2.1829922451657775,-1.8398964302662302,-0.7127791810613843,-0.613339184185794,-1.7026349109570398,-0.44708975805110035,-0.03326757615763734,0.0,-1.8064756994559161,5.168523899948583,3664.345614803384
Quincy Olivari,-5.351248783755601,-3.075157059209109,-2.2760917245464922,-1.8816022883536263,-0.3007590787877813,-0.8927956920677013,-1.7221671752213124,-0.5276769612680556,-0.026247588057124502,0.0,-1.7474793201806627,4.518804502111804,5713.54126754828
ID_1642925,-5.521544507483861,-3.9286927587863802,-1.5928517486974803,-2.38049143869032,-0.3088101358891427,-1.2393911842069172,-0.6001734140973549,-0.759996376818072,-0.2326819577820534,0.0,-2.540879654696185,6.095748235698343,2298.8709782475125
ID_1642936,-5.65762054738606,-3.9583385070997705,-1.6992820402862896,-2.191915594651766,-0.3686431898610196,-1.3977797225869848,-0.44115753677072417,-1.0791333984094298,-0.17899110510613564,0.0,-3.02454741596357,5.305271164361021,3395.3676509544366
ID_1643368,-5.757490631176296,-3.2130536436964654,-2.544436987479831,-2.1371350803516727,-0.27449827890281675,-0.801420284441976,-1.8789965822643677,-0.5052687534319884,-0.16017165178347476,0.0,-1.741358968560256,5.651701384325937,2830.38968650699
Antetokounmpo,-5.8213290044454435,-3.5224043440937747,-2.2989246603516693,-2.291520872629902,-0.4472428654996354,-0.7836406059642378,-1.5077660381251659,-0.45672643204729246,-0.3344321901792111,0.0,-2.0220420936903767,4.579382293194457,5447.1730555799695
ID_1641825,-5.845581850269221,-4.191932945856415,-1.6536489044128064,-2.449190920641541,-0.5933565732792785,-1.1493854519355953,-0.8259995199333283,-0.7361415551517634,-0.09150782932771478,0.0,-2.570391409694352,3.9436503043897773,10037.857081450893
