full_name,net,ORAPM,DRAPM,oTS,oTOV,oSC,dTS,dTOV,dSC,RESID,PVAL,ci95,weff
Harrison Ingram,1.0242300352424316,0.14123750609595387,0.8829925291464777,-0.8800961368105419,0.5161462962288191,0.5051873466776766,0.38654841738190127,0.4533938435522963,0.043050268212280245,0.0,1.5177777546710722,4.4013596690753705,9565.150153072354
Oscar Tshiebwe,0.9046248876760059,0.6946218895438313,0.21000299813217455,-1.0474969340237905,0.07126686242148172,1.67085196114614,-0.13532760977415223,0.08532479660158863,0.26000581130473815,0.0,2.0874494314739485,4.477299582469795,7599.096032229662
Andersson Garcia,0.6522853714368644,-0.17109361221004765,0.8233789836469121,-0.7805253907526828,0.26047711831667925,0.34895466022595595,-0.07621836993566579,0.672143253653065,0.2274540999295128,0.0,1.509029132125213,4.8181417027648985,3857.564286799735
Braxton Key,0.5497052209681931,-0.9801399730444601,1.5298451940126532,-0.7543171512007711,0.2755968672084037,-0.5014196890520927,-0.008292740788604952,1.357586005831595,0.18055192896966302,0.0,1.3123151129575692,4.459182477496456,7984.7629883955
Daishen Nix,0.5160759504382544,-0.2923308122028194,0.8084067626410738,-0.7545319144764479,0.36877984956276155,0.09342125271086688,-0.2794099984354207,0.9850219584234794,0.10279480265301516,0.0,1.5500178633501231,4.327210338474151,12718.283007267179
Hepburn,0.2946218282853159,-0.7151368990618516,1.0097587273471675,-0.729893176583454,-0.007040925133748148,0.02179720265535051,0.026434695521813933,0.8991766922494007,0.08414733957595288,0.0,0.9980803093469559,5.409072326213986,1999.599885011176
Chris Mañon,0.2743736377793726,-0.6236932763442358,0.8980669141236084,-0.5664762278899651,0.16271293528182956,-0.21992998373610018,0.4344310964403465,0.4829286888348354,-0.019292871151573555,0.0,0.40641876922899123,4.675880004633695,4895.210679542165
ID_1641799,0.2654222317527152,-0.8465503422726478,1.111972574025363,-0.843648184608993,-0.10000110894260335,0.0970989512789486,-0.02335142852153646,0.913791734111665,0.2215322684352345,0.0,1.1324218448832448,4.4763781310725195,7618.676281757629
ID_1630627,0.23920075939235297,-0.5240453098041411,0.7632460691964941,-0.8032511518385104,0.26817644980804467,0.011029392226324652,-0.021159814934796878,0.6526968368078382,0.13170904732345276,0.0,1.0636117261656604,4.535262487181106,6545.478326889849
Damion Baugh,0.23519385697848116,-0.06967329982475118,0.30486715680323234,-0.6804761476012476,0.14352288728272267,0.4672799604937738,-0.16715274174647285,0.46224174619281544,0.009778152356889794,0.0,1.0828227463262017,4.3839004773875345,10147.802150918453
Amari Williams,0.23324023803157135,-0.5707898439505372,0.8040300819821086,-0.6119259836960648,-0.15747859968141592,0.19861473942694347,0.468259754476147,0.39074348304048123,-0.05497315553451963,0.0,0.37690646725148913,4.967212069062185,3156.4013225218378
Chuma Okeke,0.21564937912205429,-0.4787935126729632,0.6944428917950175,-0.7666085265634817,0.33534107734945445,-0.04752606345893598,0.4997359919271597,0.15938296633270865,0.03532393353514922,0.0,0.48252191375837633,4.709880169879011,4615.216041081574
Jordan Schakel,0.2089840617780758,-0.014046631768945828,0.22303069354702162,-0.9411060853901629,0.4153830149268991,0.511676438694318,0.04969158959860018,0.2084663558096066,-0.03512725186118517,0.0,1.1003985575696384,4.499495279785543,7166.761625810296
Malevy Leons,0.20677378745282637,-0.6627556365973876,0.8695294240502139,-0.7932925338332232,0.02637105620437629,0.10416584103145934,0.21169516748458175,0.4263463459139195,0.23148791065171268,0.0,0.7883711538014678,4.469882359830923,7757.5355892142725
Justise Winslow,0.20522012064019168,-0.5977324758339824,0.802952596474174,-0.8140990369192177,0.15384077993171608,0.06252578115351926,0.36931683932704873,0.3968235587495381,0.03681219839758716,0.0,0.6500023182323607,5.339502274037941,2120.303234798451
Justin Minaya,0.18969258075289785,-0.7385982197264154,0.9282908004793132,-0.8872178600135543,0.06975874499589246,0.07886089529124637,-0.07024401479345757,1.0828687161009811,-0.08433390082821039,0.0,1.1471544555599096,4.386574366711196,10052.757764422568
David Roddy,0.1740368511212954,-0.7258519655991528,0.8998888167204482,-0.7629390053915438,0.010036103553920282,0.027050936238470796,0.3066278615800161,0.4356110982097735,0.15764985693065858,0.0,0.6303479949328232,4.654180232534516,5093.60586714411
Elijah Harkless,0.16464187350375253,-0.2385096565901707,0.40315153009392324,-0.5936828376848036,0.3144166751877251,0.04075650590690777,-0.3774149663454013,0.6960237906852554,0.08454270575406908,0.0,1.1357396775339574,4.603265036163245,5645.475026962818
ID_1630817,0.09592128191130775,-0.015540629188133037,0.11146191109944079,-0.9402776600765462,0.32771821364114045,0.5970188172472728,-0.01743850279536882,0.18112545251630882,-0.05222503862149922,0.0,1.0536374447832229,4.675592059534277,4892.385700466708
Malik Williams,0.04056806820926534,-0.3259005871615552,0.3664686553708205,-0.8967593706816819,0.20766040648266193,0.36319837703746477,0.5150566135414832,0.0638036984937085,-0.21239165666437124,0.0,0.4222708253494639,4.389291037999768,9959.671871812563
ID_1641917,0.030072195260943624,-0.37092868808459345,0.4010008833455371,-0.5290325287718296,0.099012844925106,0.05909099576213017,-0.050147691765473915,0.29862934116439466,0.1525192339466163,0.0,0.6092524157982471,4.396073499369705,9742.264804919509
Nate Hinton,-0.002202434638912787,-0.5818521432587314,0.5796497086198186,-0.8315608337813855,0.09064136862147666,0.1590673219011775,-0.4352372201119149,1.0199593447700117,-0.005072416038278196,0.0,1.2645956192543877,4.305568913506301,14035.467432981313
Morales,-0.0023007062298832093,-0.30568490165014817,0.30338419542026496,-0.6451507440992585,-0.18592616777979426,0.5253920102289047,-0.1023460335822588,0.5061159025423545,-0.10038567353983072,0.0,0.7451960714516341,4.3226902708888,12962.689849835278
ID_1631474,-0.002555219805947549,-0.015059015443990742,0.012503795638043193,-0.785071740773906,0.6032431311749562,0.166769594154959,0.3603536166284179,-0.36459936246088964,0.01674954147051492,0.0,0.42216290433954046,4.355777352667164,11289.91851303767
ID_1643327,-0.02200006968798257,-0.4908776607605102,0.46887759107252763,-0.6546826886301591,0.22450708459327273,-0.06070205672362382,-0.11166114358480808,0.6387076289357442,-0.058168894278408496,0.0,0.7443437625269845,4.681785823599642,4837.140284473914
Wendell Moore Jr.,-0.02225505429472685,-0.5295123727037214,0.5072573184089946,-0.9279073880496506,0.2751684525265243,0.12322656281940492,-0.28149179595411167,0.8100467480885195,-0.021297633725413274,0.0,1.1871441297090353,4.608091750179818,5574.90458692247
ID_1643091,-0.024258793862003636,-0.4886501001278974,0.46439130626589376,-0.722990443723415,0.28974959067485767,-0.05540924707934003,0.0013400742187927306,0.3574175875476975,0.10563364449940357,0.0,0.6973915756426187,4.770570715818921,4151.623078888948
Adama Sanogo,-0.04212613792705988,-0.09811315225667783,0.055987014329617946,-0.9307235480824056,0.010568786753942534,0.8220416090717853,-0.26776852712816457,0.3958099853168635,-0.072054443859081,0.0,1.1563659372835104,4.79912361160916,3979.8486412625034
ID_1642045,-0.05782352897556864,-0.8180232100506379,0.7601996810750693,-0.6681486671884167,0.07034782377602461,-0.22022236663824596,0.3404710216501028,0.5129956903822938,-0.09326703095732722,0.0,0.26985411656274516,5.134248325986542,2601.803043501767
Ethan Thompson,-0.06285057555127177,-0.4888978263816223,0.42604725083035055,-0.7359549341954501,0.18577662626893138,0.06128048154489646,-0.04326319507759381,0.3663640921157829,0.10294635379216144,0.0,0.7163675537217722,4.315345856336324,13405.784671132089
Joan Beringer,-0.07402798637575728,-0.22095109539224456,0.14692310901648728,-0.9974410680427566,0.1422849723880116,0.6342050002625004,-0.007976352254456004,0.07896660561099539,0.0759328556599479,0.0,0.9313894339214552,6.033022035330793,1270.455778469256
ID_1643070,-0.07769682762240104,-0.48524512904854183,0.4075483014261408,-0.6519105682163389,0.21831493095349436,-0.05164949178569732,0.11824392061579289,0.4347343115639103,-0.14542993075356242,0.0,0.45596981997814484,4.643629286112039,5200.877259195782
Darius Days,-0.0791362838085754,-0.6881486731048877,0.6090123892963123,-0.8309288988462321,0.043253473599525735,0.09952675214181872,-0.2163052119780771,0.7033533993598137,0.12196420191457572,0.0,0.9680978270157339,4.708093008203598,4619.613792301065
E.J. Liddell,-0.07924504079344297,-0.31366551208802945,0.23442047129458649,-0.6611701195338718,0.17716661351796748,0.1703379939278749,0.4422695142016009,-0.18044584806012,-0.0274031948468944,0.0,0.13965556453882796,4.483520888002911,7476.422916663731
ID_1642011,-0.08649422575754451,-0.6496676423966894,0.5631734166391449,-0.9074592021760013,0.13346637510458467,0.12432518467472725,0.12457863322203058,0.5589985130109909,-0.12040372959387655,0.0,0.6963863431964262,4.629025860912059,5346.7362705620635
Marcus Garrett,-0.09276530285784501,-0.40686053024154095,0.31409522738369594,-0.7092471728653152,0.35421509644007687,-0.05182845381630259,0.3085945268891024,0.009219989684938826,-0.003719289190345275,0.0,0.30788734311836785,4.37859101676812,10348.606509712234
Jaylen Martin,-0.09301431026842065,-0.17234401319354192,0.07932970292512127,-0.9427968733171224,0.3928690435649228,0.37758381655865764,0.14166237406869778,-0.004298970016643061,-0.05803370112693344,0.0,0.7081201889800041,4.481668640528968,7514.136752741832
ID_1643223,-0.1080317250540512,-0.12216706629185653,0.014135341237805327,-1.065498308068387,0.49959968117955866,0.4437315605969719,-0.36576007581097125,0.2613639003611381,0.11853151668763848,0.0,1.323226658825307,4.900208451083736,3442.7610169303516
Jaylen Clark,-0.12177444849132546,-0.8546848351024818,0.7329103866111564,-0.7438438397223285,0.03568760320574591,-0.14652859858589926,0.0948707109288259,0.5112487795268661,0.12679089615546432,0.0,0.5271986803021771,5.580984934715178,1734.8991551165218
Reece Beekman,-0.12676198088621482,-0.7095671395090439,0.5828051586228291,-0.6486854778573271,0.11376183901392664,-0.17464350066564352,0.19515356167349177,0.47469452941232493,-0.0870429324629875,0.0,0.32676993529762055,4.507627338573472,7006.9024678527585
Neemias Queta,-0.1362758703459258,-0.5775657455540497,0.4412898752081239,-0.6879330904281541,0.11869466443860835,-0.008327319564503971,0.06479885417299733,0.30299806844849086,0.07349295258663571,0.0,0.48685836590923093,5.122527214245368,2632.245606983338
David Duke Jr.,-0.14304433671872196,-0.9528844818420492,0.8098401451233272,-0.6270814706374296,0.07785352091416115,-0.40365653211878083,-0.09879206007634926,0.8103067644096776,0.09832544078999883,0.0,0.5828291939950567,4.44436090365225,8346.297981883443
ID_1630321,-0.15353665098431413,-0.36206793211738947,0.20853128113307534,-0.8410852857112808,0.20164922239868827,0.27736813119520315,-0.14450549858168835,0.3485984713205016,0.0044383083942621075,0.0,0.8320541333086551,4.763293615396288,4207.792195324495
Dylan Cardwell,-0.15908511019700922,-0.5953983830700942,0.43631327287308497,-0.7815750553957469,-0.17176927441952428,0.35794594674517705,0.1024201350406029,0.3154167912658385,0.01847634656664352,0.0,0.5200698101581348,5.602369461558824,1713.3605930631957
ID_1630660,-0.15991591090098792,-0.11157878705646951,-0.04833712384451841,-0.7740449051418532,0.5084715908451828,0.1539945272402009,-0.06266735563714831,0.023645837161038623,-0.009315605368408718,0.0,0.6767963498780136,5.0246117246467765,2947.720780551116
Chaney Johnson,-0.16582117607589547,-0.37088086339076115,0.20505968731486568,-0.5589410385136013,-0.11119336232015166,0.2992535374429918,-0.14045910231239478,0.4997730104981005,-0.15425422087084006,0.0,0.5335789647501007,4.777384646565145,4112.390446012423
Jordan Miller,-0.18701859325667647,-0.25026360806285775,0.06324501480618128,-0.7210545851859326,0.31791257107960674,0.15287840604346808,-0.23451595990175483,0.2207101545741492,0.07705082013378692,0.0,0.768551951831011,5.068031718165957,2794.0060533171963
ID_1643251,-0.18997291944091904,-0.11761737374073206,-0.07235554570018699,-0.7493029786368065,0.13954665319138698,0.4921389517046874,-0.1780143850409504,0.002670594808203891,0.10298824453255953,0.0,0.7373444442368378,5.069946638153319,2792.9850594887384
Orlando Robinson,-0.19095505265610047,-0.5980360903262533,0.4070810376701528,-0.7180100477203412,0.05028308156744319,0.06969087582664471,0.24360093705592803,0.20329735210960923,-0.03981725149538448,0.0,0.2834540580083126,4.760069028130021,4233.929635120641
Pedulla,-0.19248531384156561,-0.34085221752369316,0.14836690368212754,-0.8135121803035262,0.30303791192612617,0.1696220508537069,-0.3521239931544403,0.41130609850303046,0.0891847983335374,0.0,0.9731508596164009,4.690382926027993,4765.147584969591
ID_1642392,-0.19363944991713244,-0.35843688539838975,0.1647974354812573,-0.7591508550944531,0.17007682700048904,0.2306371426955744,-0.194270418645079,0.4849733424788819,-0.1259054883525456,0.0,0.7597818238223997,4.720168965583093,4525.370080076418
N'Faly Dante,-0.2021692567476504,-0.24956153691912542,0.047392280171474996,-0.7726712355656772,-0.11344285442348485,0.6365525530700367,-0.1094143000239302,0.08513822368067903,0.07166835651472617,0.0,0.6799162788419569,4.9176248067505695,3363.6497584276367
ID_1642628,-0.20601117381512238,-0.28556901866277734,0.07955784484765496,-0.7803165360476887,0.079582476749052,0.4151650406358593,-0.11784899456244805,0.2596795772066519,-0.0622727377965489,0.0,0.6921543567950144,6.96656517208228,789.8172892482048
Quenton Jackson,-0.2106150968237041,-0.5149119069961725,0.3042968101724684,-0.661234064255581,0.18496436027829033,-0.03864220301888188,-0.19936501741595675,0.5140895287649306,-0.010427701176505464,0.0,0.6499839848478336,4.565792031308774,6106.867183696594
Scotty Pippen Jr.,-0.2120363417184043,-0.6789092062800937,0.46687286456168936,-0.7945881248518075,0.19100965287481536,-0.07533073430310153,-0.19471184741586917,0.644366655016471,0.017218056961087594,0.0,0.7772636305492724,5.225456881671559,2371.2447100045983
Trey Alexander,-0.2214092816776868,-0.3176867104483687,0.09627742877068189,-0.7641358634002755,0.44387312412809704,0.0025760288238097506,0.2359943197287853,-0.11044194936070326,-0.02927494159740014,0.0,0.3067322619938034,4.453548856018307,8120.023916263473
RayJ Dennis,-0.22157768738053274,-0.5158681479869165,0.29429046060638375,-0.6618254063238463,0.48218309490780686,-0.33622583657087696,-0.11814371779839156,0.5540071720639865,-0.1415729936592112,0.0,0.5583914367417053,4.4175614052052765,9073.998016570393
ID_1641999,-0.23048498587018984,-0.9181950685729352,0.6877100827027454,-0.8759695640705226,-0.26957322339942286,0.2273477188970104,-0.360235971980821,0.9816614061749745,0.06628464850859181,0.0,1.005720550181154,4.423792223150648,8888.280869113722
Jamaree Bouyea,-0.24568465245854876,-0.9004143133252827,0.6547296608667339,-0.712093561633636,0.25493724020728714,-0.44325799189893383,0.3302409465989836,0.31300273817799873,0.011485976089751576,0.0,0.1361679625761036,4.452155933418612,8158.789652654821
Daeqwon Plowden,-0.26815357322916805,-0.3969288117190259,0.12877523848985784,-0.7502903402544546,0.05039237856091677,0.302969149974512,0.07941740767034197,0.11764418297987833,-0.06828635216036247,0.0,0.40271935935494463,4.356802994076919,11251.457482673191
Keaton Wallace,-0.26931186973532617,-0.8035473386904524,0.5342354689551262,-0.8311400130014271,0.2263507851141479,-0.19875811080317302,0.1790690511894237,0.2954406700860194,0.05972574767968306,0.0,0.38275909207667735,4.5875791492721785,5820.629910467159
Jermaine Samuels Jr.,-0.27652299295639593,-0.8923674761374225,0.6158444831810266,-0.695751749851572,-0.16863454305582837,-0.027981183230022147,0.11423650593185539,0.3584155469089233,0.1431924303402479,0.0,0.3049922509633207,4.412216404055067,9217.961577763132
Adam Flagler,-0.27852066535270914,-0.4699785801448116,0.19145791479210245,-0.7780781301848233,0.33518588832387786,-0.027086338283866127,0.1287434612380334,-0.03462527160580674,0.09733972515987577,0.0,0.37081400359408073,4.790732268455189,4036.9625274095533
Mfiondu Kabengele,-0.2825018544259963,-0.5657269899721906,0.28322513554619433,-0.767060470511145,-0.21503252919891175,0.41636600973786614,0.3145701747653564,-0.06352114701709885,0.032176107797936795,0.0,0.16998844131979235,5.022380410408031,2948.8500231593193
Patrick McCaw,-0.28542303993927687,-0.6368424497215789,0.351419409782302,-0.7513405570899138,0.270135323540997,-0.15563721617266213,-0.42852723409662863,0.786041559727622,-0.0060949158486913665,0.0,0.8944447512472655,4.393711591447775,9806.68401183304
Jarron Cumberland,-0.28558783612103256,-0.6966503642216861,0.4110625281006536,-0.7394450532974409,0.18325991291720578,-0.14046522384145094,-0.06000133294116766,0.4982476582329173,-0.02718379719109601,0.0,0.5138585501175761,4.439250571609195,8471.184296880474
Julian Phillips,-0.2911909092411911,-0.4724916869840451,0.18130077774285397,-0.8680175643047064,0.1974105017715091,0.19811537554915226,0.07869336189238374,0.12444314955557602,-0.021835733705105765,0.0,0.4981332931711316,6.713380715273105,880.5566884130562
Jesse Edwards,-0.30293078269045426,-0.5456407442463387,0.24270996155588442,-0.8984827815857057,-0.12313047040261703,0.47597250774198413,0.041949648866884875,0.18360901833169918,0.017151294357300353,0.0,0.5536023500283666,5.245731806795382,2319.9614250588547
Drew Peterson,-0.3083207698538226,-0.5451655848154051,0.23684481496158247,-0.7318723160911114,0.13979682199392218,0.04690990928178407,0.5347862379584933,-0.10200130796307247,-0.19594011503383837,0.0,-0.11123469172120459,4.380065652542707,10290.97667044728
ID_1631198,-0.3320246509751754,-0.7449365282795373,0.41291187730436185,-0.8893899640794165,0.06315338648370644,0.08130004931617282,-0.23669473490317627,0.5821688637098581,0.06743774849768,0.0,0.7940600480074174,4.514989628899962,6876.064103099162
ID_1630275,-0.33533093948482356,-0.5291520873940854,0.1938211479092618,-0.7213797356776691,0.26919920459063995,-0.07697155630705618,-0.12358181225117568,0.18729093876719272,0.13011202139324476,0.0,0.5096306084440212,4.436910582991126,8533.55817868196
Josh Reaves,-0.3354906617703157,-1.2562604240857351,0.9207697623154194,-0.8050203604040314,-0.21836401927730542,-0.23287604440439844,-0.568855475355169,1.4102411819429903,0.0793840557275981,0.0,1.0383851739888845,4.748945683625791,4303.960384606103
ID_1642412,-0.3381857815230038,-0.8789856008535711,0.5407998193305673,-0.8514148381967301,-0.028017927188879403,0.000447164532038441,-0.08049864245482702,0.5543366724360468,0.06696178934934757,0.0,0.5937276991285534,5.211783274480944,2390.7018847554355
Pete Nance,-0.3415083158542479,-0.9873262532572651,0.6458179374030172,-0.7469573980155463,0.15161542751499169,-0.3919842827567105,0.564739102150151,0.1874583437817438,-0.10637950852887759,0.0,-0.1592900199888526,4.584827461583659,5864.703421865694
ID_1642974,-0.34596568015596474,-0.7408541597191817,0.39488847956321693,-0.6835295878516608,0.04524875248621124,-0.10257332435373204,-0.011196669050671487,0.3757343135462452,0.03035083506764323,0.0,0.3487605767463676,4.879850052926845,3538.608162827133
ID_1630546,-0.3466988554876438,-0.2745567341995935,-0.07214212128805034,-0.7037721543731065,0.23262944048329415,0.19658597969021885,-0.017482275932679675,0.05534097926007839,-0.11000082461544905,0.0,0.3745555748181424,4.419803831984867,9010.442944736402
Leaky Black,-0.34950976240396137,-1.0748968785590491,0.7253871161550878,-0.7434913016470862,0.17080184655927438,-0.5022074234712373,0.3458350848741122,0.42173193184649094,-0.042179900565515335,0.0,0.04814645436901273,4.40631770250853,9399.185471876406
Dennis Smith Jr.,-0.35458438910382206,-0.8562651592670101,0.501680770163188,-0.797403516754692,0.2231205197879627,-0.2819821623002807,0.13832451245664687,0.23435368876103374,0.1290025689455074,0.0,0.30449461519422316,4.947506698272702,3228.747059959312
Alijah Martin,-0.36406722128174346,-0.5302100107675985,0.1661427894858551,-0.7898937469261387,0.031008259473819744,0.22867547668472044,-0.4932454655845344,0.5937032314752603,0.06568502359512923,0.0,0.9190719912289296,4.694050994879151,4736.340743317695
ID_1642398,-0.36620069253548865,-0.3222502276318225,-0.043950464903666164,-0.5630630468081418,0.42541829744816734,-0.18460547827184803,0.08225185063765056,0.049660532076137756,-0.17586284761745447,0.0,0.11461050363500258,4.595790204503321,5723.581009958207
ID_1631413,-0.36845198054189665,-0.9254952652684667,0.55704328472657,-0.7660241566225557,0.18142007388291892,-0.3408911825288299,-0.18175664020193966,0.6355408176998487,0.10325910722866094,0.0,0.5793288162825987,4.856170434052717,3646.576431432887
Oduro,-0.3687594187348212,-1.0706632910750302,0.701903872340209,-0.8111466209442884,-0.23411974433126037,-0.025396925799481454,0.19277133329700571,0.4299710776272536,0.07916146141594974,0.0,0.24961586891246154,4.448179577910468,8243.80999002286
ID_1630287,-0.37234989974241767,-0.6754429121325589,0.30309301239014125,-0.762623359172592,0.126096261824869,-0.03891581478483583,-0.06057267667188648,0.3309437236019993,0.03272196546002841,0.0,0.45084613610206087,5.222901995813081,2372.466036245361
Charles Brown Jr.,-0.3735653885394402,-1.2280554566553612,0.854490068115921,-0.7885135326517628,-0.07892401359487367,-0.36061791040872476,-0.19346357719682117,1.0784755488784055,-0.03052190356566333,0.0,0.6084117213091437,4.315009294294058,13421.19734489846
Carlik Jones,-0.37467548057465017,-0.4680503988296772,0.093374918255027,-0.756133737313015,0.35794182641009925,-0.06985848792676141,-0.12312380834957429,0.1612681859527414,0.05523054065185989,0.0,0.5045820650879391,4.887698828585209,3499.6504364127654
David Jones Garcia,-0.3790587336552265,-0.7031242458093228,0.32406551215409624,-0.7200606340814302,0.04671431694808176,-0.029777928675974327,0.10601944606298955,0.1695988222345663,0.048447243856540374,0.0,0.23498245436321408,4.5854470313914035,5842.717947307103
Julian Reese,-0.3852450283792614,-0.33418015529223205,-0.05106487308702934,-0.7590587279390695,0.03688016055602026,0.38799841209081715,-0.4650372328097858,0.27050270138030247,0.143469658342454,0.0,0.8388509323695938,5.040752253526687,2884.103690959472
Nick Smith Jr.,-0.3906817610280762,-0.7552662495687034,0.36458448854062714,-0.7043146792980702,0.1973007100789339,-0.248252280349567,0.1347505893888504,0.3717001988641939,-0.1418662997124172,0.0,0.17888232888114358,4.970998339151929,3138.2474962896604
Brown,-0.3908621165312613,-0.18213482155971755,-0.20872729497154374,-0.7071302182469451,0.17924344130108572,0.34575195538614184,-0.20037386618688857,0.2221351692654816,-0.23048859805013677,0.0,0.5166419679025724,4.421867399137796,8942.081804296435
Christian Koloko,-0.3939522606173848,-0.6517889889940918,0.25783672837670696,-0.8723053814959207,0.07160218043578846,0.14891421206604055,0.4265538827867028,-0.1648375861344125,-0.0038795682755833824,0.0,0.05179923809183316,5.508201018493389,1841.1761999988053
Tony Bradley,-0.39882857677885114,-0.3900844481472315,-0.008744128631619684,-0.839064676552131,0.03276916294381746,0.41621106546108205,0.043592491319570575,-0.03202312114611612,-0.02031349880507414,0.0,0.3966436084537092,5.184237098959508,2472.6010357962987
Markquis Nowell,-0.3997096849854585,-0.7495550064694696,0.3498453214840111,-0.7927457729769094,0.043815910905620155,-0.0006251443981803717,-0.31457118069063716,0.7339830134309205,-0.06956651125627228,0.0,0.707607268682088,4.610298661645019,5551.846379330294
Isaiah Stevens,-0.40186649257316587,-0.7880112826847976,0.3861447901116317,-0.9105325550784301,0.29667346845519765,-0.17415219606156512,0.19817004616675246,0.014964458169322896,0.17301028577555633,0.0,0.31049601633851176,4.48223992144528,7497.4581046314615
ID_1642488,-0.40280664531465316,-0.7922323020390183,0.38942565672436513,-0.9470184479462982,0.13929460682451716,0.01549153908276285,0.02852304805092562,0.2656232710133126,0.09527933766012686,0.0,0.5156887545807195,5.401577302116331,2014.8552387294271
ID_1643069,-0.404410041404039,-1.334250546264053,0.929840504860014,-0.9410021903136898,-0.05533399975941636,-0.3379143561909468,-0.16764604075077913,0.9289413882648861,0.16854515734590708,0.0,0.7042381896604302,4.560806220966948,6170.560630095017
Usman Garuba,-0.40868058309975575,-0.38125336943382787,-0.027427213665927895,-0.7634721758369281,-0.11594833063842429,0.49816713704152443,-0.19905011440564802,0.128301528808709,0.043321371931011134,0.0,0.5538417071428202,5.435758134927005,1951.1669332046836
ID_1641864,-0.4143402214697446,-0.29953663279422243,-0.11480358867552218,-0.7188379496336995,0.2856973921044345,0.13360392473504257,-0.09057659744196941,0.05493221119928973,-0.0791592024328425,0.0,0.39507432560592437,4.62106000699657,5433.677767002862
Wenyen Gabriel,-0.4188332160429432,-0.6560062224518808,0.23717300640893757,-0.774109653214124,-0.03732019532650717,0.15542362608875032,0.18333987382606745,0.10931914177190138,-0.05548600918903125,0.0,0.1719365633451133,4.934080318701883,3290.184545367467
Jordan Goodwin,-0.4197182213944908,-0.6566555824823803,0.23693736108788954,-0.947507622591732,0.16807208170037702,0.12277995840897465,-0.1882664312571068,0.3347329582608882,0.09047083408410811,0.0,0.716055832454348,5.138170968766549,2584.157862365055
Jaden Springer,-0.42313456476771505,-0.7625208201732825,0.33938625540556744,-0.8289072087249444,0.11731701305978874,-0.05093062450812677,-0.4255789822819519,0.6361216701546525,0.12884356753286685,0.0,0.8313516262391814,4.600695175042266,5662.538186834197
Anton Watson,-0.424047037651462,-0.6880570376951118,0.26401000004364983,-0.7626296565195445,0.1549011758561326,-0.08032855703169996,-0.3930236247915846,0.5197708871537341,0.1372627376815003,0.0,0.7316062436596671,4.446126954225707,8304.031772172057
Jackson Rowe,-0.42943026217317737,-0.7280892566807344,0.29865899450755706,-0.5802185882536937,0.03971149296386962,-0.1875821613909104,0.08719462217591042,0.05983946987500686,0.15162490245663976,0.0,0.06359370390460581,4.536492562966981,6533.314120864396
Trey Jemison,-0.43428162860066877,-0.1484642473724087,-0.28581738122826006,-0.9368818388091873,-0.08379136735774641,0.872208958794525,-0.2768659378037058,-0.020478578113636722,0.011527134689082424,0.0,0.7794661480122242,4.668528980258974,4954.689117636645
Olivier Sarr,-0.43434244871956107,-0.8750068596737137,0.44066441095415265,-0.7960236814074277,-0.3042099114051121,0.22522673313882607,0.14091912213620536,0.15584778105612496,0.14389750776182234,0.0,0.22076211055166126,4.572114371385012,6019.237751606792
Isaac Jones,-0.4422698814816956,-0.3777440795882129,-0.06452580189348271,-0.5858425892407713,0.17532526871817816,0.03277324093438022,0.022382441540346465,-0.08800582027307297,0.001097576839243785,0.0,0.1211902662187292,4.5598657589530935,6192.8038282733105
ID_1642492,-0.4484091447856336,-0.6641801022932542,0.2157709575076206,-0.827256351834463,-0.016127517787238296,0.17920376732844712,-0.1368883742566732,0.34342067019715117,0.009238661567142627,0.0,0.5157355813055026,6.456163711873221,1001.6843678327575
Lindy Waters III,-0.4493783867817676,-0.7956959309414613,0.3463175441596937,-0.6753269157227657,-0.005338682578116927,-0.11503033264057863,0.11790695994023878,0.2567535380106722,-0.028342953791217287,0.0,0.10804156900075934,5.2371853321908075,2341.282359628852
Kevin McCullar Jr.,-0.45511644519135575,-0.9863456289130099,0.5312291837216542,-0.8108521935885468,-0.1526656769800207,-0.02282775834444252,0.08019437487913017,0.3628516809475635,0.0881831278949605,0.0,0.27554137351806074,5.062758231507907,2811.71668427611
ID_1642486,-0.4560353681527798,-0.6387387932423029,0.18270342508952306,-0.9013733339642578,0.3496171288708829,-0.08698258814892798,-0.19275020049176966,0.3498329141899654,0.0256207113913273,0.0,0.6380881663032476,4.462473046132217,7907.585868242177
Myron Gardner,-0.46184096579595235,-0.32899702450052054,-0.13284394129543178,-0.9016256296638674,0.149883260378146,0.4227453447852008,-0.08727276426857478,-0.1362003769386771,0.09062919991182009,0.0,0.5270574281364898,4.611861290032999,5526.042730275452
ID_1641785,-0.4625669581635855,-0.6288892408306124,0.1663222826670269,-0.8322955191362906,0.2997018691321425,-0.09629559082646419,-0.3790119853314363,0.4953987778869894,0.049935490111473836,0.0,0.7487405463041414,5.629989767137071,1672.8157097528715
ID_1630675,-0.46578369716132906,-0.5546164665772217,0.08883276941589272,-0.9878613247874126,0.23866076011747667,0.1945840980927142,-0.16501263172102196,0.2538783623253108,-3.296118839613005e-05,0.0,0.6870902593471055,5.226694765365709,2358.931105721418
Zyon Pullin,-0.4688067655846687,-0.42407648533500863,-0.044730280249660054,-0.5907478706046909,0.2622007291660529,-0.09552934389637066,0.017684660426636106,-0.03748554697788732,-0.024929393698408835,0.0,0.10425644459338608,4.589079011106431,5805.4175064198635
ID_1631384,-0.4690670983425053,-0.13107976813447864,-0.3379873302080267,-0.8390982794385055,-0.014989151927107619,0.7230076632311344,0.004321076807386859,-0.321978319790426,-0.020330087224987504,0.0,0.3657101042886133,5.068336435538831,2789.9195163795584
Dalano Banton,-0.46924081829797926,-0.6024952848735116,0.13325446657553228,-0.8284232586908111,0.1661799263859487,0.0597480474313509,0.29432877870306184,-0.13760486774284897,-0.0234694443846806,0.0,0.06485366168977003,4.515719443943374,6872.90750185791
ID_1642525,-0.4734950347514531,-0.8763650835007246,0.4028700487492715,-0.7567842830644426,0.052731011556103435,-0.1723118119923854,0.183575564271412,0.2861976311383272,-0.06690314666046766,0.0,0.09971368404157756,5.288777811655173,2226.7810152061193
Daniss Jenkins,-0.4744890570487879,-0.7234858118379837,0.24899675478919575,-0.7949740810828881,-0.00026130681230692593,0.0717495760572115,0.12865687168452608,0.05033418145276473,0.07000570165190495,0.0,0.19182815234957423,4.714772113060445,4566.717854469688
Xavier Moon,-0.48091654882596835,-0.6709229784357236,0.1900064296097552,-0.7173299650357006,0.29012382475098103,-0.24371683815100398,-0.04222553243048151,0.20894781438391394,0.023284147656322772,0.0,0.2786389486402137,4.708046089333832,4619.334926217891
Chaz Lanier,-0.48267425436264966,-0.35454789986573954,-0.1281263544969101,-0.6778040861055823,0.5088714232290337,-0.18561523698919088,-0.32123947317479423,0.2629590671776012,-0.06984594849971706,0.0,0.5163693049177269,5.126346940665035,2616.64370612812
ID_1642591,-0.4832586607694556,-0.8059119717148444,0.3226533109453888,-0.8794098532204186,0.030413998316274372,0.04308388318929984,-0.40199995749850814,0.6215962814626438,0.10305698698125315,0.0,0.7981511499494711,5.078158991254678,2764.936268756164
ID_1631407,-0.4843653185024511,-1.2240270525955657,0.7396617340931145,-0.8910477112614589,0.058969221204379904,-0.39194856253848664,-0.38707262594277314,1.1092191208244915,0.01751523921139618,0.0,0.793755018701781,4.490160851837257,7340.370811187557
Skal Labissiere,-0.4859525426503128,-0.23593635508608152,-0.2500161875642313,-0.7459743615193338,0.18457070276892057,0.3254673036643317,0.27212672777417246,-0.6095583287570678,0.08741541341866413,0.0,-0.012104908905151451,4.3589620666392115,11154.736523614276
Brandon Goodwin,-0.48604165973161495,-0.4378743805544678,-0.04816727917714711,-0.8474444892728381,0.30316020962279683,0.10640989909557355,-0.1751787749295916,0.22069153275370515,-0.09368003700126065,0.0,0.5365816044708149,4.81937626373957,3854.3049030160964
ID_1643217,-0.48649334151834084,-0.443914046193426,-0.04257929532491484,-0.7959618636498939,0.3727812605851263,-0.020733443128658463,-0.18726637380505892,0.1892446243839547,-0.04455754590381062,0.0,0.49673489593661196,6.912717761414472,804.4628470223508
Craig Sword,-0.4870949294497995,-1.1367957951768846,0.6497008657270851,-0.6162483296499133,-0.3173708269379144,-0.203176638589057,-0.1537769266036163,0.7144370378467438,0.0890407544839576,0.0,0.28293032680373004,4.625159331155696,5382.41767025771
Nate Darling,-0.48722332299595766,-0.7071954276704183,0.21997210467446066,-0.809891432932126,0.22317881129345596,-0.1204828060317483,0.05965164131613393,0.2051648435421833,-0.044844380183856544,0.0,0.2630164686200344,4.769670736971288,4169.708175227894
ID_1641892,-0.49044616238597877,-0.7593097198334672,0.2688635574474884,-0.9935123601830725,0.11388941464795883,0.12031322570164649,0.09782778426761898,0.11225601792565022,0.05877975525421921,0.0,0.4052384135294747,5.24759699284555,2305.665640058788
Moussa Diabate,-0.49373527548757445,-0.864710506835597,0.37097523134802257,-0.7134915257316065,-0.33532634169189046,0.1841073605878999,0.2561843904527641,0.13317503813054926,-0.018384197235290795,0.0,-0.0364281402087321,5.110979526003766,2669.3963653145374
Trey Burke,-0.49512945385826335,-0.8719226185876587,0.3767931647293954,-0.6795596811320193,-0.009192528160793988,-0.18317040929484546,0.21077166842314835,0.22049872007885502,-0.054477223772608,0.0,-0.026341441149392436,4.893131508298444,3475.719217773403
ID_1642438,-0.4957901922653346,-0.8852655783244948,0.3894753860591602,-0.8720013273974606,0.36646042353683467,-0.3797246744638688,0.061393336207523325,0.3389501437192681,-0.010868093867631224,0.0,0.31481779892460277,4.867021334257437,3605.438099482047
Bez Mbeng,-0.49881038864485205,-1.3286650630163805,0.8298546743715285,-0.9618669122725598,-0.021937108914001267,-0.3448610418298195,0.2842852488013663,0.6185709108208441,-0.07300148525068198,0.0,0.1787712748263414,4.723607006860824,4500.167213946135
Enaruna,-0.5022558206119792,-0.9270611315314721,0.42480531091949286,-0.6981364527590233,0.3746160937248814,-0.6035407724973302,-0.02407937764534293,0.5308194225732364,-0.08193473400840064,0.0,0.21996000979238706,4.456533001813553,8049.591175619953
Malachi Flynn,-0.5044839635075464,-0.5266168876997634,0.022132924192216963,-0.7476775591589548,0.11519149030093616,0.10586918115825522,-0.2296794867246681,0.18024079394260664,0.07157161697427841,0.0,0.4728730823760764,4.8900672838100965,3488.9312632240135
ID_1641934,-0.5047969668723364,-0.9851667764873934,0.48036980961505693,-0.9143634685042888,0.16173594961354915,-0.2325392575966537,0.09343230491230356,0.32720215621038284,0.05973534849237049,0.0,0.3161341967196488,4.8329642959783525,3778.4371968502637
Trevor Hudgins,-0.5128296687937774,-0.45843051813598396,-0.0543991506577935,-0.7302887372700522,0.26192124877783624,0.009936970356231978,-0.2991947369928647,0.22519313561575302,0.019602450719318175,0.0,0.5166538054691394,5.273978098031834,2259.929136478776
ID_1643210,-0.5132768039496263,-0.9053855162351725,0.3921087122855463,-0.7420291001799096,0.22879026617891546,-0.3921466822341784,0.2291066817396303,0.32439712906909857,-0.16139509852318262,0.0,-0.0003543855093470216,5.032441543462452,2912.4439056412866
Omier,-0.5142863749450586,0.21914977122308743,-0.733436146168146,-0.49568964700415286,-0.09092304822389774,0.805762466451138,-0.7418059964406055,-0.1552016023044824,0.16357145257694197,0.0,0.7232092684996998,4.740543078588233,4364.10005028669
Mamadi Diakite,-0.5177792513459186,-0.8568773815861659,0.33909813024024726,-0.49236362298818637,-0.18329460217948979,-0.1812191564184897,0.32384881656349807,0.07828270954227567,-0.06303339586552649,0.0,-0.3492644449212303,4.59187636412956,5764.493982637991
Devon Dotson,-0.5181909005864308,-0.7362907811438124,0.2180998805573816,-0.7778207286025817,0.3287545877389807,-0.28722464028021144,-0.10179870694559365,0.2163354264693411,0.10356316103363417,0.0,0.36142853496174454,4.630682645379243,5331.558944801645
Justin Champagnie,-0.5195468567088528,-0.6033774283908151,0.08383057168196227,-0.8006527212001007,-0.12267050910487716,0.3199458019141628,-0.16355808423847076,0.3190456741220984,-0.07165701820166535,0.0,0.4446639487297186,4.604859891492192,5612.557236306936
Moses Brown,-0.5215804739355054,0.36950359110407716,-0.8910840650395826,-0.835304578966576,0.03707732977353289,1.1677308402971203,0.5090169715950748,-1.148850536501252,-0.25125050013340533,0.0,-0.19529286656400413,4.467142140333198,7816.59677510871
ID_1631231,-0.5216435717608642,-0.9251897388079522,0.403546167047088,-0.8151111225924543,0.2926678253339237,-0.4027464415494216,-0.17970472414098893,0.6649808730036246,-0.08172998181554766,0.0,0.4731722749725791,4.389029216927105,9973.174086209048
JD Davison,-0.5283326258003517,-0.3931783108200113,-0.13515431498034036,-0.6215826052993375,0.19018403867217865,0.03822025580714758,-0.08806006972383348,0.07082566781733705,-0.11791991307384395,0.0,0.18131004922281932,4.391215070269433,9899.49826210767
Jemerrio Jones,-0.5294328932512862,-0.7091129256838684,0.17968003243258224,-0.8109292583507296,-0.13842359938445903,0.24023993205132022,-0.19589331150712033,0.27429291141560136,0.10128043252410121,0.0,0.47738967660656373,5.102541091015613,2684.6277896751326
ID_1631449,-0.529900208615198,-0.6490848414267671,0.11918463281156916,-0.9431460444044425,-0.028502956078420787,0.32256415905609614,0.06320208263793647,0.21591001858758396,-0.15992746841395128,0.0,0.35004375315130803,4.473394586251256,7656.087410308116
ID_1631289,-0.5304781858025802,-0.7987913883163349,0.2683132025137546,-0.7487072759617737,0.16333315900336687,-0.21341727135792815,-0.059034744944580636,0.35875890139744515,-0.031410953939109934,0.0,0.27726383510377395,4.707090785593173,4621.8094552176135
DaQuan Jeffries,-0.5306148543472345,-0.5977906821977199,0.06717582785048536,-0.7224851788475811,0.28494888979779365,-0.16025439314793238,0.3687583045686088,-0.29284934346725655,-0.008733133250866897,0.0,-0.17688798006826217,4.460683312853291,7962.786923368039
Zavier Simpson,-0.532620362392534,-0.543550401610464,0.010930039217929986,-0.7906603050198794,0.26864847193886415,-0.021538568529448715,-0.0009611828713549098,0.02827449241621443,-0.016383270326929534,0.0,0.2590011254987003,4.496696051138704,7219.083433682207
Miles McBride,-0.5331168546502757,-0.724665748595167,0.1915488939448913,-0.7381374206942679,0.11400759287759549,-0.10053592077849452,-0.05144673789822546,0.2543669490632301,-0.011371317220113341,0.0,0.2564673039422177,7.528118331298223,626.1153026935071
Kobe Bufkin,-0.5349349212564357,-0.5334199842010809,-0.0015149370553547564,-0.5805438506836905,0.06775469466678671,-0.020630828184177205,-0.24155178808618413,0.2779414531981603,-0.03790460216733095,0.0,0.2871607175134389,4.810387658086556,3910.7288955101526
Khaman Maluach,-0.5362098794094399,-0.49339091250006556,-0.042818966909374305,-0.9063822313785594,0.04979281027953531,0.3631985085989586,0.06179284352233927,-0.12277832569832703,0.018166515266613455,0.0,0.3083795084467803,6.0156977276772245,1280.3602795696838
ID_1642072,-0.5399724489469309,-0.517341996683002,-0.022630452263928874,-0.7397577476081647,-0.08688219637932845,0.3092979473044913,-0.2507709686138426,0.3030362270909357,-0.07489571074102194,0.0,0.4505562672750766,4.664447069161239,4999.604661199875
Dillon Jones,-0.5413819104568613,-0.687364239256563,0.1459823287997016,-0.7244801394719875,0.20933730871569606,-0.17222140850027146,-0.18107215409675978,0.07367900811202804,0.25337547478443334,0.0,0.364170383111886,4.459482931235199,7985.499901223012
ID_1628575,-0.5422061495560824,-0.5063701949198247,-0.03583595463625763,-0.8919336958604055,0.10015359024172922,0.2854099106988515,0.11083193601914962,-0.14988914944592088,0.003221258790513628,0.0,0.23889561028517348,5.157326984654286,2539.8367912050253
ID_1630667,-0.5475176767953864,-0.621333822321792,0.07381614552640553,-0.7010949849337935,0.12307137824195628,-0.043310215629954754,-0.16961515734537352,0.07176019349901427,0.17167110937276478,0.0,0.32319246548378056,4.322433823951336,12998.828408753441
Killian Hayes,-0.5478699933789974,-0.8990784920477908,0.3512084986687933,-0.7574188855517228,0.2163236547881749,-0.3579832612842428,-0.09104780276556829,0.45176406387295887,-0.009507762438597326,0.0,0.30059669493829366,4.535708315231362,6544.925837301737
Enrique Freeman,-0.5482066774591787,-0.5523330073592032,0.004126329900024456,-0.7055125607139737,-0.009915248700702303,0.16309480205547283,0.34180010417705553,-0.44819135707082747,0.11051758279379639,0.0,-0.18449422092226056,4.52925251169573,6654.518601334597
ID_1642679,-0.5482427271432843,-0.30445085040013803,-0.24379187674314626,-0.9861175423908466,0.20514673081649148,0.4765199611742171,-0.17544485943922455,-0.1736775944319139,0.10533057712799224,0.0,0.6133196746867869,4.93797516723411,3270.600363613633
Spencer Jones,-0.5501443802568661,-0.8733882051555379,0.32324382489867187,-0.7732853144374137,-0.08340421712432981,-0.01669867359379454,-0.053451337953263345,0.38712790085332227,-0.010432738001387065,0.0,0.2765922721338109,5.630385473652934,1669.789108775093
ID_1630835,-0.5514114922930436,-0.8525999953321385,0.30118850303909483,-0.7951502242995784,-0.028702048049820815,-0.02874772298273927,-0.27197014544259573,0.7544354995472593,-0.18127685106556876,0.0,0.5157088774491304,4.516980547019539,6852.263027465258
TyTy Washington Jr.,-0.5533782239405758,-0.5447723464113392,-0.008605877529236621,-0.7720529607184416,0.4120154190013676,-0.18473480469426512,-0.03990211411378958,0.0493938146796402,-0.018097578095087243,0.0,0.2585768508916555,4.407721457870973,9357.450476975631
Jahmir Young,-0.5585196009244348,-0.19027527089633367,-0.3682443300281011,-0.7337282414871604,0.3580109996253853,0.18544197096544146,-0.28727937028428707,-0.009891563884038307,-0.07107339585977566,0.0,0.46248801084701274,4.433484213829692,8632.268938090998
Tosan Evbuomwan,-0.5639463049679769,-0.8661299769330337,0.30218367196505685,-0.8219798085718011,0.04282331143946183,-0.08697347980069453,-0.3074689023886851,0.40544204345097246,0.20421053090276947,0.0,0.5655024059925092,4.410109558445862,9277.185120512771
ID_1628700,-0.5659923478992123,-0.6752556321600023,0.10926328426079003,-0.7924816095817611,0.1108689077139647,0.006357069707794011,0.04859536634351749,0.03138841802617823,0.02927949989109431,0.0,0.17789389533903122,6.380928443246349,1041.8497432006002
T.J. Warren,-0.567637714725385,-0.5180182139241707,-0.04961950080121432,-0.7372708116436137,0.09536639650331738,0.1238862012161257,0.09063401975549376,-0.09277860446626265,-0.04747491609044543,0.0,0.07899907716273499,4.704215324813894,4649.727768921771
Henri Drell,-0.572905401621791,-0.8033443333953167,0.2304389317735257,-0.7821409608680103,0.19323703026785044,-0.21444040279515686,0.02994380139646821,0.14808139636923384,0.052413734007823655,0.0,0.17929175784975107,4.446455587956195,8292.555727022835
Hamidou Diallo,-0.5741438750961912,-0.6385548591797799,0.06441098408358872,-0.614365045381634,0.2923483739422135,-0.3165381877403595,-0.33275663888434065,0.3620346110945596,0.03513301187336979,0.0,0.3729778091697834,5.13130082937495,2608.852794051634
ID_1641938,-0.5745287312294618,-0.849590943414906,0.27506221218544424,-0.9090595533718643,0.007057720505002585,0.05241088945195568,-0.13686511395037781,0.3483915221641549,0.06353580397166714,0.0,0.4713959360927803,5.286812430327308,2217.5009900377036
ID_1642584,-0.5781870994831932,-0.9882610591663408,0.4100739596831476,-0.8462063144985755,0.028811737505635773,-0.170866482173401,-0.23418341401629286,0.6153638374699727,0.028893536229467706,0.0,0.5022026290316751,5.2279843801007155,2354.8604710877453
Keon Ellis,-0.579396631094546,-0.7834868177002674,0.2040901866057214,-0.6914666911146982,-0.021031017762397665,-0.0709891088231715,-0.17839345682943267,0.3894088751961837,-0.006925231761029667,0.0,0.29046351684958494,5.869148913387931,1411.3611785632875
John Butler Jr.,-0.5802141138638701,-0.813248961208856,0.23303484734498586,-0.7142562672278644,0.1309648110906967,-0.22995750507168827,0.3552969279835786,-0.15333133076184732,0.0310692501232546,0.0,-0.2212547746195843,4.3700305459656805,10673.840224085581
ID_1643126,-0.5802295708519141,-0.3950839332519896,-0.18514563759992445,-0.6189724398549357,0.3120186058993879,-0.08813009929644182,-0.23358886525467723,0.0456760433497989,0.0027671843049539117,0.0,0.2723317342576989,4.759108202641116,4243.690963688985
Alex Fudge,-0.580358652829651,-1.0435457086571887,0.4631870558275376,-0.830696695644994,-0.14616521565281404,-0.06668379735938067,0.1552299714753924,0.4340746262789952,-0.12611754192684996,0.0,0.0951080713399505,4.714859308139815,4556.980476077178
Isaac Bonga,-0.5813903234095206,-0.8576679651133975,0.276277641703877,-0.8220580286228512,-0.019864715881021462,-0.01574522060952488,-0.08376754998520877,0.3177702881831012,0.04227490350598453,0.0,0.3244352551985394,6.192494176230863,1156.5433705071982
ID_1631436,-0.5822045943151891,-1.0081500288443679,0.42594543452917877,-0.9448084058834401,-0.16225844292492098,0.09891681996399304,-0.505661733788889,0.8335199722557367,0.09808719606233104,0.0,0.8682655453571398,5.144890722413069,2571.2512871585386
ID_1643009,-0.5858034443851379,-1.0082975678181538,0.422494123433016,-0.95632128699863,-0.21460369156972753,0.1626274107502037,-0.06735064512259353,0.48982405743036705,2.0711125242500045e-05,0.0,0.4378684877360857,4.7745714951318305,4130.231755919847
ID_1641862,-0.5909067590281056,-0.4093917495925291,-0.18151500943557652,-0.9477266426830367,-0.003425089770570114,0.5417599828610777,-0.09926954686216123,0.005827563065930436,-0.08807302563934574,0.0,0.4560894305170924,5.512409225248993,1827.7949804752752
Henry Ellenson,-0.5910382742350608,-0.2963474569521082,-0.2946908172829526,-0.6522751750070674,0.4093224330325266,-0.05339471497756733,-0.15845688158379992,-0.1607516692546749,0.02451773355552221,0.0,0.21969378235580656,4.667940935297086,4963.2089322313805
ID_1641888,-0.5957110994458861,-0.6585747805517103,0.06286368110582422,-0.6887267491358231,-0.03331525439590104,0.06346722298001384,-0.1432939130065876,0.15246325708153668,0.05369433703087511,0.0,0.2363095626965246,5.592180999303439,1712.5929578604955
ID_1642915,-0.6014541604588097,-0.30738785318197764,-0.29406630727683214,-0.7050786384743206,0.3288319327383377,0.06885885255400526,-0.05883657440677838,-0.35510779937405246,0.11987806650399871,0.0,0.16246105242228923,4.724555860746256,4497.766034957335
Moussa Cisse,-0.603964909718432,-0.6049663043125422,0.001001394594110229,-0.7782599646424485,0.09146291348965041,0.08183074684025587,0.015767948291131567,-0.06268702830265904,0.047920474605637704,0.0,0.15852710663288494,5.53182609290565,1807.0909726466355
Cam Christie,-0.6041168672820847,-0.81822022826902,0.21410336098693533,-0.8197507195009668,0.14450135704580944,-0.14297086581386265,-0.2226018388193956,0.4062730130149145,0.030432186791416474,0.0,0.43823569103827775,4.864030389773302,3613.6032546962933
Jake LaRavia,-0.6063265449799318,-0.5363394671227737,-0.06998707785715805,-0.7372059978862964,0.06746290115528383,0.13340362960823876,-0.25798488943005904,0.16341743708583406,0.024580374487066924,0.0,0.3888643423364236,5.760049366690629,1518.6081332496256
Luka Garza,-0.6084865272084379,-0.5724067220667592,-0.03607980514167865,-0.6769803089725575,0.06377070066796528,0.040802886237832875,-0.042884227201298725,-0.007665685189265206,0.014470107248885283,0.0,0.11137800896541823,5.75676255557757,1525.1401856264738
Isaiah Roby,-0.6107244097184622,-0.8307539767493204,0.22002956703085816,-0.8712401627115964,0.0698055812881834,-0.029319395325907327,-0.15734949197865664,0.3432737038268078,0.03410535518270701,0.0,0.41786524497179084,4.631334581496936,5320.947206863746
ID_1641746,-0.6138577228604012,-0.7750872206033389,0.16122949774293768,-0.7513522104567102,0.27058155457678246,-0.29431656472341117,-0.09672794581603095,0.17787108287371356,0.08008636068525507,0.0,0.23422243341233992,4.628118668084516,5362.508510478301
Nelson,-0.6167629919498508,-0.7007639290675163,0.08400093711766546,-0.8405970756489324,-0.11739562983175993,0.25722877641317604,-0.0248390319842213,0.15336767279482233,-0.04452770369293557,0.0,0.24867311568330286,5.624394757209215,1679.860672825152
Paul Reed,-0.6202110402610044,-0.7020046706545757,0.08179363039357129,-0.7984392008366981,-0.006032008555608981,0.10246653873773129,-0.07986631540763553,0.15223854813783902,0.009421397663367803,0.0,0.25809447598332913,6.863543317217453,821.885270051838
ID_1641991,-0.626724423900575,-0.8687717233632691,0.2420472994626941,-0.765632155612085,-0.03599952187408302,-0.06714004587710108,-0.014432491984751578,0.24089615320602956,0.01558363824141612,0.0,0.15334022369626157,4.90441477958354,3423.7834764445934
Jordan Bell,-0.6277722492821332,-1.3126862724855406,0.6849140232034074,-0.7123448738177484,-0.06172301824947532,-0.538618380418317,0.2743321246188002,0.4177438891023194,-0.007161990517712123,0.0,-0.18975950008318507,4.916879904390476,3366.0930988603795
ID_1642517,-0.6302828105836891,-0.732420599364789,0.10213778878109989,-0.8373628921233351,-0.1291883641533454,0.2341306569118915,-0.11028670239760278,0.15177931155509958,0.060645179623603086,0.0,0.31736678393724876,5.530290745879429,1806.2472577119972
ID_1631389,-0.6312412658273172,-0.6936991173966921,0.06245785156937492,-0.7683568020547417,0.1454222353610547,-0.07076455070300516,0.05379822739617163,0.13908282203108335,-0.13042319785788006,0.0,0.08331730883125282,6.042390682154152,1265.4732139860653
AJ Lawson,-0.6317462829864706,-0.7489499930076742,0.11720371002120361,-0.7215165890054834,0.28242384444807916,-0.30985724845026996,-0.32926907753116463,0.5259428757094186,-0.07947008815705031,0.0,0.41903938355017745,4.366723159850086,10813.055180602985
ID_1630651,-0.6319172068439928,-0.6763652480119247,0.044448041167931884,-0.8314508766390422,-0.009096031613269252,0.16418166024038666,-0.1835614323987564,0.15815910225643587,0.06985037131025243,0.0,0.3830951021938057,4.401077344194754,9555.559985959415
ID_1643237,-0.6320507277182978,-0.7950943462567195,0.1630436185384217,-0.9031576969945856,-0.11686817176473803,0.224931522502604,-0.2938551057129202,0.42921763502060817,0.027681089230733702,0.0,0.5649620749892079,6.390274989183813,1037.0639274142463
Nae'Qwan Tomlin,-0.6343184024871988,-0.5058039405787609,-0.128514461908438,-0.8035956803858094,-0.08272546326973503,0.38051720307678355,0.16502021178808565,-0.19121967648915947,-0.10231499720736417,0.0,0.004257066110524899,4.82801545704706,3806.7222429679546
D'Moi Hodge,-0.6347288117117715,-0.9894140022621416,0.35468519055037007,-0.7631675696818637,-0.004331346393391479,-0.22191508618688638,0.01604824876661151,0.4913723422981796,-0.152735400514421,0.0,0.11239050920348073,4.527097676991854,6686.547315765027
Anthony Lamb,-0.6349571409847906,-0.4901963742358102,-0.1447607667489804,-0.7146836270008379,-0.03876499650104183,0.2632522492660695,-0.20619333127348094,0.059055046454860406,0.0023775180696401395,0.0,0.28591981728952826,5.5161567038157004,1829.9085708595849
Jordan Ford,-0.6413352789965476,-0.8001959028509048,0.15886062385435712,-0.7408874432350725,-0.0066948056980791,-0.0526136539177532,-0.04798944792614698,0.20425450032568238,0.00259557145482172,0.0,0.1475416121646718,4.68269728243524,4834.795047415733
ID_1630358,-0.64195519757954,-0.5785211389707868,-0.06343405860875315,-0.8953226425938682,0.11388253394518508,0.20291896967789624,-0.15446623828320394,0.14798611659905994,-0.05695393692460916,0.0,0.4078336832975321,5.561842101608899,1759.8207823714347
Skylar Mays,-0.6440101427309431,-0.24134979149126945,-0.4026603512396737,-0.8684383433907035,0.3207853196028916,0.30630323229654244,-0.32744114189293866,0.0168172943669887,-0.09203650371372371,0.0,0.5518693425526989,4.7815389438017055,4090.797205589095
Ben Saraf,-0.6454103866747578,-1.2439326259596575,0.5985222392848997,-0.9847203951232878,-0.35138024742654445,0.09216801659017479,0.043615163818366526,0.5714529569557777,-0.016545881489244497,0.0,0.2956948446301635,5.332899976417566,2141.410576811333
Ben Moore,-0.6472790185312784,-0.5877275583686495,-0.05955146016262888,-0.7929586812991436,0.0020202982968846248,0.2032108246336094,-0.19041621508343995,0.1349870618111358,-0.004122306890324719,0.0,0.33609587785130507,5.664514192959416,1626.9964686064895
Cameron McGriff,-0.6480542221151252,-1.0729270524305994,0.4248728303154742,-0.7188360044792457,-0.1364492451646791,-0.21764180278667455,0.12333757111442487,0.26118525426277134,0.04035000493827803,0.0,-0.05255578875030429,4.425538494736721,8840.5231275699
Shaquille Harrison,-0.6534904368776886,-1.0604184114436879,0.4069279745659992,-0.7505257400205566,0.32548548939971234,-0.6353781608228436,-0.0693978950678419,0.4711632140475166,0.0051626555863245015,0.0,0.16643319821070984,4.528902256834664,6654.869411952324
Deonte Burton,-0.6536987878349625,-1.0514471224078126,0.39774833457285,-0.6896090398057414,0.09122568066413382,-0.453063763266205,0.03459413313615986,0.36071183955133257,0.002442361885357583,0.0,0.0013161188346189762,4.656142561254567,5071.763918652265
ID_1627938,-0.6563674230398104,-0.6447286966976127,-0.011638726342197796,-0.8396552131924163,0.15916235331505618,0.035764163179747455,-0.20272556538920444,0.21446250973434192,-0.02337567068733527,0.0,0.38601335554181027,5.829893440113899,1448.7298844755232
Freddie Gillespie,-0.6578701547112211,-0.7973108074079306,0.13944065269670944,-0.8560206703541359,0.06465000776396551,-0.0059401448177601734,-0.08131712512020489,0.24027846951477763,-0.019520691697863298,0.0,0.2794676407631197,6.343876355307646,1062.1186482861358
ID_1629594,-0.659719119119136,-0.7450274545903042,0.0853083354711681,-0.9010018031599684,0.16162371242776485,-0.0056493638581006644,-0.03505165730029233,0.12604598858882565,-0.005685995817365216,0.0,0.2763343413411246,6.895153271616693,811.5185221713728
ID_1629270,-0.6597816950177343,-0.9451567264398055,0.2853750314220712,-0.9414562426070228,0.06449539778397975,-0.0681958816167625,0.049541792591129924,0.1935849510417836,0.04224828778915766,0.0,0.23213275499815852,5.818724893661256,1460.4712965866754
ID_1643058,-0.6619544694798074,-1.0241542163780417,0.3621997468982343,-0.8677140349456407,-0.047483632494340025,-0.10895654893806096,-0.043048797186096416,0.48345364030082527,-0.07820509621649449,0.0,0.24880836265192977,5.056000458202845,2825.104684867714
ID_1642022,-0.6622991403676639,-0.8482277266328121,0.1859285862651482,-0.8110648496934688,-0.029586453962289733,-0.007576422977053521,0.05977323231549725,0.1835119834736166,-0.057356629523965676,0.0,0.08899247701030769,5.161434302897841,2530.0552630098564
Ray Spalding,-0.6628421433686423,-1.3084995215033242,0.6456573781346818,-0.8638198711513271,-0.3767197893688002,-0.06795986098319685,-0.2082344894463966,0.915379285122036,-0.06148741754095758,0.0,0.4092122172290814,4.714339222698031,4568.333025109558
Colby Jones,-0.6629904977887635,-0.9030872869355294,0.24009678914676594,-0.7557350114706507,-0.054709798365116774,-0.09264247709976188,-0.08650215081827238,0.40189392237403976,-0.07529498240900143,0.0,0.17924666450015966,4.710653178469843,4589.675002115708
ID_1643189,-0.6654524230086156,-0.6453490968938969,-0.0201033261147188,-0.6762109341443063,-0.07040731585031008,0.10126915310071966,-0.0063457839272186845,0.017627241215307697,-0.031384783402807814,0.0,0.017104295062909454,5.528206725447012,1809.2694816577718
Oshae Brissett,-0.6663042416784988,-0.87642324727948,0.21011900560098118,-0.8463830922158935,-0.08327777685100986,0.053237621787423445,-0.25070395923325084,0.37028174465836927,0.09054122017586275,0.0,0.4307828097706456,5.801657130349078,1475.8459974466618
ID_1642588,-0.6715287529895673,-0.5896229626983173,-0.08190579029125,-0.6792653656823349,0.16980545635319622,-0.08016305336917859,-0.13838005854923882,0.1503185545658052,-0.09384428630781638,0.0,0.14611667124200645,6.002042595447519,1296.9285031874472
Dylan Windler,-0.6734686734500819,-0.7781065128301017,0.10463783938001975,-0.7312569283265731,-0.051110424984017175,0.004260840480488609,-0.028229788183260385,0.07290548249690963,0.059962145066370494,0.0,0.08601804305975155,5.622278435249091,1682.570026530283
Mo Bamba,-0.6740509153242402,-0.587228220843216,-0.08682269448102416,-0.5774623067701842,0.0056091539457100575,-0.015375068018741833,0.10832256815820226,-0.1622424631958314,-0.03290279944339501,0.0,-0.20491117671225823,5.086107652100367,2747.340625562657
Jeremy Lamb,-0.67443575618032,-0.728416310536435,0.05398055435611491,-0.7129878614606622,0.2255563313848788,-0.24098478046065164,-0.31614852042078845,0.35897388076245274,0.011155194014450621,0.0,0.35470062570113053,6.868570808273361,820.1449421367098
ID_1641994,-0.676267053273628,-0.6142028876634669,-0.06206416561016115,-0.5390804101221784,0.058838300959423204,-0.1339607785007117,-0.19178294749164446,-0.031595993229827354,0.16131477511131065,0.0,0.0545963043401948,4.995540213181197,3057.0648881565758
ID_1642440,-0.6764494963063016,-0.7839987959465932,0.10754929964029158,-0.7251238259272503,-0.013470780653685906,-0.045404189365656974,-0.5730701915092986,0.53216125458462,0.14845823656497015,0.0,0.6217445211302473,4.510064416915497,6962.64863172887
ID_1642481,-0.6769290672357989,-1.0202613721299485,0.34333230489414956,-0.9472492080535484,-0.1152548445404298,0.042242680464029625,0.7517668979823916,-0.37862890201617083,-0.02980569107207122,0.0,-0.4814467571646422,4.559675870480443,6189.105546764647
Chima Moneke,-0.6783361751175843,-0.8697773089491148,0.19144113383153047,-0.7586868316030088,-0.026054376794695973,-0.08503610055140995,-0.12465282224814485,0.3196450226825343,-0.0035510666028590043,0.0,0.2050034787335694,6.960152405973096,786.4486620856821
Devin Carter,-0.6792437690440515,-0.7259866304998652,0.04674286145581373,-0.7710188035668674,-0.002118626477033793,0.04715079954403584,0.18819849838522143,-0.06771434994864012,-0.07374128698076758,0.0,-0.09642346386240566,6.284966979644184,1098.149272909917
ID_1629958,-0.6793542047754559,-0.9373272510195796,0.25797304624412365,-0.8610216420132321,0.17794659207091806,-0.2542522010772656,-0.1734002213289121,0.5362108338229469,-0.10483756624991114,0.0,0.3550676585666882,4.572760542877855,6010.54265272097
Justin Edwards,-0.6819183171788867,-0.8136950590499878,0.13177674187110106,-0.7482032503101689,0.059668649011948315,-0.12516045775176732,0.020785300942060853,0.3417606617272092,-0.23076922079816903,0.0,0.045499632189221206,5.318693759184579,2161.409910646559
ID_1643234,-0.6830818361192196,-0.6777693256179833,-0.005312510501236226,-0.9739144964552716,0.410044114941632,-0.11389894410434366,-0.026542014683951287,0.1001032164917804,-0.07887371230906534,0.0,0.3173746750200034,4.781326794837636,4093.1220898622378
Collin Gillespie,-0.685840407791698,-0.6008497805580562,-0.08499062723364181,-0.6392088730704677,0.28565922490729234,-0.24730013239488075,-0.24681332136324471,0.11718002217159648,0.04464267195800641,0.0,0.2001817866420145,5.494744098288782,1860.5445058003709
ID_1629361,-0.6899537197428413,-0.5981924672424588,-0.09176125250038247,-0.9696686381207533,-0.027167096638814336,0.3986432675171088,-0.15502800829466942,-0.022003221348092947,0.08526997714237988,0.0,0.4347429266725814,5.220209440146659,2375.026113050141
ID_1629051,-0.6904639621468539,-1.1097258168778403,0.4192618547309864,-0.9326464089278691,0.2096782427459118,-0.386757650695883,-0.17335232777566772,0.5763929714705718,0.01622121103608236,0.0,0.4155347745566829,4.633963878849405,5304.109139096099
ID_1631385,-0.6917319160697277,-0.5644282419755754,-0.12730367409415233,-0.817841668918624,0.25476303737075806,-0.0013496104277093968,-0.01996202720482751,-0.10376473315000287,-0.003576913739321945,0.0,0.14607178005372387,5.775861391830521,1501.8481377088308
Jeenathan Williams,-0.6953980378418892,-0.7046523309106417,0.009254293068752521,-0.7705081907824214,-0.001972276280575752,0.06782813615235539,-0.4878627960591546,0.5487648752989837,-0.05164778617107652,0.0,0.5629729489996868,4.407552707809141,9354.061012326863
Kessler Edwards,-0.6974198768146591,-0.9342613504426005,0.2368414736279414,-0.9429703682969586,0.035995695829369845,-0.027286677975011817,0.19855225068932011,0.11691153276772848,-0.07862230982910723,0.0,0.04699824079297926,4.54053989624471,6472.235491956607
ID_1641947,-0.6975543023294487,-0.8457634866737067,0.148209184344258,-0.9390913452892549,0.07848309562336242,0.014844762992185678,0.05319857643439391,0.3856101947036976,-0.2905995867938335,0.0,0.1883384665254122,5.540686989379455,1785.7860331990858
ID_1643265,-0.6993956797620844,-0.63605115309027,-0.06334452667181435,-0.8790733426673691,0.1853582512886901,0.05766393828840902,0.04730653789869346,-0.08802740907217188,-0.022623655498335934,0.0,0.13237112500659132,5.870252107724968,1413.721015985639
Ron Harper Jr.,-0.7003066964687548,-0.7912922418268287,0.09098554535807388,-0.813373258767923,0.16581870193348247,-0.14373768499238812,-0.18533460512445496,0.2461538349229046,0.030166315559624235,0.0,0.2984011674236232,4.487285267024479,7393.679149237103
Omer Yurtseven,-0.7022847959449525,-0.9076867619543433,0.20540196600939073,-0.7304004177688336,-0.025927115477661224,-0.15135922870784843,0.030896282567038857,0.08149612939806058,0.09300955404429129,0.0,-0.0027806607431577757,7.297258336416204,682.6630373964007
PJ Dozier,-0.7049352721971527,-0.8992285751860675,0.19429330298891473,-0.8544225441083761,0.004870458794772128,-0.0496764898724634,-0.03583288765441914,0.25891733932833416,-0.028791148685000285,0.0,0.1853201595656426,5.413941732054929,1986.4142172167924
Isaiah Thomas,-0.7056168582669999,-0.3780815672696276,-0.3275352909973724,-0.6771095368631552,0.3135327966480805,-0.014504827054552832,-0.20206475327177864,-0.10311596746468926,-0.022354570260904504,0.0,0.17355743186793385,5.590549583692445,1719.0101063737645
Matt Mooney,-0.7059265289428733,-0.8559546036192673,0.15002807467639395,-0.731351058394817,0.048112603999476256,-0.17271614922392667,-0.1878443921693083,0.32427159072674433,0.01360087611895791,0.0,0.21326892162125183,6.116264676626578,1206.4916294568425
Victor Oladipo,-0.7063131395871566,-1.2081866906775343,0.5018735510903777,-0.9935914305097935,-0.2584562642212654,0.04386100405352458,-0.16688197222660672,0.5810173699247829,0.08773815339220145,0.0,0.4541602631492436,5.063702195991745,2810.6202464828975
ID_1642550,-0.7064920589409173,-0.854347642742863,0.14785558380194574,-0.843694502843704,-0.03476269621559959,0.024109556316440545,-0.05072487839479917,0.24178740682022623,-0.04320694462348133,0.0,0.18792732229758585,6.245780899558777,1120.9751625511817
Jaylen Nowell,-0.7080125607146328,-0.4240640263835824,-0.28394853433105033,-0.6626425940607088,0.36916576541396645,-0.13058719773684008,-0.3130366944984663,0.010389346847419517,0.018698813319996392,0.0,0.26766672784454226,4.671182726057096,4930.06588991483
Cam Spencer,-0.7091872733239284,-0.8977276894400753,0.18854041611614686,-0.7844923362570043,0.049779524382702334,-0.1630148775657733,-0.12810263955718593,0.35760288581086186,-0.040959830137529074,0.0,0.20340770249026183,7.147140791191311,723.8148393988592
ID_1629460,-0.709500593737568,-0.40378950156530363,-0.30571109217226444,-0.8101213871436295,0.10099551356391906,0.3053363720144067,-0.2566459156659019,-0.08062878905282256,0.03156361254646002,0.0,0.35726670907196323,5.860864661735314,1417.9934514241586
ID_1627967,-0.7100638871086332,-0.8303363220476652,0.12027243493903192,-0.8848129067077901,0.03390641668435369,0.020570167975771297,0.05237574417600163,0.04361995018383862,0.02427674057919165,0.0,0.12237327542315526,5.75149578033759,1528.2722913737427
ID_1642071,-0.7124645308330887,-0.7326441662444343,0.02017963541134559,-0.7932862415172183,-0.06430246513682772,0.12494454040961173,-0.12747485084049076,0.08630926630769972,0.06134521994413663,0.0,0.20829656152462037,5.5037411170376105,1848.0969878307571
Shamorie Ponds,-0.7126168565867922,-0.829555128213505,0.11693827162671278,-0.8128507934813278,0.10980436280601709,-0.1265086975381943,-0.17777545647403595,0.37219829279696415,-0.07748456469621542,0.0,0.27800939336857156,6.100942500041307,1218.029203767067
Sidy Cissoko,-0.714325843341397,-1.0109288801692218,0.29660303682782474,-0.646149821931662,0.1102828449045585,-0.4750619031421183,-0.02850166398864762,0.46482784362599483,-0.1397231428095225,0.0,-0.03967435742108752,4.644227280020534,5190.791069583255
Josh Minott,-0.717863658737056,-0.5970159105090849,-0.12084774822797122,-0.8338730603004804,0.15733713408095212,0.07952001571044337,0.013129359061442053,0.010441854167499057,-0.14441896145691233,0.0,0.10288004250198221,5.477354636543936,1882.405431515447
Aaron Henry,-0.7182615217923034,-0.8117656492062788,0.09350412741397537,-0.8040424423426351,0.0791999793394586,-0.08692318620310235,-0.10369907094126313,0.21857647932530017,-0.02137328097006167,0.0,0.18947999149159475,6.393749188890854,1032.6016310772688
Dru Smith,-0.723586003824001,-1.0190324890356393,0.2954464852116383,-0.7685264332864173,0.12009023504833122,-0.37059629079755296,-0.11157758156122835,0.33570760558496515,0.07131646118790147,0.0,0.15651801102364488,5.595002715752085,1717.0986405469318
ID_1642714,-0.7248782956955869,-0.8850316433997868,0.16015334770419987,-0.8738402911088492,0.33074849880603785,-0.34193985109697544,0.13043413505716653,-0.1704873177562357,0.20020653040326905,0.0,0.018527860356095743,5.125667719215676,2625.0263986685077
ID_1631285,-0.724988484072634,-0.5792494970501085,-0.1457389870225255,-0.6349019848239603,-0.18212892097443367,0.23778140874828546,-0.46230650875666,0.3842828688340728,-0.06771534709993829,0.0,0.3722200095079863,4.645562490687574,5179.162101481114
ID_1643112,-0.72615992207578,-0.37248684775647933,-0.3536730743193007,-0.5371824194233075,0.38567339632478104,-0.2209778246579529,-0.266340372421345,-0.049327745694330155,-0.03800495620362548,0.0,0.0773628697688725,4.854105731922371,3664.7611413548175
Jontay Porter,-0.7265867190770932,-0.7424484342295498,0.01586171515245663,-0.7780490632637371,0.19441980571853884,-0.15881917668435155,0.18937775157405248,-0.24113146184370446,0.0676154254221086,0.0,-0.13791540738740857,5.1396958667582355,2588.4022765847935
Jacob Toppin,-0.7274020290052504,-0.6473813065589731,-0.08002072244627734,-0.6984500298128924,0.02882841213006736,0.022240311123851997,0.18030678598959257,-0.2266464379309792,-0.03368107050489072,0.0,-0.20925878518195057,4.586693839768917,5839.205078131549
Tyler Bey,-0.72769927177145,-0.8230785673604455,0.0953792955889955,-0.8346574111934175,-0.07621549473518609,0.08779433856815813,-0.1423654300726747,0.29992582432109754,-0.06218109865942737,0.0,0.2493235694946422,6.25427213187053,1114.063360176
Kenneth Faried,-0.7278459926945043,-0.7470669136467668,0.019220920952262487,-0.7689586846501322,-0.1472388740399313,0.16913064504329667,-0.06775319370297708,0.03564035033150709,0.05133376432373248,0.0,0.10886588565860494,5.005796703740616,3009.50914605041
ID_1643019,-0.7279948650361246,-0.970809204535497,0.2428143394993724,-0.6028866303397832,-0.15189966671304178,-0.2160229074826721,-0.050747876538759326,0.24509640559096668,0.04846581044716506,0.0,-0.07436035815758216,4.595683209780508,5732.463910690952
ID_1627292,-0.7281492658645766,-0.8065169688977606,0.07836770303318397,-0.7943123278868476,0.03685797131338951,-0.04906261232430249,-0.17612954421549082,0.258339522322947,-0.003842275074272202,0.0,0.2422926062377618,5.543813956064003,1789.5755658239027
ID_1630254,-0.7287054389641003,-0.8235205539622762,0.09481511499817585,-0.8399107659857352,0.022838800096090725,-0.006448588072631711,-0.20206480563248455,0.2746902935240758,0.022189627106584585,0.0,0.3132701326541194,6.482910152550706,989.498889950608
ID_1642104,-0.7292497099234028,-1.0844046480564884,0.3551549381330857,-0.805435819138185,-0.062241562865994235,-0.2167272660523092,0.2720879518236662,0.1670958990704713,-0.0840289127610518,0.0,-0.19590184260888394,5.191303537615762,2448.062666206939
ID_1642473,-0.7299132645950372,-0.8788468600638973,0.14893359546886015,-0.7887978770769181,0.4196624175320629,-0.5097114005190422,0.34512599602845784,-0.12054589011371883,-0.07564651044587886,0.0,-0.28624138354657697,4.753567375028473,4273.695418351371
ID_1643025,-0.7301030944660976,-0.6022187493213653,-0.1278843451447322,-0.9779228386138428,-0.11162664219847958,0.487330731490957,-0.21759832189304276,0.0689320903390004,0.020781886409310148,0.0,0.465418066040788,4.991863838593548,3047.1298446611554
ID_1642470,-0.7312189010230583,-0.9701746211332053,0.23895572011014699,-0.7213113852149629,0.13494154956359056,-0.38380478548183306,-0.5296113470199161,0.6271932373323374,0.14137382979772561,0.0,0.5197038312118205,5.108602127333741,2675.991165475073
ID_1643090,-0.7337579245745989,-0.5797042597399574,-0.15405366483464147,-0.8379311266234507,0.06794128369316899,0.1902855831903243,-0.20563008981153488,0.0637960589847752,-0.012219634007881779,0.0,0.3098032918603867,5.177469570024341,2480.189448403197
Antonius Cleveland,-0.7338598317750711,-0.8199003318587316,0.08604050008366054,-0.8149620346297302,0.1003986034340747,-0.1053369006630761,-0.12004611827616346,0.16253645898340802,0.04355015937641598,0.0,0.2011483211308226,6.135134565306684,1196.430621737654
Elijah Hughes,-0.7341886629812204,-0.6983054081418028,-0.03588325483941765,-0.8522110625564983,0.3053370763395056,-0.15143142192481002,0.04714061521421267,0.04703224381070436,-0.1300561138643347,0.0,0.07088178436106524,4.489816805733139,7342.998383382969
ID_1642379,-0.7348549352040012,-0.7622438641064668,0.02738892890246558,-0.5400613427045592,0.09784924905813623,-0.32003177046004394,-0.07635163875741191,0.166858043937036,-0.0631174762771585,0.0,-0.1184419537420302,6.6186081701416155,921.1889791406479
ID_1642562,-0.7354276948590939,-0.9603702720004342,0.2249425771413403,-0.6797200244373826,0.18848049995392419,-0.46913074751697587,0.040192056200156284,0.27081065966835965,-0.0860601387271756,0.0,-0.09589972662186763,5.874175023930376,1402.84911955926
Richmond,-0.736288475275929,-0.4933574614716501,-0.24293101380427887,-0.8479894622857221,0.09305643640353888,0.26157556441053315,-0.4806429198728064,0.08812461035085045,0.14958729571767707,0.0,0.5923439068825995,4.862832936103466,3628.4320891443112
Wes Iwundu,-0.7392440687164747,-0.8957807398566513,0.15653667114017655,-0.7145341121851227,-0.03941301653042806,-0.1418336111411005,-0.09687583758285394,0.23395604431956796,0.019456464403462555,0.0,0.07216588105150196,5.377932926757494,2049.614692983816
Joshua Primo,-0.7396758787204307,-0.6961943123863166,-0.04348156633411412,-0.7736481941005361,0.09187774192798316,-0.0144238602137636,-0.16385264174399172,0.11345070278261823,0.0069203726272593705,0.0,0.19782495712409714,5.156325783208722,2541.6455532274504
ID_1628123,-0.7402719533241925,-0.5891976890537098,-0.15107426427048262,-0.845342809970271,-0.04345753756353554,0.2996026584800967,-0.08417959589165411,-0.08635362811440614,0.019458959735577618,0.0,0.18925045253773265,6.146138293317992,1188.4722056412706
ID_1643113,-0.741951856900988,-0.9547843056689612,0.21283244876797322,-0.8635855641565919,-0.022086774540779147,-0.06911196697159017,0.16393607120071194,0.23423018824337674,-0.18533381067611546,0.0,-0.04230236394510803,5.373767546064283,2057.77152671207
Juan Toscano-Anderson,-0.7455449116264387,-1.3625006705628258,0.6169557589363871,-0.8679547301403843,-0.12480074673098028,-0.36974519369146114,0.10355147400835144,0.5139062968557689,-0.0005020119277332757,0.0,0.018858344505594232,4.607578617642712,5581.277223750916
Jahmai Mashack,-0.7481816733386654,-0.9569791687349952,0.20879749539632983,-1.0384399700478437,-0.07546696357513401,0.15692776488798243,-0.2901041043327617,0.45532407848968826,0.04357752123940325,0.0,0.5803624010419399,5.461389402237236,1909.4023859058852
Ryan Arcidiacono,-0.7522066110075958,-1.1660239738168785,0.4138173628092827,-0.8645550001046576,-0.05081051477494909,-0.2506584589372718,-0.0628211719666514,0.4353377686668414,0.041300766109092744,0.0,0.17516956106371326,5.064293278071114,2810.41522150719
Jacob Evans,-0.7537201518682966,-0.9176280063422053,0.16390785447390874,-0.8090737315464004,0.05785898753376516,-0.16641326232957013,0.06338243249097397,0.1035615029217975,-0.0030360809388627445,0.0,-0.008028852812870215,6.134107987320371,1192.2336549873328
ID_1641568,-0.7545618690203647,-0.722534156491294,-0.03202771252907067,-0.7612976319981015,0.09223909135303723,-0.05347561584622969,-0.10711852014708825,0.09436714577330234,-0.019276338155284754,0.0,0.11385428312482512,5.3999636654618355,2014.0852966067564
Louis King,-0.755581153813943,-1.2174698893242968,0.46188873551035375,-0.6620065924983242,-0.13191982767598964,-0.42354346914998303,-0.1774139455149335,0.5733551704177022,0.06594751060758502,0.0,0.08383938419931453,4.461319506852974,7938.135158115029
ID_1630342,-0.7567571438027323,-1.1210802725460582,0.364323128743326,-1.056021678743628,-0.1403301354492717,0.07527154164684158,0.11679940438016254,0.5308291490830307,-0.28330542471986725,0.0,0.18246513056073332,4.3066487713491295,13961.141928092275
Brandon Williams,-0.7573072927261327,-0.672041162426376,-0.08526613029975669,-0.6162903971144649,0.36606367329533596,-0.42181443860724716,-0.3657054487370952,0.2629764112767049,0.017462907160633617,0.0,0.22468855312542732,4.6666645489427045,4973.3263503994585
Gary Payton II,-0.7591968165300824,-0.8449883142839826,0.08579149775390012,-0.7917204221624732,-0.05886507285426319,0.005597180732753865,-0.18886548223049865,0.2942332715767194,-0.019576291592320643,0.0,0.22138908786288944,6.2447020467599526,1121.4873669869203
ID_1642390,-0.7594274982960219,-0.6304759380234142,-0.12895156027260773,-0.6059775511696857,0.12834493318824902,-0.15284332004197754,-0.18145211568988961,0.15772731498905587,-0.10522675957177399,0.0,0.028002168563553365,6.500037613103357,977.4484646949232
Jay Scrubb,-0.7602852974124858,-0.9125807142714447,0.1522954168589588,-0.7882235893382153,-0.1311452237454288,0.006788098812199411,-0.12242126522708661,0.29575784121440685,-0.021041159128361395,0.0,0.15035955715281607,4.6069375204547045,5590.678015850761
Keshad Johnson,-0.7629872515563542,-0.714101137170083,-0.048886114386271246,-0.6470437325972145,0.07487856897968356,-0.141935973552552,-0.19618555661624806,0.04077952265226626,0.10651991957771056,0.0,0.08024203765710838,4.766150039930002,4189.715957068876
ID_1630615,-0.7633892848337795,-0.8910550347131712,0.1276657498793916,-0.5830948151672489,0.013040231703795702,-0.321000451249718,-0.24225328311800337,0.14663854493478026,0.22328048806261472,0.0,0.061958813451472694,6.27093824012606,1105.4932840890447
Armel Traoré,-0.7646516744870998,-0.9325793150803845,0.16792764059328472,-0.805429785024281,-0.032654449009850636,-0.09449508104625291,-0.1525436826311826,0.2595379686894194,0.06093335453504788,0.0,0.19332179316836376,6.570267319351357,945.5321218019674
ID_1641863,-0.7671604872858669,-0.6857874371073558,-0.08137305017851115,-0.9050951005527861,0.31597119060679774,-0.09666352716136745,-0.09092315581070734,-0.04692480785661368,0.05647491348880986,0.0,0.22885776907762648,4.361230251247503,11048.050706935792
Josh Magette,-0.7674193965332807,-0.8856798937231086,0.11826049718982795,-0.7394369605534582,0.06508710324209604,-0.2113300364117464,-0.12987309928233298,0.228798989495093,0.01933460697706793,0.0,0.10189066330251056,6.470706365697483,994.8211039656105
ID_1630672,-0.7680482582961536,-0.8998786255159962,0.13183036721984254,-0.8337127443854211,0.030148832971919143,-0.09631471410249423,-0.04667920595724839,0.1769284672524017,0.0015811059246892446,0.0,0.11234369204651584,6.386546832160753,1037.9020127753786
Onuralp Bitim,-0.7687391228008105,-0.5946920131001601,-0.17404710970065038,-0.8434752848052268,0.044159485038142675,0.20462378666692405,-0.22866836025701465,0.17571596697725328,-0.12109471642088901,0.0,0.303404522261431,6.124742367949177,1199.9403013731098
Mouhamed Gueye,-0.7693231367567761,-0.7752355965837432,0.005912459826967031,-0.8366321462212569,-0.012518546290430102,0.07391509592794387,-0.19920444880595667,-6.706697358020708e-05,0.20518397560650392,0.0,0.2665134582704375,5.494676310591595,1855.707823236215
Nathan Mensah,-0.769335689513028,-1.0280571963921272,0.25872150687909923,-1.0161941680902142,-0.04699338729102201,0.03513035898910902,-0.13232745940838941,0.3129542183283594,0.07809474795912927,0.0,0.37918593798557565,5.583741421542513,1726.7360493396848
David Nwaba,-0.7711800729644566,-0.5921659597767368,-0.17901411318771976,-0.7158927041071579,0.06678355890158644,0.056943185428834725,-0.14649203376789036,-0.03077241473565752,-0.0017496646841718665,0.0,0.09120466491059177,5.406037609554728,2002.604053345718
Olivier-Maxence Prosper,-0.7746014298950279,-0.573966844628405,-0.20063458526662295,-0.717047293536991,-0.004908899351334393,0.1479893482599205,-0.06769963774193527,-0.158505789899593,0.02557084237490531,0.0,0.010145501383898414,5.419743893960631,1974.773351540708
ID_1628876,-0.7748018832543377,-0.7333317716220362,-0.04147011163230152,-0.8171281485658141,0.28527514348460475,-0.20147876654082686,-0.049332170513379375,0.17837340566752125,-0.1705113467864434,0.0,0.09165843582485575,4.471846598561115,7724.524134182297
ID_1642405,-0.7750106205358911,-0.7884231559809349,0.013412535445043852,-0.9790000366070805,-0.05219389930396874,0.24277077993011426,-0.06269971628658921,0.0677410779469176,0.008371173784715469,0.0,0.2666891323577786,5.554112102510518,1772.1237981405577
DaRon Holmes II,-0.7761130645135441,-0.45802054557067223,-0.31809251894287194,-0.7472871259154646,0.2545004469380385,0.034766133406753885,0.20826393671209395,-0.3908633282462989,-0.13549312740866704,0.0,-0.2370898753101735,4.9911526229389604,3062.2880548522935
ID_1642937,-0.7765419804694473,-0.9644772641108348,0.18793528364138748,-0.8752666465579766,-0.103806409105882,0.014595791553023818,-0.27971747167351135,0.5056071899894714,-0.037954434674572574,0.0,0.3784421377620406,4.797384141020885,3982.6790073911375
Jason Preston,-0.7774427054716078,-0.6376904105298166,-0.13975229494179114,-0.8264803108754942,0.10781513095328549,0.0809747693923922,-0.04276872477737617,-0.15273568755306915,0.055752117388654175,0.0,0.09180633018126272,4.560446438950697,6186.401833017694
Johnny Davis,-0.7774432567267918,-0.8865533085978056,0.10911005187101375,-0.9151482232810442,0.1764149253611193,-0.14782001067788078,0.07596406004451356,0.16325893059732038,-0.1301129387708202,0.0,0.06174090650973871,4.6387583999962665,5242.967653086818
ID_1642755,-0.778508207688086,-0.8555224899247027,0.07701428223661669,-0.8473113770873663,0.029428054953651975,-0.03763916779098837,0.25713322033509334,-0.15394731551666047,-0.026171622581816184,0.0,-0.18833005093581304,5.2048599203937105,2422.6417215100664
ID_1643387,-0.7791488436517185,-1.0549570174731742,0.2758081738214556,-1.004647050629289,0.033475435663140325,-0.08378540250702557,0.07889244384141517,0.13408521569496595,0.06283051428507447,0.0,0.14660576313615517,5.917127389082588,1361.98559554354
ID_1630837,-0.7794303458411056,-0.6248980790320815,-0.15453226680902404,-0.7487020922723999,0.04162300276932612,0.08218101047099233,-0.30237009803312453,0.13697783999223448,0.010859991231865998,0.0,0.2716418444644189,5.851701331572679,1428.1384377213162
Ben Sheppard,-0.7813873601158958,-0.7882874888549745,0.0069001287390786925,-0.8194331096602915,0.03328934071227299,-0.002143719906955971,0.03776516899418528,0.08173884081295435,-0.11260388106806093,0.0,0.00028058055021043526,7.546934712657231,621.7236482688447
Josh Christopher,-0.78300947337916,-1.0134471929930116,0.2304377196138515,-0.6736953267880563,0.03262031875236599,-0.3723721849573213,-0.00637621151862558,0.28908016928673397,-0.05226623815425689,0.0,-0.10293793507247821,4.371150107167997,10645.459985774181
Kris Dunn,-0.785551211791274,-0.952025880257696,0.16647466846642198,-0.7738511083034596,-0.009948573974424314,-0.16822619797981203,-0.09933720996448399,0.2897072297617544,-0.023895351330848445,0.0,0.08763710647666961,5.68411406401678,1609.2157643852668
Terquavion Smith,-0.78721804391682,-0.7003744851463998,-0.08684355877042024,-0.8553605099028184,0.27762255633393507,-0.12263653157751647,-0.28273396472247,0.36213925267490077,-0.16624884672285103,0.0,0.3508764307084683,5.154414181451442,2552.2122056671933
Tyson Etienne,-0.7883450637974547,-0.5915282803330945,-0.19681678346436024,-0.6345055121359352,0.32963221532239995,-0.2866549835195592,-0.37757394776746667,0.21694346633480216,-0.03618630203169574,0.0,0.22373439610594717,4.354824840714001,11317.182035849572
Justin Robinson,-0.7885312622550739,-0.94794450610538,0.15941324385030606,-0.793317483055432,0.0015997027634873616,-0.15622672581343516,-0.17334235769564404,0.33142723205618974,0.001328369489760374,0.0,0.1781285784960023,6.979390920479848,779.8446884554489
PJ Hall,-0.7886600206088585,-0.7124178020540065,-0.07624221855485203,-0.7428799303703202,0.13903575729836623,-0.10857362898205261,0.06572250050117562,-0.23273599812153858,0.09077127906551094,0.0,-0.11150259073971402,4.608550878178495,5577.492063409858
ID_1629809,-0.7900940085766321,-0.8592750722055407,0.06918106362890852,-0.8607132922575506,0.12219095945971933,-0.12075273940770949,-0.20935197562086563,0.2668125308594727,0.011720508390301441,0.0,0.27997125930178396,6.227040816013492,1134.4618157177865
Yanic Konan Niederhäuser,-0.7912520470212652,-0.906626763585326,0.11537471656406088,-0.8104499608147974,-0.17920895185909202,0.08303214908856332,0.11642770550284517,0.0532370222400389,-0.05429001117882319,0.0,-0.097229791709313,6.609806035208913,924.8275033626542
Trayce Jackson-Davis,-0.7912949748062358,-0.9103961850289437,0.11910121022270789,-0.7158832028811142,0.10407234750390992,-0.2985853296517394,-0.0629956013752248,0.2044294564308188,-0.022332644832886127,0.0,-0.012416170549896792,7.63654668110552,600.9040949599155
Jared Butler,-0.7913122904621739,-0.7747346985584153,-0.01657759190375857,-0.7464310034593304,0.1038573620752544,-0.1321610571743392,-0.18248612571027417,0.05074120994340748,0.11516732386310813,0.0,0.1376048387074308,4.971290200868337,3135.927307069228
ID_1642496,-0.7924778085534516,-0.7616797292716042,-0.030798079281847364,-0.7264233794448864,-0.08799124438670587,0.0527348945599882,0.09133602881003791,-0.1564720854103215,0.034337977318436234,0.0,-0.15739045791860296,4.835056469649121,3772.844663673182
Shulga,-0.7940187578051605,-0.9012824143573566,0.1072636565521961,-0.8235577417959911,-0.26441852126890875,0.18669384870754335,0.04418732679441756,0.12017421217096702,-0.057097882413188486,0.0,-0.014648342803586858,4.666399134616603,4976.121107031029
Jay Huff,-0.7958500209107509,-0.8976274492129277,0.10177742830217681,-0.7637038936987224,0.031949134792071315,-0.16587269030627655,0.1619214342809789,-0.1160088250620713,0.0558648190832692,0.0,-0.19406756149300733,4.882645908128459,3525.617090230075
Terry Taylor,-0.7979828063743224,-0.14344548872047608,-0.6545373176538464,-0.8265856569181839,0.31716361638489327,0.36597655181281447,-0.28607644026547696,-0.4568866863957003,0.08842580900733088,0.0,0.3146792908093383,4.550601176826493,6323.146063676029
Will Riley,-0.7995599002904614,-0.7771080679868685,-0.02245183230359292,-0.7866949627087169,0.09898454189382558,-0.08939764717197718,-0.07361590493174784,0.16432970414453268,-0.11316563151637776,0.0,0.06075096735000332,7.627024670857987,602.5291400744507
Javon Freeman-Liberty,-0.7997541308090479,-0.3766448124271785,-0.42310931838186944,-0.858834657053375,0.406993122865446,0.07519672176075051,-0.47680287414105116,0.10642428924784307,-0.05273073348866134,0.0,0.5358834003853783,4.617111345253728,5471.733338927559
Jarrod Uthoff,-0.8031723400357187,-0.9134754671326665,0.11030312709694781,-0.7491435896101125,0.10849367306404772,-0.27282555058660163,-0.08248247028846137,0.1856266642387761,0.007158933146633073,0.0,0.028453719862855276,5.992080081232001,1304.395016514904
ID_1631266,-0.8034916835928192,-0.9355763328123334,0.13208464921951427,-0.7595968225077722,0.09318975754353127,-0.26916926784809253,-0.08375619456099823,0.22671964257860533,-0.01087879879809283,0.0,0.03986133347595123,4.730943090755839,4445.633327469584
ID_1629792,-0.8036986178561726,-0.36837047181261734,-0.43532814604355524,-0.8626725851007452,0.00409245196955943,0.4902096613185684,-0.2510335438922425,-0.26583461442207656,0.08154001227076385,0.0,0.31000751113681513,4.652603679824189,5104.562649232943
ID_1629071,-0.8050876438878549,-0.9269960653299226,0.1219084214420677,-0.8457367035268498,0.021937204672418213,-0.10319656647549103,-0.06585241422319843,0.17900914991449857,0.008751685750767575,0.0,0.10650147386219333,7.03018182508015,762.0904064236059
Dewayne Dedmon,-0.8057775187169169,-0.7210480390483938,-0.08472947966852318,-0.8155918677420244,0.03790291077645342,0.05664091791717718,-0.05790833269414218,-0.07023484134117117,0.04341369436679016,0.0,0.06772268171924958,7.251426056845691,697.5072738668538
Cooke,-0.8064910844424514,-0.5940898825406424,-0.21240120190180897,-0.7443584333711587,0.22652055992296238,-0.0762520090924461,-0.10066781916443003,-0.11448319374966842,0.0027498110122894624,0.0,0.03853516809313731,4.3656588257701,10857.820663769253
ID_1642946,-0.8066477520233681,-0.6652769573588883,-0.14137079466447988,-1.0013933597727764,0.17602782751316787,0.16008857490072026,-0.16664033914483684,-0.10295357429977464,0.1282231187801316,0.0,0.3613859468942451,4.834316214190887,3768.6236851161607
Brodric Thomas,-0.80730800429563,-1.071721072637836,0.26441306834220585,-0.7680699765391659,-0.053565399410276826,-0.25008569668839314,-0.08349576031184146,0.3361676089052229,0.01174121974882441,0.0,0.04425773255537734,5.294234622535569,2212.2793615535907
Jacob Gilyard,-0.8074943430826911,-1.0330999784698338,0.22560563538714268,-0.9225100683442067,-0.008979945978593667,-0.10160996414703341,-0.08771405722322534,0.44360184246652623,-0.1302821498561582,0.0,0.20272978248474094,4.707127297813041,4623.523301146295
ID_1628113,-0.8120803749144744,-0.900054015164898,0.08797364025042367,-0.8480243558120952,-0.019959631479050742,-0.032070027873752016,-0.16698864028154597,0.27371158497023085,-0.018749304438261206,0.0,0.20293262117916688,6.247776571726681,1119.7957391759248
ID_1641501,-0.8130754522156304,-0.7545712962072851,-0.05850415600834524,-0.9162961713343165,0.11893920600880613,0.04278566911822526,-0.309817108890873,0.24631469959285093,0.004998253289676822,0.0,0.4130378280095591,6.161358592343274,1177.2224236355828
Willie Cauley-Stein,-0.8137901340301021,-0.7431004611310122,-0.07068967289908995,-0.7567989674176084,0.0898202371663211,-0.07612173087972496,-0.1039540448493315,0.013094479265158693,0.02016989268508286,0.0,0.0469628782368377,6.534565076352135,960.1062783091571
ID_1642926,-0.8155856665924776,-0.7781562376129618,-0.03742942897951575,-0.6589798749691702,-0.16665702273038785,0.047480660086596266,0.14295915063681622,-0.020423887236145896,-0.15996469238018607,0.0,-0.29956494226012353,5.64110756099224,1659.7059057928834
Jameel Warney,-0.8165594859569602,-0.8071782255364836,-0.009381260420476635,-0.8622498806801416,0.14785396430071285,-0.09278230915705472,-0.1109683225183729,0.08305299909932734,0.01853406299856892,0.0,0.1566587172415544,6.474327603646401,993.4971035015963
KJ McDaniels,-0.8194279500290519,-0.8374483295977868,0.01802037956873488,-0.8120544718096557,0.06300182654013015,-0.08839568432826111,-0.07995640821535113,0.08863112600165735,0.009345661782428669,0.0,0.07258292999595505,7.2855279467208565,686.048755049582
Karlo Matkovic,-0.8194527558855943,-0.8452586685464899,0.02580591266089558,-0.6876271754304508,-0.01052565909138304,-0.14710583402465607,-0.02846081045526294,0.03986762001460858,0.014399103101549945,0.0,-0.10336476999988058,5.928313266465861,1360.4815903647223
Jordan Loyd,-0.8205328169054059,-0.7939663848100739,-0.026566432095331997,-0.8066069289794666,0.11110472651687921,-0.09846418234748647,-0.10652208379293909,0.07448050824886132,0.005475143448745775,0.0,0.09259619586699984,7.353865249376399,668.5972985604251
Cole Swider,-0.8211857464219058,-0.3310737241375163,-0.4901120222843895,-0.6650169094103051,0.3335016730198136,0.0004415122529752291,-0.04337602762066471,-0.48807768530828544,0.04134169064456066,0.0,-0.11279280939093594,4.601121497510428,5667.211857832917
ID_1642378,-0.8214732540907113,-0.29597631158572413,-0.5254969425049871,-1.0377783870176325,0.419424440436214,0.3223776349956944,-0.1959243177871413,-0.0719912684601827,-0.25758135625766304,0.0,0.41222945071406264,4.59912848494142,5680.785181902087
Scoot Henderson,-0.8228714408292549,-0.7831383487449627,-0.03973309208429223,-0.7850322511390819,0.0686524214937412,-0.06675851909962194,-0.4079336497185255,0.3414150753347863,0.026785482299446974,0.0,0.37009446002835256,6.077505834609556,1236.7053106497974
ID_1631395,-0.8243584518472442,-0.7722212045539444,-0.05213724729329982,-0.992572527559863,0.21724505285625328,0.0031062701496653577,0.011178171783814556,0.03507804062105741,-0.09839345969817179,0.0,0.15703590392880426,4.798816660363505,3981.832670778403
Isaiah Crawford,-0.8246845511573208,-0.9060245588836812,0.08134000772636041,-0.6070065479601784,0.1214616181216024,-0.42047962904510516,0.06995319060144692,-0.02906879429091004,0.04045561141582354,0.0,-0.28763119379858926,4.585449638527667,5852.686874429841
Devin Cannady,-0.8247705194458843,-1.0116714031574383,0.18690088371155403,-0.5956590857686661,0.09762394540875671,-0.5136362627975288,-0.11267112441967067,0.30520316690213256,-0.005631158770907856,0.0,-0.11644030925754739,4.640576844480325,5233.445573128009
Mason Jones,-0.8284897585418708,-1.0817161875609829,0.2532264290191121,-0.5141602437202504,-0.18387099112937072,-0.3836849527113617,-0.11119182570199773,0.331227516235723,0.033190738485386784,0.0,-0.2031376891196227,4.491383390449249,7315.125585247826
ID_1641935,-0.8288001667796696,-0.7731384908170094,-0.055661675962660306,-0.8103133309450834,0.11422652201281039,-0.07705168188473628,0.07376497124191769,-0.023686893131944692,-0.10573975407263331,0.0,-0.09225180707650389,4.403600099410809,9497.589197379251
Noah Clowney,-0.8299404393579952,-0.8247885221218954,-0.0051519172360998955,-0.7467731996063871,0.018153155698395387,-0.09616847821390363,-0.06793877462915017,0.017264932382411897,0.04552192501063838,0.0,-0.015228465122457971,5.463495176557122,1908.8244361119123
Tremont Waters,-0.8314239956535032,-0.9221323011923914,0.09070830553888817,-0.7343081970171808,0.05199147477630531,-0.23981557895151595,-0.24475299087811186,0.31074136147415615,0.024719934942843885,0.0,0.1476371922417894,5.5555044864843435,1771.3846775470838
Langston Galloway,-0.8323240057834184,-0.7300911296353856,-0.10223287614803274,-0.745270891526488,0.23930799919504153,-0.22412823730393916,-0.047575608593156515,0.018060292247645895,-0.07271755980252212,0.0,-0.03947750566377385,5.081652413921837,2755.7336082097345
Troy Caupain,-0.8336945903462485,-0.8922200086997553,0.05852541835350678,-0.8384863848275329,0.1005002068436315,-0.15423383071585384,-0.1174584946204192,0.14126185683075265,0.03472205614317333,0.0,0.12225028910170366,6.668466745742456,900.9900220488477
Donta Hall,-0.8338604743429684,-0.9425223990915125,0.10866192474854411,-0.8320611952000739,-0.12685762754150587,0.016396423650067354,-0.07816989619412171,0.19551705757667642,-0.008685236634010603,0.0,0.0763706170512273,7.3261228285656,676.1457946243173
Sharife Cooper,-0.8340726155610005,-0.903878724024866,0.06980610846386551,-0.7587014515821238,0.1962934413231499,-0.3414707137658921,-0.07149774653986307,0.15425524881419284,-0.012951393810464257,0.0,-0.003873417439013621,4.489080576017724,7360.517506813563
ID_1642764,-0.8341197046085231,-0.7280604542853688,-0.10605925032315439,-0.8294833769405251,0.0889935554232405,0.012429367231915761,-0.24927719546524085,0.17141277223879908,-0.028194827096712616,0.0,0.2446408677972427,6.907240143385096,804.8031147557577
ID_1630847,-0.8344176535500383,-0.5723730213316298,-0.26204463221840846,-0.8715146796141133,0.16065903793720354,0.13848262034527997,-0.4317273428492453,0.20969636007017636,-0.040013649439339535,0.0,0.4688243689133203,6.095292462804483,1224.4130000930113
ID_1642401,-0.8348170994266445,-0.8978924411939421,0.06307534176729758,-0.8384736159169888,-0.0052254013438856675,-0.05419342393306756,-0.17411510282123846,0.26065579325154653,-0.02346534866301049,0.0,0.1777716193115828,5.558807544295318,1766.2591004661158
Riley Minix,-0.8362348202045216,-0.5813486514800478,-0.2548861687244738,-0.6098660694356022,0.07209856030729475,-0.04358114235174036,-0.5522130772699955,0.09160750938735832,0.20571939915816337,0.0,0.3258443265010761,4.593503136992284,5755.131776358467
ID_1630278,-0.836307612425587,-0.9951088298030313,0.1588012173774443,-0.7751383892714495,0.0029099872436665307,-0.22288042777524827,0.09879870566882229,0.09777207893877302,-0.03776956723015103,0.0,-0.15996792882295974,5.100377425109302,2692.468406499547
Ryan Rollins,-0.8363828951853399,-0.7499658974186101,-0.08641699776672981,-0.8123460799514912,-0.013117007093030188,0.07549718962591132,0.043542483229265044,0.051164287240314764,-0.18112376823630963,0.0,-0.06757929846311374,5.646254931616977,1650.9893435967501
Danny Wolf,-0.837156321877337,-0.9055613495054887,0.06840502762815173,-0.7801462726401925,-0.007750166305918953,-0.11766491055937724,0.030866509403727982,0.1654093262779957,-0.12787080805357195,0.0,-0.08787655864087243,6.678379283802461,896.5283589156151
Miles Norris,-0.8377036356389821,-0.945773880645984,0.10807024500700192,-0.7136332201707822,0.1267907438653293,-0.35893140434053106,-0.11586430839872035,0.11215472507420382,0.11177982833151845,0.0,-0.008206107069479496,4.564323320346535,6130.036384503187
Luke Travers,-0.8382466399726455,-1.184493002493761,0.3462463625211155,-0.8633708528058764,-0.121897761637568,-0.19922438805031645,0.21255167588319143,0.08476607277001867,0.048928613867905445,0.0,-0.1874274630499603,4.803887774237413,3950.543346250829
RaiQuan Gray,-0.8388538833431294,-0.9930631448732716,0.1542092615301422,-0.7848105653229894,0.11917131854022286,-0.3274238980905051,-0.15634163295021927,0.22797826023836115,0.08257263424200031,0.0,0.10229831493007924,4.729488685936858,4451.646245471796
ID_1631453,-0.8394076715460752,-0.9001265961999982,0.060718924653923034,-0.8125269179030303,0.009041562612199266,-0.09664124090916713,-0.1081655232958396,0.16335628940264474,0.005528158547117894,0.0,0.08128476965279477,5.9014899068462965,1378.7592432895747
Bruno Caboclo,-0.841586411105693,-1.1905344095204198,0.3489479984147268,-0.7560064627673915,-0.2526714031985811,-0.18185654355444714,0.11563510263707363,0.24015217570653988,-0.006839279928886749,0.0,-0.20121505097537512,6.066675001283236,1243.6173227738252
ID_1642696,-0.8417032518871504,-0.8666212956273791,0.024918043740228622,-0.931007130182053,-0.02390515259191888,0.08829098714659284,-0.018899518061895965,0.10282200935232098,-0.0590044475501964,0.0,0.10820339635679854,4.82739617438615,3810.1410296812433
ID_1642618,-0.8418098575582749,-0.9134582275736894,0.07164837001541452,-0.8332755659540229,0.02147529947811897,-0.10165796109778562,-0.44157669873079786,0.3547567257197525,0.1584683430264599,0.0,0.43304240712654574,5.159561238089363,2528.228411692674
Tahjere McCall,-0.8420666052733786,-1.1210660840627251,0.2789994787893465,-0.8398812691316039,-0.12086044608673051,-0.16032436884439064,-0.04352181295423185,0.2882812114402037,0.034240080303374665,0.0,0.041336476812457223,5.914350224144823,1366.711795926541
ID_1628150,-0.8427168608295733,-0.8109615351181325,-0.0317553257114408,-0.8408528263475723,0.09421079287503419,-0.06431950164559438,-0.051646096921136836,0.06989329852667647,-0.05000252731698044,0.0,0.049782062439135834,5.579862718693329,1738.485871447227
Cam Reddish,-0.8427177562182872,-0.7667549991250908,-0.0759627570931963,-0.6928556814315191,0.2256895505274764,-0.29958886822104813,-0.22990779554474094,0.09101849288365071,0.06292654556789393,0.0,0.08004572075797292,7.464403897882628,641.8440817682572
Kenneth Lofton Jr.,-0.8435603311131701,-1.0069660509746234,0.16340571986145336,-0.655444372338824,-0.1139298580148319,-0.2375918206209675,-0.0629144137877124,0.13960531865509407,0.08671481499407169,0.0,-0.12520154498663366,5.1826663863577735,2475.850931465099
ID_1629245,-0.8438469234768318,-1.0016432774549149,0.1577963539780831,-0.8500706994105705,-0.12568206364498247,-0.025890514399362047,-0.15727222883736988,0.27809530624497214,0.036973276570480836,0.0,0.16349600477110846,5.937309672444019,1351.0949832603592
Tyrell Terry,-0.8446833508248366,-0.9515330936953896,0.10684974287055309,-0.8273470832455546,0.04227989480214736,-0.1664659052519823,-0.1211176149394485,0.24032983535892966,-0.012362477548928061,0.0,0.10378134736016666,7.444684246711344,645.4736542126174
ID_1629699,-0.846610102347614,-0.8124507806790302,-0.03415932166858386,-0.9064307490764157,-0.024145321306813197,0.11812528970419872,-0.11942592477022142,0.18770341958341374,-0.10243681648177619,0.0,0.1792465714990231,5.838347290720767,1435.5895853696195
Phillip Wheeler,-0.8496929129765592,-0.9361290813550109,0.08643616837845168,-0.7900040376742501,-0.11318568719303583,-0.032939356487725,-0.4036772285666382,0.5727955224749777,-0.08268212552988781,0.0,0.343988353264329,4.386271928521947,10060.055056099649
A.J. Green,-0.8501613115113303,-0.7565255286481872,-0.09363578286314309,-0.7229614992284248,0.06322786966251799,-0.09679189908228046,-0.14810055296145339,0.09156026353438723,-0.03709549343607694,0.0,0.020900740678547823,7.347966583878474,670.9138291458817
Derrick Walton Jr.,-0.8504600778571445,-1.0056212273808263,0.15516114952368182,-0.7355819264607225,-0.004533098088825183,-0.2655062028312785,-0.07833443587088063,0.1471790878879544,0.08631649750660805,0.0,-0.036543715525541254,5.724162514757544,1559.3896739403624
ID_1642631,-0.8518900096359776,-0.8380292684923849,-0.013860741143592648,-0.9100261778721921,0.04326771336327573,0.028729196016531428,-0.23840128193775073,0.15783070555725956,0.06670983523689852,0.0,0.29653745017396527,6.4294613657244195,1010.59683387309
ID_1631235,-0.8521216845536114,-0.81828087093058,-0.033840813623031346,-0.7864774813467301,0.09024822575696675,-0.1220516153408166,-0.039259626380393264,-0.030988838882714073,0.03640765164007599,0.0,-0.026384576826487927,6.58631829782217,937.2482821859031
ID_1629703,-0.855318290561173,-0.9639185008128582,0.1086002102516852,-0.7707620835590088,0.054606269482411804,-0.2477626867362612,-0.04483494502518534,0.17665487247213812,-0.023219717195267588,0.0,-0.039721261976978874,6.0936529897735845,1223.1596656849956
Kam Jones,-0.8560913778351289,-1.2251859287581044,0.3690945509229755,-0.7860714855502967,0.0029926288778547756,-0.44210707208566247,0.2810577796326903,-0.0015877618490247047,0.08962453313930988,0.0,-0.3510776719175225,6.8142852676690255,842.0295003047914
Jordan McLaughlin,-0.8567434785946774,-0.8454080943317474,-0.011335384262930029,-0.815121240113559,0.0686789949825444,-0.09896584920073268,-0.09744110188333015,0.07490241590861225,0.011203301711787864,0.0,0.055818863402211844,7.2179057258976655,707.6719886788321
ID_1631378,-0.8568645738376434,-0.9274315207143476,0.07056694687670424,-0.8297876102492185,0.06972534465560958,-0.16736925512073864,-0.12360736788977562,0.20906706313652537,-0.014892748370045505,0.0,0.0965304043013508,7.2320189219118935,704.6684641052287
ID_1642038,-0.8570764017001993,-1.0492393739422392,0.19216297224204,-0.8801215475201274,0.0607963965485047,-0.22991422297061656,-0.05442465521834569,0.29950980386057624,-0.052922176400190576,0.0,0.07746980103827379,6.9825000342016645,776.042655229799
Georgios Kalaitzakis,-0.8572951916991258,-0.9203790800402336,0.06308388834110773,-0.809012575224492,-0.003696932693626434,-0.10766957212211517,-0.05497128970506304,0.1811523050460635,-0.06309712699989273,0.0,0.006688673230429168,7.353603414053724,669.026329986154
Markelle Fultz,-0.8575691376078874,-0.5634657395279293,-0.2941033980799581,-0.7951030121692311,0.1955678914543592,0.0360693811869425,-0.22775696518734417,0.024913444783952493,-0.09125987767656646,0.0,0.16529083974868775,7.3334116053477265,677.6821830786514
ID_1631441,-0.8598154845313422,-0.7789534610918981,-0.08086202343944401,-0.9139423033666358,0.10815794540085215,0.026830896873885623,-0.0592173357090435,0.09675279645329674,-0.11839748418369725,0.0,0.11334415454433727,6.903461362399574,807.9345795756863
Chris Silva,-0.8609891764208256,-1.3796557084838037,0.5186665320629781,-0.7896320457604755,-0.41730879469297866,-0.1727148680303495,0.15833812407267753,0.35598407121794384,0.004344336772356721,0.0,-0.22969525473302763,4.774236139245744,4135.061418680587
ID_1643121,-0.8623517409782298,-1.3178079531168176,0.45545621213858795,-1.0119357126518629,0.029694475795752916,-0.3355667162607076,0.27246090898549513,0.18482302359853137,-0.0018277204454385729,0.0,-0.12287693731186192,4.811865974671684,3895.4718327110027
Lamar Stevens,-0.8631480087273475,-1.1499208253874875,0.28677281666014,-0.8086764189896387,-0.11737253556456471,-0.2238718708332842,0.15450006500219107,0.06470986635131742,0.06756288530663146,0.0,-0.20897165473990004,5.128558352401739,2611.9770026253213
ID_204112,-0.8634396696210065,-0.8394710212591584,-0.02396864836184809,-0.7882791900519337,0.08144753783331146,-0.13263936904053616,-0.1787641439048618,0.18783414628428213,-0.03303865074126841,0.0,0.10360366433578902,7.542899533572094,621.4824344306298
ID_1629082,-0.8648707873827958,-0.8533193956493931,-0.011551391733402729,-0.8323134544301727,0.02342365977643467,-0.0444296009956551,-0.23542271767673625,0.21477852486931556,0.009092801074017963,0.0,0.2028653847241131,6.676680890601884,894.5531807942049
ID_1626218,-0.8664940629925361,-0.882802454943375,0.01630839195083885,-0.765903475288132,0.048408251821701886,-0.1653072314769449,-0.1683762230355164,0.1757009941492984,0.008983620837056831,0.0,0.06778563533111223,6.365335896863947,1049.5159214328196
Javin DeLaurier,-0.8687149404956289,-0.8217590757066666,-0.04695586478896228,-0.8812152780846214,0.10442803323273611,-0.04497183085478125,-0.1088459264463756,0.08606463674635154,-0.024174575088938215,0.0,0.12134626403536819,6.726202808560557,876.4290866837889
ID_1631261,-0.8691957649702386,-0.7792325431905232,-0.08996322177971555,-0.7582324263799458,0.008801085581660244,-0.029801202392237547,-0.18811495795452857,0.04810312306342123,0.05004861311139178,0.0,0.07715161936423572,6.303751933112499,1091.6005646430472
Nassir Little,-0.8697723642148212,-1.184189060953649,0.31441669673882783,-0.7299845629095917,0.04737676124533968,-0.5015812592893969,0.025091016378675057,0.2997384463606615,-0.010412766000508713,0.0,-0.16487881768390444,4.731399969478631,4434.989321920243
ID_1630845,-0.8706860062541106,-0.834508775502748,-0.036177230751362636,-0.824821647202504,0.04705970296128635,-0.05674683126153042,-0.11459268859090652,0.023915941552218795,0.054499516287325085,0.0,0.0687283295392998,7.517515024011529,628.5087570125829
ID_1631368,-0.8717221466555886,-1.0918942534622562,0.22017210680666766,-0.8338218281509882,-0.06115694483246334,-0.19691548047880475,-0.1662960340328865,0.3768507911055785,0.009617349733975641,0.0,0.1283957155282861,5.569589337337696,1749.548334873372
Patrick Baldwin Jr.,-0.8723454469815253,-0.7516684210457334,-0.12067702593579185,-0.7268294215454192,0.2340485332913464,-0.25888753279166066,-0.12312645845625855,0.13822866200577583,-0.13577922948530913,0.0,-0.022389566979847564,4.471830479795551,7708.8714183502
ID_1628614,-0.8728078700808303,-1.1548312013533264,0.2820233312724961,-0.9187226840911172,-0.1395644623397569,-0.09654405492245234,-0.16823974448858423,0.3809982050890639,0.06926487067201648,0.0,0.21415455849887116,5.960754120977297,1328.974295857088
ID_1629801,-0.875469696380219,-1.0704922402381725,0.1950225438579535,-0.8179072009952257,0.1197069961635918,-0.37229203540653855,-0.12249186415813507,0.3153266663181697,0.002187741697918893,0.0,0.06492936877314186,4.827507236266031,3814.1975384531343
J.P. Macura,-0.8755688888654148,-0.9199347086210378,0.044365819755622905,-0.8135654172607292,0.017255477773263514,-0.12362476913357215,-0.18156596060222555,0.2222237844315254,0.0037079959263230447,0.0,0.11956248899753982,6.99799086281105,774.1875089491036
ID_204181,-0.8768747816775644,-0.9672769118993085,0.09040213022174419,-0.8513734048664539,0.05142306283934599,-0.16732656987220065,-0.09254865757988669,0.1525969573273337,0.030353830474297183,0.0,0.06704728076877621,7.204854804693385,709.6127650803774
ID_1629240,-0.8769084648965764,-0.8668097841450884,-0.010098680751487954,-0.795641747117769,0.10001588615521997,-0.17118392318253933,-0.11908765137974593,0.1338821482225795,-0.02489317759432151,0.0,0.03782093360093862,7.189675792543488,713.2136632126459
ID_1629955,-0.8779354319823652,-1.0151216946424848,0.13718626266011955,-0.8540497749742131,0.03521105800561931,-0.19628297767389105,-0.027752672805704315,0.25116029659672323,-0.08622136113089937,0.0,0.003867015797552109,4.707197421197257,4613.830403392993
ID_1643382,-0.8796599775508309,-0.8273598508529182,-0.052300126697912674,-0.7739035067631724,0.011960027180531508,-0.06541637127027719,0.14330078624386547,-0.2213955209613687,0.025794608019590548,0.0,-0.24905725703152382,5.44544770895949,1934.7500343196086
Goldin,-0.8799523916983361,-0.8618006457861911,-0.018151745912144995,-0.823859862700822,0.1378873817581065,-0.17582816484347558,0.19180826212532762,-0.10543701689881357,-0.10452299113865904,0.0,-0.2479007911228417,5.029186986224042,2920.614960403517
ID_1643101,-0.8801187739486475,-0.8337195023085282,-0.046399271640119255,-0.6701281267902106,0.06744462486083147,-0.231036000379149,-0.0708540235262862,0.08864618540521985,-0.0641914335190529,0.0,-0.1391366236321506,4.8845321721985675,3507.962015921059
ID_1630317,-0.8803656341134184,-0.9561104648874938,0.07574483077407546,-0.861378593664936,0.027700343711507727,-0.1224322149340656,-0.13551113368096468,0.17576154234240787,0.03549442211263226,0.0,0.11652409323248226,7.165722120315347,722.0864909235427
Jaime Echenique,-0.8826267829923063,-0.6908224932490586,-0.1918042897432477,-0.7812534908468115,0.029566106374692133,0.06086489122306071,-0.2514553101148823,-0.021004288161695042,0.08065530853332964,0.0,0.15008201796938744,5.610588507468549,1695.037528094479
ID_1642940,-0.8842893234988582,-0.665900695148117,-0.21838862835074127,-0.7988829643007648,0.0404815096307823,0.09250075952186543,-0.2121708167393362,-0.16650120306997,0.16028339145856493,0.0,0.12676445754124266,5.14694914742284,2569.412438425569
ID_1641861,-0.8853150983716809,-0.9366127561903066,0.05129765781862575,-0.7880614254330738,0.07766930981386569,-0.22622064057109853,-0.19714805431909946,0.25305834173028074,-0.004612629592555539,0.0,0.09989438138049236,6.108450756166892,1212.807459831843
ID_1631399,-0.8858228760372875,-0.6806486313303542,-0.2051742447069333,-0.7875415641432607,0.2938709078589945,-0.186977975046088,0.2616932578760788,-0.2347404286125888,-0.2321270739704233,0.0,-0.35997456977010556,4.35629924952326,11272.396226244975
Alex Caruso,-0.8870870890149732,-0.9963443247383565,0.10925723572338335,-0.7913591378724186,0.010216793724320127,-0.21520198059025814,-0.08743111237133053,0.1921156003848246,0.004572747709889288,0.0,-0.008296838771224127,7.363494179970237,666.7178060490797
ID_1628610,-0.88746906076814,-0.8442594568920407,-0.04320960387609926,-0.8284744770883521,0.03994351644035381,-0.055728496244042414,-0.2724296929446255,0.14356939101651398,0.08565069805201225,0.0,0.2134351092648376,5.69227881462788,1595.836036164088
ID_1627589,-0.8884326526494366,-0.9895709573667264,0.1011383047172898,-0.8378040123699118,0.012280636046665214,-0.16404758104347983,-0.07923351886730476,0.14805620730706665,0.03231561627752791,0.0,0.028604878587779936,6.761249967608503,861.1290865736863
Joe Young,-0.8887272315475989,-0.7319043672808113,-0.1568228642667876,-0.7298035972502513,0.2457118110497064,-0.24781258108026638,-0.17476717418997065,0.018126707592543007,-0.00018239766935995716,0.0,0.015843539892623076,5.9255602824581475,1359.9440740155862
ID_1629212,-0.8892936076692592,-0.9640289850289245,0.07473537735966534,-0.8430174467720039,-0.07191874128517582,-0.04909279697174486,-0.13635730691060968,0.19513327727218754,0.015959406998087476,0.0,0.09008114601335435,7.330351232730672,674.3534106149409
ID_1631208,-0.8895238993970668,-0.6848561273280528,-0.20466777206901396,-0.9327182021795385,0.2300052911487972,0.017856783702688506,-0.20690129965600645,0.09033666911211144,-0.08810314152511894,0.0,0.2500956024384782,5.859692122767772,1417.411750546034
Luke Kornet,-0.8917051731357348,-1.028216260482927,0.1365110873471922,-0.7176214586465393,0.004563655461648639,-0.3151584572980364,0.0563186846765516,0.08538395722025331,-0.005191554549612738,0.0,-0.23040239916574712,6.743344967810981,870.5680713522872
ID_1643333,-0.8922857777238111,-0.7003994386306436,-0.1918863390931675,-1.0835116187955203,0.024189033105889483,0.35892314705898737,-0.388181452371543,0.16334207782413962,0.0329530354542359,0.0,0.5794072934432524,6.121701080931685,1199.7888813527684
ID_1643187,-0.8923904649418477,-0.6630765416180818,-0.22931392332376588,-1.0311150228661408,0.2188426537440334,0.1491958275040256,-0.09110313996333982,-0.0539020810496533,-0.08430870231077275,0.0,0.22982769788763296,5.097009843535641,2709.2938848958347
Jeremiah Robinson-Earl,-0.8927323622854715,-0.35969718297536357,-0.5330351793101079,-0.8892397733494017,0.19347545973648267,0.33606713063755544,-0.21364371415140873,-0.39203176661820416,0.07264030145950498,0.0,0.21015112521533888,4.760944546574307,4226.71999768854
Omari Johnson,-0.8927430385240317,-0.7003928378755463,-0.1923502006484854,-0.8471077729190708,0.1412688613470553,0.005446073696469184,-0.16421837350200177,0.020716029064298876,-0.04884785621078251,0.0,0.11858310789704084,7.260037888547506,694.1490558433989
Cameron Reynolds,-0.8935862741669305,-0.8436504894017904,-0.049935784765140066,-0.7977721070547282,0.06576812906064824,-0.11164651140771038,0.0055292138359853416,-0.012273898341963227,-0.04319110025916218,0.0,-0.10134338094818754,6.2568270776828925,1114.6613134661666
ID_1643264,-0.8938104993978114,-0.8219773291699553,-0.07183317022785615,-0.7534523841988723,-0.0124247383901337,-0.0561002065809493,-0.30603420529185066,0.21709940133646458,0.01710163372752993,0.0,0.1656760900929115,5.4517128848056,1929.108360061826
Isaiah Hartenstein,-0.8942159019435945,-0.8220572851628306,-0.07215861678076385,-0.7777199316503427,-0.0663702058094327,0.022032852296944738,-0.13649769764083097,0.08447079106134783,-0.02013171020128072,0.0,0.02000172734757915,7.439107911049747,647.1298897587487
Jalen Lecque,-0.8942925675654714,-1.0295882314535487,0.13529566388807734,-0.6438623680442019,0.009127456561575608,-0.3948533199709225,-0.42899541221136483,0.5101361150599653,0.05415496103947693,0.0,0.1785652126900953,4.625627132093966,5379.269183150835
MarJon Beauchamp,-0.8945960369054173,-0.763527049047542,-0.1310689878578754,-0.8349218544142891,0.03683543880573531,0.034559366561011856,-0.21176628436759543,-0.03418171692663477,0.11487901343635479,0.0,0.15209210187646718,4.727516567551607,4467.1111801176985
Saben Lee,-0.8946585653069079,-0.8542897319504109,-0.040368833356496964,-0.7845310865178565,0.04025860769848581,-0.11001725313104012,-0.09948669664526896,0.11738624235422376,-0.058268379065451764,0.0,-0.010640782143782307,5.483932988524239,1873.0803381075575
Cam Whitmore,-0.8949914219055409,-0.7368972528785609,-0.15809416902698,-0.7481099113084888,0.024329725199222094,-0.013117066769294167,-0.18846299934598432,0.0907192987664736,-0.06035046844746929,0.0,0.041581488748932235,5.577633335456904,1739.9319645320327
Sandro Mamukelashvili,-0.8969632641811038,-0.6357975311636082,-0.2611657330174957,-0.7882576415814323,-0.01648423428075163,0.16894434469857583,-0.0731176130205391,-0.12149933800087392,-0.06654878199608269,0.0,-0.03558800957913241,6.157719293467115,1179.9907081330268
ID_1641758,-0.8979160812632913,-1.0323033235769663,0.13438724231367508,-0.9226289476589739,0.31226330836227595,-0.4219376842802684,-0.17969551258009758,0.4447587544379844,-0.13067599954421175,0.0,0.2044083789757802,4.902148483088566,3435.2312761880085
ID_1641849,-0.8982819550907617,-0.6807481563172568,-0.2175337987735049,-0.8388708168846937,0.112616958924246,0.04550570164319079,-0.2865529262827524,0.11679924020491786,-0.04778011269567034,0.0,0.22714178807668434,6.584651375527576,936.1989766494155
Denzel Valentine,-0.8982983688438667,-0.953642895390073,0.055344526546206224,-0.7869464732398757,-0.04791771400023327,-0.11877870814996401,0.12630592967354556,-0.13379737147758586,0.06283596835024652,0.0,-0.23765782527753665,5.365191996398089,2076.0440843533797
Kaiser Gates,-0.9004512084113515,-1.100882569104762,0.20043136069341036,-0.7852874651365578,0.20799837459198983,-0.5235934785601939,0.2231704830941522,-0.013199748557576718,-0.009539373843165107,0.0,-0.3383342263689459,4.716081393283815,4557.842575621254
Isaiah Wong,-0.9023189485074992,-0.9266807650108492,0.02436181650335001,-0.8136129200066071,-0.185371934565085,0.07230408956084303,0.1319377724296831,-0.11566377054142801,0.008087814615094918,0.0,-0.22064380093057506,4.881057594385406,3534.963717429883
ID_1642583,-0.903095097950877,-0.6010705889259542,-0.3020245090249227,-0.9726069809068455,-0.14791631469110506,0.5194527066719963,-0.11102698180767288,0.03607644661213504,-0.22707397382938488,0.0,0.1805388647636414,4.740929545765859,4367.973141288828
Ousmane Dieng,-0.9035239187156521,-0.892938985946516,-0.010584932769136083,-0.7619946093638827,0.046627344438292535,-0.17757172102092578,0.05091101965316833,-0.052439179600251073,-0.009056772822053336,0.0,-0.19244032900493765,4.857189551543038,3653.630527476343
ID_1630645,-0.9039739764621588,-1.0303457674248029,0.12637179096264406,-0.8210946459742716,0.11021369996176839,-0.3194648214122998,-0.12010009182993231,0.27670529493488233,-0.030233412142305974,0.0,0.037220761342044925,6.026399123633476,1276.960191564773
Asa Newell,-0.904090086666258,-0.44881966727004474,-0.45527041939621327,-0.7826139494225023,0.23884015802058384,0.09495412413187374,-0.20021984763158868,-0.14227587385414642,-0.11277469791047814,0.0,0.07874371038783298,5.407423451115526,1996.4243851490048
Chinanu Onuaku,-0.9064642574837991,-0.9685029012907863,0.06203864380698725,-0.8189258996175282,-0.01734624684116433,-0.13223075483209376,-0.08217353802012503,0.12762409708426226,0.016588084742850027,0.0,-0.00536481984614582,6.847227821651331,828.4227123041263
ID_1642957,-0.9065740295211244,-0.6465611062655203,-0.26001292325560416,-0.6342245530901355,0.058371220134120175,-0.070707773309505,-0.4248301862132564,0.058563322004014276,0.106253940953638,0.0,0.15248070978226744,4.837128232989675,3763.8546809556783
Zikarsky,-0.906737629516555,-0.9295515374799959,0.02281390796344082,-0.6430482815680922,-0.2319435611836908,-0.054559694728212704,0.5926691523391948,-0.5060586474422593,-0.06379659693349474,0.0,-0.8563585002876575,4.76550529255151,4205.722144945425
ID_1631358,-0.9071164715502437,-0.7885842824271766,-0.11853218912306704,-0.7492568682844741,0.04647183733354499,-0.08579925147624742,-0.28538936487389177,0.20285631705567664,-0.03599914130485191,0.0,0.1275297616081223,6.92175460948226,800.7382116734918
Ivan Rabb,-0.907140190257118,-0.8752861939674734,-0.03185399628964457,-0.8542092490544645,0.050758604392815175,-0.07183554930582409,-0.11198702709938119,0.10205910169447265,-0.021926070884736023,0.0,0.0590560858967277,7.136815461462156,729.8902053554164
Craig Porter,-0.9080258686725587,-0.8382821359607682,-0.06974373271179055,-0.7084968202390822,-0.03812584246807349,-0.09165947325361251,-0.18535067326289284,0.07118098381502638,0.04442595673607592,0.0,-0.0141783751705837,6.848701830541487,828.7569151033025
Elfrid Payton,-0.9085901386587707,-0.8649900601597584,-0.04360007849901229,-0.8531869703881098,-0.09235436106423073,0.080551271292582,0.45245177153599847,-0.3306140928965272,-0.16543775713848355,0.0,-0.5078549398066595,4.606623187989931,5591.244818271605
Thon Maker,-0.9100128713675428,-1.0979206244753916,0.18790775310784877,-0.7979343191357556,0.06956076839287373,-0.3695470737325097,-0.24905273730980398,0.457713868563689,-0.02075337814603625,0.0,0.13697418507801676,5.619329640756303,1679.6260575026315
ID_1630603,-0.9105618374471152,-0.8867116727015928,-0.023850164745522352,-0.7651845149643792,0.010029784971339488,-0.13155694270855303,-0.14813409621333792,0.16416874967750145,-0.039884818209685875,0.0,0.0027567737306020343,6.716427521502893,880.9465556558742
ID_1643128,-0.9127371718508672,-0.3642390719327381,-0.5484980999181291,-1.1017498809805726,0.5579390141299492,0.17957179491788533,-0.2348501415356563,-0.11497165281590366,-0.1986763055665692,0.0,0.42386285066536167,4.9575144765174075,3196.978000709403
Armoni Brooks,-0.9129956252174125,-0.6199759780861679,-0.29301964713124456,-0.8166088526376954,0.3169818804592124,-0.12034900590768478,0.004388759438204909,-0.09192683368226798,-0.2054815728871815,0.0,-0.10077553201792186,4.696464425728406,4718.353278149165
Yuta Watanabe,-0.9130598534549781,-0.9312039294219974,0.018144075967019245,-0.7982289959341166,0.08459864797051586,-0.21757358145839673,-0.1158760052885707,0.14603302888011013,-0.012012947624520187,0.0,0.0010451477677090818,7.174796210148567,718.420575638806
ID_1629800,-0.914751350731146,-0.8402200004543581,-0.07453135027678787,-0.9231266982354223,-0.08231606827717126,0.16522276605823544,-0.1965071546638688,0.055800586800939106,0.06617521758614184,0.0,0.2048825021681451,5.889423808553947,1391.852080356693
Jaylen Adams,-0.9147930225510709,-0.9110112328205436,-0.0037817897305272193,-0.7682895585688195,0.02691880349676839,-0.16964047774849245,-0.03180192088838066,0.030637616233668778,-0.0026174850758153394,0.0,-0.11470154309387061,7.165827674423536,720.7355146193188
ID_1628512,-0.9151474560891937,-0.8958844368222697,-0.019263019266923948,-0.8823842699623679,0.07096538835112813,-0.08446555521102993,-0.09114119651619736,0.06006465606608649,0.011813521183186917,0.0,0.05837801038937161,6.743151640323424,868.4582438342165
ID_1629283,-0.9160737528353141,-0.9644023440314663,0.04832859119615223,-0.8506614245908698,0.11764479614948353,-0.23138571559008003,-0.10547683934825738,0.20432762316039782,-0.050522192615988205,0.0,0.040064511103813115,7.151265618929095,725.1347239032966
Ulrich Chomche,-0.916451723167425,-0.9759209978876053,0.05946927472018043,-0.7414157222979263,-0.20739315660635244,-0.027112118983326522,0.043428445646864045,0.11625904986595147,-0.1002182207926351,0.0,-0.2184644465163626,5.3334084411800715,2134.278209201109
ID_1630713,-0.917974186626136,-0.9631563220281077,0.04518213540197183,-0.8029356587511292,0.017953108219968636,-0.17817377149694724,-0.12831931321169066,0.15026128509819014,0.02324016351547234,0.0,0.013280785336683892,7.137705976914049,730.0031032527068
Jalen Bridges,-0.9181788213978814,-1.015609864867832,0.09743104346995052,-0.8878327968389113,0.22171869324137333,-0.3494957612702939,-0.22664810347516595,0.24474554706833615,0.07933359987678032,0.0,0.1963020789161959,4.389644692695161,9944.821206110599
Jaylen Morris,-0.918532579068783,-1.0106910590616374,0.09215847999285429,-0.8516537213098682,-0.013146484571373587,-0.14589085318039557,-0.09358385398803921,0.1693763813782147,0.016365952602678792,0.0,0.026704996229124346,5.4490619281081685,1931.1724548254574
ID_1630705,-0.9191597071498039,-0.9173969738827931,-0.0017627332670108187,-0.7982986969027697,-0.1843645581319539,0.06526628115193056,-0.3414973107914925,0.2627893769876336,0.07694520053684806,0.0,0.22063630054445832,4.5465629888168655,6375.237251093588
ID_1630597,-0.9205136507329624,-0.9953637571494872,0.07485010641652479,-0.8326552859340843,0.19644143108073453,-0.3591499022961374,-0.17596180637685366,0.20655920336130912,0.04425270943206933,0.0,0.08810344157797556,4.9001303837306756,3443.4612195632944
ID_1629953,-0.9208797757110491,-0.877366239714144,-0.043513535996905155,-0.8616757009106051,0.07551027926085316,-0.09120081806439205,-0.25407196877186167,0.17256853734463645,0.03798989543032006,0.0,0.19486789397141763,7.384950952209996,659.5721557075223
ID_1629862,-0.9210089282940519,-1.1415606427946303,0.22055171450057848,-0.9357640284300279,-0.09372660814508595,-0.11207000621951638,-0.13412340225929237,0.36197497227631237,-0.007299855516441519,0.0,0.1488785023952685,5.590865444128405,1718.5020545022571
Jones,-0.9212311826235712,-0.5621871935795467,-0.35904398904402446,-0.7751573817658468,0.4089260076067942,-0.1959558194204941,-0.06541022880697914,-0.2716226849449942,-0.022011075292051173,0.0,-0.08066357205074526,4.578468603553266,5936.376792222767
Sterling Brown,-0.9218227004793994,-0.8867442208504436,-0.03507847962895583,-0.816124958154025,-0.0002832697237000886,-0.07033599297271849,-0.20793443593245728,0.16246650856051448,0.010389447742986974,0.0,0.10223669360708287,6.108780430302266,1211.8407922700821
ID_1629184,-0.9221590393173404,-0.8196861299353468,-0.1024729093819936,-0.8380960771515373,0.02979265698261915,-0.011382709766428578,-0.08678872878615021,0.020795931968885545,-0.036480112564728946,0.0,0.002725766620347174,6.966551494338266,785.879390309698
ID_1641985,-0.9221659327618801,-0.50545677559292,-0.41670915716896006,-0.8015451461420365,0.15909305880664043,0.13699531174247603,0.1080930603169328,-0.19233550210171604,-0.3324667153841768,0.0,-0.2287138469367764,4.483559182967348,7469.429262971074
Nick Johnson,-0.9231101979281581,-0.9284720075968265,0.005361809668668362,-0.8738517605981277,0.03255987630392579,-0.08718012330262445,-0.08408674468845921,0.10284483613888133,-0.013396281781753758,0.0,0.034828307358428914,7.1703133143619135,719.6314574606138
ID_1628609,-0.9239418653716532,-0.9187918710933735,-0.005149994278279769,-0.8613276095773368,0.07069862596555193,-0.1281628874815887,-0.13976414585296493,0.14003025698840332,-0.005416105413718165,0.0,0.0771498900586484,7.464633922282919,640.9414305889932
Tyler Ennis,-0.9245146584531257,-1.012335072460467,0.0878204140073412,-0.845281418270687,0.027291112286614135,-0.19434476647639415,-0.07847671306136492,0.18473925144972425,-0.01844212438101813,0.0,-0.0007565271210739008,7.392255052601897,659.4766493950594
ID_1642027,-0.9252545020213137,-0.8366932327452745,-0.0885612692760391,-0.9247015725398228,0.3676215308887843,-0.2796131910942361,0.02799829758666908,-0.004456730279534721,-0.11210283658317347,0.0,-0.02855122706815999,4.826045599088185,3821.2375074007828
Jeff Dowtin,-0.9280985671485433,-0.7270083318849085,-0.20109023526363476,-0.7340141165865965,0.4364462703105835,-0.42944048560889553,-0.24793064807265447,0.20992341616798502,-0.1630830033589653,0.0,0.053846197510707655,4.6084872280592,5573.220650628071
ID_1628842,-0.9299525234585783,-0.9814941670032281,0.05154164354464982,-0.8300960362389168,0.009816964850557084,-0.16121509561486835,-0.03960407322000731,0.09197787736760653,-0.0008321606029494007,0.0,-0.06025241399965414,7.080261996327681,747.2042629949258
Cat Barber,-0.9310323642298244,-0.9772834015038545,0.046251037274030085,-0.8386593699587308,0.19286421418319188,-0.3314882457283156,0.00749441422266392,0.0814186582959592,-0.04266203524459304,0.0,-0.09986740849375754,4.9170581895606675,3364.456098161421
Devin Robinson,-0.9321757411423203,-1.0036884795864387,0.07151273844411847,-0.8225392173988624,-0.027136851248547228,-0.15401241093902904,-0.08580356041292482,0.18576522051804656,-0.028448921661003268,0.0,-0.023832963330532975,6.208875653958893,1143.8974268677905
Kyle Collinsworth,-0.9324585779460063,-0.988617477055446,0.05615889910943967,-0.7927500701347308,0.03780650887325858,-0.23367391579397376,-0.1048492155801252,0.18414896511596002,-0.023140850426395153,0.0,-0.03485929223115033,6.736447383784366,871.8569622177087
Bryce McGowens,-0.934272618806993,-0.7972281310397962,-0.1370444877671968,-0.586221323632859,0.07481757360698488,-0.2858243810139221,-0.25642986224070036,0.2060077401180461,-0.08662236564454255,0.0,-0.09162143293343368,4.894237857788595,3473.9987620353545
ID_1631122,-0.9345030373439825,-0.8096157189545949,-0.1248873183893876,-0.7882219657474623,0.09925998829622334,-0.12065374150335595,-0.11123453292787827,0.07088305531690331,-0.08453584077841264,0.0,-0.035046538668641936,5.660758625090734,1632.2822222172547
Malcolm Hill,-0.9357554377059076,-0.3749907836897485,-0.5607646540161592,-0.6714753716728441,0.21170038981669131,0.08478419816640428,-0.5576690949985789,-0.06334948657051476,0.06025392755293441,0.0,0.2933890289655153,4.362968759699033,10972.363748941209
Toby Okani,-0.9360683965822032,-0.23755445336122927,-0.6985139432209739,-0.9737643520280768,0.23176888435579213,0.5044410143110554,-0.3613158213975383,-0.18191947902219366,-0.15527864280124198,0.0,0.3990117768434119,4.830207169069069,3790.5905902105524
Trayvon Palmer,-0.9367424424795437,-0.9959147241617302,0.05917228168218644,-0.862127630706326,-0.06698347033863918,-0.06680362311676506,-0.08462319657632912,0.02211632642084462,0.12167915183767095,0.0,0.010008384803111336,4.9522607252636535,3216.3143202409688
Shaq Buchanan,-0.9369138837691414,-0.8650362070858566,-0.07187767668328479,-0.9267487430284012,0.18906305448340066,-0.12735051854085613,-0.22693560304566077,0.2141125624935465,-0.059054636131170506,0.0,0.21677046230492053,5.283636573216608,2233.875235752759
ID_1627396,-0.9371031297444137,-1.0153674595071434,0.07826432976272969,-0.8179485511865768,-0.017607788460893038,-0.17981111985967335,-0.14121535852550224,0.23164268301332688,-0.012162994725094948,0.0,0.022060779967665554,7.473989396733245,637.6052417452074
ID_1626260,-0.9375065557002962,-0.8962417946497184,-0.04126476105057769,-0.7827511661071894,0.12437197401575148,-0.23786260255828054,-0.19060950759931464,0.1494677191390436,-0.0001229725903066671,0.0,0.035854118006207886,5.899757185927559,1383.2060720946256
Gary Clark,-0.9396257805713284,-0.9231108596040369,-0.01651492096729145,-0.7780741245654484,0.07656926110523106,-0.22160599614381954,-0.2329388382217015,0.19702346944567106,0.019400447808738987,0.0,0.07138718221582155,5.201149806441572,2427.0752811481816
ID_1643105,-0.9398110890292632,-1.102814440032823,0.16300335100355973,-0.8417392069009031,0.08621330074458307,-0.34728853387650294,-0.729613599599581,0.8268999452131126,0.06571700539002817,0.0,0.631541717471221,5.262449681269121,2277.4051920505062
Kadeem Allen,-0.9404941794020193,-0.9921171560381489,0.05162297663612962,-0.8733208629444205,0.06684454966359735,-0.18564084275732573,0.024443316755953237,0.02708982329528569,8.983658489069082e-05,0.0,-0.091616633213552,6.593701983256987,933.679497181593
Haywood Highsmith,-0.940555263587913,-0.9995441719721183,0.05898890838420538,-0.8496279096202484,-0.0947795739869438,-0.05513668836492619,0.030503420932505798,0.0459690821395101,-0.017483594687810508,0.0,-0.12143077490017042,5.655711470994895,1636.748411366531
Jamal Cain,-0.9406036289334815,-0.6781077751561737,-0.2624958537773078,-0.6728158009171769,-0.05248647018534905,0.047194495946352194,-0.2735023392521374,-0.0014502103870598498,0.012456695861889466,0.0,0.0057145112358327615,4.913395859905934,3385.6183695288555
Marcus Bagley,-0.9412979378874621,-1.0957365950556182,0.15443865716815608,-0.6361236246023283,-0.0045699655442798665,-0.45504300490901,-0.004533694456440834,0.21445231222132824,-0.05547996059673134,0.0,-0.300640618828693,4.788011286440567,4046.4485415950776
ID_1642934,-0.9427841345205034,-0.5188113550504891,-0.4239727794700142,-0.7825916614210964,0.37768350192208905,-0.11390319555148176,-0.5985453420611124,0.16917259971259088,0.005399962878507296,0.0,0.43835286896170544,4.832198360055851,3788.094039838614
ID_1642623,-0.9430161373622605,-1.0073094201959873,0.06429328283372678,-0.8642285711698936,0.23493434762830717,-0.3780151966544009,-0.188914728045451,0.27979076397438407,-0.026582753095206288,0.0,0.11012716185308404,5.514789871628444,1827.8319893238254
Chaundee Brown,-0.9435998978171797,-0.9163216921528328,-0.02727820566434694,-0.9195631410331931,0.06815135417502016,-0.06490990529465979,-0.3285584923514,0.21707842198589852,0.08420186470115454,0.0,0.30452173556741347,5.130483336518591,2609.097239016449
ID_1626586,-0.9440386942060214,-0.9775160712251174,0.03347737701909599,-0.7771209411518787,-0.05654070061357622,-0.1438544294596625,-0.16354724125594788,0.2037735287493647,-0.006748910474320812,0.0,-0.0033705117981948467,6.878829853034067,817.1612602702013
Quinndary Weatherspoon,-0.944193257460862,-0.9701756894338845,0.025982431973022566,-0.8184257632859365,-0.10925664865580743,-0.042493277492140616,-0.09066893945028234,0.1592299613820249,-0.04257858995871998,0.0,-0.03509855472464314,5.086481638867339,2738.206781238976
Tyler Kolek,-0.9451240945629531,-1.0565645133630397,0.11144041880008665,-0.6582614806845771,-0.038642863333225586,-0.3596601693452371,-0.06263880247033536,0.1471949963652548,0.026884224905167224,0.0,-0.22422381140804065,5.964598284067395,1329.7207517012675
Marko Simonovic,-0.9473007144717618,-1.1023535464359657,0.15505283196420394,-0.83047677804105,-0.014467447593753319,-0.2574093208011624,-0.13524298288195574,0.20929404743188706,0.08100176741427262,0.0,0.01841904645124398,5.177457013650937,2487.985274778989
James Webb III,-0.9478492354437477,-0.8821759282184626,-0.06567330722528507,-0.7866530616123156,0.019457224877076622,-0.11498009148322351,-0.12756980265676315,0.08881209460491701,-0.026915599173438925,0.0,-0.03362637117466881,6.860418688540423,823.6019750308483
Juwan Morgan,-0.9478515349657387,-1.0798647264511712,0.13201319148543242,-0.7370702712490672,-0.048805083463878074,-0.2939893717382258,0.036616639657069266,0.12173950593139105,-0.026342954103027887,0.0,-0.24739790337374074,5.72768657243186,1554.8058586230513
ID_1630246,-0.9493839125555162,-0.897417061650224,-0.051966850905292274,-0.7802971064114694,-0.07592857734549818,-0.04119137789325637,-0.0875818665580112,-0.013072260906969252,0.04868727655968818,0.0,-0.08150493958603561,5.382720973982745,2041.8436170771436
Myles Powell,-0.9495755274565945,-0.784916066624241,-0.16465946083235355,-0.7169659798055631,0.031023514423948295,-0.09897360124262616,-0.24907969636110316,0.13907008170268326,-0.05464984617393365,0.0,0.01647014871007174,6.809948361093978,843.7286827445511
ID_1643246,-0.949759416868251,-0.2095893316255547,-0.7401700852426963,-0.6255034735592335,0.27076665669844396,0.14514748523523485,-0.4332855579260343,-0.2393923806392402,-0.06749214667742186,0.0,0.10902961461701675,4.884517159903609,3513.1258233176013
ID_1641914,-0.9497640671317057,-0.9573581020740395,0.007594034942333801,-0.8243550136535804,0.03401184448820999,-0.16701493290866906,-0.1718630426544985,0.21957334604497086,-0.04011626844813856,0.0,0.04645398917637323,6.829728526440243,833.9496349504082
ID_1643225,-0.9528831920237292,-1.3249521260807429,0.3720689340570137,-0.932897480308579,0.04492791365416103,-0.4369825594263248,0.2317210842062111,0.2082095504938483,-0.06786170064304568,0.0,-0.25170679592136114,4.870056108330406,3579.615171389735
Marial Shayok,-0.9537665390647703,-0.8009216822340701,-0.1528448568307001,-0.7451925888053776,-0.19733855866934702,0.1416094652406546,0.022143936851270335,-0.15915912098930038,-0.015829672692670035,0.0,-0.23071788711066282,5.3558777028695825,2091.351076237238
ID_1628753,-0.9544156043623984,-1.206988347630907,0.2525727432685085,-0.8186562053730698,-0.2819847684143301,-0.10634737384350695,-0.2581318902513761,0.5080984257192026,0.0026062078006820165,0.0,0.12237249126204755,5.533897118833874,1801.8426286740068
Damyean Dotson,-0.9557643108809066,-0.7895008563273586,-0.16626345455354813,-0.8258744766101702,0.19516895575126791,-0.15879533546845626,-0.18351847627711887,-0.0006054674841279029,0.017860489207698636,0.0,0.05362864200638239,6.107133181114241,1216.1321146935704
ID_1641777,-0.9560244081154048,-0.6279747329316416,-0.3280496751837631,-0.8310189895983089,-0.11204032818653155,0.31508458485319885,0.015566871847185304,-0.41418467103904977,0.07056812400810136,0.0,-0.1405722903642811,4.713708349918995,4573.15823349902
ID_1642452,-0.9566208089866647,-0.9522315692366725,-0.004389239749992207,-0.7203858426509813,0.017063064408454467,-0.2489087909941458,-0.03973181846358673,0.06409221796049977,-0.02874963924690525,0.0,-0.19650314787209683,5.320371449318307,2162.376951170465
ID_1628992,-0.9572343976763789,-0.8514128183689754,-0.10582157930740338,-0.982320590034998,0.10132061896101599,0.02958715270500667,-0.2665595353132665,0.1092451615575658,0.051492794448297304,0.0,0.2916457276718858,5.360722062737077,2088.7186120950946
ID_1630750,-0.9584279942360425,-0.9070914416242165,-0.05133655261182604,-0.9786883760294942,-0.025047444894310517,0.09664437929958825,-0.4950876256035396,0.19790670559245915,0.2458443673992544,0.0,0.5153480073969913,4.535886477073009,6548.33890373073
Amile Jefferson,-0.9588306141036024,-0.8979309666648899,-0.060899647438712456,-0.7797390707856516,0.04893010889838144,-0.1671220047776197,-0.1124988435889854,0.04750974256222602,0.00408945358804692,0.0,-0.06659269972896532,6.934978146487519,797.2785182553969
Thomas Welsh,-0.9594539148807811,-0.7880305548141937,-0.17142336006658745,-0.8470830726821914,0.10833191758842611,-0.04927939972042841,-0.1735479197777141,0.008512801488633717,-0.006388241777507044,0.0,0.06117707757912437,7.628980112274181,602.6554640994452
ID_1628532,-0.9598894881432872,-0.5844252390585164,-0.37546424908477083,-0.9898397902207674,0.30378063691553486,0.10163391424671606,-0.21987595006142274,-0.1611766272059661,0.00558832818261799,0.0,0.24982625213890278,4.860100565998567,3640.3165317639487
Marquis Teague,-0.9598987001763484,-0.7467139010461685,-0.2131847991301799,-0.8265242531263323,0.16974109545496963,-0.08993074337480583,-0.17612301395182495,0.008286132163908291,-0.04534791734226323,0.0,0.04274856690180885,6.779061285161307,855.0080264896892
ID_1641751,-0.9602322712792574,-0.8773460376701855,-0.08288623360907187,-0.7418248696997427,0.16654526773804718,-0.30206643570849,-0.17479777747889372,0.14350646919944415,-0.0515949253296223,0.0,-0.04360962410062098,4.807821001640575,3921.069619601458
ID_1630808,-0.960584581147359,-1.0044980461652973,0.04391346501793819,-0.8418681647850176,0.08395195889140274,-0.24658184027168245,-0.0992864188155628,0.19918589052566094,-0.055986006692159945,0.0,-0.019429997546778738,5.369806199109391,2067.9325136017706
ID_1629704,-0.9637189367071147,-0.7647371365271186,-0.19898180017999612,-0.744938195386483,0.10640754607924384,-0.12620648721987948,-0.17772460460950076,-0.029831376199162513,0.008574180628667147,0.0,-0.04105613671113101,7.060092347788987,754.2899068459171
ID_1628653,-0.9640130972836533,-0.9732082667668615,0.009195169483208157,-0.8079155683539482,-0.0320343196659119,-0.1332583787470014,-0.09538670196661117,0.12705713284868836,-0.02247526139886903,0.0,-0.06071082696309395,7.491780472246464,632.662426715653
ID_1642465,-0.9640940714925832,-0.9375374812915875,-0.02655659020099569,-0.7838328786866947,-0.0584938054614256,-0.09521079714346725,-0.34522341130845574,0.2771666480834557,0.04150017302400435,0.0,0.1649622185025672,5.670839055089782,1623.8876554638923
ID_1628477,-0.9641205529569149,-0.9181543911828539,-0.045966161774061,-0.911799537812429,-0.04454001576626755,0.038185162395842576,-0.06906257690441944,0.03567809193642131,-0.012581676806062871,0.0,0.016741561759933465,7.4900684151021535,633.5073761157757
ID_1630701,-0.9642740023010267,-0.9667966891398087,0.0025226868387819845,-0.8009291979441289,-0.048249274132755565,-0.11761821706292419,-0.14525909439641724,0.18746973608774048,-0.03968795485254126,0.0,-0.018085709960480534,4.568348552122477,6078.707708817761
Lachlan Olbrich,-0.9658670240432286,-0.5354179657255327,-0.43044905831769587,-0.7583499491914257,0.14428172704797784,0.07865025641791526,-0.21279233293612687,-0.15384439312798825,-0.06381233225358071,0.0,0.005275258084324136,5.245479820466114,2322.852472216504
ID_1630707,-0.9670905114351589,-0.8276838146287953,-0.1394066968063636,-0.7834226170640367,0.0013802091596223122,-0.04564140672438094,-0.1793661069475574,0.052553806047852133,-0.012594395906658364,0.0,-0.004301787423564862,5.38730257093147,2031.0571225017538
ID_1628654,-0.9671168806181462,-1.0285344617533834,0.06141758113523725,-0.8324810726160607,0.013132928723437937,-0.20918631786076053,-0.03352366499942916,0.1106571159808069,-0.015715869846140484,0.0,-0.10111214300265618,6.977609437014772,782.9237663211461
Milton Doyle,-0.9676626512147334,-1.1729132637319475,0.20525061251721408,-0.8848815090302181,-0.02359403106252187,-0.2644377236392075,-0.09291832091992142,0.30044793238814127,-0.0022789989510057784,0.0,0.010137178735406122,6.507944172229827,975.1345255542021
Eugene Omoruyi,-0.9679307084614532,-0.9288423188649316,-0.03908838959652163,-0.6931222116412847,-0.11589793897958368,-0.11982216824406318,-0.36495341806690523,0.2785496250577908,0.047315403412592806,0.0,0.09014492124673673,4.754280710491011,4261.7631012851725
ID_1641983,-0.9681244521819299,-0.8362557227486235,-0.13186872943330635,-0.7395947707639545,0.005402939829589393,-0.10206389181425837,-0.3870447959038183,0.21823846040595105,0.03693760606456089,0.0,0.15851511448584296,5.512686051336465,1827.2473223325312
ID_1629156,-0.9682549470276647,-0.8772244196953208,-0.0910305273323439,-0.8621810696437121,0.10315885670870811,-0.11820220676031687,-0.11952845703065197,0.10295377552246635,-0.07445584582415828,0.0,0.013454579646699313,7.021448016029536,766.0215934963262
Derrick Favors,-0.9684235325766278,-0.9299213485806793,-0.03850218399594854,-0.6787555094898159,0.09643887581548714,-0.3476047149063506,-0.16412874889480505,0.05754333720792204,0.06808322769093447,0.0,-0.12553927419200692,6.697571770218169,888.3065760517629
Briante Weber,-0.9688701345577835,-1.0569160407785285,0.08804590622074507,-0.7730613778530007,-0.008907922274196477,-0.27494674065133146,-0.10341327360819975,0.22017137817840912,-0.028712198349464306,0.0,-0.0923954830965831,7.170968281752407,720.6323859559759
Ignas Brazdeikis,-0.9693267358350237,-0.7564307730213942,-0.21289596281362957,-0.786755753550784,0.14881902937065727,-0.11849404884126752,-0.20816553657656348,0.005906573348416905,-0.010636999585483012,0.0,0.02559455429232365,6.659301232479372,903.2640178645808
Brooks Barnhizer,-0.9701184494975112,-1.0519194267653558,0.08180097726784458,-0.667815051186868,-0.25557372474341633,-0.12853065083507154,0.01798255704871546,0.13395649107991311,-0.070138070860784,0.0,-0.3202859553593587,5.0842203645228095,2737.5634788900725
Scott Machado,-0.9710646686769335,-0.8859702338989427,-0.08509443477799078,-0.8083552271102301,0.07924500384294855,-0.1568600106316611,-0.14347023892131344,0.07684468823057783,-0.018468884087255163,0.0,-0.019239202645389888,7.0433654836791,759.6928042192981
ID_1642058,-0.9723098529590932,-0.9679491966289926,-0.00436065633010068,-0.9425214360696554,0.03781510580053871,-0.0632428663598759,-0.07381050049966423,0.058132269403797246,0.011317574765766301,0.0,0.04402208361022636,6.100270477879979,1216.6703152709706
ID_1642615,-0.9725615835783019,-1.1999840049045694,0.2274224213262674,-0.7262210714402979,0.24271422081511174,-0.7164771542793833,-0.3705235722346665,0.6075054492503471,-0.009559455689413252,0.0,0.12418306009666229,4.502486655730792,7089.23718786075
Cormac Ryan,-0.9729002366808784,-1.1158526275875174,0.14295239090663892,-0.64676009601282,-0.12061936809227493,-0.34847316348242235,-0.010936578641487615,0.13508355293706112,0.018805416611065405,0.0,-0.31520356202657074,4.535608782281182,6547.4656284402045
Xavier Sneed,-0.9761417440998625,-1.248980333525494,0.2728385894256315,-0.7542737805179144,0.07425503341244902,-0.5689615864200287,-0.0494373859103909,0.31961205551277977,0.0026639198232425894,0.0,-0.17243057767155734,5.067332030927743,2801.666386675905
ID_1627208,-0.9778234619576783,-0.7513619829052611,-0.2264614790524172,-0.8811360351649203,-0.03692741333924726,0.16670146559890647,-0.21839150567175353,0.026589889653327238,-0.034659863033990906,0.0,0.12170407887899554,5.01241312573573,2983.7766354304354
Daniel Hamilton,-0.9779416146899428,-1.0298243082643406,0.051882693574397766,-0.8082890436837168,-0.051255889702316954,-0.17027937487830672,-0.09834622967959893,0.12840664964812373,0.02182227360587296,0.0,-0.07130634132662697,7.541485768879513,622.0092630314555
Kasparas Jakučionis,-0.9784454572377239,-0.760920601009706,-0.21752485622801787,-0.862175219096942,-0.0641123207090403,0.16536693879627612,-0.32690636164027687,0.15533615555809394,-0.045954650145834955,0.0,0.21063612349949484,6.75736227377664,866.5644764929407
ID_1629165,-0.9789012244723724,-0.9944824692640182,0.015581244791645757,-0.8203521501515755,0.02677400247676618,-0.20090432158920885,-0.09214234567854199,0.08539612968623854,0.022327460783949205,0.0,-0.06640672864225493,6.635547301614196,915.9649721563394
Josh Gray,-0.9796212474714707,-0.9477229518984458,-0.03189829557302491,-0.86159525256264,0.059182640733378616,-0.14531034006918445,-0.16984279315578202,0.20868722694823683,-0.07074272936547972,0.0,0.051816798246951276,5.4372658073087115,1947.3641069707312
ID_1630720,-0.9799514201055325,-1.0902340516988613,0.11028263159332885,-0.8956426066267544,0.059687164051299965,-0.25427860912340694,-0.1497349785876941,0.16041106361221413,0.09960654656880882,0.0,0.065426165108916,4.800364244113553,3966.273740499075
Theo Pinson,-0.9808587797169149,-0.8530018229449037,-0.12785695677201123,-0.7265758671991068,-0.05369071866470804,-0.0727352370810887,0.1183272747715107,-0.23632331224299788,-0.009860919300524034,0.0,-0.3726101872893186,4.821601319127039,3843.0092395921065
ID_1627897,-0.9816330833459858,-0.9093195581616496,-0.07231352518433617,-0.8444033264534898,0.020487339195334266,-0.08540357090349403,-0.1569238594573485,0.11725457877369327,-0.032644244500680965,0.0,0.01969410256485255,6.660474125262435,903.1675960476664
ID_1631462,-0.981710575347148,-0.5758969858505919,-0.40581358949655616,-0.8650455618912147,0.1680061380793063,0.12114243796131652,-0.29252879499253026,-0.04758966884060667,-0.06569512566341922,0.0,0.17586378153659693,6.056675834898971,1247.61827921039
ID_1629867,-0.9819086675999893,-0.9167060924329771,-0.06520257516701225,-0.9058614377214147,0.03888406166548757,-0.04972871637704991,-0.05936384059461565,0.045799173098444765,-0.05163790767084137,0.0,-0.016683389283958946,7.379942393863755,660.999976376542
Jules Bernard,-0.9824734444448896,-0.9623608221918623,-0.02011262225302734,-0.644013344618964,-0.02285413707387253,-0.2954933404990257,0.1309131998073095,-0.17770639893411574,0.0266805768737789,0.0,-0.46937329963323504,4.329211145778753,12598.265118724805
Melvin Frazier Jr.,-0.9828720533869783,-0.896476137975171,-0.08639591541180722,-0.7146647076113025,0.11411559896640337,-0.2959270293302718,-0.13894102308285228,0.17406519970590378,-0.12152009203485872,0.0,-0.12926632269282337,4.56666859229017,6092.106880124929
Robert Franks,-0.9829911839194888,-0.8516350068284481,-0.13135617709104078,-0.8125289102694468,0.04755847710790338,-0.08666457366690461,-0.20159928802961985,0.09687193721989468,-0.0266288262813156,0.0,0.03113701437957785,7.029604502854799,764.1919343159948
ID_1642610,-0.9834607026437361,-1.2253611707462635,0.2419004681025274,-1.0084915542637172,-0.11867746957238008,-0.09819214691016637,-0.025607831799838637,0.2464881223655826,0.021020177536783445,0.0,0.050638683419819606,6.081788122419885,1228.1611661615566
ID_1642524,-0.9841647165612297,-1.0358422791223239,0.051677562561094154,-0.811406417480065,0.06275125584101961,-0.28718711748327846,-0.21001972326348695,0.16040802421970402,0.10128926160487708,0.0,0.03726142418232223,4.571314391674101,6019.582890797909
Chris Chiozza,-0.985448707711565,-1.221768892146406,0.2363201844348411,-0.85856297871969,-0.007163523834568045,-0.35604238959214807,-0.15536286960751886,0.31939715788601364,0.07228589615634631,0.0,0.028477140615643853,5.0091769993805695,2995.156370357835
ID_1630348,-0.9857029741063308,-0.896775393970553,-0.08892758013577787,-0.8341085411610103,0.1461647645824381,-0.20883161739198075,-0.37201552445600605,0.2601907087849137,0.02289723553531451,0.0,0.22042109151068554,5.690912601255053,1597.0413534011368
Jerian Grant,-0.9863476266983565,-0.9685849644385692,-0.017762662259787298,-0.7747891459040487,0.033718380394093896,-0.22751419892861446,-0.16004128360375747,0.17008384067999696,-0.027805219336026792,0.0,-0.05151719719055041,7.636629194547765,600.8021833302391
DeJon Jarreau,-0.9869338774006661,-0.41300951840185807,-0.573924358998808,-0.750962038364011,0.24327471511898158,0.09467780484317131,-0.370377424657434,-0.23592544565146814,0.032378511310094185,0.0,0.13440558562077898,4.621060442727655,5435.296468180166
ID_1629779,-0.9874248034506278,-0.9841626332610016,-0.003262170189626136,-0.882747085140974,0.0578439779391081,-0.1592595260591358,-0.2571408039073531,0.2318678504301212,0.02201078328760577,0.0,0.1524630855976993,7.54238573582461,620.4210618523255
ID_1631300,-0.9876870008703859,-0.9797588621052276,-0.00792813876515825,-0.8568501945855646,-0.04476036392093864,-0.07814830359872438,-0.22987683811643525,0.169754124338101,0.052194575013176,0.0,0.09904003183161397,5.255681564393472,2299.609269668864
Michael Gbinije,-0.9880592511127875,-0.9329472237801502,-0.05511202733263737,-0.8739820142592827,0.03922179408528551,-0.0981870036061529,-0.0702487360283787,0.013534056982475853,0.0016026517132654676,0.0,-0.04382850082512607,6.2124506619859545,1144.4573765919147
ID_1629379,-0.9884510567662679,-1.0464735794096196,0.0580225226433517,-0.8873804363219778,0.0498785406541441,-0.20897168374178585,-0.2022302467122024,0.24022174841782462,0.020031020937729488,0.0,0.10115962626791236,6.675293478154825,897.5351255247228
Paris Bass,-0.9885955830873889,-0.8349543518493031,-0.15364123123808587,-0.748178791081552,0.1620572887287191,-0.2488328494964701,-0.35182183950413104,0.2199696925069111,-0.021789084240865914,0.0,0.11140504749829418,5.03865791100607,2890.238954316048
Billy Garrett,-0.9891922609950561,-0.9846708615946824,-0.004521399400373716,-0.8736693713278649,0.08888446556829335,-0.19988595583511082,0.01905985126356466,-0.03231438110381314,0.008733130439874767,0.0,-0.13458274093075584,6.501129379737069,979.452982956591
ID_1642607,-0.9895976782859444,-0.8896160334091894,-0.09998164487675504,-1.0876013933236133,0.16569995062580145,0.032285409288622474,-0.41944099523309974,0.5721235202753636,-0.2526641699190189,0.0,0.5174447102707687,4.579781255663973,5915.3507304058985
Nolan Traore,-0.9901352485410658,-1.0709307997580546,0.08079555121698878,-0.6940412683024958,0.10068259911075222,-0.4775721305663111,-0.3014292071158541,0.2783848237274976,0.10383993460534524,0.0,0.005335226877283994,5.671618201202951,1617.682286269311
Kyle Guy,-0.9904208751034969,-0.9104307916507421,-0.07999008345275473,-0.6150593619908606,-0.10653638935268482,-0.1888350403071967,-0.3024392203034866,0.3080056916816529,-0.08555655483092107,0.0,-0.07292229280914965,4.733336122132333,4421.295793756157
ID_1642485,-0.9913629088997913,-0.6932125876494781,-0.2981503212503131,-0.6119757175394258,-0.05783951147418341,-0.02339735863586892,-0.21690242462870132,-0.12133557493426292,0.040087678312651163,0.0,-0.1624847667316641,4.708292697413239,4612.947822051407
Devonte' Graham,-0.9914483584516494,-1.013442292375066,0.021993933923416573,-0.876252804494101,-0.09866584648736033,-0.038523641393604605,-0.02443081560437274,0.09431032666789228,-0.04788557714010297,0.0,-0.09076473835317563,6.905597083227269,804.1815931726791
ID_1629679,-0.9919273621025553,-0.8327240297189568,-0.15920333238359857,-0.8559004188801399,-0.03718394920365821,0.060360338364841365,-0.2754297227787704,0.17860262084389752,-0.06237623044872567,0.0,0.13940277955635502,5.6550732335444325,1636.5290962875297
ID_204192,-0.991935098987935,-1.0077860579674358,0.015850958979500895,-0.7980681296670397,0.002486662675770041,-0.21220459097616612,-0.05600687767138904,0.11167218389676013,-0.0398143472458702,0.0,-0.13786009164950613,6.978534170006108,781.1436145418663
Jahmi'us Ramsey,-0.9924545355909449,-0.9775339818445385,-0.014920553746406301,-0.6599677195501197,0.04319193213064492,-0.3607581944250637,-0.12727722477928005,0.04020214485489234,0.0721545261779814,0.0,-0.20520959126154503,4.524606318784891,6727.5501625560755
Jaylen Hoard,-0.9928277249433146,-0.9063605494678428,-0.08646717547547174,-0.7922683534039638,-0.06422373520095065,-0.04986846086292826,0.00427842812184917,-0.05684894184040701,-0.0338966617569139,0.0,-0.2048377996611998,5.858235452497072,1420.1528028543753
Sam Hauser,-0.9932052719744753,-0.9674733119744585,-0.02573196000001672,-0.6793254683498949,-0.05436786520017205,-0.23377997842439163,-0.11346422596530593,0.05577676731830068,0.03195549864698853,0.0,-0.20041557765927448,7.1711460117641055,720.5586479744488
Chris Clemons,-0.99449362526443,-0.9156716204814583,-0.07882200478297163,-0.7223005162380702,0.09742220584431555,-0.2907933100877036,-0.31465266054726687,0.2635585077600284,-0.02772785199573318,0.0,0.0424595515209072,4.967296752705538,3153.177455180067
ID_1629055,-0.9953482134803531,-0.9365302237295587,-0.058817989750794275,-0.892421695019359,0.04003489376318632,-0.08414342247338613,-0.13046176935779957,0.11156971580097398,-0.039925936193968684,0.0,0.027535250896805488,6.457502025235791,1001.1675433194279
Julian Champagnie,-0.9955473093500201,-0.8265072888893467,-0.16904002046067346,-0.7925783862333743,0.09005203403568399,-0.12398093669165633,-0.07075961735003555,0.022939522612221264,-0.12121992572285917,0.0,-0.13220930576661025,5.551309497395116,1772.1853580819202
Gabe York,-0.9957788651680385,-0.940750208489676,-0.05502865667836247,-0.7676868495526468,0.13604370296160145,-0.3091070618986308,-0.4419407122158444,0.36614623466243534,0.020765820875046595,0.0,0.21384869660045258,4.619979738352724,5443.891712012548
Jalen Pickett,-0.9959763338539747,-0.9041160210451534,-0.09186031280882118,-0.8405347929607356,0.2317560982553984,-0.29533732633981613,0.001164270996615785,-0.08319309775834996,-0.009831486047086998,0.0,-0.1566058118898547,5.2511156210003085,2308.335999362094
ID_1642044,-0.9967376295131243,-1.0160670980178628,0.019329468504738517,-0.8690045906327627,-0.009933184376157665,-0.13712932300894243,-0.08257162571832054,0.1169905206371327,-0.015089426414073638,0.0,-0.045161413162041045,6.33245486661539,1070.2281557569772
ID_1631258,-0.9970480944294873,-1.1860211765160855,0.18897308208659824,-0.7754391044598344,0.1605038407966724,-0.5710859128529235,-0.060342541680258155,0.21140643325239933,0.03790919051445706,0.0,-0.16126644828939474,5.0341349748600726,2911.3937922434343
Yante Maten,-0.9971087943872523,-0.9661318212636447,-0.0309769731236076,-0.7585284208579053,-0.026172058517316993,-0.18143134188842244,-0.13620824607939408,0.08248589547033956,0.022745377485446916,0.0,-0.10237212744995294,6.858597432737085,825.3029103082886
Emanuel Miller,-0.9974587035091876,-0.9523255057876653,-0.04513319772152231,-0.8131090348434534,-0.20260388352902375,0.06338741258481187,-0.09942905010416012,0.08186220024465225,-0.027566347862014444,0.0,-0.08492061856157407,4.4084155108791325,9331.439138373804
Malaki Branham,-0.9980742444802612,-0.7058916614470867,-0.29218258303317446,-0.6411064883202662,0.15469381966626514,-0.2194789927930857,-0.33299483134970354,-0.004648328513430097,0.04546057682995921,0.0,-0.023972924810291445,6.616892316170757,921.7398893217394
ID_1641992,-0.9981226237786625,-0.9525217159915221,-0.04560090778714028,-0.9677142751927486,0.003595258387574518,0.011597300813651956,-0.05464588467074327,0.08672199885168998,-0.07767702196808698,0.0,0.024237536084829467,5.9773361136612895,1312.5297410441076
Jaysean Paige,-0.9983803624608076,-1.0229413544536037,0.024560991992796072,-0.8661216410556278,-0.12765641031478797,-0.029163303083187944,-0.1734751841003346,0.29559523495404555,-0.09755905886091487,0.0,0.041216462695154776,5.270301628812983,2262.166625714346
ID_1641805,-0.9984653186535881,-0.6205114877514584,-0.3779538309021297,-0.8127007952769878,0.1430618010680075,0.04912750645752195,-0.20390236759336128,0.10831647199897852,-0.28236793530774695,0.0,0.018137844216761012,5.3674174386157585,2068.388794198436
ID_1643262,-0.9990159699988658,-1.0171253351175533,0.018109365118687513,-0.9159330418170031,0.06909932951837787,-0.17029162281892798,-0.39749676568316245,0.36216948539712,0.05343664540472994,0.0,0.3144138375012998,6.659689118512247,903.2532970473236
Gray,-0.9995370404609121,-1.259594179762542,0.26005713930163,-0.8382082293873024,0.04855209087408993,-0.4699380412493297,-0.49557371440092635,0.678513085819441,0.07711776788311528,0.0,0.3342449033273166,4.646090484427389,5170.743252530464
ID_1626603,-0.9997104884120647,-1.0779580598721377,0.07824757146007305,-0.750848998875883,-0.08776298952041123,-0.2393460714758434,-0.1710804196727707,0.2732959146372068,-0.02396792350436305,0.0,-0.07778106986341088,7.056383123090749,753.6745965267394
ID_1642089,-1.001772992372547,-0.854390635923418,-0.14738235644912895,-0.7822116294072032,0.03959826880777106,-0.11177727532398583,-0.287873071963279,0.045420791710330255,0.09506992380381979,0.0,0.06831170899793526,6.258518831816834,1114.5819575481014
Naz Mitrou-Long,-1.002670219849296,-1.0253499243227095,0.022679704473413415,-0.8421304104040862,-0.041769025647806365,-0.14145048827081705,-0.08276614266144763,0.11463181870900097,-0.009185971574139917,0.0,-0.07777366678376235,6.407347417803029,1027.7130868172694
Jon Teske,-1.0028701835504272,-1.0548942970677833,0.05202411351735599,-0.8197714104630089,0.1327687814937648,-0.3678916680985391,-0.06168682424865002,0.10098458792212647,0.012726349843879534,0.0,-0.12141194883876831,6.143103954386424,1190.9104902004574
ID_1626280,-1.0032316644170476,-1.0798494640550844,0.0766177996380368,-0.8383239734754212,0.07557453343641334,-0.3171000240160765,-0.1329593074476706,0.1612881285721847,0.0482889785135227,0.0,-0.03194838349395577,5.283914948485182,2234.3000726071177
ID_1630617,-1.0034862457650722,-0.8758019695855337,-0.12768427617953845,-0.7939132062638885,0.14264240658605076,-0.224531169907696,-0.18765980087469597,0.06107342012059434,-0.001097895425436847,0.0,-0.021913238626487745,7.470250194671307,639.5759153400446
Dalen Terry,-1.004847894722961,-1.1319054232439725,0.12705752852101138,-0.7803956941577972,-0.05082725218841015,-0.3006824768977653,0.04383772904167604,0.10777043689275864,-0.02455063741342331,0.0,-0.2682899296068401,6.277247573552396,1102.1904808258387
Reggie Hearn,-1.0051672653773505,-1.0911223563392993,0.08595509096194884,-0.7116631083090957,0.03562552497367906,-0.4150847730038827,-0.1599870768606829,0.2107737650032382,0.035168402819393534,0.0,-0.13351708020757191,5.061734910294785,2812.9461878644056
Max Christie,-1.0057494064733625,-0.9032844578916466,-0.1024649485817159,-0.7774940436043013,0.09172484122223024,-0.2175152555095755,-0.1231483400237314,0.04660125344088786,-0.02591786199887236,0.0,-0.10510702284532977,7.2848442688518995,687.8750419392597
Trevelin Queen,-1.0064620666901452,-0.9268146712906342,-0.07964739539951096,-0.6040039242648567,-0.2778554431418358,-0.04495530388394167,-0.37405902838046795,0.3329107393992998,-0.038499106418342845,0.0,-0.02839911404482052,4.568747347941287,6063.698434253687
ID_1630807,-1.0073532383679344,-0.8850851213557291,-0.1222681170122053,-0.7968858491180119,0.07791457579957389,-0.1661138480372912,-0.16802583172780597,0.0969363184388509,-0.05117860372325023,0.0,-0.042441557522116646,6.989281886576013,775.9562577237448
John Holland,-1.008145519047287,-1.0015309949917415,-0.006614524055545495,-0.8271520336004693,-0.00428488771755435,-0.1700940736737178,-0.089778990846046,0.08447136264449324,-0.00130689585399274,0.0,-0.09121449460077162,7.06142981382023,753.8389413951356
Rashad Vaughn,-1.009559352646893,-0.9486194823963168,-0.06093987025057612,-0.859693396980446,0.017769775135614035,-0.10669586055148478,-0.15257277126307559,0.19407958784454565,-0.10244668683204619,0.0,0.00270681559662872,5.630730636969909,1670.5365853804035
ID_1642105,-1.010681633181115,-0.8436642444900628,-0.16701738869105215,-0.821240452133684,0.021151935532011966,-0.04357572788839087,-0.13919086762084917,0.0277468402800232,-0.055573361350226176,0.0,-0.05025031342658188,5.503229150373046,1844.955065442985
Leandro Bolmaro,-1.0113433677905335,-0.9395256264516121,-0.07181774133892133,-0.815626883711343,-0.08649865223728558,-0.03740009050298358,-0.017228213914359414,-0.014938003078494286,-0.039651524346067626,0.0,-0.17848827016483104,6.46133521744819,999.5511936041858
Jamir Watkins,-1.0114058847087117,-1.2752361086892574,0.2638302239805456,-0.8810622050603247,0.1007779207833854,-0.49495182441231805,-0.2665864863944487,0.4424729285400557,0.08794378183493862,0.0,0.13624280674606165,6.261866438731146,1111.2351207405457
Glenn Robinson III,-1.011696825018571,-0.8391880059145685,-0.1725088191040024,-0.8150710336245487,0.15445465056079802,-0.17857162285081787,0.015128618144863104,-0.10361908223079205,-0.08401835501807345,0.0,-0.21175440953888536,5.338440733766323,2123.6960209288563
Petr Cornelie,-1.012226899780071,-0.8972696804186533,-0.11495721936141756,-0.8089041402393715,-0.016324767144080356,-0.07204077303520143,-0.1410027402886656,-0.03786008197073415,0.0639056028979822,0.0,-0.06232001925203373,6.667375880526082,901.4480189119402
Pat Spencer,-1.0123041488284452,-0.8551515408267951,-0.15715260800165015,-0.6564310820539485,0.0031760498050802596,-0.20189650857792682,-0.23396582375444266,0.11732481130706934,-0.04051159555427683,0.0,-0.12190724302005404,4.9395551358055165,3267.212770587619
Jeremiah Martin,-1.0123315678217222,-0.9879129070488374,-0.024418660772884904,-0.7339147889228754,0.007646106531856902,-0.2616442246578189,-0.18302413598047249,0.1406616270590671,0.017943848148520486,0.0,-0.09539264291837443,6.853534905387754,826.6965861614337
David Stockton,-1.0136218536525172,-1.158763700886074,0.14514184723355672,-0.7516221439241745,0.11790117869440526,-0.525042735656305,-0.2313211430899002,0.45245960356598014,-0.07599661324252321,0.0,-0.030678566638442817,4.574190862935798,5993.054541172376
ID_1630569,-1.014447491456559,-0.7285899752153793,-0.28585751624117983,-0.6886469209365733,0.07623634474992072,-0.11617939902872668,0.04214860437700371,-0.18327214185127558,-0.14473397876690794,0.0,-0.3679491748969895,4.413667466178827,9173.321865776503
Tony Snell,-1.0147101442399071,-0.8691266282743776,-0.14558351596552943,-0.8985388514726974,0.08831895901669667,-0.058906735818376896,-0.16541025599156456,0.0059171757986603984,0.013909564227374716,0.0,0.04923896322435489,5.067074126612156,2798.1822662015957
Jaron Blossomgame,-1.0148849913590554,-1.0452053988432595,0.030320407484204087,-0.8593060599048965,0.07550836054264716,-0.26140769948101017,-0.09213338807474208,0.18572739356579282,-0.06327359800684665,0.0,-0.06344554337941685,6.073011598847578,1239.6310359226268
Taze Moore,-1.0155250426203295,-0.8213551138210913,-0.19416992879923828,-0.7995224195410154,0.1267405676305572,-0.148573261910633,-0.2626997701142663,0.20100673475447028,-0.13247689343944224,0.0,0.04669714703495223,4.635874148849819,5271.2815691695905
Deividas Sirvydis,-1.0155412796714967,-0.8827359795734142,-0.13280530009808242,-0.6996295451077592,0.045487233425611236,-0.22859366789126617,-0.14230734626438854,-0.031242129050689432,0.04074417521699556,0.0,-0.17360438829934882,5.484259725906599,1870.7697486938364
ID_1643208,-1.0162128581025425,-0.8893511685314304,-0.12686168957111219,-0.858053868090383,0.24460454424596995,-0.2759018446870174,-0.6253773209656245,0.35496612099436275,0.14354951040014954,0.0,0.4672183309534649,4.732556688276936,4426.8441590986495
ID_1626201,-1.016533556477535,-0.7778998356515148,-0.23863372082602025,-0.784566889756704,0.08518456915308933,-0.07851751504790011,-0.27913179378307645,0.02294132645283361,0.017556746504222606,0.0,0.04716512706224544,6.659466047475982,898.9775886120005
Miles Kelly,-1.0185327999023044,-0.5451457878912618,-0.4733870120110426,-0.5612518691630637,-0.0029219847237561547,0.019028065995558036,0.10150661457575902,-0.4265362734574327,-0.14835735312936896,0.0,-0.5587875453149997,4.776312896575893,4123.42085124917
ID_1642965,-1.0188785196040477,-0.8791562670241754,-0.13972225257987247,-0.5103260009806521,0.04963223900889642,-0.4184625050524197,-0.9271363103834259,0.8213953845359607,-0.03398132673240728,0.0,0.41858379176003013,4.6209079563322515,5418.514136460773
ID_1641811,-1.0192191857762485,-1.0855061285755871,0.06628694279933861,-0.6842055417834567,-0.2156842136205145,-0.18561637317161603,-0.2286484460791999,0.16767266107232928,0.12726272780620923,0.0,-0.10636519791359203,4.7787261092331,4109.338585240481
Baylor Scheierman,-1.0218976993438509,-0.8697538815137537,-0.1521438178300973,-0.8877901461810248,0.17217325923018478,-0.15413699456291363,-0.37067093926155775,0.17128299687182005,0.047244124559640395,0.0,0.2365633860987316,5.291288892674457,2223.863889061383
ID_203583,-1.023762814159966,-1.1028212131196151,0.07905839895964907,-0.7670316712521156,-0.3013443834720887,-0.03444515839541093,0.10987778667587436,0.029052510125066155,-0.05987189784129145,0.0,-0.36660892958372493,4.878875728686289,3546.161366292473
Gradey Dick,-1.023824675365578,-0.8296817864811574,-0.19414288888442066,-0.8470361414600274,0.03055648745708304,-0.013202132478213086,-0.21341257082282597,0.11710929439832654,-0.09783961245992123,0.0,0.036624036917275254,7.140556046434996,727.4675305150568
Tacko Fall,-1.0241345308478378,-0.9019273860284984,-0.12220714481933945,-0.8458576683504342,-0.1799546814777186,0.12388496379965447,0.10627697283656537,-0.23894698129847977,0.010462863642574947,0.0,-0.284553835333969,6.346232723031434,1058.9324144336515
ID_1642759,-1.0243878741270462,-0.8565629994175029,-0.16782487470954335,-0.8848103151124769,-0.00656392703963405,0.03481124273460798,-0.2579818365474829,0.14652585496297935,-0.05636889312503978,0.0,0.1184042775329135,5.766286356837197,1510.5587503351785
Rayjon Tucker,-1.0246545566919374,-0.8491505312085398,-0.17550402548339758,-0.7628354402261137,0.2603944013706972,-0.3467094923531232,-0.2453835456277028,0.17020020640255043,-0.10032068625824522,0.0,-0.016435570838120805,5.445587649781801,1935.7524790371335
ID_203927,-1.024768832828985,-1.0483896604711167,0.023620827642131616,-0.8362892228960251,0.13050499196925983,-0.34260542954435136,-0.09036387888742507,0.09797348137022781,0.01601122515932888,0.0,-0.09811573104553484,7.279601245824258,689.3398797008484
ID_204105,-1.0254362515208675,-0.8881424384399055,-0.13729381308096206,-0.7852474164485146,-0.10066155554857868,-0.0022334664428122486,-0.18286433776513167,0.11584270574566174,-0.07027218106149213,0.0,-0.05732449730722132,6.162888937491053,1175.5778920821547
ID_1631322,-1.0255850160049222,-0.6004212367491211,-0.4251637792558011,-0.8222538505943141,0.22250678858407796,-0.0006741747388849806,-0.16991761067660668,-0.3130043359899135,0.05775816741071912,0.0,-0.033413554734001406,4.456083949166916,8064.234287670824
ID_1629756,-1.0259898209454361,-0.7720031500861382,-0.25398667085929805,-0.7351103342502244,0.1792686017551896,-0.21616141759110324,-0.22876334250665953,0.03545442410977583,-0.06067775246241438,0.0,-0.062116144188552186,7.46371849822148,640.8956700639953
Jamel Artis,-1.0260074317634411,-0.9584013549072976,-0.06760607685614353,-0.8104404355687773,0.04680410630339442,-0.19476502564191464,-0.09304759781022168,0.03055965428441766,-0.00511813333033952,0.0,-0.12251939838444209,7.281099388840636,687.9263487961432
JaQuori McLaughlin,-1.0270825820031635,-0.5841362456618708,-0.44294633634129255,-0.8402516312256213,-0.01618268827397036,0.27229807383772087,-0.5634424304349401,0.0997815938266966,0.020714500266950958,0.0,0.37661147965739805,4.7628706114879025,4206.253864800223
ID_1627867,-1.0281751646118389,-0.9219819837363239,-0.10619318087551502,-0.8582836353838493,0.12837744183092897,-0.19207579018340362,-0.21051468283313546,0.13948520041246032,-0.03516369845483989,0.0,0.04062315360514578,7.425996526101275,650.0996853592255
ID_1643129,-1.028712226651936,-0.7976762530489961,-0.2310359736029397,-0.7736424925027146,0.020398888243242156,-0.0444326487895238,-0.3973246789429548,0.09522953050396338,0.07105917483605173,0.0,0.14225494479373346,5.441323176114035,1939.7132544101628
Ty-Shon Alexander,-1.0287550851685652,-1.1398715243648039,0.11111643919623873,-0.829625642562383,0.01545491995763864,-0.32570080176005944,-0.0681943878140816,0.22441950707575195,-0.045108680065431624,0.0,-0.13093505479210046,6.104814841679075,1214.398308778308
Walter Lemon Jr.,-1.0293748741292157,-0.9832858689036408,-0.04608900522557484,-0.8287994461514023,0.09458328864217794,-0.24906971139441636,-0.09525924713845499,0.11764925696230939,-0.06847901504942924,0.0,-0.10531618083935827,5.201694062342469,2423.6352437771307
Adou Thiero,-1.0294997149743328,-0.9049741761957644,-0.12452553877856852,-0.670247258413756,0.011932897588461298,-0.2466598153704696,0.011847516519699869,0.014402845046835241,-0.15077590034510363,0.0,-0.3710999730802767,6.705126448201725,883.9544176497486
Matt Hurt,-1.0295160355627184,-0.9977309702569459,-0.031785065305772416,-0.74685488063226,0.37874991671826685,-0.6296260063429527,0.1257810536687399,-0.15738321375205366,-0.00018290522245865276,0.0,-0.4084422085991982,4.918692899883234,3357.249011830154
Jalen Jones,-1.02961223382148,-1.0473138036381369,0.017701569816656944,-0.7811691500167104,-0.041376304010369694,-0.22476834961105685,-0.10283540200973153,0.17069917340088697,-0.0501622015744985,0.0,-0.14560768179503805,6.380353901749406,1041.3336032578513
ID_1628052,-1.0304205118463212,-0.9779610385252246,-0.05245947332109665,-0.8363775634748535,0.05104294088865868,-0.19262641593902988,-0.19289981631132996,0.13211619090553317,0.008324152084700144,0.0,-0.0011431320601378789,6.647584815245263,909.9447028332334
Jerome Robinson,-1.031528672670989,-0.825652812700155,-0.20587585997083394,-0.7794173492127152,0.0053810846508258806,-0.05161654813826562,-0.006733261349237768,-0.19961123715485088,0.0004686385332547012,0.0,-0.2453780621090359,5.016506269922066,2968.8524059918714
Daryl Macon,-1.0317174370529716,-0.9225616049765426,-0.10915583207642895,-0.7961717684777972,0.08420918715739774,-0.21059902365614316,-0.21013121631247655,0.09116435030393404,0.009811033932113557,0.0,-0.02541445226269782,6.7571253057926315,863.7934142683206
ID_1630801,-1.0317994951031255,-0.884542967212363,-0.14725652789076255,-0.8103565923976588,0.05827655170763854,-0.13246292652234287,-0.22409326467844048,0.05131508847543152,0.02552164831224641,0.0,0.0026503619729736014,7.199559400809774,712.5551516470208
ID_1629789,-1.032824053807438,-1.0281168237811926,-0.004707230026245464,-0.8220225394385596,-0.0034349123401092863,-0.2026593720025237,-0.19134664515885033,0.22753186207744952,-0.04089244694484465,0.0,-0.019454869210028126,6.75375410764494,865.2839242841906
Duane Washington Jr.,-1.0338732319348987,-0.8831640239340163,-0.15070920800088244,-0.7451362201540495,-0.024564515770544283,-0.11346328800942251,-0.09233203451003302,-0.03557955343454024,-0.02279762005630919,0.0,-0.19640497727081624,5.893820964545894,1387.7680496604958
Ashton Hagans,-1.0368865081853715,-0.9656375144194775,-0.07124899376589403,-0.7546598107625708,-0.033396963854776446,-0.17758073980213027,-0.2764581271228337,0.1370180513418093,0.06819108201513036,0.0,-0.005768570299967052,4.799491302703585,3978.4600194727327
Romeo Langford,-1.0401466836348439,-0.8389041021291253,-0.20124258150571872,-0.9379773714208548,0.10742281533970234,-0.008349546047972833,0.011747000159587767,-0.018107826153879042,-0.19488175551142745,0.0,-0.11391631237357698,5.689991793520461,1597.5335434532808
ID_1642592,-1.040214295456458,-0.5637222408630163,-0.47649205459344174,-0.8267166921709642,-0.08523915384853457,0.34823360515648255,-0.3673917774199158,0.2543587445152108,-0.3634590216887367,0.0,0.15389417413442202,4.515223003925131,6884.382461431776
ID_1631341,-1.040887670137782,-1.0606321998934651,0.01974452975568311,-0.8188499160004935,-0.09527286269799866,-0.14650942119497307,-0.2140755884087141,0.22406740156985996,0.009752716594537247,0.0,-0.007962165728574527,5.627255300688634,1671.8057722615667
Terrence Jones,-1.0416314665508024,-0.8637058094553723,-0.17792565709543,-0.7923285856711674,0.08973077029778638,-0.16110799408199136,-0.12060074102335627,-0.019806706448456557,-0.03751820962361718,0.0,-0.1287021398562787,7.5592943637625805,618.523984544026
Day'Ron Sharpe,-1.0417661082167347,-1.0278383410334622,-0.013927767183272377,-0.8684461267166542,-0.21611007318553382,0.05671785886872582,-0.12440562421735318,0.15803455454411766,-0.047556697510036855,0.0,-0.048914357282727194,6.478753030334136,992.3970628154958
Treveon Graham,-1.04248376523197,-0.9962062681308137,-0.04627749710115626,-0.955533130435203,0.010052567290977959,-0.050725704986588516,-0.12465775173291929,0.017447320323505072,0.06093293430825796,0.0,0.03770711693615248,5.529856916281021,1804.6418466574094
ID_1641893,-1.04421351193163,-0.675622126099156,-0.368591385832474,-0.7363362412564987,-0.004873284459856908,0.06558739961719964,-0.3971558418722962,0.03424588143204579,-0.005681425392223535,0.0,0.089278571197165,4.905473276503706,3411.8191800994655
Vince Williams Jr.,-1.0443406897169636,-1.0756604284657996,0.031319738748835924,-0.7852225797901831,-0.10972971848664902,-0.18070813018896748,-0.04764551148705956,0.1079262487128643,-0.02896099847696881,0.0,-0.21147259843972102,7.358424104147252,666.5980657951903
Cassius Winston,-1.0446156857372202,-0.983194790140913,-0.061420895596307236,-0.721452634401882,0.08884608555659024,-0.35058824129562133,-0.1145115036177781,0.05955631559821084,-0.006465707576739983,0.0,-0.20865154771756023,6.506782952507786,977.37617357948
Joe Chealey,-1.0449032478237497,-1.0551226552341018,0.010219407410352186,-0.8346371731400735,0.10937033455627242,-0.3298558166503007,-0.12538572226857836,0.14628576922558234,-0.010680639546651795,0.0,-0.08488035241509775,5.540255687628424,1791.5859608225853
Keifer Sykes,-1.0454112964638078,-0.9710419652984552,-0.07436933116535252,-0.8309627027260889,0.07053114025780335,-0.21061040283016969,-0.19599990045303164,0.1261648951382553,-0.004534325850576164,0.0,-0.0184486932846872,4.902616937534682,3432.0954920175627
Marcus Derrickson,-1.0457476698403763,-1.1226903311649266,0.07694266132455027,-0.792968658064108,-0.024958081797319925,-0.3047635913034987,-0.13308609160730778,0.2148306513897278,-0.0048018984578697445,0.0,-0.11969292016896063,6.7463777629562705,867.8789806208456
ID_1642521,-1.0465073128767104,-1.0212530672994935,-0.02525424557721699,-0.9743797116067835,-0.0064258366172145545,-0.04044751907549554,-0.12200485682189256,0.1623561854327013,-0.06560557418802573,0.0,0.04987725555196548,7.563210216143722,616.1922858738374
Adam Mokoka,-1.0465254745584114,-1.1844646012095112,0.13793912665109986,-0.7648524764722463,-0.15801705979820474,-0.2615950649390602,-0.06671380263607345,0.20825891455672554,-0.003605985269552244,0.0,-0.21495919545009165,5.216064835640611,2387.7135051444
ID_1642085,-1.0470039681126146,-0.9443845991865193,-0.10261936892609544,-0.7636543168200727,0.09592798007763403,-0.27665826244408065,-0.12227665923023595,0.15568960750859206,-0.13603231720445155,0.0,-0.1610729920623061,6.512735327019873,969.8203543279768
ID_1631452,-1.047335894813173,-1.0821711100327724,0.03483521521959939,-0.8413494674607732,-0.029659737367057126,-0.21116190520494216,-0.1700346682363365,0.18040945072883657,0.024460432727099322,0.0,-0.03595175911606339,6.979361613658902,782.7323827971974
ID_1631339,-1.047779048529171,-1.0391476412646643,-0.008631407264506698,-0.777233339035778,0.013073400543548656,-0.2749877027724349,-0.06083996096572318,0.06815709667060149,-0.01594854296938501,0.0,-0.20970574852766974,6.382328240292835,1043.581334953434
Tidjane Salaün,-1.0478158644463003,-0.7406661406152941,-0.30714972383100614,-0.722974409227225,-0.022425778962616577,0.004734047574547429,-0.23288987709601644,-0.1591206471926142,0.08486080045762451,0.0,-0.09195157812305885,5.319926373340782,2161.8148406031864
Moses Wright,-1.048017037406963,-1.0154479913624073,-0.032569046044555704,-0.6787663154965661,0.02122900747128917,-0.3579106833371304,-0.02898420502498472,-0.02550770858874167,0.02192286756917069,0.0,-0.3402665168854122,6.1138931622239445,1212.128070275085
Stanley Johnson,-1.0484087742656993,-0.7835335360580158,-0.26487523820768344,-0.7307126720037251,0.07853741557106753,-0.13135827962535823,-0.3784699999946903,-0.15065312065920716,0.264247882446214,0.0,0.06077389773271613,4.845349302615204,3715.8456032224194
ID_1628871,-1.049319998937807,-0.9954727411046157,-0.053847257833191296,-0.8313155947523011,0.10719536947682497,-0.27135251582913955,-0.1407072285891684,0.10207795653200374,-0.015217985776026642,0.0,-0.0772971755963375,7.269120943877304,691.8940215789287
ID_1628768,-1.0504407934586377,-1.1016573456608643,0.051216552202226456,-0.8485849059999085,-0.009242229128929011,-0.24383021053202675,-0.03322000960902585,0.10388613467689525,-0.01944957286564294,0.0,-0.16863587784970346,7.316611683272177,677.71137604581
Andre Ingram,-1.050462764291919,-0.8408011165837279,-0.20966164770819112,-0.8072840367388826,0.041840242976010966,-0.07535732282085628,-0.2153199138951624,0.12075633119098245,-0.11509806500401118,0.0,-0.027858813657874043,5.804599782055175,1472.644466329211
ID_1631400,-1.0514662816289766,-0.782455596694825,-0.2690106849341515,-0.8538653589553818,0.3088980796658243,-0.2374883174052675,-0.3625983428936812,0.18625358909832967,-0.09266593113879992,0.0,0.16499742022008654,5.120498153057075,2628.381122026298
ID_1630247,-1.051962609245554,-0.8877663825602982,-0.16419622668525585,-0.8166386050839701,0.06277809437687581,-0.13390587185320382,-0.265923051631325,0.08589930198872507,0.015827522957344083,0.0,0.030599047469741146,6.832082479282604,832.8249583289635
Ike Anigbogu,-1.052666439115068,-0.7444202175113601,-0.3082462216037079,-1.0139613223305888,0.06544274248659832,0.2040983623326303,-0.014540606499066383,-0.3400650362769223,0.04635942117228082,0.0,-0.02416451028541288,5.347698749874536,2111.4803162322833
Jalen Hood-Schifino,-1.052769051185141,-1.0484657612933794,-0.004303289891761541,-0.7121274110683049,0.08656373732011188,-0.4229020875451864,-0.07187793819353164,0.04005606519423443,0.027518583107535667,0.0,-0.2687637019233044,5.953153986984097,1334.0813380209713
Quinn Cook,-1.0532961677521924,-0.9232649979721811,-0.13003116978001122,-0.7784756674526071,0.12957703711633922,-0.27436636763591327,-0.1410012771686752,0.04471546603379515,-0.03374535864513116,0.0,-0.13381922313091005,6.871409416839935,818.7943899190116
Sam Merrill,-1.0537998353823066,-1.2086738933863936,0.15487405800408693,-0.7336809198529749,-0.08422907806190466,-0.390763895471514,-0.06540828981145742,0.16495441819273143,0.05532792962281293,0.0,-0.25471062571787434,5.4579764166144695,1912.397102889928
ID_1641502,-1.0542340939435029,-1.0188099527003969,-0.03542414124310607,-0.8575254364387924,-0.00634956085402031,-0.15493495540758406,-0.2250664758025474,0.19157403265452913,-0.0019316980950877978,0.0,0.028357818297836967,6.958479935231162,789.1452959933888
Kendall Brown,-1.0549957213321683,-1.0209877457365732,-0.0340079755955951,-0.6338340481965536,-0.006214920133013287,-0.38093877740700627,-0.1700068493706674,0.19841790755727168,-0.062419033782199373,0.0,-0.25115482376494724,4.348052206908552,11634.896099230256
ID_1628026,-1.0550129557812489,-0.9728808799631463,-0.08213207581810245,-0.8244234608741506,-0.09238575348019955,-0.05607166560879617,-0.17541140146789036,0.09439338147987182,-0.001114055830083907,0.0,-0.05517809343920782,7.461810122907422,641.0649523500254
Alize Johnson,-1.055446652448068,-0.33644669889814915,-0.7189999535499187,-0.7867554811556368,0.21852470406321844,0.23178407819426916,-0.32941967556583696,-0.36786925074990784,-0.02171102723417396,0.0,0.06072850427340581,4.525259927803648,6716.570672520939
ID_1643077,-1.0555094102593447,-0.9426168007858634,-0.11289260947348143,-0.7349471744479827,0.07164730842370576,-0.27931693476158637,-0.32553079736771273,0.18435247163439916,0.028285716259832144,0.0,0.004968561556350698,6.912087568190845,802.5448889247622
Xavier Rathan-Mayes,-1.0572473069221309,-0.953073303643232,-0.10417400327889886,-0.8755321651560266,0.12270353974584311,-0.20024467823304845,-0.1329483577126908,0.0998253189612048,-0.07105096452741286,0.0,-0.04876678405341339,6.205513088532905,1148.0404091801597
Cheick Diallo,-1.057366302571083,-0.9348823865169704,-0.12248391605411271,-0.7394678519071314,0.003773937481643168,-0.1991884720914821,0.028245850302191705,-0.0773533401566624,-0.07337642619964202,0.0,-0.34614430096614335,6.261214072140905,1110.8597192075258
ID_1627766,-1.0576932269337387,-1.0439832103674194,-0.013710016566319365,-0.775000860683353,0.03445605555854506,-0.30343840524261134,-0.09777250497082586,0.05381354789279127,0.030248940511715228,0.0,-0.1849198612795598,6.296725110411209,1090.4427608518245
ID_1630654,-1.0577905116600663,-0.6928437624523942,-0.3649467492076721,-0.9279745520178516,0.16770142566120533,0.06742936390425203,-0.15172766041847163,-0.1595786561549298,-0.05364043263427066,0.0,0.02191170077625689,4.75003138535931,4291.153966049181
ID_1630272,-1.058181688044304,-0.8635709077719742,-0.1946107802723298,-0.9433006684289004,0.03977981535570388,0.03994994530122234,-0.19548387407354412,-0.0043919306368132155,0.005265024438027517,0.0,0.08060285445814053,5.920584239935239,1365.7567376957268
Darius Bazley,-1.0583077916560057,-1.0570708684435561,-0.001236923212449642,-0.7118522252561631,0.0761199970863562,-0.4213386402737491,0.28321374825306456,-0.10856499343984344,-0.17588567802567076,0.0,-0.6296693146529071,4.946271256011475,3237.459952576737
ID_1630351,-1.0599349607801765,-0.9457594893953573,-0.11417547138481916,-0.8215096351009372,-0.06243608814500845,-0.061813766149411545,-0.11978718237437969,0.05422535257373694,-0.048613641584176415,0.0,-0.11863814330485947,6.969419933752678,785.3220745018548
ID_1631410,-1.0614135022338287,-1.1596019120665928,0.09818840983276411,-0.8213678215642707,-0.054888422346660026,-0.283345668155662,-0.005444642606695943,0.03440183714394157,0.06923121529551848,0.0,-0.23460103806286195,5.572031648116805,1746.21195096795
Johnathan Motley,-1.061978141606571,-1.0001583797656688,-0.06181976184090229,-0.7971585820005676,-0.03781336346106759,-0.16518643430403365,-0.0942640881892557,0.020687601693128152,0.011756724655225259,0.0,-0.17055547141674782,6.630147953781466,918.8275369419456
Tyler Dorsey,-1.0626692080720805,-0.8754501235859402,-0.18721908448614036,-0.675203161503481,0.1326721526859871,-0.3329191147684462,-0.2736788245702908,0.1330511734408893,-0.04659143335673885,0.0,-0.11378722199830868,5.982058266704897,1310.6617323012142
Tolu Smith,-1.0641728226477123,-0.7998903809907769,-0.26428244165693526,-0.5710775230006945,-0.4647053919514493,0.23589253396136695,0.08482554679344148,-0.2291983425636626,-0.11990964588671418,0.0,-0.577920846440459,4.601872916593581,5648.736728995873
Cassius Stanley,-1.0644727090739345,-0.9040844168434963,-0.16038829223043824,-0.8278429476390717,0.060888378120343215,-0.13712984732476777,-0.06031871796427457,-0.05541468415290757,-0.0446548901132561,0.0,-0.1763110434705882,4.797665891593178,3989.75844170241
Deyonta Davis,-1.064760120254,-1.1450150246884496,0.08025490443444967,-0.864247219819624,-0.04961015575081111,-0.23115764911801442,-0.054322867683955556,0.141298209777263,-0.00672043765885778,0.0,-0.14619003275042028,6.852998335945054,826.8101606210098
ID_1631442,-1.0652167995392947,-0.9218783664594441,-0.1433384330798507,-0.8165838281730762,0.08281093106181914,-0.18810546934818706,-0.20250754006271518,0.07225508018626615,-0.01308597320340168,0.0,-0.046125431303503446,7.363353897744997,666.6337044056038
ID_1643061,-1.0658432206001494,-0.9919072358436781,-0.07393598475647112,-0.7587163493338773,0.14308335758540097,-0.3762742440952017,-0.1275661571407263,0.0922376512358613,-0.038607478851606127,0.0,-0.17956071412554556,7.019951071375485,765.0700178756136
ID_1641918,-1.066498325058208,-0.9191381452095133,-0.14736017984869487,-0.90852297275158,0.09723718691755091,-0.10785235937548421,-0.018549519472249254,0.014108469357010461,-0.14291912973345608,0.0,-0.13942583283437893,5.235521681066613,2340.8789318822937
Sallis,-1.0669412585814453,-0.7756268773145591,-0.2913143812668861,-0.8599760486011715,0.46786350204262594,-0.38351433075601365,-0.2648264389017546,0.13546824314987305,-0.1619561855150045,0.0,0.05786122892148082,4.775447773350425,4123.827441451516
Vit Krejci,-1.0670177175450297,-1.277958324778584,0.21094060723355415,-0.7922855133872926,-0.08067684401497988,-0.40499596737631144,-0.050440533957571726,0.2884311113278847,-0.027049970136758812,0.0,-0.22429167020016544,6.175792850703766,1168.6411486493225
ID_1630767,-1.0672681525629806,-1.0678443268645539,0.0005761743015732235,-0.9304622422216157,-0.06824235942123719,-0.06913972522170099,-0.011244688201559133,0.18081211113090262,-0.16899124862777026,0.0,-0.1255612221398058,5.062237627784056,2811.3581505729308
Cody Williams,-1.068258597766008,-0.9293883927329889,-0.138870205033019,-0.8367733678859136,-0.08009553871984201,-0.012519486127233248,-0.1024842023787,-0.03805612396419998,0.0016701213098809682,0.0,-0.12900102750139425,5.915924953459982,1368.2457435124074
ID_1628580,-1.0684117354693983,-1.0896749473428895,0.02126321187349114,-0.8356368078940559,0.049648780527163205,-0.30368691997599684,-0.07871124425689371,0.09666142476153994,0.0033130313688449174,0.0,-0.15406368331844877,7.013151971184234,769.4040089071962
London Perrantes,-1.0686159527268841,-0.9813780093862295,-0.08723794334065453,-0.8143117953708799,0.07405568760374914,-0.24112190161909874,-0.19352972074159272,0.09860309496596005,0.007688682434978139,0.0,-0.06077443661441141,7.5297126230116564,624.3187447830842
Vernon Carey Jr.,-1.068703402468733,-0.9979477862003681,-0.07075561626836482,-0.8053038660402982,0.03810907113884776,-0.23075299129891758,-0.19879541278992938,0.10939710461287075,0.018642691908693804,0.0,-0.06460412363850526,5.500907736362076,1848.3466726754589
ID_1630725,-1.0687915290434067,-0.9486041362373854,-0.12018739280602131,-0.7846618685287299,0.063792782537013,-0.22773505024566854,-0.24441074425930887,0.17330084146807306,-0.04907749001478551,0.0,-0.039718916255368,7.119623693270687,734.8097710669831
Ryan Nembhard,-1.0691997689466555,-0.8744131722781834,-0.1947865966684721,-0.9155895659289499,0.190282749060045,-0.14910635540927838,-0.013464497129232395,-0.10719397318296439,-0.07412812635627529,0.0,-0.14014570588847308,6.771971932473054,856.9995455038189
Chandler Hutchison,-1.07107430298436,-0.898756339242405,-0.17231796374195496,-0.8294671066969295,0.047276829696802025,-0.11656606224227753,-0.11860770654356388,-0.010806683671906916,-0.042903573526484155,0.0,-0.12299948974386657,6.059724605950589,1251.3385119536501
C.J. Williams,-1.0713007001734596,-1.0005143557711045,-0.07078634440235512,-0.8263185386083575,0.03292015384817272,-0.2071159710109196,-0.0772037436683658,-0.04057573880977429,0.04699313807578496,0.0,-0.16777841789673623,6.17843249265429,1165.3383932773913
Sheldon Mac,-1.071375709523256,-0.9756397646623947,-0.09573594486086114,-0.7718965172297354,0.24396166843875627,-0.4477049158714154,-0.22508976681550297,0.2134823782023987,-0.08412855624775688,0.0,-0.07438942547801732,5.655560035623533,1639.6423681819979
ID_203907,-1.0716986560046478,-1.026448287571883,-0.04525036843276481,-0.8433469694681209,-0.004302308051192569,-0.17879901005256957,-0.15093643723490746,0.12465894487080675,-0.018972876068664102,0.0,-0.07741524930161947,7.416227679059797,651.6285437072314
ID_204215,-1.0732840850116372,-0.9876113421246674,-0.08567274288696981,-0.7371660387643629,0.005061466370083791,-0.2555067697303882,-0.14079699152024683,0.0811248947281762,-0.026000646094899185,0.0,-0.1953210547270274,6.467677781195769,995.9167607495507
ID_1629215,-1.073469600597844,-0.9816283295555279,-0.09184127104231607,-0.8451135746632803,0.026733992929051213,-0.16324874782129883,-0.12246813298165982,0.0696645265009088,-0.03903766456156506,0.0,-0.10588789295290388,7.611662011850992,606.5579904750723
Dominick Barlow,-1.0736258372656096,-1.132183536631962,0.05855769936635229,-0.8937349232931356,0.061994705211602635,-0.30044331855042883,0.03480619085522399,0.05372678429017044,-0.02997527577904215,0.0,-0.2146971048276979,4.8114729448219515,3906.036624342595
ID_1629615,-1.0752880257837456,-0.944420229970785,-0.13086779581296065,-0.8753328508160749,0.06553295977806359,-0.13462033893277367,-0.15600092383326153,0.05093524778428444,-0.025802119763983555,0.0,-0.0439542511344092,7.030737029167456,764.8559192369769
ID_1629129,-1.0753700834735076,-1.0013633169987397,-0.0740067664747678,-0.8206151231909202,0.04373069565006113,-0.22447888945788058,-0.1155469690900246,0.08459984112897166,-0.04305963851371486,0.0,-0.13920799119256266,6.606695507404922,927.4646592542631
ID_1631396,-1.0767507610936222,-1.0848037782584385,0.008053017164816392,-0.8733528031561133,-0.04040787691375772,-0.1710430981885675,-0.2574570519633023,0.2595942846320558,0.005915784496062906,0.0,0.054059094025793494,7.406091374544408,655.8569305421047
ID_1642637,-1.0770820186297343,-0.8288732321238785,-0.24820878650585582,-1.002990940975312,0.11545369196621322,0.058664016885220105,-0.0820044766209282,-0.02771996227759281,-0.1384843476073348,0.0,0.007913398966505725,4.757342033975665,4252.257474819966
Blake Hinson,-1.0773425193442736,-0.9211109245498484,-0.15623159479442528,-0.6564728693834876,0.06634276509688719,-0.33098082026324804,-0.22475568599039702,-0.00604198898096546,0.07456608017693722,0.0,-0.1961139639703891,4.446348009047621,8286.011304259624
Seth Lundy,-1.0777334614128042,-0.9100356396184597,-0.16769782179434456,-0.6525721464746363,0.024573848026597147,-0.2820373411704204,-0.28005287706012555,0.059825101461893355,0.052529953803887634,0.0,-0.14510843787804228,5.785941784216352,1491.3919012352585
Chance Comanche,-1.0783326776660538,-0.9293802353082468,-0.14895244235780702,-0.8220921629110273,0.021636385718144642,-0.12892445811536418,-0.14275765429473586,-0.008998349664273333,0.00280356160120215,0.0,-0.11348286046029073,5.319360316458115,2162.4237103758005
Nik Stauskas,-1.078500598227524,-0.8827655259731528,-0.1957350722543712,-0.6364107318425697,-0.07731596729814406,-0.16903882683243904,-0.2707703490641781,0.05643946684171472,0.018595809968092167,0.0,-0.17131951732077622,6.02245033752071,1281.570753280846
ID_1642429,-1.0786897091864038,-0.8219203228263539,-0.25676938636005003,-0.7246543410533751,0.1417802456626907,-0.2390462274356695,-0.21696768159675311,-0.17943526897565468,0.13963356421235779,0.0,-0.1370676865362757,4.895773213519755,3456.6089974060296
Trentyn Flowers,-1.0793503770550563,-1.0219400436254906,-0.05741033342956581,-0.8193490244273216,-0.15249505998094126,-0.05009595921722777,-0.3362683007913084,0.3178853669232936,-0.03902739956155099,0.0,0.0762669481635736,4.653368592567312,5104.663553951834
ID_1642487,-1.079453468327873,-0.6232598172776627,-0.45619365105021015,-0.8610535292434713,-0.19375776860938088,0.4315514805751895,-0.6233775935854349,0.009532938553206319,0.15765100398201834,0.0,0.4049776545010333,4.583084686441229,5882.771859339416
Travis Wear,-1.0811095612107295,-0.9975495317742511,-0.0835600294364785,-0.8012079247174883,0.04357600774399738,-0.23991761480076018,-0.20324863430898515,0.09167874489823395,0.028009859974272702,0.0,-0.07665300218425614,6.257519500817314,1113.7688964735105
ID_204158,-1.0816063685588773,-1.201021083306114,0.11941471474723656,-0.898071374530618,0.04459747055602093,-0.3475471793315167,-0.061352949885163655,0.20974933019414813,-0.028981665561747923,0.0,-0.12218204414309555,6.9986957326657455,775.9304027709453
Izaiah Brockington,-1.082451202965672,-1.0198870121362504,-0.06256419082942165,-0.7961967647694084,0.0956365165883076,-0.3193267639551498,-0.18663971808321306,0.1516547600276437,-0.027579232773852283,0.0,-0.0996147201130508,4.514799686437308,6888.622906021986
ID_1642283,-1.0827173986506968,-0.5697044473078223,-0.5130129513428745,-0.9216670154121318,0.18457195449086355,0.16739061361344598,-0.34203094855376925,0.0004149184730511263,-0.17139692126215633,0.0,0.18098056531520434,4.930417734911155,3310.2036980406465
ID_1627068,-1.0839979676047589,-1.036339243276311,-0.047658724328447796,-0.8580852460968772,-0.005445284917724204,-0.1728087122617096,-0.1932453774763578,0.11199117570850552,0.0335954774394045,0.0,-0.032667344031523785,6.906873563391054,806.259015960231
ID_1629260,-1.0844587001974537,-1.0763406773866304,-0.0081180228108234,-0.805929201304889,-0.06466422995268528,-0.20574724612905615,-0.09619239285355788,0.10412975521839349,-0.01605538517565901,0.0,-0.18233710603900696,6.878546583553339,816.3063853146189
Huntley,-1.0848338252047376,-0.6285933428405812,-0.45624048236415643,-0.8531436963718972,0.05457651353577616,0.16997383999553978,-0.49175055559501135,0.04134773014178796,-0.005837656910932999,0.0,0.2600604267621709,4.743519561168419,4347.763619292658
Kevon Harris,-1.084938737522996,-0.7923369975819868,-0.2926017399410092,-0.8043050628455184,0.1007313609975373,-0.08876329573400576,-0.3247149121334302,0.013460785620636725,0.01865238657178426,0.0,0.044081237455952514,4.454207486078724,8109.684205793283
George King,-1.0856075485921557,-1.266190550217401,0.18058300162524532,-0.7824363504346967,-0.19845074491614895,-0.2853034548665552,0.09269362127912514,0.10472131118456451,-0.016831930838444333,0.0,-0.3958648194365839,5.202838167797288,2418.092764727643
ID_1643086,-1.0866752927122065,-0.8828192551694478,-0.20385603754275874,-0.8646495438375849,0.06297609665604706,-0.0811458079879101,-0.5141264349186513,0.1837967962012097,0.12647360117468284,0.0,0.2921006860440295,5.532699727249074,1798.987488785224
ID_1630213,-1.0867229690038438,-0.7348217985877403,-0.35190117041610336,-0.7452944286443579,0.10463370738497446,-0.09416107732835688,-0.32533090358397054,0.001611673078009218,-0.028181939910142062,0.0,-0.01609763677551526,6.88426731236951,815.5562186312102
Kevin Knox II,-1.0877988757695867,-0.7599483476315528,-0.3278505281380339,-0.7830508170725278,0.2888703626311935,-0.26576789319021854,-0.20183554230839723,-0.37785821078148296,0.25184322495184636,0.0,-0.10291251638866167,4.440336146571944,8436.204883041954
ID_1629849,-1.0885503761779507,-0.9790192883665322,-0.10953108781141854,-0.8921159849473785,-0.04312196705230875,-0.04378133636684488,-0.10689461739256231,0.12826577188846006,-0.13090224230731629,0.0,-0.08953977383800986,6.480422671644696,988.4833841525797
Jared Harper,-1.0891511188469363,-0.8940503380045773,-0.19510078084235896,-0.5742731467752884,0.21703662762239062,-0.5368138188516796,-0.11266879430495541,-0.041783132962115443,-0.04064885357528811,0.0,-0.4022091777666925,5.492755364898783,1861.6605559526706
Jalen Johnson,-1.0894045834541979,-0.8730441874163165,-0.21636039603788146,-0.7706710347280585,0.052616245426271746,-0.1549893981145297,-0.2107639304947205,0.012658554239696071,-0.018255019782857006,0.0,-0.10796961823141887,7.337037225565102,673.2386789636228
ID_1631242,-1.0894741803591381,-0.9624151691772146,-0.12705901118192356,-0.9390215543745548,0.0947803607429881,-0.11817397554564794,-0.18290087791142226,0.03996068692850071,0.015881179800997985,0.0,0.032448251926838846,5.433140108152673,1954.3099755630183
Gilbert,-1.090652621825769,-1.2114668274369982,0.12081420561122905,-0.6690412457413055,-0.05645037288525814,-0.4859752088104345,-0.04716810248402514,0.2331848900023626,-0.0652025819071084,0.0,-0.3744432736004385,4.623094047984845,5410.340111290112
ID_1630294,-1.0911305723641913,-0.8126087790905088,-0.27852179327368254,-0.7610953936636702,0.12881872100326042,-0.18033210643009898,-0.03899493106955676,-0.17547024705153771,-0.06405661515258806,0.0,-0.29104024763096437,6.142127907528635,1186.434190996246
ID_1629788,-1.0923873160371773,-0.7505358239723825,-0.3418514920647947,-0.5105742470235073,0.34344370314937883,-0.5834052800982541,-0.04393563991768548,-0.12407582568034906,-0.17384002646676017,0.0,-0.5378774290959845,4.572052502217219,6024.355845963144
ID_1629081,-1.0924757674134036,-1.0141608996727256,-0.07831486774067792,-0.8077531420887136,-0.007937744319980962,-0.19847001326403096,0.005118515300497367,-0.05963982693748748,-0.023793556103687805,0.0,-0.28984114062518723,6.3811810802664715,1039.9857854869038
Anthony Brown,-1.0925378400424453,-1.0812574046844061,-0.011280435358039076,-0.83110814664697,0.03600076683551752,-0.2861500248729537,-0.10368511549063099,0.11197219744682574,-0.019567517314233826,0.0,-0.1577445779048443,7.104521280937231,740.7544193618129
Jaylon Tyson,-1.0932875411961815,-1.0002255754142917,-0.09306196578188977,-0.7360288125096565,-0.09961078135643885,-0.16458598154819634,-0.11098348529944344,-0.0365592546938792,0.05448077421143286,0.0,-0.24627524338708154,7.080527912142481,748.4893556183681
ID_1642945,-1.0942534314368633,-1.067114089584599,-0.027139341852264208,-0.9043188071186518,0.08778856184463563,-0.2505838443105827,-0.005856564601086273,0.025541353440865118,-0.04682413069204305,0.0,-0.18407805971712504,4.9122116704185155,3391.4804099635303
Xavier Silas,-1.0945883409421824,-0.9460703601146561,-0.14851798082752637,-0.8082086001370898,0.05627385247062384,-0.19413561244819005,-0.2557474420395277,0.12969875031521566,-0.022469289103214336,0.0,-0.0306322987655649,7.428360123696459,649.0308682407617
ID_1643214,-1.0951002799165062,-0.8894561475564507,-0.20564413236005546,-0.9413116211874575,0.02282210829914033,0.02903336533186643,-0.4239407689273458,0.20745601469630898,0.010840621870981337,0.0,0.2701521101982971,5.8588987802546235,1417.3550660549768
BJ Johnson,-1.0951685158036333,-1.1721226629062242,0.07695414710259091,-0.8187652390795495,0.019853726533444985,-0.37321115036011976,-0.14364533806087174,0.17147189216564182,0.04912759299782083,0.0,-0.13275793866321214,5.373677584740173,2058.214396790133
ID_1641802,-1.0954924171351363,-0.887837995658692,-0.2076544214764443,-0.8780806657380563,0.3426734523893466,-0.35243078230998226,-0.6390527947464314,0.12454883836783788,0.30684953490214917,0.0,0.4216410433493514,4.684566402336582,4810.768886368226
Vincent Edwards,-1.0976290211607231,-1.007442554140605,-0.09018646702011822,-0.7705857165562034,-0.12558268922348909,-0.11127414836091223,0.06079638908070936,-0.14076745295753354,-0.010215403143294046,0.0,-0.3878396936852289,5.573601747196379,1744.2918708194309
Brea,-1.097961947656735,-0.946532813456486,-0.15142913420024895,-0.9510370631911886,0.06244910091899045,-0.0579448511842878,0.004103047603000093,-0.15542969212620106,-0.00010248967704799827,0.0,-0.15102793206854642,4.7216791538762575,4508.519893296675
ID_1628526,-1.0984733348581677,-1.1290343825782985,0.030561047720130824,-0.8279077950528574,-0.008925893634985617,-0.2922006938904554,-0.06631493752916168,0.10967337095621851,-0.012797385706926012,0.0,-0.20425060227614852,7.614829326531314,604.7680266999483
McKinley Wright IV,-1.1010706702841013,-0.8725712114051449,-0.22849945887895645,-0.6811449851144932,-0.04145931449876297,-0.14996691179188879,-0.3080192100194285,0.16085854256557286,-0.0813387914251008,0.0,-0.1119064751501797,5.570821161615628,1746.3317111987812
JaKarr Sampson,-1.1014395894965263,-0.9841932758210667,-0.11724631367545962,-0.8327902253315922,0.11119656014526,-0.2625996106347345,-0.1582782361374914,0.029931458070514887,0.011100464391516886,0.0,-0.11037112802744276,7.399828353253187,656.1106218767026
Kelan Martin,-1.1023150852665617,-1.107298872215204,0.004983786948642321,-0.7474265194503174,0.036818267968387344,-0.396690620733274,-0.20579882649504588,0.2820313307522516,-0.07124871730856341,0.0,-0.14908973932119846,5.276087798154551,2251.6804210175906
ID_1629249,-1.103519048759743,-1.0835421969934278,-0.01997685176631535,-0.8235037208561327,-0.022032014399336754,-0.23800646173795836,-0.17920496646086684,0.15187952434244303,0.007348590352108456,0.0,-0.10081036144274365,7.29441650298192,683.4657064768736
ID_1629596,-1.1038262920901496,-1.0448261301244242,-0.05900016196572547,-0.8527609539471317,-0.07918649760589061,-0.11287867857140177,-0.1781382708172863,0.08710688232363416,0.032031226527926684,0.0,-0.07292706732573154,5.57886444361161,1736.306605114708
ID_1642046,-1.1045315632266393,-1.1443598495311058,0.0398282863044666,-0.8026366660527288,-0.042461491990972114,-0.2992616914874049,-0.10880698393008552,0.2096025200232682,-0.06096724978871609,0.0,-0.19308791324382488,4.4304057738244635,8706.156104461985
Jarace Walker,-1.1046244421822033,-1.0515383669029494,-0.05308607527925391,-0.8013677527744085,-0.033926553553500716,-0.2162440605750402,-0.0544583814205333,0.02302417964686585,-0.021651873505586457,0.0,-0.24879830798726152,5.88962566190529,1387.1122381177174
Brandon Knight,-1.10513817530945,-0.9721292707717395,-0.1330089045377106,-0.8746371809580129,0.07609972857768464,-0.1735918183914112,-0.20202816711926594,0.11640521811817353,-0.0473859555366182,0.0,-0.02847282723217122,7.501911224710833,631.4103782211355
Jordan Bone,-1.1057648557501853,-0.978495559463731,-0.1272692962864543,-0.8258688571723336,0.08822422725135962,-0.24085092954275705,-0.18548350062723437,0.11926374384766249,-0.06104953950688242,0.0,-0.09441249795061737,5.232049568228948,2348.683363924707
ID_1630770,-1.1088136538762672,-0.974419407772553,-0.1343942461037142,-0.825883283847857,0.07235682529771648,-0.2208929492224124,-0.09930967572312721,-0.054505327639167905,0.019420757258580904,0.0,-0.18362069430528294,7.183747073529418,717.7136373630813
Charles Cooke,-1.108854604320566,-0.9486480612287989,-0.1602065430917672,-0.8573571439297072,0.017069018127879407,-0.10835993542697109,-0.13346138163638682,0.07977259564946088,-0.10651775710484127,0.0,-0.11803607875447207,7.221517008345953,704.2059388732843
Marcus Georges-Hunt,-1.109860495992205,-0.8716945458953573,-0.23816595009684752,-0.7424847868054097,0.03849975015980238,-0.16770950924974995,-0.09260436424339571,-0.04956886883053799,-0.09599271702291381,0.0,-0.2747713449433994,6.182535028125903,1165.2677323659732
Emanuel Terry,-1.1103448534323492,-1.1275441109846478,0.017199257552298584,-0.8168632121227313,-0.01590284047335766,-0.29477805838855886,-0.20848450444833255,0.2518430355261513,-0.026159273525520145,0.0,-0.08499713686128538,5.709970581255838,1574.3774226705098
ID_1626263,-1.111347227723769,-1.1724016596045943,0.061054431880825315,-0.8601875019482974,-0.045554247105957305,-0.26665991055033944,-0.07462992009834904,0.11559105276645038,0.02009329921272398,0.0,-0.17652980567712237,6.456079102301507,1000.8995798796509
Joel Ayayi,-1.1116347016563317,-0.8136548326300644,-0.29797986902626716,-0.7842824641919761,-0.2671036452857744,0.23773127684768613,-0.376710232038025,0.1370673465857307,-0.05833698357397285,0.0,0.04935799457366957,5.030165864066508,2920.321621093014
ID_1642019,-1.1117743238701365,-0.8856712914922378,-0.22610303237789878,-0.8623499450082605,0.16161760939779818,-0.1849389558817756,-0.3736206157890264,0.09085974667894749,0.05665783673218013,0.0,0.12419623692715018,4.8653024918419465,3609.6005696364246
Eric Mika,-1.1136218080477605,-0.9418164195454028,-0.1718053885023575,-0.7565604512901504,-0.056286155442445904,-0.12896981281280656,-0.23221836200769058,0.05618535675583836,0.00422761674949473,0.0,-0.12484299474991939,5.706806171166872,1579.7729638586543
ID_1642463,-1.1137819376505416,-1.151298105052664,0.037516167402122415,-0.8122938031857944,0.002742161928944248,-0.34174646379581386,-0.1837333573076746,0.20867529387269734,0.012574230837099666,0.0,-0.11775477715707258,6.852073684498537,825.1989440480281
John Poulakidas,-1.1148127708974156,-0.6575803384547039,-0.4572324324427117,-0.8949894758174095,0.29829625687967926,-0.06088711951697352,-0.0021199816113773584,-0.4858091860163638,0.030696735185029494,0.0,-0.21770331346862856,4.692820141800469,4743.654156349214
Greg Monroe,-1.1148763289013315,-1.084132147838575,-0.0307441810627564,-0.7233822462247772,-0.10753555813074601,-0.2532143434830518,-0.20416264666759798,0.16692035659728666,0.006498109007554924,0.0,-0.1873314360089562,7.549226309504021,622.6731792634171
Marcos Louzada Silva,-1.1154678640497886,-1.1617861436689036,0.04631827961911504,-0.809743203773305,-0.1748471056840658,-0.17719583421153273,-0.06303477810410282,0.13746966237257052,-0.02811660464935266,0.0,-0.2426898821723807,7.348716074881852,668.9703684675392
ID_1642987,-1.1164285251650823,-1.2517476556586393,0.1353191304935571,-0.8200823453236848,-0.21826596592532171,-0.21339934440963262,-0.1855258702482608,0.24890869159444967,0.07193630914736823,0.0,-0.11082030959313646,7.513864447829148,626.4855529869791
ID_1643083,-1.118469653971109,-0.826905695051238,-0.2915639589198711,-0.6961850197821632,-0.05605982104480743,-0.07466085422426735,-0.16901397792977374,0.005325980675075101,-0.12787596166517243,0.0,-0.2532706562591721,4.848868682274532,3690.9604758833175
Jack McVeigh,-1.1193243354571565,-0.5491095838475397,-0.5702147516096167,-0.8962247954960981,0.018557351360969532,0.32855786028758893,-0.15634077195644375,-0.3904349763434485,-0.023439003309724406,0.0,-0.06675876800461442,4.96130158162637,3173.999698069274
Jalen Harris,-1.1207845253249897,-0.9355661829985289,-0.18521834232646087,-0.8431952620224277,0.05841229533287383,-0.15078321630897504,-0.428681378593622,0.13969929175520837,0.10376374451195278,0.0,0.15109211529105993,5.423241954118976,1972.8254552265448
Rodney Purvis,-1.1225291339819208,-1.1206864101084364,-0.0018427238734843032,-0.8474174419433317,0.01540339550931625,-0.2886723636744209,-0.12727786246724163,0.12853410129930848,-0.003098962705551156,0.0,-0.14783382957134733,6.817255939657301,839.6339981539968
ID_1631347,-1.1225913791355784,-1.1852832624620329,0.06269188332645437,-0.8048221017245856,-0.0794611041876778,-0.3010000565497694,-0.25201637644991837,0.20701170560892268,0.10769655416745005,0.0,-0.06575290096107445,5.835861608174291,1440.397389289941
Keon Johnson,-1.1226541405385595,-0.93899210507966,-0.18366203545889948,-0.5958198901826317,-0.01373369138466856,-0.3294385235123598,-0.18525916816216537,-0.047896859490514754,0.04949399219378064,0.0,-0.3415750821937625,4.785546345889945,4073.0412286543456
James Young,-1.1237334716591671,-0.9676867582628794,-0.15604671339628776,-0.7983757881647618,0.06033449707577166,-0.22964546717388917,-0.2585163144171787,0.10347683125455114,-0.0010072302336602036,0.0,-0.06684136907722658,7.225493409567716,704.3454987012365
Mario Chalmers,-1.123780015824721,-1.015544920893416,-0.10823509493130516,-0.8314174128949727,-0.011704210195370844,-0.17242329780307253,-0.2448934446281058,0.13211366952209738,0.004544680174703261,0.0,-0.047469158301642736,6.917188696074284,801.3713391124287
ID_1630944,-1.1247180689803535,-0.9468313290490035,-0.17788673993135012,-0.8082659971621368,0.08925766048938105,-0.22782299237624767,-0.291202496081305,0.13545678972407005,-0.022141033574115163,0.0,-0.025249575736911736,7.417432110748908,651.4720469128108
ID_1629689,-1.125339312436869,-1.0587794229547765,-0.06655988948209249,-0.8547009116231878,-0.030252535311551407,-0.1738259760200372,-0.1633294899932288,0.09999381562679557,-0.003224215115659259,0.0,-0.1073089108204523,6.005327417808281,1293.7535469241157
Luka Samanic,-1.126751284970512,-1.093519872771247,-0.03323141219926487,-0.845028832792219,-0.23543964134022582,-0.013051398638802197,-0.002068931195219781,0.015350347960838152,-0.04651282896488324,0.0,-0.2796535209830731,5.165718539652766,2514.775819152679
Alex Reese,-1.1268895670730852,-0.6664160282471212,-0.460473538825964,-0.9215423657775027,0.0794868652673563,0.17563947226302523,-0.049419331052225485,-0.4643603034686954,0.053306095694956916,0.0,-0.15592787024335697,4.448178202470726,8247.550494913772
Devontae Cacok,-1.1270219041510605,-1.0443334365989778,-0.08268846755208266,-0.7922463344896705,-0.06334705508278952,-0.18874004702651784,-0.35404641985003815,0.2750549029796282,-0.003696950681672709,0.0,0.019270850188648145,5.175632579707246,2490.6033997117647
ID_1628431,-1.127096332423297,-1.0496370108800555,-0.07745932154324153,-0.8443434758965772,0.04036399787512417,-0.24565753285860234,-0.19109085213283505,0.1257131465034402,-0.012081615913846684,0.0,-0.09166200439388464,7.073601530542334,750.4797552650675
ID_1631458,-1.12826132403733,-0.7939109814393988,-0.3343503425979314,-0.8878755810031407,0.08140551334746857,0.012559086216273357,-0.6002617747842146,0.20653507943450694,0.059376352751776294,0.0,0.35987603175002514,5.118226039619904,2640.6263284543475
ID_1631237,-1.1291231248947267,-0.9628806199741033,-0.16624250492062326,-0.7815566753624628,0.05555122369735926,-0.23687516830899985,-0.1185960601434681,-0.0017615319170896232,-0.045884912860065526,0.0,-0.22897038938879571,5.916871965085479,1364.4838635126266
KJ Simpson,-1.1314315494283749,-1.0875498120810576,-0.04388173734731722,-0.914349545127267,-0.0012835514345769516,-0.1719167155192138,-0.2895990783720667,0.2570679942124337,-0.011350653187684202,0.0,0.07251707407095874,4.677758404465948,4878.215077598761
ID_1630323,-1.131522871568049,-1.1482837295815094,0.016760858013460455,-0.8202500258078398,-0.11152913296619747,-0.2165045708074721,0.0486057950372418,-0.034322452995928524,0.0024775159721471783,0.0,-0.3598786407974509,6.993028750110316,775.3717197869631
Leonard Miller,-1.1321061575780427,-0.8968649319104294,-0.2352412256676133,-0.750754811568369,-0.22302679259274116,0.07691667225068083,-0.20776841553902306,0.04675874374059813,-0.07423155386918838,0.0,-0.1735829304706506,4.5687571538073275,6060.9179428835105
ID_1628514,-1.1321450524890033,-1.1872207613460777,0.05507570885707447,-0.8656176335507539,-0.03539588516126621,-0.28620724263405756,-0.12349810931297056,0.19438043951997172,-0.015806621349926695,0.0,-0.1430293096252787,7.390596731458529,658.8247158590366
Scotty Hopson,-1.1322386294686544,-1.3045024943951593,0.1722638649265049,-0.8513040057166119,-0.18859833577188517,-0.2646001529066621,0.10474154996377819,0.09462261608905598,-0.027100301126329267,0.0,-0.3856761737158206,5.186600817469892,2461.7882659671977
ID_203748,-1.1325226306015619,-0.9470777728484625,-0.18544485775309938,-0.7789899268550946,0.09600754737668085,-0.26409539337004867,-0.26152757681612115,0.08300904749120128,-0.006926328428179498,0.0,-0.09200512693034604,6.349420280657003,1056.7721252109811
Rawle Alkins,-1.13261729418217,-0.9258176435002586,-0.20679965068191122,-0.7139279989553903,-0.024293868602188656,-0.18759577594267976,-0.027801053648120494,-0.1383086280632146,-0.04068996897057613,0.0,-0.39088824157865915,5.520132059494754,1819.2368735369882
Archie Goodwin,-1.1327732905476229,-1.0021102927694299,-0.13066299777819304,-0.8284002007967467,0.024554126515564975,-0.19826421848824824,-0.14360437730383957,0.03710539194614419,-0.02416401242049767,0.0,-0.16076871244703675,7.228402748253571,702.6032805757302
RJ Hunter,-1.1327909926388544,-1.3032131657180481,0.17042217307919366,-0.7710136914885335,-0.05482024926132807,-0.47737922496818663,-0.07631507681179502,0.15787174034950543,0.08886550954148326,0.0,-0.285462224338526,4.965678867710353,3159.1630447171274
Dariq Whitehead,-1.1331727242637557,-1.1387252792511897,0.005552554987434059,-0.9377793608800576,0.034632874421132984,-0.2355787927922649,-0.385708921894785,0.37290019124856855,0.01836128563365052,0.0,0.19031555851108717,4.569994450561805,6054.993518536303
Julian Washburn,-1.1332941376198484,-1.1824615963553518,0.049167458735503315,-0.838276540894513,-0.0692894347813167,-0.2748956206795222,-0.026690821635069195,0.13517000262580986,-0.05931172225523735,0.0,-0.2683267750902664,4.916439545232159,3363.8368517267804
ID_1628164,-1.1337222716501063,-1.1091885480269552,-0.024533723623151166,-0.8458812234933538,-0.015970171701977738,-0.24733715283162355,-0.0620517153980745,0.05078220249187287,-0.013264210716949536,0.0,-0.22578933275867794,7.540128864349284,621.4472058581017
ID_1629207,-1.1344261804672537,-1.1159533850496315,-0.018472795417622274,-0.9388591056868866,-0.0003972173974254381,-0.17669706196531934,-0.20957159255251784,0.2221202002832381,-0.031021403148342525,0.0,0.014004517772150792,5.613437302189153,1687.0093724151516
Tristen Newton,-1.134550042053207,-0.8244912325230639,-0.3100588095301433,-0.6430541111750522,0.2793154956237526,-0.4607526169717643,-0.31562441931383656,0.1952518616843042,-0.18968625190061092,0.0,-0.17587151156431843,4.376033444867277,10453.091876646406
Sandfort,-1.136587960581524,-1.1107940416012,-0.025793918980323738,-0.8336576573175787,-0.07033304380511834,-0.20680334047850304,-0.2681787633214141,-0.020631142458227864,0.2630159867993182,0.0,-0.03475153994253105,5.071445173942745,2787.4872373324492
ID_1630324,-1.1371295914746131,-1.0308590291993032,-0.1062705622753099,-0.9262653882660098,-0.10322270315498495,-0.0013709377783084342,-0.19380699744028873,0.08840470222061467,-0.0008682670556358282,0.0,-0.01705720576831455,4.685426360931841,4801.596045307957
ID_1628679,-1.1382354838525692,-1.0515365247256243,-0.08669895912694484,-0.8450332478930462,0.005090344966215479,-0.21159362179879365,-0.19885733486866952,0.12316358365723948,-0.011005207915514794,0.0,-0.0943449010908535,7.323911767488634,675.3229437008581
ID_1630642,-1.1384134085857076,-0.8678124800418978,-0.2706009285438098,-0.873755725331712,0.11180523309576433,-0.10586198780595019,-0.06602912671593177,-0.14631402889535713,-0.05825777293252091,0.0,-0.1986285565380639,6.699452077125931,885.1684238940348
Vander Blue,-1.1417991832278014,-0.9737372547971108,-0.16806192843069065,-0.8306932216145513,0.13316408266866253,-0.2762081158512221,-0.20580997741928997,0.07290170813920334,-0.035153659150604005,0.0,-0.10529598419396026,6.745462064259703,866.899099869824
ID_1642606,-1.1418135204421083,-1.0003944017213537,-0.14141911872075447,-0.7102279888159265,-0.07993370820959833,-0.2102327046958289,-0.1786252836034525,0.2277092548854193,-0.19050309000272125,0.0,-0.2529602480227292,5.948007112746549,1336.9703602410464
Jaden Hardy,-1.1428651539117671,-1.015685883340838,-0.12717927057092915,-0.6877896971086688,-0.11358940548988274,-0.21430678074228657,-0.30156486931524995,0.17296625230300933,0.0014193464413114823,0.0,-0.15351058748784852,6.90591100679726,805.9263674324643
ID_1642026,-1.1430649700436466,-1.0947319595916118,-0.04833301045203477,-0.8034127183979798,-0.17008074337472978,-0.12123849781890225,-0.2976952643895081,0.23098665845494135,0.018375595482531988,0.0,-0.04195698725615873,5.818966233260968,1457.0350208019008
Peyton Watson,-1.1439452145148492,-1.070719004893742,-0.07322620962110712,-0.8183574212931306,0.08656320483676824,-0.3389247884373797,-0.13079822030151877,0.0782685664900841,-0.02069655580967244,0.0,-0.1947895729201998,6.868565470589747,819.6635290427512
ID_1642500,-1.1440703491669078,-0.7378884596953843,-0.40618188947152345,-0.8303663618896371,0.1970068830903428,-0.10452898089609006,-0.18204151809245767,-0.11685261995896923,-0.10728775142009653,0.0,-0.131662469184813,5.935691076915033,1348.7503334968656
ID_1641499,-1.1448821715172475,-0.9721642082061115,-0.17271796331113587,-0.8873446485334601,-0.03663674209625516,-0.048182817576396295,-0.18997533770492353,0.06317105426543389,-0.045913679871646226,0.0,-0.06756218527886379,6.543999894774468,956.4357851014734
ID_204254,-1.1468543722268543,-1.0075763749431499,-0.13927799728370438,-0.7991222707625896,-0.12327474815741375,-0.08517935602314652,-0.1305148371303853,-0.04978793053673289,0.041024770383413824,0.0,-0.2172172643338793,6.192679655260171,1152.8413042438356
ID_1629305,-1.1479006603364585,-0.9415602210979908,-0.20634043923846773,-0.836177184437208,0.03254646493349608,-0.1379295015942788,-0.32813433464346753,0.0973094153893089,0.024484480015690903,0.0,0.016410858744217084,7.2630864079293795,693.3845939927877
Kobe Brown,-1.148350397847998,-1.0118222661355591,-0.13652813171243897,-0.701668687759883,0.010568352131896771,-0.32072193050757286,-0.1309440651899773,0.010642082784670728,-0.016226149307132384,0.0,-0.31573764489813777,5.348674614839427,2107.4335827019777
Shabazz Napier,-1.1522415268343793,-1.1100042350519752,-0.04223729178240408,-0.7638132461850435,-0.06603194252363036,-0.28015904634330124,-0.14390718432706825,0.11094871521503456,-0.009278822670370387,0.0,-0.24452109632226743,7.144382715532728,728.3280936405577
Colin Castleton,-1.1534649409730797,-0.79514811247806,-0.3583168284950197,-0.7176260448976319,-0.028172794855115348,-0.04934927272531277,-0.005157310193415893,-0.35074117863337806,-0.002418339668225744,0.0,-0.4306815858820319,4.548613582011689,6350.963357270285
Jalen McDaniels,-1.154614784772043,-1.4196232868848324,0.26500850211278937,-0.7483475020976936,-0.43689343168264966,-0.23438235310448902,0.10550320634801388,0.16230840449079154,-0.002803108726016093,0.0,-0.5117704890223632,4.843738118978855,3721.946656008677
ID_1643188,-1.1571970956558966,-0.856330663467014,-0.30086643218888254,-0.8738524505149283,-0.11880206376286527,0.13632385081077963,-0.246103064926613,0.009950586331678543,-0.0647139535939481,0.0,-0.0372415802143552,5.87278378267102,1407.2957728624444
Justin Wright-Foreman,-1.1582095712180758,-0.8920535066372905,-0.2661560645807853,-0.7153266314981547,0.23928838302048772,-0.4160152581596236,-0.264315003313427,0.008424032820181546,-0.010265094087539844,0.0,-0.17856793640649415,5.257178220372025,2292.3666990824277
ID_1629819,-1.1584847376627787,-0.9643248087389009,-0.1941599289238778,-0.723791925606808,0.06532899464607121,-0.3058618777781641,-0.29038883067922144,0.181543834466982,-0.08531493271163834,0.0,-0.1443039813767492,5.262483102421517,2282.1860128206486
ID_1643153,-1.1590103164534067,-0.9172741651048131,-0.2417361513485936,-0.6552920745780493,-0.04565181405338614,-0.21633027647337771,-0.4353086095459292,0.2680758814594687,-0.0745034232621331,0.0,-0.06840963232942826,4.793409978766583,4007.5305677703614
ID_1629923,-1.159243499234728,-1.0268022162699413,-0.13244128296478677,-0.7208401513868563,-0.06841062907088047,-0.2375514358122045,-0.14273469129010868,0.08386590408932845,-0.07357249576400654,0.0,-0.2956686565577631,6.39777949761923,1030.6538188430213
Brandon Boston Jr.,-1.1600724138212584,-1.0242675504099792,-0.13580486341127923,-0.7383154639000681,-0.016740359827789868,-0.26921172668212123,-0.21205948135993297,0.029483089912694938,0.046771528035958805,0.0,-0.20969746856125737,6.038680253342963,1267.7207803566116
Jalen Wilson,-1.160977990305814,-0.5793905821467482,-0.5815874081590657,-0.734343520851469,0.10305790441802498,0.05189503428669587,-0.3707856549244033,-0.225516128823514,0.014714375588851594,0.0,-0.055848814529941546,5.975150121283391,1319.4595331623216
ID_1643230,-1.1612080981031172,-0.9489459849760782,-0.21226211312703902,-0.7755096637878242,0.07809176932770609,-0.25152809051596015,-0.14992966230841884,-0.011690924974259054,-0.05064152584436114,0.0,-0.23576877200687424,6.773102151933127,858.3639464620042
ID_1641924,-1.1615900046731684,-0.8924699997620018,-0.26912000491116655,-0.9279835607970223,0.13930795668801016,-0.10379439565298963,0.02846455516995608,-0.0846942215180142,-0.21289033856310843,0.0,-0.2620709990461021,4.757751510482592,4241.393639401444
Frank Mason,-1.1623170035486305,-0.8650314108803308,-0.2972855926682997,-0.7810340699211548,0.23789196414352426,-0.32188930510270036,-0.13004616442011352,-0.07294121161653475,-0.09429821663165142,0.0,-0.25123676920736226,6.549754617461321,954.7490887941118
ID_1629880,-1.1624318975527606,-0.8906995609594561,-0.2717323365933044,-0.7659408628485503,0.022582010585736813,-0.14734070869664267,-0.1581128265694541,0.030871449847445963,-0.1444909598712963,0.0,-0.2383782081347562,5.800996533855402,1478.8943188897929
ID_1628565,-1.1624768185799028,-1.1534732133393404,-0.009003605240562491,-0.846281872224683,-0.01673065087182691,-0.2904606902428306,-0.16613602397907976,0.17901950315113205,-0.021887084412614784,0.0,-0.15005892237614024,6.95286083182895,789.429285428392
ID_1643064,-1.1630188970601747,-0.9495031263798699,-0.2135157706803048,-0.7830626911441169,0.049540208480785046,-0.21598064371653805,-0.16796014559444347,0.010577537695234965,-0.05613316278109633,0.0,-0.21199606032161433,5.315022143971854,2175.004839890464
ID_1630340,-1.1630274830552974,-0.9563409333224295,-0.20668654973286782,-0.8129212258322434,0.08924141577695435,-0.23266112326714053,-0.3886100854884764,0.1839572019358245,-0.002033666180215901,0.0,0.03850382826542241,6.255635612908406,1113.0374679536462
Michael Frazier,-1.1631039681367419,-0.8041800956119759,-0.3589238725247659,-0.804158482365165,0.04082908491983866,-0.040850698166649574,-0.25178426996550096,-0.037387882631633354,-0.06975171992763154,0.0,-0.10716121580607582,5.5826561459899695,1732.8192090951457
Drew Timme,-1.163287574982462,-0.9084714944820478,-0.2548160805004142,-0.5424065678429261,0.20498350860666192,-0.5710484352457836,-0.14826875530021535,-0.14089706016595946,0.034349734965760624,0.0,-0.4726122518393206,4.485144040009966,7436.216143923325
Emmanuel Mudiay,-1.1641420839502454,-0.7618427137543704,-0.402299370195875,-0.7000756713375924,0.10211272199460225,-0.16387976441138027,-0.28019834861021187,0.0008030923695426934,-0.12290411395520578,0.0,-0.1838680640024411,5.6386893210293945,1657.9708446912916
Charles Bassey,-1.1647494529642002,-0.7433403020834919,-0.42140915088070824,-0.836647350087536,-0.0782942539625362,0.1716013019665803,0.02282802648976187,-0.4911337568611348,0.04689657949066466,0.0,-0.35093012936642604,4.901409905177949,3437.1929116239216
D.J. Carton,-1.1654659206679998,-1.132465578055085,-0.03300034261291496,-0.8349677243516527,-0.0180225514317972,-0.279475302271635,-0.13787599674117432,0.3287658945742419,-0.22389024044598252,0.0,-0.19262219957517282,4.375553422087623,10463.360077879908
ID_1631376,-1.1660745175385654,-1.085482534955805,-0.0805919825827604,-0.8335597550520829,-0.07441073379977897,-0.17751204610394322,-0.13960456592890913,-0.16232760047950517,0.2213401838256539,0.0,-0.19291019655757347,4.598397732964576,5691.636722793735
ID_1631489,-1.1668089206437857,-1.0475470256649,-0.11926189497888565,-0.9014884775189762,-0.09317078146997816,-0.05288776667594566,0.015511166066076415,-0.30749935869692824,0.1727262976519662,0.0,-0.2808316091908859,4.726793295269759,4470.822021326914
Lovering,-1.167647525863622,-1.0861097110474733,-0.08153781481614866,-1.1236230225242547,-0.09831835078165442,0.1358316622584358,-0.025487434652179175,0.041271375460070425,-0.09732175562403991,0.0,-0.018537068687188116,4.955837487695881,3195.4685676213085
Christian Wood,-1.1678664049342862,-0.9929147548089087,-0.1749516501253776,-0.8280206179680114,-0.006635770428939973,-0.15825836641195734,-0.13994454900138253,-0.002960223332784076,-0.03204687779121101,0.0,-0.1999012379648924,7.177386698016526,717.9535329885618
Jalen Slawson,-1.1681380706453925,-1.3603505011109642,0.19221243046557165,-0.6202842917830249,-0.3555505624786803,-0.384515646849259,0.07746885407742302,0.24824754189570641,-0.13350396550755775,0.0,-0.6253226329397906,4.343057192491104,11869.912985524268
Daniel Oturu,-1.1690605991611818,-0.8725531529398504,-0.29650744622133135,-0.8530058732022091,-0.08537734252418436,0.06583006278654313,-0.22975804604662772,-0.06773791449505207,0.0009885143203484902,0.0,-0.0862966799123448,5.725226769847797,1558.2564102090305
Cameron Oliver,-1.1699564476778317,-1.0397639794619797,-0.13019246821585184,-0.7278248813308652,0.028683580444134396,-0.3406226785752491,-0.21163178228612936,0.09924131330325212,-0.017801999232974586,0.0,-0.23049978406083718,5.766543829555696,1510.589827155659
ID_1629818,-1.1708458319555328,-0.9966546207769859,-0.17419121117854705,-0.8958824025759994,0.05781844116955047,-0.15859065937053693,-0.12929296690785017,-0.07891270898070743,0.03401446471001054,0.0,-0.14567046247168333,5.14109892172466,2578.4196853473413
ID_1630822,-1.1716940922124104,-0.968676566584555,-0.20301752562785544,-0.8220694540862624,0.11064614335849349,-0.25725325585678605,-0.23745726269849948,0.07483012265179854,-0.040390385581154514,0.0,-0.11216737542764853,7.3915552973655085,658.6602182923809
ID_1630721,-1.1726490099770746,-0.8073151411564473,-0.3653338688206272,-0.9328954593077546,0.29673332444834044,-0.1711530062970331,-0.4971951408374691,0.13161519623270113,0.00024607578414078193,0.0,0.2574415901681492,4.432644180379254,8633.729225564366
ID_1643395,-1.173004644127894,-1.049478187148599,-0.12352645697929507,-0.7828406045158943,0.1084054024032597,-0.3750429850359643,-0.12363836140015767,0.041671274626135915,-0.041559370205273304,0.0,-0.266525678211842,7.6188009743822915,604.7511339202063
David Johnson,-1.1737454423040643,-0.7927656187423016,-0.38097982356176274,-0.7281382441151387,0.03475376629765202,-0.09938114092481484,-0.2648015950091186,-0.036413465966178976,-0.07976476258646512,0.0,-0.18080560317980693,4.657250342719569,5055.250882861967
ID_1627383,-1.1752339915643772,-0.9395075454696566,-0.23572644609472068,-0.7510391418859552,0.11103784803721078,-0.29950625162091216,-0.407931544104418,0.16067329568562488,0.011531802324072443,0.0,-0.016263305574004044,6.66051251926445,905.8953496040072
ID_1629613,-1.1764694547280006,-0.9830039482852331,-0.19346550644276747,-0.8756728445394151,0.04179742331295423,-0.1491285270587722,-0.2368564844749046,0.032233775930195364,0.011157202101941766,0.0,-0.06394012571368082,7.354952457378929,668.2577432605217
ID_1642409,-1.1765849101770298,-0.4892110045258312,-0.6873739056511987,-0.6792753244099965,0.4131107671683871,-0.22304644728422188,-0.7366971887541466,0.16573226579633982,-0.11640898269339192,0.0,0.23938760298711317,4.818168119958238,3874.824748104862
ID_1628237,-1.1774998385425142,-1.0645301903566766,-0.1129696481858376,-0.7943048476783455,0.10341309305235104,-0.3736384357306822,-0.09354248541290694,0.05819813728264743,-0.07762530005557809,0.0,-0.2896525054512618,5.415596449997013,1986.0305924869058
Micah Potter,-1.1784885037590507,-1.2898028519853484,0.1113143482262978,-0.5696894537599063,-0.37903251759728074,-0.34108088062816144,0.19358218677455283,-0.12323312702901537,0.04096528848076033,0.0,-0.8023812367736972,4.473587587962834,7689.038482728556
Chasson Randle,-1.1785768623097268,-1.0518989362842128,-0.1266779260255141,-0.8760025694219792,-0.06438158070848063,-0.11151478615375301,-0.04173206194256776,-0.014613916337235494,-0.07033194774571082,0.0,-0.26084223094517994,4.758902381184597,4236.2372146479975
ID_1643149,-1.1787772585172451,-0.9723895499677941,-0.20638770854945088,-0.8692866075219038,0.002322532622485985,-0.10542547506837632,-0.5903259933625968,0.3323849244773882,0.05155336033575774,0.0,0.2808353423672556,5.256788845994979,2292.2776600196303
ID_1631236,-1.1788952105748116,-1.1177123450320439,-0.061182865542767736,-0.8344976003809361,0.08365469018327021,-0.36686943483437795,-0.09615151578272339,0.11584078263242248,-0.08087213239246682,0.0,-0.24824609441115209,5.613783181786109,1684.7145627666696
Malachi Smith,-1.1793591719652878,-1.0092347442030234,-0.17012442776226444,-0.7759180980648351,0.04160628650810279,-0.2749229326462911,0.007507587798267518,-0.05452202424968661,-0.12310999131084535,0.0,-0.41094866169872024,4.40191380729202,9550.748176738138
Norris Cole,-1.179447326535492,-1.0411015239261434,-0.13834580260934848,-0.8953739020426991,0.12027456573280111,-0.26600218761624556,-0.4386740104082266,0.3000460541889583,0.00028215360991985447,0.0,0.15460058591543369,5.344661465875843,2114.771562566386
Blake Wesley,-1.1811493709528056,-0.9266916872769518,-0.2544576836758538,-0.8510136051536604,0.06207911864040147,-0.13775720076369288,-0.32158045164108084,0.11677557990535892,-0.049652811940131894,0.0,-0.00855531415806439,6.082586625339738,1237.1440273384637
Jarrell Brantley,-1.18156652033514,-1.0532058012597267,-0.1283607190754132,-0.7618724282726104,-0.0242926731499995,-0.267040699837117,-0.15728935562420576,0.028403951612128282,0.000524684936664313,0.0,-0.2624047364383239,7.255286537982546,694.5286190189388
Lucas Williamson,-1.181646469363504,-1.086605045641336,-0.0950414237221679,-0.9431465402991895,0.25176999571131065,-0.3952285010534572,-0.6376921848058678,0.4511784983248506,0.09147226275884929,0.0,0.3991922557415533,4.425911089092094,8814.383640176717
Isaiah Briscoe,-1.1818321948568848,-1.0213227041887443,-0.16050949066814058,-0.7934060083995748,-0.08266767345052842,-0.145249022338641,-0.11277602113036839,-0.04142281116471705,-0.006310658373055125,0.0,-0.2756501653269416,6.599967080879648,930.8149300998002
ID_1642930,-1.1819740467590039,-0.3516299862559077,-0.8303440605030962,-0.5493604658365463,0.295379839550305,-0.09764935996966637,-0.49034332206797726,-0.23478233507946658,-0.10521840335565238,0.0,-0.14227025885448033,4.595168357965267,5730.5133937579885
ID_1642053,-1.1822869307761943,-0.8537389267304949,-0.3285480040456995,-1.0006106446151222,-0.07130284728373837,0.2181745651683657,-0.4476965752926454,0.24359973645526786,-0.12445116520832197,0.0,0.26602028913157316,5.165910042680179,2511.591981366687
ID_1627900,-1.183122696522973,-0.8878677884182822,-0.2952549081046909,-0.8016945275672648,0.11561610592068178,-0.20178936677169923,-0.1446497064659698,-0.0018443110348867892,-0.1487608906038343,0.0,-0.23677846248973855,6.094298008933248,1226.1209187909571
ID_1643131,-1.1835813510600626,-1.2212539348997133,0.03767258383965085,-0.873634354486208,-0.027554523297537915,-0.32006505711596744,-0.3998495755464522,0.3769568630469293,0.0605652963391737,0.0,0.08990257897259765,6.761555177221055,861.427732711134
Jordan Crawford,-1.1839071118146212,-0.9474564293337182,-0.23645068248090306,-0.7780332677297839,0.11630937289379835,-0.2857325344977327,-0.2015891508129145,0.002616431811897385,-0.03747796347988594,0.0,-0.20428469327192295,7.51652860409034,628.2413425351999
ID_1643222,-1.1853607456789312,-0.9124986127675414,-0.27286213291138983,-0.8371556002179524,0.3187818455333759,-0.39412485808296477,-0.264309456739142,-0.22901715747684012,0.22046448130459226,0.0,-0.08389568872183675,4.874069114270271,3552.511254169987
Frank Kaminsky,-1.1863793848628514,-0.9747658935448524,-0.21161349131799895,-0.7533569590378633,0.15414553704729322,-0.37555447155428245,0.014890352296468318,-0.2081444106229575,-0.018359432991509765,0.0,-0.44791277812145647,5.489889557300912,1872.5796584074405
ID_1643051,-1.186405804370393,-1.2241367082763848,0.03773090390599185,-0.8893530783076279,-0.019144701261165034,-0.31563892870759186,0.05228617306817865,-0.03846119872932997,0.023905929567143172,0.0,-0.3493388991309437,5.308266836346621,2189.9344320171554
Mark Sears,-1.1873668672871844,-0.89994513318294,-0.2874217341042445,-0.8007175769916908,0.2002289724569607,-0.29945652864820993,-0.004357219808851648,-0.09804350562278488,-0.18502100867260796,0.0,-0.38229207048664204,4.692162095655413,4744.5508452501235
Javonte Smart,-1.1885956704242782,-0.8550829813697922,-0.33351268905448583,-0.7750902668865591,0.11367089818119237,-0.1936636126644255,-0.2919520019005602,0.19001575913450486,-0.23157644628843047,0.0,-0.12155340163715873,4.325333770208504,12815.793495720625
ID_1643100,-1.1886279285678274,-0.8538560689674782,-0.33477185960034905,-0.9109628440974934,-0.26452981391539265,0.32163658904540793,-0.22130549541663014,-0.1196087162686941,0.006142352084975145,0.0,-0.05635958905370368,4.7812138654978,4093.3243666919075
ID_1641831,-1.1886988853027047,-1.2260602294468699,0.037361344144165046,-0.8004540835011964,-0.22123762176859701,-0.20436852417707646,-0.1063713084891844,0.07798774410806603,0.06574490852528342,0.0,-0.28187349331232403,5.194271395472488,2436.4942931856085
ID_1630607,-1.190652067789156,-0.854067417009215,-0.33658465077994104,-0.8172638857883311,-0.028492985657746224,-0.008310545563137622,-0.29007895754158086,-0.04158982139248421,-0.004915871845875969,0.0,-0.08330922445924402,6.237232903345259,1125.073642469679
ID_1630723,-1.190861083912939,-1.0503493151161698,-0.14051176879676927,-0.8069079169204875,0.035467916914269024,-0.2789093151099513,-0.11066418076993761,-0.016756152643307418,-0.013091435383524223,0.0,-0.2732889862225139,6.482464565480738,988.228919433408
ID_1630687,-1.1916525047078277,-0.8944882070089281,-0.2971642976988996,-0.8939077427815488,0.00025676407397506873,-0.0008372283013543258,-0.2314402183091977,-0.0017459063676892733,-0.06397817302201267,0.0,-0.0663045436170812,6.922240962509403,800.9473549185876
Jarrett Culver,-1.1924482222604162,-0.9894090348753976,-0.20303918738501864,-0.7772280305522732,-0.04040827837873545,-0.171772725944389,-0.2511613443433115,0.08345494674651086,-0.03533278978821798,0.0,-0.16405884736483156,4.453461668307724,8127.344274737585
ID_1641505,-1.1927228568953656,-1.181465833582883,-0.011257023312482649,-0.7279587832796531,-0.1869393436324454,-0.26656770667078433,-0.24301025651328156,0.2818459106258353,-0.05009267742503639,0.0,-0.22175381710243083,5.366037438671558,2071.1782336204224
Aleksej Pokusevski,-1.1941136390648939,-1.221842433915223,0.0277287948503291,-0.7530736750510787,-0.18953316831958827,-0.27923559054455593,-0.05927564262279772,0.12961649364013575,-0.04261205616700893,0.0,-0.38176432139101735,6.8617907612098845,823.6154409276827
Taelon Peter,-1.1946030115834443,-1.559922526331479,0.3653195147480348,-0.8331095993952343,-0.17894902392658274,-0.5478639030096621,0.005487878723019007,0.3605006966152329,-0.000669060590217093,0.0,-0.3669812909112291,5.141554102889402,2579.519669812283
ID_1631440,-1.1954349800203508,-0.7393114056318434,-0.4561235743885073,-0.8780645978716786,0.08575119935546101,0.053001992884374155,-0.293418319933329,-0.09902791746914258,-0.06367733698603573,0.0,-0.02395206221534313,6.357505250606884,1054.3907656625956
ID_1631286,-1.1959518668416025,-0.897656366948375,-0.29829549989322734,-0.9385941371113695,0.0707417154641751,-0.029803945301180593,-0.48786363809797273,0.14449789069796107,0.045070247506784365,0.0,0.23050590836773996,5.1071709462727926,2677.6155127766515
ID_1642669,-1.197026916631281,-1.139275592407954,-0.057751324223326884,-0.7910341985810684,-0.17578162254681778,-0.17245977128006795,-0.3677108205797628,0.30788786790768996,0.002071628448745942,0.0,-0.038281897470449834,5.858490676503716,1417.8746004164018
Arnoldas Kulboka,-1.1991714311700379,-0.9904726712313776,-0.2086987599386603,-0.718925288518224,-0.0043750586224409055,-0.2671723240907127,-0.141737021217352,0.026923698247800137,-0.09388543696910845,0.0,-0.3385091214344619,6.305796154018115,1082.9992625945888
ID_1629787,-1.1996116116503917,-1.1006889546659986,-0.09892265698439306,-0.9182170306953101,0.15705227988748888,-0.3395242038581774,-0.36276345078763006,0.3241192898731928,-0.06027849606995578,0.0,0.08136886983254848,5.1483291474800055,2558.4065264300616
ID_1643324,-1.2001261045115088,-0.9895318904626541,-0.21059421404885467,-0.9055238862227185,-0.04712550810844465,-0.036882496131491,-0.24917030719994865,0.18600434983261177,-0.1474282566815178,0.0,-0.045431911088841676,6.3598767840962775,1052.1524628149944
Reggie Perry,-1.210255198709005,-1.1372401443357183,-0.07301505437328679,-0.6841995446753076,0.053947422357001014,-0.5069880220174117,-0.33499898287683477,0.2411389326694254,0.020844995834122575,0.0,-0.19105667115686267,4.580937420847529,5911.800810767121
Nikola Jovic,-1.2102743731503847,-1.0825314811917162,-0.12774289195866853,-0.7471382130009969,-0.07968589779724883,-0.25570737039347047,-0.1299153238018152,0.05546125714929951,-0.05328882530615284,0.0,-0.3332208363475726,6.7618528001605975,861.5648917926062
Yuki Kawamura,-1.211185206003819,-0.48082336967444145,-0.7303618363293776,-0.5566698276342988,0.3347582967303722,-0.2589118387705148,-0.6283745824677103,-0.040047471228023684,-0.06193978263364362,0.0,-0.026140795901809913,4.749675768870274,4301.044355794989
CJ Elleby,-1.2116754788469186,-1.0217439123964538,-0.18993156645046483,-0.7242321373980518,-0.033988060459935326,-0.26352371453846657,-0.1622940317543238,-0.012397144393778384,-0.015240390302362624,0.0,-0.32514930969454287,5.9445934495210375,1342.571206250383
ID_1630697,-1.2123451630623854,-1.0038180470079796,-0.20852711605440583,-0.8682537931237886,0.09919641924606316,-0.23476067313025412,-0.20592863807507095,0.03796060394205633,-0.040559081921391224,0.0,-0.13816273186352585,6.293933653607104,1092.5157814154934
Bobi Klintman,-1.212895359484655,-1.3452099017585382,0.13231454227388315,-0.8297562341787071,-0.011650224271307685,-0.5038034433085234,-0.430551189844839,0.4905501881060058,0.07231554401271631,0.0,0.04741206453889099,4.578510525220834,5943.944023495573
ID_1642560,-1.215226926577116,-1.1664650806856893,-0.04876184589142671,-0.9309394433351079,-0.42107795558415945,0.18555231823357815,-0.22333458897429154,0.027112370767016065,0.14746037231584877,0.0,-0.06095289426771647,5.74727122469544,1524.9485564540464
ID_1642549,-1.2156559164898404,-1.2641607001923623,0.0485047837025219,-0.9380606267975008,-0.16726591645034622,-0.1588341569445153,-0.1477243022296022,0.2813410574340522,-0.08511197150192809,0.0,-0.12987098746273743,5.5450163732250655,1779.2147140096079
Xavier Munford,-1.215794031232941,-1.0978941239881197,-0.11789990724482134,-0.8164187835352156,-0.06768432922523691,-0.2137910112276671,-0.1072122795702204,-0.007793990299550108,-0.0028936373750508317,0.0,-0.2921629681275049,6.097163037524599,1221.8275689842203
Tyrone Wallace,-1.2162666446598969,-1.124157291345131,-0.09210935331476597,-0.8225826038169051,-0.08419594658750573,-0.21737874094072007,-0.03498069667083886,-0.02878406994591036,-0.028344586698016754,0.0,-0.35870334417215294,6.110396641502213,1212.658459616725
ID_1630676,-1.2178649437616242,-1.0476897365030955,-0.17017520725852867,-0.9665886357217838,0.012717562655948828,-0.0938186634372605,-0.39075954713763317,0.17219390462499984,0.048390435254104656,0.0,0.1394832390977928,5.402639752384977,2003.1611887442286
ID_1641784,-1.2180972675534427,-0.6496134317290501,-0.5684838358243927,-0.8226812681760309,-0.018054531816997427,0.19112236826397833,-0.18332936852725543,-0.2472053054067105,-0.1379491618904267,0.0,-0.2120866308501563,4.786733779814333,4061.0179893857144
ID_1643308,-1.218327329742018,-0.8130013313931593,-0.40532599834885863,-0.8658542021585185,-0.028298871791032958,0.08115174255639213,-0.6321348506511919,0.03719619983422642,0.18961265246810688,0.0,0.27966172306769244,6.19522045101078,1150.4621053385076
ID_1629167,-1.2184005708439083,-1.0646410753647593,-0.15375949547914908,-0.8512749467635088,0.01699495055340335,-0.2303610791546539,-0.07704606016987295,-0.078038031271629,0.0013245959623528723,0.0,-0.2900795639105267,7.003939295852899,773.1714456692816
ID_1630307,-1.2184272409429204,-1.1509256174706866,-0.06750162347223385,-0.8626154381882908,0.01629710867074119,-0.3046072879531371,-0.11035551859461878,0.05772014906986687,-0.014866253947481926,0.0,-0.24545628416001095,6.650235366283115,902.8700272345411
Jamison Battle,-1.2197693655986648,-1.1780045888890693,-0.04176477670959539,-0.59750967662951,-0.10923217334372944,-0.47126273891582987,0.01826088030994119,-0.030175749048276787,-0.029849907971259797,0.0,-0.6405205692790958,5.783981535720001,1495.2523106939975
ID_1643147,-1.2205298466990524,-0.552516257004156,-0.6680135896948964,-1.0464858681574454,0.3426146726455311,0.15135493850775844,-0.09687318292129948,-0.5263487270510303,-0.044791679722566716,0.0,-0.0771707956203075,4.6016285830369705,5650.4929157065635
ID_1643045,-1.2208022505421352,-0.9744331671113162,-0.2463690834308189,-0.7997334933542669,0.15259282288928172,-0.3272924966463311,-0.339325383100065,0.11213639653507212,-0.01918009686582603,0.0,-0.08174337408780327,6.00472235516555,1294.4552976358996
Jordan Sibert,-1.2209667236342219,-0.9823730332799187,-0.23859369035430317,-0.8232789389958057,0.1709974416694902,-0.3300915359536031,-0.31203921522485295,0.04259031158704657,0.0308552132835032,0.0,-0.0856485694135631,5.656256390001137,1638.5559094077664
ID_1643115,-1.2215336624052755,-0.6043272089216011,-0.6172064534836744,-1.0340163703378815,0.4348336911300192,-0.005144529713738827,-0.331360863012922,-0.13317136491029785,-0.15267422556045457,0.0,0.1438435709455279,5.166343860072219,2507.8279773843124
ID_1630722,-1.2221212633377823,-1.0467921052983742,-0.17532915803940805,-0.7809548042349608,0.023225082005603827,-0.2890623830690172,-0.16212342785318143,-0.01804412595478702,0.004838395768560398,0.0,-0.27904303124964003,6.856049075369075,828.0751115583304
ID_1641941,-1.222312927979522,-1.8129108580798101,0.5905979301002882,-0.8562960867333066,-0.23506590971052022,-0.7215488616359833,0.14364684634584143,0.593102761118731,-0.14615167736428422,0.0,-0.5096636875920568,4.761165179873852,4222.435908891099
Justin Patton,-1.2259090742424674,-1.1586477199526986,-0.06726135428976883,-0.825611538641217,-0.07846630239192111,-0.25456987891956057,-0.04650702700841808,-0.003979187898289341,-0.016775139383061407,0.0,-0.3537905085928324,7.270096137068839,690.1250580090052
ID_1629906,-1.2264541955151935,-0.8938109634544924,-0.33264323206070107,-0.7325249103362156,0.13421223734899668,-0.2954982904672735,-0.34994108059011375,0.015566931375605414,0.001730917153807323,0.0,-0.14398820458886408,5.211527299941618,2397.1040881363897
ID_1628448,-1.2279176814977144,-1.0550106386780933,-0.172907042819621,-0.8009341265133779,-0.07954396063248768,-0.17453255153222777,-0.038369211515767804,-0.048352619770429595,-0.0861852115334236,0.0,-0.3886143434685686,7.380795181053115,662.0937861892953
ID_1629393,-1.2283729598862547,-1.020644388590895,-0.20772857129535993,-0.791885775179135,-0.03957612632125308,-0.1891824870905069,-0.09607396422293091,-0.0669371844938614,-0.0447174225785676,0.0,-0.340413220484189,7.161913750646569,722.2566723117376
Rasheer Fleming,-1.2285958407764785,-1.1584725856939828,-0.07012325508249577,-0.7851746171529582,-0.08476351702525049,-0.288534451515774,-0.006099100273319696,0.008169804984738849,-0.07219395979391492,0.0,-0.43732212335020054,6.144893795673678,1185.9349778759565
Deng Adel,-1.2306712532592534,-1.1097374821165864,-0.12093377114266698,-0.8903231195193722,0.041245862836557345,-0.2606602254337715,-0.16816384540982993,0.05258130163541941,-0.005351227368256464,0.0,-0.1721842883300512,6.192457273730021,1155.8693631381493
Carsen Edwards,-1.2310912213832839,-0.9517284207900477,-0.2793628005932362,-0.8806769521747637,0.2546019363657099,-0.32565340498099393,-0.344157939847668,0.04395066842719206,0.020844470827239787,0.0,-0.006256329360852207,5.654128424380314,1637.2079743730815
ID_1641990,-1.2327510293623765,-1.2254987210606267,-0.007252308301749749,-0.9140679467469288,0.12794234861212828,-0.4393731229258261,-0.16636811625255352,0.27645251907305785,-0.11733671112225408,0.0,-0.15231496636289404,5.066002721581871,2799.1085080267076
ID_1643172,-1.2328146462472398,-1.1394226721732343,-0.09339197407400547,-0.933173533609895,-0.03348867730778313,-0.17276046125555627,-0.23117336016754844,0.2214843782026102,-0.08370299210906722,0.0,-0.06846775246979643,6.089841639415118,1229.088535916806
ID_1628576,-1.2347905372930243,-1.2183495204381867,-0.016441016854837776,-0.8130684743134025,-0.06274209927110715,-0.34253894685367714,-0.19035017595103298,0.1743796671435554,-0.00047050804736019705,0.0,-0.23137188702858907,5.681585352992563,1610.7459123207987
Tyler Burton,-1.2348337420387416,-1.2405018997421338,0.0056681577033921016,-0.8062316852087865,-0.04058528316901462,-0.3936849313643327,-0.6453973423944731,0.5320251877725289,0.11904031232533627,0.0,0.2167952855645179,4.578383911459897,5948.792036213434
ID_1631238,-1.2382733752009103,-1.0814716112983325,-0.1568017639025778,-0.7398316931516278,0.09294874677225537,-0.4345886649189601,-0.20806484559313157,-0.009218260264613962,0.06048134195516771,0.0,-0.290376836456151,4.909626318686639,3402.4989636035434
ID_1642657,-1.239835508590113,-1.145130399547417,-0.0947051090426961,-0.8547610832588829,-0.132582753874475,-0.15778656241405906,-0.33012107094660836,0.1305142356940198,0.10490172620989247,0.0,-0.05495335438462176,5.246924365935065,2315.672080673698
ID_1630588,-1.2404061011822236,-1.2668131603192254,0.026407059137001865,-1.0199061504546745,-0.16608978010832748,-0.08081722975622341,-0.08459700971779792,-0.052138787678083304,0.16314285653288307,0.0,-0.1359029410097511,5.119487963545411,2641.949977293536
ID_1630318,-1.2410799157249621,-1.1900994156661688,-0.05098050005879318,-0.885716305574006,-0.1338924214206017,-0.1704906886715611,-0.06776532169810488,0.24840536713026845,-0.23162054549095673,0.0,-0.28759828845285107,5.328606138309297,2143.292110769057
Jawun Evans,-1.2414350957737608,-1.188134150735368,-0.05330094503839285,-0.9143437317494203,-0.10733213086050632,-0.1664582881254413,-0.17128435611225024,0.14290012384522202,-0.024916712771364636,0.0,-0.15580700791209026,5.802092486176093,1475.0945577553723
Kent,-1.2418776084518874,-0.7340231919755257,-0.5078544164763618,-0.6408059488346899,-0.18085141109853642,0.08763416795770063,-0.11645013760882367,-0.2492634116531011,-0.14214086721443694,0.0,-0.48462152200837383,4.642477361771289,5200.5011842130025
Justin Anderson,-1.2425808382411259,-1.198424822821996,-0.04415601541912989,-0.7112522228761893,0.013749807787989815,-0.5009224077337966,-0.02461515224396202,0.11980958145033013,-0.139350444625498,0.0,-0.5067134631209746,4.782519548085485,4083.8609539107606
ID_1629601,-1.2456099930776776,-1.088975626176048,-0.15663436690162968,-0.8339038276089928,-0.12309689088944949,-0.13197490767760556,-0.286666557001056,0.13123541095321642,-0.0012032208537901198,0.0,-0.12503960846762874,6.2537805551194525,1116.1845965974367
ID_1641891,-1.2473692778692702,-1.1318489922874775,-0.1155202855817927,-0.929356135334424,-0.11838194223665212,-0.08411091471640134,-0.39491823227002854,0.1864575544423927,0.09294039224584313,0.0,0.07690508973518237,5.196622050311831,2433.241304317377
Myke Henry,-1.2491894646542172,-1.2042806359225278,-0.04490882873168951,-0.7905709986631191,-0.05864503218030523,-0.3550646050791034,-0.06722488897165593,0.02252211751499391,-0.0002060572750274929,0.0,-0.3913935770194423,7.110310102627566,737.8868230458708
Nathan Knight,-1.249300224372529,-1.261273163977073,0.01197293960454384,-0.9083607984871265,-0.20824691384672256,-0.14466545164322392,0.11969777203277396,-0.06919527068484282,-0.03852956174338729,0.0,-0.4606371979181766,5.291767651154042,2221.6661404526626
Jonathan Mogbo,-1.249894001889431,-1.5694140189004315,0.3195200170110007,-0.6740050624504434,-0.4159707208937462,-0.4794382355562419,-0.04951818276622216,0.5053387269038708,-0.13630052712664797,0.0,-0.5263707566727652,4.8208941914512184,3850.9962700024325
Dewan Hernandez,-1.2527015391371044,-1.2595554886521165,0.006853949515012267,-0.8099166939345614,-0.009914883219915273,-0.4397239114976398,-0.18848084953590796,0.1808599293604638,0.01447486969045643,0.0,-0.25430399566663486,6.108296593374818,1214.7157050791648
Donovan Williams,-1.2530869253041528,-0.8926991710964216,-0.3603877542077311,-0.9677651283623069,-0.13194454180019521,0.20701049906608066,-0.014684629209988281,-0.08755979309783771,-0.2581433318999051,0.0,-0.2706371677318574,4.355558559269448,11288.511148829597
ID_1629824,-1.2544128055816186,-1.1091344643993082,-0.14527834118231048,-0.7585660017026863,-0.12485053866467104,-0.22571792403195085,-0.1537327539074257,0.02977119573018759,-0.021316783005072375,0.0,-0.3421140499715067,6.7005861603903,887.7246665413657
ID_1629204,-1.2557142653759614,-0.7765211200368696,-0.47919314533909185,-0.8786075290350522,0.054502537044063264,0.04758387195411934,-0.3574491683214652,-0.04513737189971431,-0.07660660511791231,0.0,-0.019657568019444016,4.864310065981034,3611.263576430024
ID_1642972,-1.2593459192638596,-0.9424666780063504,-0.3168792412575092,-0.9074578164979054,0.03726348849011976,-0.07227234999856479,-0.3373479075799577,-0.1270025236590198,0.14747118998146827,0.0,-0.014540195185996557,4.688522979881892,4782.430716584948
ID_1642531,-1.263517367520144,-1.072468054481381,-0.19104931303876316,-0.8844223206339145,0.03362922482072695,-0.22167495866819345,-0.06479558202737778,-0.06448696540997542,-0.06176676560140995,0.0,-0.31429946485885185,5.302801923001537,2190.876962873092
Maozinha Pereira,-1.2635409647122673,-1.1776827397781608,-0.08585822493410641,-0.7387736088846636,-0.17171888020628984,-0.2671902506872075,-0.40995122011147345,0.30887154861260024,0.015221446564766782,0.0,-0.11481613571613028,4.861185445007606,3625.265393006698
Branden Carlson,-1.2652405543680385,-1.2352523293703497,-0.029988224997688783,-0.8432753527664735,-0.2789516533735088,-0.1130253232303674,0.03519919438128194,-0.04337995560509411,-0.02180746377387661,0.0,-0.4571643959828469,5.951114854790175,1336.1479537653613
Zylan Cheatham,-1.2654721379868672,-1.3731115230344295,0.10763938504756221,-0.746611501189814,-0.23127224364314336,-0.3952277782014721,-0.07778759973183844,0.20505380525347525,-0.01962682047407461,0.0,-0.44107303706521483,4.908402019878266,3402.717749214711
ID_1629825,-1.2661136557684398,-1.165348570940846,-0.1007650848275938,-0.8642532790135112,0.005641074748332732,-0.3067363666756674,-0.09523936241433399,0.04967251830475145,-0.05519824071801126,0.0,-0.30662101434059447,6.7961993402975205,846.3484898099451
ID_1643218,-1.267263212692306,-0.4520262080122248,-0.8152370046800812,-0.7287403787271608,0.03880122557374196,0.237912945141194,-0.3086300219039401,-0.16416428782491516,-0.3424426949512259,0.0,-0.22989281206120515,4.768599570182589,4170.321139519172
ID_1629697,-1.2679721248837692,-1.2432439647224902,-0.02472816016127908,-0.9033278693936051,-0.16376095004617663,-0.17615514528270834,-0.3276392943942896,0.2654457304843395,0.03746540374867104,0.0,-0.03700496109587446,6.616731578822779,921.6288521234549
ID_1631293,-1.2682616686803911,-1.1795462632522038,-0.08871540542818743,-0.6798406047061325,-0.053255248332391994,-0.4464504102136792,-0.16150274022560626,0.09302592589463361,-0.02023859109721478,0.0,-0.42691832374865235,4.934666707800072,3290.4238133939734
ID_1631485,-1.2689128213655625,-0.8120393079940826,-0.45687351337147997,-0.8371178590449181,-0.04839958432592076,0.07347813537675615,-0.2654802664670836,-0.08651231254985597,-0.10488093435454038,0.0,-0.16631469585356096,5.911364273006246,1367.8384722675278
Jaylen Sims,-1.2689485797354019,-1.0191527459619558,-0.24979583377344614,-0.6409659858180584,0.048384580827392956,-0.42657134097129046,-0.30894181180219055,-0.06646326375185993,0.1256092417806043,0.0,-0.3190407821151532,4.3002607293255215,14414.612366457663
ID_1629722,-1.2693279646708566,-1.0658456547999369,-0.2034823098709197,-0.8441774281159508,-0.027685624821995637,-0.19398260186199054,-0.2364519628996184,0.08364532155093951,-0.0506756685222408,0.0,-0.18869857365528747,7.446656382231934,644.3361661744095
ID_1643022,-1.2729675057192535,-1.060915798856501,-0.21205170686275246,-0.9584787684782223,-0.0681694356941461,-0.03426759468413254,-0.16260690542552553,-0.12377809914498547,0.07433329770775851,0.0,-0.1518818318155056,4.601410888063458,5653.7379956468885
ID_1643048,-1.2750862322887202,-1.032097318624788,-0.2429889136639323,-0.9293974381620994,-0.03983197008212626,-0.06286791038056228,-0.25062348593883366,0.04316587537941978,-0.035531303104518436,0.0,-0.09506530818778719,6.8017656095655665,843.8861218712974
Trevon Scott,-1.2761160493864239,-0.810111547963051,-0.46600450142337296,-0.9978277051321596,0.22993341024214237,-0.04221725307303387,-0.46430273648896303,0.22603447361183798,-0.22773623854624792,0.0,0.18601439223469857,4.336117918347475,12228.377692703205
Joe Wieskamp,-1.277883271727914,-0.9873381610968673,-0.2905451106310468,-0.762952455470858,0.08916038943076891,-0.3135460950567782,-0.25366616350864835,-0.12794308685365816,0.09106413973125971,0.0,-0.2612646527484077,4.7623237313747575,4216.352325437998
ID_1630045,-1.2808423644827753,-1.0194734307618456,-0.2613689337209297,-0.8486077696809348,0.10840171049303642,-0.2792673715739472,-0.3432850168046062,0.09781754804342369,-0.01590146495974716,0.0,-0.08894957799723426,5.257370884465856,2290.086320223112
ID_1630601,-1.2812982883433024,-1.1555183762801406,-0.12577991206316183,-0.8136768541533922,-0.07604452117749896,-0.26579700094924946,-0.08833099532258294,0.00845788996848286,-0.04590680670906175,0.0,-0.3792904388673274,6.618524521651779,921.8082272685615
ID_1631344,-1.2830237986812558,-1.1848375291014817,-0.0981862695797741,-0.819288478223909,-0.07903361561196275,-0.28651543526560996,-0.16416991018154836,0.07408779611713212,-0.008104155515357852,0.0,-0.29956541027579847,6.4592366073887035,997.7802509441746
ID_1631497,-1.2841498160175142,-0.8721972048286925,-0.41195261118882187,-0.8623953399629543,-0.11266433500937874,0.10286247014364058,-0.20335096995750657,-0.1313750477471137,-0.0772265934842016,0.0,-0.21840350609705347,5.589463290231137,1725.136752409217
ID_1643159,-1.285822033534429,-1.0200673257780375,-0.2657547077563916,-0.7494904247467576,-0.16580735947810316,-0.10476954155317669,-0.14258581472567555,0.0056376089722079,-0.12880650200292393,0.0,-0.3937457940619959,4.71694994812069,4544.270783145783
Hunter Tyson,-1.2861290375557544,-0.9438794674821086,-0.34224957007364576,-0.7785025025585406,0.13945045336814604,-0.304827418291714,-0.021546821239495,-0.27518885609509736,-0.045513892739053374,0.0,-0.4860797137577187,5.45514892216178,1922.7539048120243
GG Jackson,-1.287072990176452,-1.0955071279015574,-0.19156586227489458,-0.7303405804448515,-0.24059564419911844,-0.12457090325758743,0.06480584635928194,-0.13355622269784623,-0.1228154859363303,0.0,-0.6215382560908824,4.918701672564833,3350.4997652171005
ID_1630791,-1.2875960358442737,-1.5488651114042706,0.2612690755599969,-1.104569497364662,-0.34739497283751747,-0.09690064120209109,0.4463958241244016,-0.21564226699962344,0.03051551843521872,0.0,-0.6294223626040133,4.495937769531338,7205.0807653405645
ID_1629666,-1.2880868998962254,-1.0910604247831401,-0.19702647511308533,-0.9044635161675172,-0.0911619967381598,-0.0954349118774632,-0.23542938383187367,0.04858808562494166,-0.010185176906153299,0.0,-0.14819399989683466,5.971262052346389,1321.2918693427132
ID_204147,-1.288415926951855,-1.143872272505634,-0.14454365444622075,-0.8522631281695867,-0.036884388642369745,-0.2547247556936776,-0.1526640120926546,0.049481920817661756,-0.04136156317122791,0.0,-0.2834887866896135,5.732213998643745,1549.4748999915168
ID_1628095,-1.289741152105889,-1.1118467499294056,-0.1778944021764834,-0.8172603167457075,-0.03714899837335056,-0.2574374348103473,-0.10771144974904985,0.03377163081992998,-0.10395458324736354,0.0,-0.36476938561113137,6.115360451429183,1209.372763293988
Cody Martin,-1.291803645792361,-1.465153636420148,0.17334999062778716,-0.7824820683645042,-0.1610180658256653,-0.5216535022299787,-0.06615281267607585,0.3258788947793961,-0.08637609147553303,0.0,-0.4431687647517811,5.527984761091362,1809.1293838403103
Caleb Houstan,-1.2926756536356951,-0.9356340000001045,-0.3570416536355906,-0.7490102452300607,-0.1071782182819752,-0.0794455364880687,-0.3557011273076254,0.10488322719191845,-0.1062237535198837,0.0,-0.18796428109800914,4.63593217933398,5281.679451155231
ID_1628860,-1.292927448167325,-1.2919918757343536,-0.0009355724329713488,-0.8885412153734734,-0.09947750478048438,-0.3039731555803959,-0.2102065721911717,0.14177478588189152,0.06749621387630883,0.0,-0.19417966060267994,5.07919717827606,2757.1048052770993
ID_1629191,-1.2929502798263148,-1.1108056371293094,-0.1821446426970054,-0.8107155181924427,-0.05663983778429334,-0.2434502811525734,-0.11921935077743452,-0.09199379249487832,0.02906850057530743,0.0,-0.3630154108564376,6.040844033127962,1264.5368707955513
ID_1631416,-1.2933382378328884,-1.0068723448141068,-0.28646589301878145,-0.8422783101442285,-0.25828128328025307,0.09368724861037475,-0.21894336502555778,-0.019963840464905083,-0.04755868752831861,0.0,-0.232116562663102,6.716853255553347,877.7118449937145
R.J. Hampton,-1.2938980911967999,-0.832962308988792,-0.4609357822080078,-0.7278717932554002,0.23081238317244845,-0.33590289890584024,-0.46935052501391583,0.020634294370422836,-0.01221955156451483,0.0,-0.09667577292748379,5.700991080631175,1587.8637701395776
ID_1643200,-1.2952599564205076,-0.9632179069302312,-0.3320420494902763,-0.9217193139469004,-0.013140323791768709,-0.028358269191562147,-0.26186184258648354,0.08689784036493356,-0.15707804726872635,0.0,-0.11167879988712365,6.066505760073897,1245.2990283575937
ID_1642540,-1.2953780759488498,-0.9591173512022468,-0.33626072474660285,-0.8196665892811362,0.024341476263226178,-0.16379223818433672,-0.25476765863042744,0.04374860759694497,-0.1252416737131204,0.0,-0.220943828037286,6.905151401097268,803.8338991047469
ID_1631479,-1.2964671509749273,-0.9811200667647348,-0.3153470842101925,-0.773097117490869,0.14633570902607546,-0.3543586582999414,-0.30904430913769276,-0.002446210108812477,-0.003856564963687227,0.0,-0.21432572434636563,7.478951872177725,636.6763830805851
ID_1641795,-1.2966314799847571,-0.6340538065921518,-0.6625776733926053,-0.762420927372628,-0.03276318729055462,0.1611303080710308,-0.1283636597391632,-0.40495329718588935,-0.12926071646755277,0.0,-0.40584689287296594,4.308812771808502,13820.899714433483
Jared Rhoden,-1.2976338487838328,-0.7031016856717939,-0.5945321631120388,-0.8583710394871864,0.33495633119218843,-0.17968697737679587,-0.299127760842475,-0.36067734073112423,0.06527293846156051,0.0,-0.14013504845417116,4.508490199295625,6999.704488239062
Tyler Smith,-1.2988427607115771,-1.4483753315999883,0.1495325708884113,-0.8829955307383097,-0.20448868564918443,-0.36089111521249434,-0.2240739499572136,0.41319573518222663,-0.03958921433660174,0.0,-0.19177328001605393,4.504368524913403,7071.412487388825
ID_1631249,-1.2992555356580944,-1.1506943617854035,-0.14856117387269094,-0.7213847294096406,-0.0181492731758362,-0.4111603591999268,-0.1975020323471432,0.06229850467892118,-0.013357646204468923,0.0,-0.38036877390131074,5.12579109875587,2619.8391275789054
ID_1628069,-1.2996755070258579,-0.9991063079871783,-0.3005691990386795,-0.776629940242973,0.0179678481426671,-0.2404442158868722,-0.25811115340900403,-0.11238913002949255,0.06993108439981713,0.0,-0.2649344133738806,6.283983218306138,1098.500858650537
ID_1631379,-1.3008640376981153,-1.158567013544049,-0.14229702415406642,-0.9814756710632367,-0.14375373966334354,-0.033337602817468615,0.05840198218621587,-0.16395104290099247,-0.03674796343928982,0.0,-0.37779034882109447,5.695172284905542,1592.0808403164285
Karim Mane,-1.3033364846615878,-1.1663081974728207,-0.13702828718876714,-0.8714746201366854,-0.06939884455040302,-0.22543473278573228,-0.20209715151366872,0.053214058222439437,0.011854806102462152,0.0,-0.22976471301123372,6.7026738425682355,884.6905232175975
Matas Buzelis,-1.30335357279027,-1.0531398276081734,-0.25021374518209677,-0.8412217348777629,-0.05834350299459447,-0.15357458973581595,-0.23172314668423905,0.10018233713723151,-0.11867293563508924,0.0,-0.23040869122826813,5.332399205687519,2136.554110536893
ID_1642676,-1.3064299437382638,-0.8901192356910939,-0.41631070804716996,-0.8530482512153543,-0.08094551812162695,0.04387453364588745,-0.41634676330968023,0.09141138359645953,-0.09137532833394924,0.0,-0.037034929213229206,5.802056071323738,1476.1901233276121
Grant Riller,-1.3079631464032024,-0.9868065093812411,-0.32115663702196134,-0.8052931086003139,0.18832285008919586,-0.36983625087012306,-0.2937870442093864,0.016143102765324303,-0.043512695577899274,0.0,-0.20888299359350218,5.613740575981577,1689.0411232207107
ID_1629078,-1.3094593084076378,-1.1664110295868548,-0.14304827882078291,-0.798036100724093,-0.11067729813499548,-0.2576976307277664,-0.07253146370062312,-0.04527441106152508,-0.025242404058634704,0.0,-0.4388917439829217,7.369285294631966,663.597334038024
Ronald Holland II,-1.3098206835603965,-1.220837249579634,-0.08898343398076247,-0.8306245383603231,0.029334927466646142,-0.41954763868595696,-0.3527183882959738,0.3038776273218369,-0.040142673006625544,0.0,-0.12647775690409951,5.571755104593274,1749.1383283830696
ID_1643321,-1.3128895003139283,-1.0554658199251656,-0.2574236803887626,-0.8447117382642562,0.03472521694009334,-0.24547929860100282,-0.6389005643099754,0.24820709546863068,0.13326978845258217,0.0,0.17072280226030337,5.576702461389959,1739.0526559633038
ID_1629200,-1.3137248971264068,-1.137901970544071,-0.17582292658233595,-0.800741930852046,0.01928499858731591,-0.3564450382793408,-0.1659675646502343,0.03418270911488167,-0.04403807104698333,0.0,-0.34701540162412653,6.371481364279683,1047.4019643229267
Ricky Council IV,-1.3153974190005906,-0.745796448170718,-0.5696009708298727,-0.656743205477734,0.21087602599088723,-0.29992926868387126,-0.39831657364339923,-0.0887003590212099,-0.08258403816526358,0.0,-0.2603376398794575,5.068677884680486,2794.1414857565396
ID_1641907,-1.317628414741175,-1.2855686372950568,-0.0320597774461183,-0.6174914584097092,-0.3249100213125272,-0.34316715757282024,-0.20452111767595013,0.2142245950861552,-0.04176325485632338,0.0,-0.4956158386555156,4.664380315471572,4997.471857347158
ID_1631290,-1.319752251444739,-1.0466158447613705,-0.2731364066833686,-0.8364919383397333,0.07681661182307926,-0.2869405182447165,-0.1598704771640386,-0.0795329372851914,-0.03373299223413857,0.0,-0.3233898359409672,6.311299597585826,1082.0249137822307
Kent Bazemore,-1.3225630349962498,-1.449767870974847,0.12720483597859714,-0.8661971160361834,-0.11026541743468608,-0.4733053375039773,-0.2489247087840439,0.31566297096974516,0.06046657379289588,0.0,-0.20744121017602235,5.868829752669048,1408.3845661436844
Robert Woodard II,-1.3236849173616108,-0.9672940929075088,-0.356390824454102,-0.924516445113013,-0.05893625357718571,0.016158605782689933,-0.20796326108864538,-0.11495241008095322,-0.03347515328450332,0.0,-0.19120521115995232,4.694741632096362,4718.878882524505
ID_1641948,-1.323869240332119,-1.0397092281693943,-0.28416001216272485,-0.6563830944054296,0.014683530198469463,-0.39800966396243415,-0.08626571631811687,-0.029041025224455813,-0.16885327062015215,0.0,-0.5812204296085726,5.370227856870107,2068.776468834046
Brian Bowen II,-1.3247525953830095,-0.8361588659468774,-0.48859372943613216,-0.88809383767669,0.06781556829076482,-0.015880596560952226,-0.41793796507916325,0.030479923540933797,-0.10113568789790273,0.0,-0.01872079262715634,4.730613375567684,4435.568171816866
ID_1630943,-1.3260709874574772,-1.0424869844605638,-0.28358400299691355,-0.8395754023272534,0.047120521236273076,-0.2500321033695835,-0.13720490841671848,-0.08511531819364099,-0.061263776386554065,0.0,-0.34929067671350544,7.593094903452929,610.8968223077516
Johnny Juzang,-1.3267307234728452,-0.8199193131367664,-0.5068114103360788,-0.6578645933557514,0.08005249463556834,-0.24210721441658328,-0.12917756725589596,-0.3362125064717091,-0.04142133660847375,0.0,-0.5396885628611978,5.010926994623112,2990.081841311044
ID_1642943,-1.3271483472171033,-0.5338850380727891,-0.7932633091443142,-0.752021326395544,0.028703999720818905,0.1894322886019359,-0.47703899276175477,-0.2731012706669663,-0.04312304571559311,0.0,-0.09808802805980463,4.8552397150508995,3657.9138189831056
ID_1643123,-1.3273607450990343,-1.0974126003926625,-0.2299481447063718,-0.6400052132685391,-0.08838812664422382,-0.36901926047989964,-0.23712123877978727,-0.04320180007740698,0.05037489415082245,0.0,-0.4502342930507079,6.895760399283705,808.4544569902549
ID_1630232,-1.331695121930902,-1.0080938156647739,-0.32360130626612804,-0.8087471850964213,-0.05514696339460651,-0.14419966717374597,-0.3659978948467975,0.06603796478911868,-0.02364137620844918,0.0,-0.15695004198768298,7.3742163541978405,661.7062193873801
Josh Huestis,-1.334695145062572,-1.1218279969348657,-0.2128671481277063,-0.9478454887583597,0.01067725777379928,-0.1846597659503052,-0.1803802421666461,-0.06316240054190794,0.030675494580847742,0.0,-0.20646941413756614,5.79101600112864,1488.2155771986495
ID_1629624,-1.335761231946175,-1.2095769984278775,-0.1261842335182974,-0.8602621608608744,-0.06929427383703984,-0.2800205637299633,-0.1274426317645947,0.0751344057846755,-0.07387600753837822,0.0,-0.34805643932070585,6.455952756174771,998.9973809291735
Amida Brimah,-1.3388097807255457,-1.2910385761699803,-0.04777120455556545,-0.7768775935961358,-0.2914288643024775,-0.22273211827136682,0.182102473138154,-0.17648111471476194,-0.05339256297895752,0.0,-0.7440346602675638,5.344251425870543,2116.3586057590883
ID_1630708,-1.3391008492364969,-0.9510788231148024,-0.38802202612169434,-0.836340779366761,-0.23421655462975383,0.11947851088171241,-0.28952582135987387,-0.12087712977093967,0.022380925009119194,0.0,-0.2132342485098619,5.865618986787048,1410.6079650468644
Trevon Duval,-1.3394649152479514,-1.1843877312671582,-0.15507718398079312,-0.8627598989985455,-0.0046258136179537016,-0.317002018650659,-0.2769621132791315,0.10312217354940346,0.01876275574893492,0.0,-0.19974290297027436,5.016318556149307,2968.7998553962652
ID_1628665,-1.3400832437900325,-1.0624416045972156,-0.27764163919281687,-0.8222520181653005,0.044480267726216646,-0.2846698541581316,-0.15377882572306628,-0.07196990119365893,-0.05189291227609165,0.0,-0.36405239990166555,6.22877917762783,1131.3777716803343
ID_1642442,-1.3420940240530432,-0.93302064951421,-0.4090733745388332,-0.7757481606795827,-0.02241668090180976,-0.13485580793281762,-0.1661935609324532,0.004000867204452321,-0.24688068081083234,0.0,-0.4001523024410074,5.309449110385046,2183.0539727253645
Justin James,-1.34307652873917,-0.8927006191424511,-0.4503759095967188,-0.7858255625248518,-0.045100060789152074,-0.061774995828447254,-0.2782187069240237,-0.1590546180483897,-0.01310258462430546,0.0,-0.2790322592902945,6.041984689308443,1260.9791646972071
ID_1630319,-1.343703229067972,-1.096310964103576,-0.24739226496439595,-0.8576968542202767,0.02251095619881021,-0.2611250660821095,-0.1937561744965987,0.04364186266790718,-0.09727795313570442,0.0,-0.2922502003510965,6.544200598138525,956.9226037061235
Taylor Hendricks,-1.345584691428693,-0.9788404991959732,-0.3667441922327198,-0.6664339484684028,0.08043389368297675,-0.39284044441054705,-0.2718805275183278,-0.09678405418751629,0.0019203894731242913,0.0,-0.4072702154419623,5.413443383341155,1996.442505973248
Brandon Sampson,-1.3462247232301945,-1.1670592568939995,-0.17916546633619504,-0.7342796741731241,-0.20234582690234315,-0.23043375581853218,-0.2525216818621289,0.13156685715958102,-0.058210641633647135,0.0,-0.35942336719494145,4.951124810412804,3216.8601090616457
ID_1629000,-1.3468505877190333,-1.044519043617278,-0.30233154410175533,-0.8576966678938202,-0.19936019057223808,0.012537814848780165,-0.027131211039127606,-0.17939520303269443,-0.09580513002993332,0.0,-0.46202270878608565,6.0996984296907675,1219.8799706319542
Rob Edwards,-1.3471549839092334,-1.1051451174637998,-0.24200986644543346,-0.88428353989743,0.10078691637973532,-0.3216484939461053,-0.14377469108604496,-0.0809352522850551,-0.017299923074333402,0.0,-0.3190967529257585,4.689322295660196,4762.188156807799
ID_1642552,-1.3513070917556012,-0.5809278875782373,-0.7703792041773638,-0.9005895688623209,0.2912266991789192,0.02843498210516443,-0.237044562250318,-0.3687301974677716,-0.16460444445927425,0.0,-0.2136729606429622,4.873352948269434,3566.169333857234
ID_1631365,-1.3545777239862924,-1.576115036078151,0.22153731209185876,-0.8427222063470962,-0.4402088644171419,-0.293183965313913,-0.24488856935433984,0.4133151335966512,0.05311074784954741,0.0,-0.26696694828485634,4.908588150251849,3395.4275048089203
Andrew Funk,-1.3560478975729138,-0.5460546784663285,-0.8099932191065853,-0.812657542679091,0.15826385474966287,0.10833900946309966,-0.25194198632312137,-0.44671197256435713,-0.11133926021910678,0.0,-0.2914483685707014,4.472605901508921,7697.845475118149
ID_1630726,-1.3567168931102525,-1.1765576432368792,-0.1801592498733733,-0.7665327003968435,-0.07767320197156113,-0.33235174086847463,-0.21334367397000914,0.013520944469583726,0.01966347962705208,0.0,-0.37684051874339997,5.937832560481643,1346.145792951092
ID_1641760,-1.3569321986940297,-0.9753486721656233,-0.3815835265284064,-1.0012315754128593,-0.010969814621534214,0.03685271786877026,-0.1999026196802533,-0.1059122033340883,-0.07576870351406478,0.0,-0.15579800360091703,5.4166215026678906,1985.600058631709
ID_1631348,-1.3578240547312153,-1.1950486738735782,-0.16277538085763715,-0.7874577031951898,-0.10779053341329935,-0.2998004372650891,-0.20041216314412838,0.023182950082987666,0.014453832203503547,0.0,-0.36995418839189725,6.033384863146393,1268.7650249617404
Tyrese Martin,-1.3581364891227288,-0.9050566314527709,-0.4530798576699579,-0.7440148554886141,0.16719772769387825,-0.3282395036580351,-0.22544880396895595,-0.20621501747145052,-0.021416036229551398,0.0,-0.38867282966515876,4.702474949366658,4659.136171574792
ID_1630571,-1.3598114743666454,-1.1323541959026462,-0.22745727846399927,-0.7805838755752834,-0.11355170997696624,-0.23821861035039654,-0.16238237572377257,-0.009284792915362036,-0.05579010982486465,0.0,-0.4168452230675895,6.9971525635744785,776.8871285711127
Chris Livingston,-1.3601503781381552,-0.6864168972789328,-0.6737334808592224,-0.7004115042177339,-0.34048590060599715,0.3544805075447984,-0.4565407699180236,-0.13382813310282715,-0.08336457783837155,0.0,-0.20319810400239746,4.545686598465278,6382.22471019468
ID_1642516,-1.3607341640461312,-1.1226162136879547,-0.2381179503581766,-0.8446361016000269,-0.02539437452148518,-0.2525857375664427,-0.27471066585686965,0.05959442586626992,-0.023001710367576863,0.0,-0.24138739658923483,5.935070235214905,1347.585673382347
ID_1643094,-1.3622603032699259,-1.3977293021551966,0.03546899888527083,-0.7862317957860611,0.10704468801205842,-0.718542194381194,-0.2866346810970478,0.33561838390636267,-0.013514703924044026,0.0,-0.28939382638681693,5.409691478748954,1996.872109889642
ID_1630652,-1.3626703609275523,-1.0694199536141105,-0.2932504073134419,-0.8546143933479212,-0.2133585409356853,-0.0014470193305037848,-0.20859114255495306,-0.030933190723743287,-0.053726074034745525,0.0,-0.29946482502467786,6.05114231169548,1257.6866916239555
ID_1642578,-1.3633675011071325,-0.8687638712761532,-0.49460362983097933,-0.7896586450274536,-0.2182706681253056,0.139165441876606,-0.09996754334205193,-0.2487604385855068,-0.1458756479034206,0.0,-0.47374131273762704,4.496466291266235,7218.395833699254
Greg Brown III,-1.3661951074846728,-1.2288372126688158,-0.13735789481585697,-0.6994561081402207,-0.24787805560681692,-0.2815030489217782,0.17745118123878487,0.002140197314525763,-0.3169492733691676,0.0,-0.844190180583237,4.66939768059951,4942.089468240272
Bronny James,-1.3668253479171875,-1.2672572062377014,-0.09956814167948595,-0.7142586347913428,-0.17289662609775208,-0.3801019453486064,-0.001943486771291414,-0.02981853577954223,-0.06780611912865231,0.0,-0.650623226354553,4.805955129057882,3934.401763314508
ID_1643093,-1.3674263917413128,-1.6111282996677494,0.24370190792643676,-0.7870611577896098,-0.23079257933217567,-0.5932745625459639,0.10997684081317691,0.21935731399845765,-0.08563224688519776,0.0,-0.6903420747648796,4.992414620394286,3052.3449184086894
ID_1629097,-1.3683478664278403,-1.0790924835486848,-0.2892553828791556,-0.7947591345230811,0.030547326897501934,-0.31488067592310565,-0.3024273363877181,0.03149455357972055,-0.018322600071157998,0.0,-0.27116139551704116,6.51663587280585,969.9888193338718
ID_1642444,-1.3688159921831642,-1.0538589383046357,-0.31495705387852835,-0.7304563525202645,0.05670372710264804,-0.3801063128870192,-0.021667439648723502,-0.08321401853188223,-0.2100755956979226,0.0,-0.6166922000141759,4.51576255162504,6858.152830590412
Feron Hunt,-1.3713306817458848,-1.2062113483236188,-0.16511933342226612,-0.7344912353830497,-0.3344569345239669,-0.13726317841660204,-0.23163667387211437,0.27396115272568977,-0.20744381227584152,0.0,-0.4052027724907207,4.472438069738637,7690.685678552909
ID_1630711,-1.372656611589765,-0.9211420517306879,-0.45151455985907707,-0.9990377870763888,0.2251405142726831,-0.14724477892698218,-0.19441071624609932,-0.10348278644325593,-0.15362105716972183,0.0,-0.17920810826727682,4.742317961975099,4355.635998587573
ID_1643266,-1.3732289989874205,-0.8333248951780209,-0.5399041038093996,-0.814923169700137,0.28293225006345063,-0.30133397554133456,-0.7015910945364228,0.07914755494499191,0.0825394357820313,0.0,0.14328526524913926,5.464385880766005,1904.1212338710445
ID_1629993,-1.3734913251130212,-1.0168899116391434,-0.3566014134738778,-0.7983298897840071,-0.22645484541487665,0.007894823559740333,-0.6964638780082701,0.3501504819225545,-0.010288017388162169,0.0,0.12130244267925601,4.561802909294245,6149.492215677523
Lester Quinones,-1.373996995941384,-1.1842947410211468,-0.1897022549202371,-0.513225479187879,-0.08371216817999036,-0.5873570936532775,0.050415887046658864,-0.16315015154594756,-0.0769679904209484,0.0,-0.9111874038001638,4.31979813466491,13135.513402884852
ID_1641868,-1.3748192374869457,-1.0925193942424447,-0.28229984324450097,-0.7657675425044429,0.023927819062285284,-0.35067967080028706,-0.3193875232911181,-0.037269679647549514,0.07435735969416665,0.0,-0.2896641716913846,5.945373843301839,1343.3064738301994
Justin Jackson,-1.3755676146948523,-0.7002716603624888,-0.6752959543323636,-0.7209067909195875,0.3554768960540464,-0.33484176549694766,-0.021923398730837595,-0.42690038062505353,-0.22647217497647248,0.0,-0.6327374250444273,4.663809820658745,4996.650651849193
ID_1630681,-1.376780440451427,-1.196170476348989,-0.18060996410243793,-0.8393699047453418,-0.05176269394338047,-0.3050378776602669,-0.1445076082537634,-0.02621249990604249,-0.00988985594263203,0.0,-0.3929029274523219,5.825933384234421,1450.5675332236592
Kennedy Chandler,-1.377334701965335,-0.6022211326841511,-0.775113569281184,-0.8312862460159249,0.07826052950846488,0.15080458382330897,-0.8783345073170191,0.2809054613476497,-0.17768452331181459,0.0,0.3322860513676089,4.334756299514367,12306.238276248983
Jeremy Pargo,-1.378591212944192,-0.880817861788332,-0.4977733511558599,-0.802448979773449,0.27167879448117527,-0.3500476764960583,-0.31173793743199263,-0.18956755757574165,0.003532143851874312,0.0,-0.2644042957387503,5.21438907791506,2393.52824483708
ID_1641882,-1.3790021775942884,-1.1307466038340823,-0.24825557376020602,-0.9054495611457176,0.04825922444687354,-0.2735562671352383,-0.2723022803752311,0.03627791850356767,-0.012231211888542612,0.0,-0.2012503360733397,7.295266266832918,683.0998295677358
Mac McClung,-1.379087901235231,-0.48760216393656847,-0.8914857372986627,-0.4465599090698361,0.279103484261744,-0.3201457391284763,0.06813722868131619,-0.6667984507940442,-0.29282451518593466,0.0,-1.0006652208467113,4.279177303956035,16097.806116548592
Johnny Furphy,-1.3822604085186492,-1.0673215632040516,-0.3149388453145975,-0.9172204855240368,0.018237375538493514,-0.16833845321850827,-0.346686537025378,-0.04419140793348206,0.0759390996442626,0.0,-0.1183533859692342,6.678377678925637,896.0934103192776
ID_1629807,-1.3829463034403544,-0.9755815678439828,-0.4073647355963716,-0.7838928903645223,0.008091785744590161,-0.1997804632240507,-0.2881337634979279,-0.09435568854720935,-0.024875283551234313,0.0,-0.3109196495779042,6.185239871589535,1161.697836133002
Jack White,-1.385021060636817,-1.071081310232343,-0.3139397504044739,-0.8072530675327946,0.007954880919101716,-0.2717831236186502,-0.13531958375969066,-0.051478394889344664,-0.1271417717554386,0.0,-0.4424484093443317,5.111377998577334,2665.580380730111
ID_1641848,-1.3852221694953581,-0.99201338515569,-0.39320878433966805,-0.9363133491082543,0.053131405895977424,-0.10883144194341315,-0.07600404377039992,-0.2990572384351644,-0.01814750213410372,0.0,-0.37290477661670385,5.300339027107758,2201.5770886323207
Kira Lewis Jr.,-1.3854809233463656,-1.1708680782616234,-0.21461284508474213,-0.8357849908322019,0.397787236079517,-0.7328703235089384,-0.21184882527645127,0.22868651881760996,-0.23145053862590081,0.0,-0.3378471072377123,4.491340439037404,7307.605589977248
ID_1630566,-1.3873572872049253,-1.3338030946082102,-0.053554192596715136,-0.758855626723543,-0.12887616212700775,-0.44607130575765963,-0.22154356813236337,0.18530585839935704,-0.017316482863708803,0.0,-0.4069580923490191,5.26251360152539,2279.4839398484132
ID_1642514,-1.3887288668663549,-1.2602919037066043,-0.12843696315975056,-0.8542852498119511,-0.08814531690426544,-0.31786133699038766,-0.2997321105486028,0.12196855260420929,0.049326594784642956,0.0,-0.2347115065058008,6.1218463532812715,1207.2928936597543
ID_1642947,-1.3889982131143361,-1.3848703064467496,-0.004127906667586639,-0.964643032325589,-0.13412331829155233,-0.286103955829608,-0.15796163476220992,0.024867474653380177,0.1289662534412431,0.0,-0.2663935460265371,6.7247233531004,874.1388532535316
ID_1643221,-1.389998582682615,-1.1106603492032288,-0.27933823347938613,-0.9493455692859735,-0.20828424935796902,0.046969469440713785,-0.5675509955698377,0.051418321459569566,0.23679444063088192,0.0,0.12689798217319626,5.022112915394271,2946.8986311604594
ID_1643177,-1.39095659157462,-1.0652063064692043,-0.3257502851054156,-0.808603051058553,0.030261995903936433,-0.2868652513145877,-0.17210478064231882,-0.062364835394820545,-0.0912806690682762,0.0,-0.41024875987374804,7.508123241216699,630.7139922439952
ID_1642407,-1.391827021089513,-1.0148960227660306,-0.3769309983234822,-0.8278643333009681,-0.07419911985353855,-0.11283256961152394,-0.3769939174912941,0.02953051614677437,-0.029467596978962493,0.0,-0.18696877029725062,5.936118327225706,1347.516727449436
Malik Newman,-1.3922735779137767,-1.08046504670485,-0.3118085312089268,-0.8114440207895726,0.10830188971150297,-0.37732291562678055,-0.21509025641411889,-0.09407557095124,-0.002642703843567889,0.0,-0.36573930071008554,5.564517800457272,1755.9806653616697
Andrew White III,-1.3942004734866371,-1.1234928472553987,-0.27070762623123856,-0.8876220331552809,0.052367472463455966,-0.28823828656357375,-0.11537336180670607,-0.1398782072401989,-0.015456057184333611,0.0,-0.3912050785246503,5.796211194077491,1481.6465514544093
Dusty Hannahs,-1.395402071982141,-0.9184928373926294,-0.4769092345895115,-0.6896640681409548,0.006197933381562829,-0.23502670263323747,-0.036524779493517234,-0.34254648352302586,-0.09783797157296839,0.0,-0.6692132243476688,4.998155418673282,3042.4030830311413
ID_1642888,-1.3955208959895558,-0.8509464081461986,-0.5445744878433573,-0.867690495254371,0.21903654569642894,-0.2022924585882565,-0.310894156589676,-0.16803236691290122,-0.06564796434077999,0.0,-0.21693624414550877,4.831279798603233,3790.7015826526886
Keyontae Johnson,-1.3963159872282813,-1.0679251127765852,-0.328390874451696,-0.8284544281056254,-0.0785983155158414,-0.16087236915511832,0.49288245069369907,-0.6423207222491397,-0.1789526028962554,0.0,-1.0607440098163547,4.387586490866629,10020.711522582893
Admiral Schofield,-1.397170028754064,-1.2355226268335693,-0.16164740192049465,-0.7956869927606506,-0.06554000551087022,-0.37429562856204845,-0.219419080270006,0.055890985702808024,0.0018806926467033296,0.0,-0.38206395572340734,5.960416485839545,1330.642820297202
ID_1642508,-1.3982022581411853,-1.5957079673182408,0.19750570917705557,-0.8371850353393883,-0.1747270096250153,-0.5837959223538374,0.114191294584821,0.13633659346299792,-0.05302217887076334,0.0,-0.6752085173866181,4.523179957981492,6739.430793412908
Chris Youngblood,-1.3989483887539946,-1.1728805247570877,-0.226067863996907,-0.5584561893070494,-0.09451356844984184,-0.5199107670001966,0.12961629287570356,-0.4114573669861943,0.05577321011358375,0.0,-0.9701084923226491,4.957856301485768,3187.2382480316837
ID_1631340,-1.3991760924300163,-1.1132706752424646,-0.28590541718755164,-0.9216322168487966,-0.04777526204891579,-0.14386319634475214,-0.07024352073572221,-0.11976543119988606,-0.09589646525194337,0.0,-0.4073003548454974,5.450501845129017,1921.9281386649805
ID_1631421,-1.4046802985258853,-1.1121261425409763,-0.292554155984909,-0.719896124895405,-0.24249047594504175,-0.14973954170052953,0.011393874685421246,-0.021249729205241374,-0.2826983014650889,0.0,-0.6961780483159016,4.4768671498865045,7606.906856060219
ID_1642563,-1.407466617227233,-1.5286289319291846,0.12116231470195163,-0.8747117575399987,-0.21347653667294697,-0.4404406377162388,0.10862426699408165,-0.0876828191675314,0.10022086687540138,0.0,-0.6413791266813158,4.722150170357662,4501.307072961554
ID_1642619,-1.4111615068728902,-0.9145237959870294,-0.49663771088586084,-0.7411296023910046,0.03634494570412583,-0.20973913930015065,-0.10769309156373387,-0.15279437893874634,-0.23615024038338062,0.0,-0.5623388129181518,4.648419436629603,5145.5429077329145
ID_1631371,-1.411956567549751,-1.511335625165111,0.0993790576153602,-0.9472632022936361,-0.015548240259700238,-0.5485241826117748,0.02889358890523444,0.05160724682189647,0.018878221888229303,0.0,-0.49358695416134934,5.373879078108863,2057.7866715210753
Sekou Doumbouya,-1.4121122519936573,-1.2232196383631635,-0.18889261363049376,-0.8237543142163946,-0.1513033563211416,-0.24816196782562733,-0.20228813341103125,0.05254017300962245,-0.03914465322908495,0.0,-0.38606980436623145,7.263254584013434,694.720710136673
ID_1630819,-1.4124012708005402,-1.188342552450806,-0.2240587183497342,-0.8234041324075378,0.11003227730362651,-0.4749706973468948,-0.20315399754261063,-0.01042496949102635,-0.010479751316097201,0.0,-0.3858431408503918,6.509054144274229,974.9147513255266
ID_1630765,-1.4143325824772837,-1.1406897842595232,-0.27364279821776044,-0.8630697080783698,0.0327746039741928,-0.3103946801553463,-0.2962500164169347,0.035533504900034846,-0.012926286700860571,0.0,-0.25501285798197926,6.433448302697748,1013.2159390364493
ID_1630753,-1.4160550663981177,-0.980463318226643,-0.43559174817147467,-0.8473483326399724,0.07118700812837508,-0.20430199371504562,-0.11931464179701988,-0.23422991200627483,-0.08204719436817998,0.0,-0.44939209196112534,5.257878153069056,2285.7315115574647
Maxwell Lewis,-1.4187725754610148,-1.4671965050559737,0.04842392959495895,-0.9495595665144005,-0.10280222356138681,-0.41483471498018637,0.09535260180390889,0.10200262163761943,-0.1489312938465694,0.0,-0.5645656107505233,5.104074327184388,2685.2958783379104
ID_1642701,-1.420569799402596,-0.7384765141831597,-0.6820932852194364,-0.8764479968474237,0.17730946611636678,-0.03933798345210281,-0.138780495676192,-0.37705964320199237,-0.166253146341252,0.0,-0.4053413068789804,5.378596439741766,2055.1370063398635
ID_1630665,-1.4214391194812208,-1.027881141716561,-0.39355797776465984,-0.7510034899816572,0.044643784260035214,-0.3215214359949391,-0.20631850179125044,-0.028499329474871132,-0.15874014649853826,0.0,-0.46411712770831326,4.931340455449668,3297.5771135965147
Theo Maledon,-1.4216087076114803,-1.366853391494425,-0.05475531611705532,-0.693237505986345,-0.0696523142046606,-0.6039635713034194,0.07921128212746545,-0.013158465512352543,-0.12080813273216823,0.0,-0.8075824837526007,5.664643771506946,1628.2253109700132
Broome,-1.421833398929918,-0.9052353761594807,-0.5165980227704373,-0.8660942046973975,0.0646964917627744,-0.10383766322485759,-0.5373467909051216,-0.09945471019936894,0.12020347833405323,0.0,-0.018392403327398915,4.910201757325571,3400.7495725327035
Jett Howard,-1.4232856301009076,-1.018245816040405,-0.40503981406050243,-0.795970732452532,0.009911042392636155,-0.2321861259805093,-0.17716095390870548,-0.10917737352887988,-0.11870148662291707,0.0,-0.4501539437396701,5.269620330501919,2269.7621144384257
Jahlil Okafor,-1.4238130307126653,-1.316696516037774,-0.10711651467489133,-0.7041071717281088,-0.3594770896777977,-0.2531122546318676,0.18531235392240816,-0.23893303410166997,-0.05349583449562953,0.0,-0.9050182129069648,4.829328528627717,3805.5332363220336
Frank Jackson,-1.426586086146538,-0.8046318910486742,-0.6219541950978639,-0.7161057544814708,0.022437875938976108,-0.11096401250617938,-0.11940775402758594,-0.3603778895810137,-0.14216855148926424,0.0,-0.5910725776374812,5.737026550565918,1541.2492815995856
Aleem Ford,-1.4271702123416419,-1.1028713359823894,-0.32429887635925236,-0.8357923756509876,0.07209851741646234,-0.3391774777478641,-0.4087042745822289,0.19759457199603317,-0.11318917377305662,0.0,-0.18267356210842522,4.576457046389066,5957.107207968755
Liam McNeeley,-1.4296182587178046,-0.6137981572088348,-0.8158201015089699,-1.0024520856591896,0.24986740932330104,0.13878651912705375,-0.10981216486344816,-0.4884749098997804,-0.21753302674574138,0.0,-0.31735400819516696,5.141509753758345,2582.0859634816034
ID_1643298,-1.4324213288132028,-1.3314199665192348,-0.10100136229396804,-0.8027405246978521,0.15016314018584398,-0.6788425820072266,-0.0975355190574624,0.11240210762261069,-0.11586795085911633,0.0,-0.5321452850578883,5.069197937368319,2791.443057448894
Hunter Dickinson,-1.435344304868047,-0.8964233571324862,-0.5389209477355609,-0.890392418001648,-0.20962235610437274,0.2035914169735346,-0.05125602700596177,-0.6619869448381971,0.17432202410859798,0.0,-0.4936958598604372,4.647470879603738,5172.062125737701
ID_1642573,-1.4388218575993441,-1.1878128544347832,-0.2510090031645609,-0.8729250013917975,-0.2583402000856695,-0.056547652957316216,-0.3415701841968968,0.05610086453964967,0.034460316492686244,0.0,-0.2243266720106498,4.809129130044601,3907.6885989168127
Yang Hansen,-1.4388609202022797,-1.361395407914042,-0.07746551228823766,-0.6025590713268154,-0.36663579822241665,-0.39220053836481006,0.10811920857655191,-0.2021329910206233,0.016548270155833725,0.0,-0.9444210574520163,5.244517510824141,2330.7386181745787
ID_1630315,-1.4391636998487867,-1.3103560516995574,-0.12880764814922938,-0.8340519391648066,-0.12012867268962922,-0.35617543984512157,-0.16766601764869996,0.11045116643407263,-0.07159279693460205,0.0,-0.4374457430352803,7.147425551261668,728.7693255008492
Antonio Reeves,-1.439862003417464,-0.8615194224233326,-0.5783425809941315,-0.6560882115959459,0.17656698253036945,-0.38199819335775614,-0.21525048688848436,-0.22403219138941546,-0.13905990271623173,0.0,-0.5685233049330338,4.5959128919813015,5722.348251239742
ID_1629354,-1.4406781943579476,-1.0411765264496329,-0.3995016679083149,-0.8699925488153077,0.03633382740184577,-0.20751780503617084,-0.2691972314745845,-0.16075232228492262,0.030447885851192277,0.0,-0.3014884140680554,4.779465193909755,4084.089651256917
LJ Cryer,-1.442141078596773,-1.2760858096489054,-0.16605526894786768,-0.777389466007015,0.018501447677619076,-0.5171977913195096,-0.0052353507220296025,-0.1101709090191764,-0.05064900920666168,0.0,-0.6595162618677286,5.356498206077198,2097.782943723619
Marques Bolden,-1.4438259988200852,-0.9358638296674461,-0.507962169152639,-0.8457668763949073,-0.09250759449951783,0.002410641226979121,0.24171386335284825,-0.7405948778744569,-0.009081154631030413,0.0,-0.8397729857780261,4.490301995242411,7333.73530540036
ID_1643169,-1.4441037908935899,-1.262381729056088,-0.18172206183750186,-0.8650318982858631,-0.07412223449884986,-0.3232275962713749,-0.4816475681617671,0.2104439257001821,0.08948158062408315,0.0,-0.09742432444595947,7.234508126688262,700.7778441368941
ID_1642952,-1.4470984212454256,-1.1099019494897469,-0.3371964717556789,-0.901874722122306,0.1461609403793402,-0.3541881677467811,-0.3601127245231013,0.028016442761863714,-0.005100189994441357,0.0,-0.18511097460001855,5.400047791239964,2012.3765018769031
Gui Santos,-1.4488547683544397,-1.0916681857513286,-0.35718658260311104,-0.7012039955619711,-0.354812054704685,-0.03565213548467237,-0.22954632330324135,-0.10842253488049769,-0.019217724419372025,0.0,-0.5181044494892271,4.831350015619462,3788.460560213088
Hassani Gravett,-1.4524214899895127,-1.3007372995119508,-0.151684190477562,-0.7314971082988903,0.04582869693041301,-0.6150688881434736,-0.25362132914578306,0.16294758921559732,-0.06101045054737626,0.0,-0.4673030525448395,5.20097700058364,2424.161895057655
Norvel Pelle,-1.4570830021293917,-1.0715047650092144,-0.38557823712017736,-0.8232242934776796,-0.21898440676421865,-0.02929606476731618,-0.07618283759150653,-0.22104068073673197,-0.08835471879193882,0.0,-0.5576758710602056,6.0276514588026915,1272.248283697239
Matt Ryan,-1.458632543493935,-0.8761358571988942,-0.5824966862950407,-0.6733985930465131,0.09008794770566714,-0.29282521185804833,-0.2582447033535882,-0.3326066509803426,0.008354668038890074,0.0,-0.5269892470938337,5.511661746115121,1831.5340622868491
Nikola Topić,-1.4622152514635234,-0.8971643873028163,-0.565050864160707,-0.5371223379438074,-0.0260938327172172,-0.3339482166417918,-0.3488634902841765,-0.2499265901592165,0.03373921628268594,0.0,-0.5762294232355396,5.72034868275376,1565.2968180221173
Pooh Jeter,-1.4636685642326013,-1.2609197888915329,-0.20274877534106833,-0.8369973401962247,-0.026584243293880004,-0.39733820540142806,-0.2213538241838422,-0.0059459059842936896,0.02455095482706754,0.0,-0.4053173998525342,5.8945175847624265,1384.6056977931676
AJ Johnson,-1.4659294192363737,-1.3279322637530224,-0.13799715548335126,-0.8296208250727596,-0.17204576824318912,-0.3262656704370736,0.11053502210431851,-0.17492780624802537,-0.0736043713396444,0.0,-0.7468436162679325,4.831541256226123,3785.5038774781515
Scottie Lewis,-1.4663577145562472,-1.3878416666498126,-0.07851604790643463,-0.786382118769114,-0.17522638556482661,-0.42623316231587194,-0.1467385779951398,0.13450561198256616,-0.06628308189386098,0.0,-0.5332370177919934,5.494381163532694,1853.369990116031
ID_1631317,-1.4668996782050043,-1.1933074692702945,-0.2735922089347099,-0.6685518037645362,-0.0629708370957661,-0.4617848284099923,-0.2797716830414442,0.10633967544384308,-0.10016020133710885,0.0,-0.5185761913990241,4.817949590885593,3868.424039175574
Alfonzo McKinnie,-1.4722924960611434,-1.1057726035564441,-0.3665198925046993,-0.8886686006490454,-0.0697755255380761,-0.14732847736932264,-0.27869495163967517,-0.08522114586921228,-0.0026037949958118978,0.0,-0.30492894377242286,5.228198822376379,2356.4314386047563
ID_1643207,-1.4725209110737216,-1.2741365924083476,-0.1983843186653739,-0.8822332021124749,-0.040681388060641616,-0.3512220022352311,-0.07625725661195348,0.04207125178545334,-0.16419831383887376,0.0,-0.5140304523492931,5.129803245467334,2614.0418359943487
Dakota Mathias,-1.4728356825392197,-1.0026242567629828,-0.47021142577623687,-0.6610505077146466,0.08354003679173203,-0.4251137858400683,-0.32933775558616485,-0.05207667032277086,-0.08879699986730119,0.0,-0.4824474192384083,4.4265902721544546,8813.42550178272
JT Thor,-1.4755376070135644,-1.200968487154982,-0.27456911985858234,-0.8708751177946259,-0.2925788444687838,-0.03751452489157217,0.005830127575330496,-0.12446612403418847,-0.15593312339972434,0.0,-0.6104926167942687,4.932871597249552,3290.879097482034
ID_1641859,-1.4755606774209222,-1.2444445714592778,-0.2311161059616445,-0.8017317817624506,0.024260892250036643,-0.46697368194686395,-0.27339721855649673,0.010006046552091336,0.03227506604276094,0.0,-0.4004316771019751,6.24188858927286,1124.8666329720363
Jordan Hall,-1.4762449495296734,-1.4769268716602162,0.0006819221305427031,-1.0472825139699253,-0.12889121069914972,-0.300753146991141,-0.13386387459536536,0.05196924257838291,0.08257655414752516,0.0,-0.2950985609643826,4.396827195588178,9707.101143305934
Mychal Mulder,-1.4770037923658024,-1.4615041561796986,-0.015499636186103727,-0.8587666978852396,0.11603814959411182,-0.7187756078885708,-0.19055324124781556,0.06535987380208005,0.10969373125963178,0.0,-0.42768385323274705,4.571444182221335,6032.813652940518
ID_1631499,-1.4792956111669688,-0.9686596668377873,-0.5106359443291816,-0.8828617859907735,-0.02187347773499375,-0.06392440311202012,-0.6421476238427949,0.11629704340000355,0.015214636113609688,0.0,0.045713798666599366,4.841682050928988,3733.48294779104
ID_1642249,-1.480111020917564,-1.1781865387623367,-0.3019244821552274,-0.9371393803546402,-0.10554561414565893,-0.13550154426203753,-0.2561319062565373,0.016166210128890822,-0.06195878602758087,0.0,-0.28683973430638654,7.308618762306503,682.4016943308154
ID_1630778,-1.4812069397877377,-1.3515997798978416,-0.12960715988989593,-0.8171708495069756,-0.03384402438563483,-0.5005849060052312,-0.3757097483266903,0.18643512188177422,0.05966746655502015,0.0,-0.28832634195407164,5.659196234786845,1635.3098071898353
Kostas Antetokounmpo,-1.4813290741611533,-1.333041702035006,-0.14828737212614732,-0.7803865615528814,-0.19758142541183304,-0.3550737150702916,-0.17584728106940978,0.06033178940259951,-0.032771880459337044,0.0,-0.5250952315388622,6.078286156270273,1235.9597499423708
ID_1641874,-1.4824359870379813,-1.262066419242343,-0.2203695677956382,-0.9594335535642733,-0.15474003656993235,-0.14789282910813736,-0.29556707435624086,0.14999663947662292,-0.07479913291602028,0.0,-0.22743535911746704,6.457977359912605,996.6559296967525
ID_1631129,-1.4832754041544884,-1.0462104968220645,-0.43706490733242404,-0.8317670359513415,0.03284011918293745,-0.24728358005366047,-0.14775603484300842,-0.24636025191343616,-0.04294862057597941,0.0,-0.5037523333601386,4.958495967847006,3183.535902573105
ID_1630320,-1.4834081030944772,-1.1949348566944726,-0.28847324640000466,-0.8259757213458478,0.06178740227068053,-0.4307465376193054,-0.2625276529698022,0.0012282670803333423,-0.02717386051053584,0.0,-0.3949047287788274,6.663385290947213,903.4284587791919
ID_1643160,-1.4835270013118707,-1.1201530369629085,-0.3633739643489621,-0.7967392632210658,-0.05338482928324603,-0.2700289444585967,-0.6517328563804621,0.2223497347161985,0.06600915731530152,0.0,-0.03505488171034274,4.7984023102139215,3985.09571952412
ID_1629186,-1.4848379963471028,-1.1928268711089083,-0.2920111252381945,-0.8966371574658277,0.005714517798290596,-0.30190423144137124,-0.3087423885268117,0.06778616824454649,-0.05105490495592928,0.0,-0.2794584503544635,6.794559276424551,848.3317084897358
ID_1642597,-1.4896833184903866,-1.1849272521202263,-0.3047560663701603,-0.8106623883843223,-0.07246328366142074,-0.3018015800744833,-0.4315120345318769,0.24112680164473754,-0.1143708334830209,0.0,-0.24750889557418743,6.116091456143385,1210.2365215632653
Paul Watson,-1.4978941985268022,-1.2745941971530916,-0.2233000013737106,-0.7543381215432616,-0.12903171956928178,-0.39122435604054817,-0.1890806711045916,-0.07725826847966386,0.04303893821054488,0.0,-0.5544754058789491,4.377885272028691,10378.041372258895
Tonje,-1.4997574361224155,-0.8952761501612398,-0.6044812859611757,-0.5845814153623087,-0.17513588639608807,-0.1355588484028432,-0.6036353509724319,0.026292056302771587,-0.02713799129151524,0.0,-0.3115406697876749,4.643592019913373,5199.06692499302
ID_1642640,-1.507901705165559,-0.6615589749245714,-0.8463427302409876,-0.7608467176189403,0.14113459868718337,-0.041846855992814486,-0.6233451354752523,-0.14769286027594702,-0.07530473448978837,0.0,-0.12370985207136652,4.680114004743296,4850.188255719402
ID_1631455,-1.5097776544357822,-0.960535234668128,-0.5492424197676543,-0.6658326046399901,0.3597095289283412,-0.6544121589564791,-0.30640524036666716,-0.03184732717718282,-0.21098985222380434,0.0,-0.537539809429125,4.299680815191601,14452.200695667914
D.J. Wilson,-1.5101035408864503,-1.5701197534835067,0.060016212597056404,-0.7784371093461759,-0.3052535873808363,-0.48642905675649434,0.10283338577009873,-0.027406118748154074,-0.015411054424888259,0.0,-0.8344998173103728,4.792602614446938,4021.4046201205574
ID_1642480,-1.5101554657011578,-1.1541589218004686,-0.35599654390068924,-0.8150610816521083,-0.07797436635607607,-0.26112347379228423,-0.2261461131978165,-0.11058565299656778,-0.019264777706304994,0.0,-0.46894827085123303,5.0091715821639475,2994.0579557060446
ID_1641756,-1.5106629948933907,-0.9530195186910647,-0.5576434762023259,-0.8303404767931606,0.039864183838042605,-0.16254322573594673,-0.2906612202429871,-0.1721195898927696,-0.0948626660665692,0.0,-0.3896612978572429,5.438907760295639,1938.805152130672
ID_1643161,-1.5109265298646455,-1.2150428999929648,-0.2958836298716807,-0.6869662175119916,0.02934968891316466,-0.5574263713941379,0.008255009947113007,0.0038095937583547818,-0.3079482335771485,0.0,-0.8322153222997669,4.889623437030997,3493.038446116948
ID_1628698,-1.511621284986801,-1.2426024254283652,-0.2690188595584357,-0.8898438893613306,-0.00965516020623891,-0.34310337586079565,-0.14678340917408056,0.0010600673666913835,-0.12329551775104652,0.0,-0.4749939864513897,6.925532211799792,796.7244695418563
ID_1641909,-1.5120317973967328,-1.2914697366393924,-0.22056206075734044,-0.8053933097998272,-0.04722025042507874,-0.4388561764144865,-0.48912919389091813,0.14156231799630875,0.12700481513726894,0.0,-0.2175092937059875,5.2880117770920565,2228.1981161263902
ID_1630715,-1.5121291905222871,-1.3681926761465624,-0.14393651437572463,-0.9072393641949777,-0.10873315141155308,-0.35222016054003136,-0.18949297531136347,0.08446904336259753,-0.03891258242695868,0.0,-0.4153968510159456,5.905869165989501,1375.5539151854773
ID_1629826,-1.5128089088643188,-1.18034978166302,-0.33245912720129894,-0.8713180582863027,-0.005990725218702135,-0.3030409981580151,-0.2517736795853326,-0.010448376991692779,-0.07023707062427359,0.0,-0.3897171709926836,6.207652511414187,1145.618939482958
ID_1626217,-1.512950223239148,-1.1484074477622874,-0.36454277547686065,-0.9259497340095459,-0.23391840129696834,0.011460687544226855,0.09872714669241187,-0.3290706623898516,-0.13419925977942093,0.0,-0.685727635922014,4.962739737100684,3169.5106632794777
Miye Oni,-1.5142057595780893,-1.3101224562725382,-0.20408330330555124,-0.6588554580941312,-0.2293715689835601,-0.421895429194847,-0.19612771859030584,0.05433597226958044,-0.06229155698482585,0.0,-0.6592225828936525,4.936426474804677,3277.318512749035
ID_1642052,-1.516008084877556,-1.1694304244565579,-0.34657766042099813,-0.907358365291454,0.0458183874954574,-0.30789044666056126,-0.3788402746158108,0.13692319971236566,-0.10466058551755297,0.0,-0.22980944497029115,6.272558688539639,1104.3937108450746
ID_1641915,-1.5169616106326644,-1.2256500336718468,-0.29131157696081766,-0.7742905375072041,-0.25071783689702487,-0.20064165926761773,-0.19931862027458136,-0.17037657173703477,0.0783836150507985,0.0,-0.5433524528508789,4.528514170600236,6662.365142318726
ID_1643190,-1.5208556034015357,-1.1973444170757979,-0.32351118632573783,-0.8962601354727442,-0.26243255902932316,-0.03865172257373055,-0.033902582227548966,-0.29069191688214424,0.0010833127839553272,0.0,-0.5906928857012426,5.642966471118853,1650.4547041747521
Jamorko Pickett,-1.522981313217076,-1.6818832460013615,0.15890193278428544,-0.7653529474444508,-0.242129571242846,-0.6744007273140646,-0.08960757086402497,0.17990024901275317,0.06860925463555725,0.0,-0.6680207949086002,4.642829059163939,5201.944818157399
ID_1642561,-1.5315357249166328,-1.3895084997030671,-0.14202722521356562,-0.8271349603309792,-0.0038818051526102806,-0.5584917342194775,-0.3124218228508545,0.11234574750824872,0.05804885012904017,0.0,-0.3919789417347989,4.948787100521579,3228.9370202784767
Davon Reed,-1.5439741717615614,-1.4591049477637599,-0.08486922399780145,-0.7857340223978698,0.05952068995297029,-0.7328916153188605,-0.030401966274657577,-0.037667690289019895,-0.016799567434123974,0.0,-0.7278381830890339,4.497999311618072,7190.718637050969
ID_1642527,-1.5444993849751603,-1.1017744031680272,-0.4427249818071331,-0.6009047445446355,0.08021151143945698,-0.5810811700628487,-0.29166858994391076,-0.10370324407072268,-0.04735314779249966,0.0,-0.6519260504866139,4.51265816771338,6927.552145930412
Amari Bailey,-1.5448849493873797,-1.2851653888761143,-0.25971956051126543,-0.8146892646105216,-0.24299463481162137,-0.22748148945397134,-0.35214398278445513,0.301781928984446,-0.20935750671125627,0.0,-0.378051701992403,4.804370677294365,3943.7883649842183
Isaiah Mobley,-1.5461886853825564,-1.2441590114752414,-0.30202967390731494,-0.7917000985077407,0.05911094347779859,-0.5115698564452993,-0.05225977899011658,-0.28342164384439805,0.03365174892719968,0.0,-0.702228807884699,4.59199541383785,5771.024038302218
ID_1641987,-1.548065251969019,-1.6294347054851612,0.08136945351614226,-0.940389658491956,-0.34355584606176637,-0.34548920093143887,0.3392716414463902,-0.17113513525461047,-0.08676705267563749,0.0,-0.9469472349234531,4.4797741294719025,7547.495270446598
ID_1630714,-1.5482982032423276,-1.1652595275265833,-0.3830386757157442,-0.8635338914996395,-0.18283679619424043,-0.11888883983270321,-0.2849353156300295,-0.05953315920210356,-0.038570200883611114,0.0,-0.3998289961126583,5.417545354374798,1978.605653488533
ID_1630289,-1.5495232959791725,-1.1741947111175026,-0.37532858486167,-0.7031562572524811,-0.32261770865120876,-0.14842074521381265,0.012618700984241532,-0.2978059197745291,-0.09014136607138248,0.0,-0.858985739710933,5.260498406055283,2282.3417778465446
MJ Walker,-1.5512181180134073,-1.3381172768837089,-0.21310084112969838,-1.0093617978162859,0.00968000929056214,-0.3384354883579851,-0.15008009425559077,-0.12830870094225857,0.06528795406815094,0.0,-0.3917762259415306,4.427020500862718,8788.17114960217
ID_1630948,-1.5520661641914486,-1.222060687255435,-0.33000547693601373,-0.7844651414215117,0.048943799734979615,-0.4865393455689029,-0.386380520809515,0.04478631974430762,0.01158872412919365,0.0,-0.38122050196042195,5.956036710239564,1329.751962770011
Sean McDermott,-1.5521863467736796,-0.9901510374024618,-0.5620353093712178,-0.7815226454070711,0.04771501346399919,-0.2563434054593899,-0.46233126541620406,-0.09412693103200079,-0.005577112923012998,0.0,-0.3083324359504045,4.5336645655632095,6581.720709276415
ID_1630812,-1.5593820205117317,-1.1002203090989726,-0.45916171141275897,-0.8343705618626576,-0.2388609265917911,-0.02698882064452382,-0.41831121680261985,-0.07592233832117065,0.03507184371103154,0.0,-0.30670024184645406,5.440058563156121,1945.0889776420263
Dexter Dennis,-1.5603731522706732,-1.0870187155062712,-0.4733544367644019,-0.7916538286060875,0.0294772392327311,-0.32484212613291474,0.29764211943814645,-0.4406638107089662,-0.33033274549358216,0.0,-1.066361443102732,4.336976002599907,12170.185612831498
ID_1630777,-1.561972158189146,-1.4267918680351601,-0.13518029015398578,-0.9928772337941525,-0.4308878473450016,-0.0030267868960061894,-0.06422991809469805,-0.07247948748468647,0.001529115425398738,0.0,-0.5048650063002955,4.6283302280645415,5346.418059945157
Rayan Rupert,-1.563715563693804,-1.396164323856013,-0.167551239837791,-0.7786037868732674,-0.16668337322214238,-0.4508771637606032,-0.4076976298001138,0.24701336505648183,-0.006866975094159015,0.0,-0.37741414702042275,5.081658313603823,2749.9506620768816
Ibou Badji,-1.5639869305719172,-1.1540374242444373,-0.40994950632747984,-0.9161461462814463,-0.0636023980651136,-0.17428887989787742,0.32515812445775827,-0.5893845028517459,-0.14572312793349218,0.0,-0.9729989087482291,4.617089518192906,5470.646556361533
ID_1630796,-1.5646999890716873,-1.2965892523593765,-0.2681107367123109,-0.9366484272650946,-0.019213885676527,-0.3407269394177549,-0.37319559636079846,0.14915121070583726,-0.044066351057349656,0.0,-0.25485596544579425,6.045690390761827,1260.509127155988
Jordan Walsh,-1.5665787244514426,-1.1679548720949389,-0.39862385235650366,-0.8133989149256834,-0.15119456757730487,-0.20336138959195052,-0.2454814779435618,-0.0386927361349058,-0.11444963827803606,0.0,-0.5076983315821972,5.191172706118107,2447.443447622619
ID_1643080,-1.5683516473185781,-1.01422946631704,-0.5541221810015381,-0.7088975631574175,0.11319706439878864,-0.41852896755841096,-0.3469022098044182,-0.30755650524022937,0.10033653404310952,0.0,-0.5125518743567422,4.933646084193663,3296.306325216753
ID_1630608,-1.574142021979311,-1.1295323206888739,-0.4446097012904372,-0.7280603584578362,-0.04743202784685448,-0.35403993438418324,-0.2545203683759742,-0.1704063269422716,-0.01968300597219142,0.0,-0.5915612951455007,5.866810729946542,1412.2950075733029
Caleb Love,-1.5763493753537203,-0.8874801666150527,-0.6888692087386676,-0.7370672231976105,0.0048896827142134724,-0.15530262613165566,-0.2683520771735358,-0.2954623828499525,-0.12505474871517935,0.0,-0.5709300749825741,5.8603009887642115,1421.6705741175058
ID_1642924,-1.5763895142374014,-1.4165586048527594,-0.15983090938464192,-0.6682813914976449,-0.0663426630212059,-0.6819345503339087,-0.2844183883889171,0.22646732629960434,-0.10187984729532917,0.0,-0.6236897343508394,4.73394826711253,4411.527762885447
ID_1643120,-1.5792868789818755,-1.1369969570850347,-0.4422899218968408,-0.7080894935628276,-0.1420085625355479,-0.28689890098665904,-0.47795850596784206,-0.07863948008019178,0.1143080641511931,0.0,-0.3932388794512056,4.734577542045352,4425.1390755524735
ID_1641988,-1.5923631400105496,-1.0730204348422596,-0.5193427051682898,-0.8659403339573719,0.22883382985115958,-0.4359139307360474,-0.21154605550197192,-0.2056408981178697,-0.10215575154844822,0.0,-0.5148767505512057,5.312006361980733,2187.556344561263
ID_1642501,-1.5929422179511021,-1.5594075240096883,-0.033534693941413805,-0.9256711870083671,-0.21794739105744004,-0.41578894594388105,-0.20203715053578958,0.19806896668601373,-0.02956651009163796,0.0,-0.4652338804069454,6.277047258641929,1099.9280090463672
Yuri Collins,-1.595033399713141,-1.6046963400387528,0.009662940325611897,-0.667301044284039,-0.28925355326822166,-0.6481417424864921,-0.3577873766368489,0.38905566867145736,-0.02160535170899656,0.0,-0.569944978792253,4.437640253345323,8506.098273929703
ID_1643138,-1.5959578329602115,-1.1636571750442273,-0.4323006579159842,-1.1098517725546238,0.08430961024417526,-0.13811501273377869,-0.4012872226545594,0.010449037088972712,-0.04146247235039753,0.0,-0.08481883775102825,6.041160469844311,1260.3683248180005
Buddy Boeheim,-1.5962218894408806,-0.9093912298118083,-0.6868306596290723,-0.6961048520990765,0.24643791849031632,-0.4597242962030481,-0.11099845114598672,-0.48203228797873154,-0.09379992050435404,0.0,-0.7891185861958174,4.425347001362758,8851.278996928262
ID_1641856,-1.596340236352591,-1.1666206603415676,-0.42971957601102334,-0.7532842585672965,0.02305875008572571,-0.43639515185999667,-0.6010218536012463,0.2287176383145041,-0.05741536072428116,0.0,-0.24203412418404802,4.422820237010584,8901.780649686654
ID_1631171,-1.5964447751552329,-1.4755166654925422,-0.12092810966269066,-0.8908830637802161,-0.12402308846678094,-0.4606105132455452,-0.16588928346749893,0.11608280027928058,-0.07112162647447232,0.0,-0.5396724279075179,4.842325680423453,3726.9860962891316
Kylor Kelley,-1.5973909682009424,-1.5439690581102177,-0.05342191009072461,-0.9041743591507901,-0.36343027922605314,-0.27636441973337433,0.5179675855879946,-0.3440592708069068,-0.22733022487181243,0.0,-1.2111841946381467,4.4835999651076355,7478.275522111997
ID_1642651,-1.6019682140391418,-0.6130682637381679,-0.9888999503009738,-0.8995907948731181,0.151912022036098,0.13461050909885225,-0.27664953781318313,-0.6277692999406753,-0.08448111254711532,0.0,-0.4257278813528404,4.755087137791355,4262.873606314932
ID_1642667,-1.60424025005825,-1.2154492161504293,-0.38879103390782055,-1.0583018481763784,0.17555013189262403,-0.33269749986667496,-0.01656455556150649,-0.17765806538825593,-0.19456841295805816,0.0,-0.529373846320365,5.630152651376337,1668.4932307014114
Kai Jones,-1.606777604790509,-1.3574866024026566,-0.24929100238785223,-0.8244777417926036,-0.12549188340726158,-0.40751697720279145,-0.08114452735302836,-0.1632350289548347,-0.004911446079989168,0.0,-0.7011553356448769,5.072542763029101,2781.9779340033197
ID_1642520,-1.60794611133676,-1.1529935504669304,-0.4549525608698295,-0.9147521424298601,-0.022192970108455577,-0.21604843792861478,-0.39989791122759466,-0.061661624477251875,0.006606974835017064,0.0,-0.2932960576793052,5.764958187032125,1510.464444381691
Alondes Williams,-1.6189841590351508,-1.1688286014046336,-0.4501555576305172,-0.7113138321760286,-0.23543985693749475,-0.22207491229111032,-0.48780646212070067,0.12043174976260553,-0.08278084527242202,0.0,-0.4198638647384216,4.314873367265499,13445.728757098786
Brice Sensabaugh,-1.6201282672999693,-1.3695271250523857,-0.2506011422475836,-0.7479221324301666,-0.29951381636692365,-0.3220911762552954,-0.13155459801523955,-0.05785703170014281,-0.06118951253220127,0.0,-0.7406515368545631,5.620162701199524,1682.3901256391432
ID_1642558,-1.6212744701176198,-1.1872234925356053,-0.4340509775820145,-0.8348833782347811,0.035466712959259204,-0.3878068272600834,-0.6440434208092121,0.07564594918678524,0.1343464940404123,0.0,-0.1423476710736267,4.6683403090252895,4953.664458393514
ID_1643148,-1.621520223936722,-0.745054961679645,-0.8764652622570768,-0.8689032822967058,0.1594753582140232,-0.03562703759696244,-0.43136022840500465,-0.4542283519439173,0.009123318091845141,0.0,-0.3212567132350114,4.656522558839106,5075.52511047728
Quinten Post,-1.6219751341275281,-1.3442249126625097,-0.2777502214650186,-0.7607531940329259,-0.2733171355158644,-0.31015458311371924,-0.01960733239736115,-0.26684188553550026,0.008698996467842793,0.0,-0.8416146076972412,6.021780572886366,1281.0810892791105
ID_1630312,-1.6302778348609455,-1.4592179279955309,-0.17105990686541456,-0.9017405722461747,-0.09627030464731583,-0.4612070511020404,-0.06055427899051748,-0.042312165843163274,-0.06819346203173382,0.0,-0.6679829836242533,4.637941975254006,5255.243354922786
Isaiah Todd,-1.6330479295783373,-1.4621113020676677,-0.1709366275106696,-0.8771678793527125,-0.16784335002918305,-0.41710007268577226,-0.14590409400803603,0.017614354240776113,-0.04264688774340969,0.0,-0.6099759562175888,4.945474625016561,3240.3791607772637
ID_1629808,-1.6336452167299451,-1.26031166788487,-0.3733335488450752,-0.8383603123264792,0.07668811844072097,-0.49863947399911174,-0.11352512358307652,-0.08027198255017998,-0.17953644271181865,0.0,-0.6817597808203895,4.358098659181684,11166.154077716947
ID_1643224,-1.6384943852298264,-1.1486523175043957,-0.4898420677254307,-0.8755437207166162,-0.07920281525742033,-0.193905781530359,-0.3540941410284878,-0.20089467031832944,0.0651467436213865,0.0,-0.40885652348472223,4.92146454346221,3339.27045191706
ID_1641830,-1.6389084620275702,-1.2057588846017313,-0.4331495774258389,-0.9603220354509678,-0.13326839541851931,-0.11216845373224424,0.055891266412040425,-0.33890992874528403,-0.15013091509259532,0.0,-0.734477692988643,5.270657168883553,2266.986158178517
ID_1641986,-1.647158050063173,-1.4263206602920082,-0.2208373897711648,-0.7939916316832255,-0.10996370052436068,-0.5223653280844222,-0.10061664845576737,0.09253313286667281,-0.21275387418207023,0.0,-0.7525497699241803,4.826169801710698,3817.177482988333
ID_1643206,-1.650057658197721,-1.3121790822624195,-0.3378785759353017,-0.7954390579350387,-0.17474297354608614,-0.3419970507812947,-0.16518929888544964,-0.11182646557857354,-0.06086281147127845,0.0,-0.6894293013772329,4.8998480187909434,3430.989766597949
ID_1642693,-1.6516525894000973,-1.3508797761111677,-0.30077281328892963,-0.9308831625511849,-0.1566476531283278,-0.2633489604316549,0.007552709879026093,-0.12503146200894,-0.18329406115901573,0.0,-0.7283221367279384,6.5733688780156045,941.9699204735596
ID_1631372,-1.6546148051925924,-1.105288084584863,-0.5493267206077295,-0.8101480736586575,-0.062387116214654564,-0.232752894711551,-0.42473315396038613,-0.15534821900136528,0.030754652354022,0.0,-0.4197335775735489,6.867488127958325,820.4094923587115
Timmy Allen,-1.6580267014981926,-1.093437641311316,-0.5645890601868766,-0.825191366343919,0.14945509991333775,-0.4177013748807348,-0.12766361182939223,-0.3233094445804784,-0.11361600377700604,0.0,-0.7051717233248815,5.209230441391281,2403.605350505416
ID_1630895,-1.6603979246674747,-0.9294399720641441,-0.7309579526033306,-0.981590689041456,0.25187764998208406,-0.19972693300477218,-0.27437147335794,-0.2639664657465389,-0.19262001349885172,0.0,-0.40443576226807876,5.496045217758869,1852.222288530308
ID_1643182,-1.6610143580382144,-0.9581554018599863,-0.7028589561782282,-1.00355522072575,0.20968820954459055,-0.16428839067882675,-0.3961517448833427,-0.29964882596966935,-0.007058385325216184,0.0,-0.2613073924291217,5.179025538338656,2470.7908091384716
ID_1642568,-1.6644047801489523,-1.0829677311318804,-0.5814370490170718,-0.8907589372673177,0.13400139602249975,-0.32621018988706246,-0.404684426236875,-0.07214392125148544,-0.10460870152871138,0.0,-0.36896141664475957,4.969788521456534,3138.264460226903
ID_1642567,-1.6670728359112932,-1.3630180372803629,-0.3040547986309302,-0.9163179311143349,-0.2539161421047021,-0.1927839640613258,-0.4642621742012354,0.04002502757867189,0.1201823479916333,0.0,-0.2864927305957227,6.6910429277492725,890.0088665827377
ID_1643175,-1.6741621522507444,-1.4711536554180555,-0.20300849683268893,-0.8223729869352094,-0.12806798527216268,-0.5207126832106834,-0.21260306956743202,0.08073588964392828,-0.07114131690918518,0.0,-0.639186095748103,6.0185434434282366,1279.413422783654
ID_1630733,-1.6758229787209902,-1.2017457540084797,-0.47407722471251035,-0.8167469411940247,-0.14642451953607372,-0.23857429327838126,-0.23917105269601358,-0.08263738153498992,-0.15226879048150685,0.0,-0.6199049848309518,5.87064962283951,1408.6150571021722
ID_1630706,-1.6868235534395506,-1.7233613618328671,0.03653780839331666,-0.7697946728019655,-0.24527102736401518,-0.7082956616668865,0.06523814347916601,-0.013900719477284107,-0.01479961560856524,0.0,-0.982267024116751,4.9528189237302795,3211.2674361706186
ID_1642499,-1.6925542821799096,-1.315255268409095,-0.37729901377081443,-0.8363647990336893,-0.1603036349532797,-0.318586834422126,-0.37998845128122605,-0.010280614687230155,0.012970052197641795,0.0,-0.4762010318649941,5.318240977493511,2168.702801320869
Lance Stephenson,-1.693333165483864,-1.204787448479167,-0.48854571700469696,-0.7983343468195873,0.025526723778861646,-0.43197982543844143,-0.4878872885685209,0.03773011133037424,-0.03838853976655029,0.0,-0.4071115300957558,5.261861873784223,2282.9629142360204
ID_1630806,-1.704327618236522,-1.418918185400538,-0.285409432835984,-0.9273973158384585,-0.05019080107646018,-0.44133006848561923,-0.27072214841733644,0.10895809650158733,-0.12364538092023492,0.0,-0.506208153980727,4.981000399828533,3095.949004839626
ID_1630732,-1.7073213008190598,-1.1079831359981411,-0.5993381648209185,-1.0373891554725927,0.12764372735081025,-0.1982377078763586,-0.7869557433934198,0.15417957834415985,0.03343800022834146,0.0,0.11702359804695295,4.896534880504235,3459.8084176257717
ID_1642554,-1.707577577337382,-1.0745938513211601,-0.632983726016222,-0.9384321608033356,0.06289525611246108,-0.1990569466302857,-0.5092779012722204,-0.03877851844483492,-0.08492730629916667,0.0,-0.2598675152618262,4.885083466923186,3511.4787154419937
ID_1630663,-1.7109471233785496,-1.2034823973141822,-0.5074647260643674,-0.6621004699525399,0.025583899065816717,-0.566965826427459,-0.36659102370034824,-0.044237517651317254,-0.09663618471270194,0.0,-0.6822556297256614,4.662039045375539,5012.392441889599
Terence Davis,-1.7109848805198542,-1.3259559055093637,-0.38502897501049044,-0.7424334681775105,-0.05749296264798798,-0.5260294746838652,-0.43636866091692017,0.041204540958521316,0.010135144947908403,0.0,-0.5321827514254234,5.022811082020983,2943.162672838658
ID_1642028,-1.7232204346834328,-0.9937850256229823,-0.7294354090604505,-0.975518227119955,0.04423128399518545,-0.062498082498212884,-0.3715479204378346,-0.2636733694535085,-0.09421411916910744,0.0,-0.37615428712564336,5.854288642509376,1421.728385026665
Trevor Keels,-1.7557749494468637,-0.8036908147345279,-0.9520841347123359,-0.8831737700452957,0.17172930304996165,-0.09224634773919371,-0.6481249612692273,-0.07356167059351237,-0.23039750284959626,0.0,-0.2244762181323407,4.309319476222165,13811.11212875399
ID_1641792,-1.7644879238292455,-1.4372086626925222,-0.32727926113672323,-0.9074414824857653,0.1573497993051819,-0.687116979511939,-0.26740835585989087,-0.07249501497261165,0.012624109695779297,0.0,-0.5896380854835894,4.749464305284877,4310.888833280436
ID_1641881,-1.765234483007423,-1.0903882991784157,-0.6748461838290073,-1.0663317537699322,0.019056107467629518,-0.043112652876113045,-0.0947973926198221,-0.24699888966145747,-0.33304990154772773,0.0,-0.6041053366176687,4.432237568699471,8651.661324044057
Keion Brooks Jr.,-1.7675807176272391,-1.3239052676111656,-0.44367545001607345,-0.812541357166575,-0.24465098856458412,-0.2667129218800063,-0.11026159720546219,-0.26895850059065907,-0.06445535221995222,0.0,-0.8447777632552017,4.405574883191241,9415.5342201074
Kobi Simmons,-1.7729129347465449,-1.4985691783107282,-0.27434375643581665,-0.7772360754375929,-0.2533848458829512,-0.46794825699018394,-0.3564765457980462,0.1348669402818254,-0.052734150919595824,0.0,-0.6392003135109054,4.609889651660405,5556.484702671973
ID_1643330,-1.7769504641525606,-0.8418608398891915,-0.9350896242633693,-0.9138686679733092,0.10705435443131003,-0.03504652634719231,-0.6149198295011574,-0.12682501911676433,-0.19334477564544744,0.0,-0.24816196667809404,6.404328089264689,1032.5990925115987
Stanley Umude,-1.7871591077102829,-1.3103720401067316,-0.4767870676035514,-0.9028924036548162,-0.06217918232786657,-0.34530045412404886,-0.2556474190423074,-0.3734064465345115,0.15226679797326756,0.0,-0.6286192850131593,4.394381184304931,9778.545627934904
Adama Bal,-1.7886618645583452,-1.4298799616773734,-0.3587819028809717,-0.8876649240615583,-0.0368397279111614,-0.5053753097046536,-0.4266930284218715,-0.04096585504273814,0.10887698058363793,0.0,-0.4743039120749152,5.37869941893156,2047.520845236013
ID_1631408,-1.798739994605837,-1.1949589462749521,-0.6037810483308848,-0.9350822257599929,0.03677871238253655,-0.29665543289749574,-0.46852409739160916,-0.037180246608787826,-0.09807670433048771,0.0,-0.3951336714542347,4.47290119578727,7688.597916684496
Malik Fitts,-1.8147778422433272,-1.1023737425927487,-0.7124040996505785,-0.893997999034273,0.14488633907125653,-0.35326208262973213,-0.21700456474104401,-0.3557403030126627,-0.13965923189687177,0.0,-0.7037752784680101,4.951418673343814,3212.5532390362523
ID_1641920,-1.8159575269658512,-1.368017909425937,-0.4479396175399142,-0.6420502430982143,-0.04613259327904583,-0.6798350730486769,-0.36788132705898524,-0.026348002828850928,-0.05371028765207804,0.0,-0.8060259568086517,5.009756789012119,2989.28798687126
Jalen Crutcher,-1.820307559428087,-0.8929415879920766,-0.9273659714360105,-0.7784036902683856,0.17096218105424904,-0.28550007877794,-0.4177875016832644,-0.31960701460510954,-0.18997145514763658,0.0,-0.6241163674764371,4.2641046483721485,17581.13181229677
ID_1643079,-1.8210662141303202,-1.5330346407510782,-0.2880315733792421,-0.7160495454441866,-0.2647862109921351,-0.5521988843147565,-0.3730298371287504,0.11248881228846988,-0.027490548538961622,0.0,-0.7319868315573833,5.469436232871297,1883.6325754392544
Lindell Wigginton,-1.8242759528946377,-1.4933475220613328,-0.3309284308333049,-0.7927221535034484,-0.08027794802078915,-0.6203474205370954,-0.24587755311633014,0.07356147786357817,-0.15861235558055298,0.0,-0.7856762462748593,4.809171258956841,3915.761255305867
ID_1641823,-1.837357988125167,-1.3616279258215243,-0.47573006230364256,-0.8608662486275412,-0.1409606148643286,-0.3598010623296543,-0.6971266751244369,0.10705036622986064,0.11434624659093373,0.0,-0.27936506437318853,4.785027751967836,4058.4589947908207
Jazian Gortman,-1.8394889306114037,-1.4627906743380668,-0.37669825627333686,-0.9464381358217463,-0.11611209510303798,-0.4002404434132824,-0.38288526998955463,0.13893878497875303,-0.1327517712625353,0.0,-0.5101655248001027,4.627283333263684,5361.576786727602
Pacôme Dadiet,-1.843885573605296,-1.126896594908676,-0.71698897869662,-0.7642056118420135,-0.23484555963589826,-0.12784542343076433,-0.3770717901459667,-0.20463059775393103,-0.1352865907967223,0.0,-0.7026081716173159,4.700856476237094,4676.847242763057
ID_1630310,-1.8480152626648452,-0.797024865064179,-1.050990397600666,-0.826835878373713,0.2317476815955552,-0.20193666828602122,-0.3243420711581605,-0.5035844513561998,-0.2230638750863058,0.0,-0.6968373131329716,4.620772672791558,5437.678797584472
John Jenkins,-1.8491387065930596,-1.1633192478523546,-0.685819458740705,-0.7636941805525522,-0.067283530017422,-0.33234153728238025,-0.5237905060953197,-0.018548525937235355,-0.14348042670814995,0.0,-0.5616540199451876,4.904498991177336,3423.535281439921
Telfort,-1.8602212265510483,-0.8947739059750613,-0.965447320575987,-0.7765793346651992,0.14836793347630384,-0.26656250478616594,-0.4842146159712768,-0.5519563312016843,0.07072362659697418,0.0,-0.5994272759145722,4.569664611146013,6056.599202103875
ID_1641526,-1.8622922913486417,-1.3670959486052834,-0.49519634274335844,-0.887726866028336,-0.3410256447127616,-0.13834343786418596,-0.3851669451732279,-0.07236467044745842,-0.037664727122672104,0.0,-0.5893984801470781,4.758649008887312,4236.997851558435
Liam Robbins,-1.8658092086819082,-1.3981679185328788,-0.46764129014902944,-0.9089146443433225,-0.04188398816193602,-0.4473692860276203,-0.26036094706962304,-0.2590809548876958,0.05180061180828945,0.0,-0.6965336172689627,4.99634479257602,3040.8823558176837
ID_1642605,-1.8692692884391326,-1.2486899751672471,-0.6205793132718855,-0.9519577701666593,0.05341655074489704,-0.35014875574548476,-0.4610672164756392,-0.16722868054402515,0.007716583747778796,0.0,-0.4562443017968341,4.500547555978769,7141.168460952657
Tyler Cook,-1.8753272562476058,-1.2548629467251786,-0.6204643095224271,-0.8273672792862344,-0.233862359991044,-0.19363330744790014,-0.2339518732124318,-0.3207874891353647,-0.06572494717463065,0.0,-0.8140081037489395,5.0497552829989925,2851.886458865512
ID_1643104,-1.8838987459080725,-0.7920021802997681,-1.0918965656083044,-0.793083313288528,0.054201976700496396,-0.05312084371173657,-0.535805495509153,-0.35812088408068565,-0.19797018601846578,0.0,-0.5550099371103916,4.771292732389932,4150.256399840038
Ariel Hukporti,-1.908102687072743,-1.6270557983201912,-0.2810468887525519,-0.7295556910686531,-0.2812953984930007,-0.6162047087585375,-0.20050655753706947,-0.16841028350257498,0.08786995228709252,0.0,-0.9780404384670207,6.126937058057342,1203.3030414333296
ID_1643102,-1.9123074076162205,-1.1416889314866003,-0.7706184761296201,-0.8770525293871674,0.2164464597819482,-0.4810828618813811,-0.24017644503821367,-0.312396452431566,-0.21804557865984042,0.0,-0.7950784331908393,5.527503618728941,1806.3147252703375
Quincy Olivari,-1.9123732878087023,-1.1658015081626987,-0.7465717796460036,-0.6760340558569801,-0.04572751388793389,-0.4440399384177848,-0.5586878236144323,-0.2646262152530673,0.07674225922149586,0.0,-0.67765140833729,4.561052775989541,6170.0548898545
ID_1643323,-1.936276151239713,-1.4942089323954564,-0.44206721884425676,-0.920866332183153,-0.28989462947621025,-0.2834479707360932,-0.33862899864698737,0.1093023062622672,-0.2127405264595366,0.0,-0.6767808204095728,6.834796510748782,833.2872878571703
ID_1642547,-1.9367518618765969,-1.4080663120777719,-0.528685549798825,-0.5611477230062788,-0.4412364192393075,-0.40568216983218564,-0.49910108104962503,0.2095034036198778,-0.23908787236907772,0.0,-0.8765030578206932,4.486499806011692,7392.228718610258
ID_1642475,-1.9497338265505095,-1.0087456649903164,-0.9409881615601933,-0.8252272482563886,-0.1290216309081949,-0.054496785825732724,-0.4892440146550292,-0.3926419492501957,-0.05910219765496833,0.0,-0.6352625636390917,4.822919675462826,3840.2925481650373
ID_1642595,-1.9511940442114049,-1.2118612599546288,-0.7393327842567762,-0.8325345480826505,0.11114604691116546,-0.49047275878314384,-0.48799120442119404,-0.1316592337375646,-0.1196823460980175,0.0,-0.6306682917075604,5.552806687469794,1777.9193330410326
RJ Nembhard Jr.,-1.957215310348315,-1.4665620258486327,-0.49065328449968226,-0.7920390829696563,-0.3172073226969646,-0.35731562018201174,-0.18857734232661272,-0.2458738612497565,-0.05620208092331301,0.0,-0.9765988850520458,4.431811619804015,8665.203844132662
Emoni Bates,-1.9732675677485814,-1.2545639268226423,-0.7187036409259392,-0.7254904417477019,-0.1026858548570158,-0.42638763021792464,-0.2490043777489363,-0.3752993223568424,-0.09439994082016046,0.0,-0.9987727482519433,4.685959806179088,4800.842488689642
ID_1631305,-1.987342288893835,-1.8018756040502277,-0.1854666848436074,-0.9966762816571781,-0.20344210415996744,-0.6017572182330821,-0.1721485205524583,0.20283307070022102,-0.21615123499137012,0.0,-0.8185174866841987,4.864498759909827,3604.1594129042405
Zhaire Smith,-1.999100731031801,-1.5488777203810884,-0.4502230106507126,-0.7533280006918223,-0.30652686366136334,-0.48902285602790285,-0.23032215558696084,-0.03945133613392743,-0.1804495189298243,0.0,-1.015450574753018,4.3179253233933075,13239.964977575866
ID_1630793,-2.020456629527427,-1.2527060440840703,-0.7677505854433568,-0.7382564188337271,0.04267512248109223,-0.5571247477314354,-0.2513757680628405,-0.6396557396535237,0.12328092227300738,0.0,-1.0308244426308597,4.4074114144899,9362.408837613206
Mouhamadou Gueye,-2.02251259553905,-1.477953529225251,-0.5445590663137989,-0.6267241487410312,-0.3889816545412665,-0.46224772594295327,-0.10341140758633906,-0.321251966977384,-0.11989569175007586,0.0,-1.2923770392116798,4.360431860452364,11070.215716929582
James Bouknight,-2.0380290297731714,-1.3983333883139495,-0.6396956414592219,-0.6323411365592805,-0.5058136795403362,-0.26017857221433294,-0.2349113914987918,-0.2656714922697526,-0.1391127576906775,0.0,-1.170776501715099,4.392206109774094,9856.319826036188
ID_1641939,-2.0404642618782622,-1.3919911542404595,-0.648473107637803,-1.071755168721989,-0.34147579563940617,0.021239810120935787,-0.3488205759939953,-0.46069032995763404,0.1610377983138264,0.0,-0.619888517162278,4.911164171423298,3388.0743779284567
ID_1643368,-2.0472837225155254,-1.1371980832596196,-0.9100856392559058,-0.6870039724755207,-0.022287652173174778,-0.4279064586109242,-0.649983459126917,-0.194203568932148,-0.06589861119684082,0.0,-0.7102962909130878,5.0507964592621635,2852.2477305635925
ID_1642128,-2.0513136455752097,-1.4071623651480274,-0.6441512804271824,-0.7927706280286304,-0.186777496200348,-0.42761424091904887,-0.4431581149921473,-0.09488770307250602,-0.10610546236252902,0.0,-0.815384902554432,5.826791900320633,1452.8292839259555
ID_1643021,-2.0871364517207454,-1.4266751448818757,-0.6604613068388696,-0.9283650305678535,0.2804593921146923,-0.7787695064287146,-0.2732671861469359,-0.12932718470427862,-0.2578669359876551,0.0,-0.885504235005956,4.639832769337887,5233.041548477394
ID_1642428,-2.0889504509290533,-1.4162801018831521,-0.6726703490459013,-0.6645273822806376,-0.30062632156042957,-0.4511263980420849,-0.4766115696140989,-0.23322567935175084,0.037166899919948516,0.0,-0.9478114990343168,4.857215831758956,3645.882726449151
ID_1643075,-2.2242756015544782,-1.0835297309370426,-1.1407458706174356,-1.0584657832315436,0.1775464307542759,-0.20261037845977484,-0.9204483115580069,-0.16958141685764475,-0.05071614220178394,0.0,-0.24536150676492763,4.90267743830213,3424.0808461334805
ID_1642365,-2.2265178422641863,-1.5673204690700875,-0.6591973731940989,-0.7971257473777181,-0.3202813089234072,-0.44991341276896213,-0.5146777150335478,-0.06306191193966895,-0.08145774622088221,0.0,-0.9147143798529205,4.8316165514707325,3795.426252455368
ID_1642925,-2.3840403008048385,-1.5878696013065574,-0.7961706994982812,-0.9162158408503537,-0.06558404717110818,-0.6060697132850956,-0.22880235192403792,-0.4048027063209093,-0.16256564125333398,0.0,-1.2390221080304473,5.216861116164729,2378.2210866756623
Antetokounmpo,-2.4644908599716775,-1.4671980649676808,-0.9972927950039965,-0.9262966725530828,-0.1604153479724192,-0.3804860444421788,-0.45780531633190424,-0.2513304385889604,-0.2881570400831318,0.0,-1.0803888710866902,4.552262623505393,6293.331670917185
Dereon Seabron,-2.4896806626047834,-1.072522001464228,-1.4171586611405553,-0.5596715992951057,0.12770963167891547,-0.640560033848038,-0.7228789862341994,-0.3717289600625562,-0.3225507148437997,0.0,-1.2071300770754783,4.372677200826886,10574.71661829808
ID_1643256,-2.5569381561508315,-1.7740469539919737,-0.7828912021588581,-0.9279518559102385,-0.1250455822372019,-0.7210495158445331,-0.1533886766310405,-0.35381973574301284,-0.27568278978480476,0.0,-1.4755976236095525,6.248697298414767,1117.7579774948572
ID_1642936,-2.582350300257021,-1.6462816539382317,-0.9360686463187895,-0.8391088777895416,-0.1022243831422542,-0.704948393006436,-0.17311553985567726,-0.6556539076095649,-0.10729919885354736,0.0,-1.5701258826118025,4.884620998340411,3515.184489357226
ID_1641825,-2.762930454693475,-1.8249428709236177,-0.9379875837698575,-1.0320186877976099,-0.23583977316001015,-0.5570844099659977,-0.4693811614158605,-0.46625027584277934,-0.0023561465112176064,0.0,-1.2615306054800048,4.363527986420979,10949.026982503572
