full_name,net,ORAPM,DRAPM,oTS,oTOV,oSC,dTS,dTOV,dSC,RESID,PVAL,ci95,weff,nba_player_id,id_ambiguous,war,war_rate82,dollar_value
Nikola Jokic,7.677913367188797,6.580948032398752,1.061669775938563,6.501976224220904,-0.1043517325667593,0.18332354074460783,-0.7665120807774537,-0.18030603087391403,2.0084878875899306,0.035295558851482056,1.9071536648938652,2.6290029602839198,30544.592822094775,,True,,,
Victor Wembanyama,7.647193372222636,1.8042580632762557,5.355695319467417,1.9111291503655865,-0.2939326174314661,0.18706153034213532,4.718003920133702,-0.22172356742882604,0.8594149667625417,0.4872399894789634,0.5308203122443849,3.5197825310572526,17040.604362762482,,True,,,
Shai Gilgeous-Alexander,6.831959972407199,5.191930818261759,1.4711093681663154,3.792898545934583,1.8850265150163008,-0.4859942426891248,1.310377863685046,0.6685401586957503,-0.5078086542144811,0.16891978597912427,1.5597637768084454,2.6595902094024746,29845.794990271985,1628983,False,11.981,14.663,35943073.0
Kawhi Leonard,6.51872650638413,4.669804047021542,1.7327786290970555,3.2996846213146123,1.3723627612620846,-0.002243335555154184,0.8507237607463184,0.5220373129830232,0.36001755536771374,0.11614383026553199,2.2521742940576672,3.3520549400249107,18788.426300490486,202695,False,9.85,12.426,29548752.0
Giannis Antetokounmpo,6.133045177312857,3.805990465987913,2.12637974364063,3.4313554971644944,0.5513133997985836,-0.1766784309751649,1.747327528067343,-0.776130650500892,1.155182866074179,0.20067496768431425,0.7536871843967057,3.1611902257728297,21125.85674232697,,True,,,
Chet Holmgren,5.418080213844538,2.052637547979971,3.2016706550595124,1.8689167437263654,-0.01955342420413196,0.20327422845773774,3.5389535497726032,-0.4729207856041031,0.1356378908910127,0.16377201080505444,-0.15356209045948466,3.4168041714519846,18083.091432285004,1631096,False,7.609,9.176,22827211.0
Alex Caruso,5.089960001030909,0.47122650989764,4.129768278671004,0.20523140008832924,0.358017474791426,-0.0920223649821153,1.508053097394905,2.2379172459836885,0.3837979352924102,0.488965212462265,2.8877102910854093,3.56295106551301,16630.041252326704,1627936,False,2.362,3.522,7087027.0
Rudy Gobert,4.615778102713737,-0.9910545642703397,5.144037898360317,-1.174429624107863,-0.8847312390419112,1.0681062988794345,4.74109855148709,-0.08837482909161734,0.4913141759648442,0.4627947686237599,0.5863144067107502,2.7286611302014196,28353.96911947035,,True,,,
Dylan Harper,4.534935732782867,1.7371207794696355,2.2757563464286967,0.551415975549016,0.6302619539983687,0.5554428499222509,1.112297253585244,-0.013039474706439283,1.1764985675498922,0.522058606884535,2.3491638967640727,5.128567683506532,8026.39440818447,1642844,False,4.569,5.43,13707825.0
Derrick White,4.488852499321145,1.1710078200712117,3.072930874255588,0.6573950148537331,1.0506433025505015,-0.5370304973330228,2.899600337051863,0.10048775896440278,0.07284277823932242,0.24491380499434534,0.6869433424212039,2.6953520360999996,29059.06797008079,1628401,False,7.801,8.307,23402075.0
Kyrie Irving,4.376333327994134,3.6961590769047294,0.422675031973337,2.196687337298851,1.0425432572083158,0.4569284823975629,1.0587585213051753,0.0690447476820864,-0.7051282370139247,0.25749921911606766,0.8633882502740402,3.8053450260322794,14579.081369787802,202681,False,,,
Stephen Curry,4.33425469424934,4.791353539663587,-0.3743220421511104,4.930654267253849,-0.1264808799312317,-0.012819847659030752,-0.842020344666826,0.11914258830175128,0.34855571421396425,-0.08277680326313597,0.3283975749254531,3.072729612611808,22359.81861127478,201939,False,2.452,4.677,7357245.0
Donovan Mitchell,4.1818221958478965,3.397577175995637,0.6751423185395645,1.8194595045721034,1.3051331972249536,0.2729844741985801,-0.07343495405753356,0.4771753558570871,0.271401916740011,0.10910270131269506,2.3266949440206317,2.7664059391744513,27585.56062113274,1628378,False,7.415,8.812,22245333.0
Franz Wagner,4.021547453473046,1.2480611794083303,2.4365933018245443,0.7326271820142551,0.4362679923714853,0.07916600502258966,0.644991020564659,0.8509630725900859,0.9406392086697996,0.33689297224017123,2.3070362786539604,3.34041571264245,18919.620963724963,1630532,False,1.603,3.9829999999999997,4809079.0
Jrue Holiday,4.005705805503522,1.3461785268718272,2.4154305130676708,1.1307806979716373,0.4728844928953502,-0.25748666399516035,1.5217303624745109,0.5300753306389002,0.36362481995425966,0.2440967655640245,1.1090979794933498,2.9646716317968878,24019.2682400048,201950,False,2.907,4.497,8719618.0
Bam Adebayo,3.9408426865221653,0.45681507615521355,3.375082061196471,0.4672455270663884,0.40653407881381415,-0.416964529724989,1.578086384753421,0.3993242137493934,1.3976714626936566,0.10894554917048094,1.7865652255318751,2.748388360695178,27948.467199026818,1628389,False,8.884,9.979,26651203.0
Ajay Mitchell,3.9009739463154425,1.7052152578697872,1.880886830795177,1.630066439331836,0.9317661030527536,-0.8566172845148022,0.11906881873707625,1.0116231474455428,0.7501948646125577,0.3148718576504783,1.8369668305960518,5.135134808192665,8006.017532885371,1642349,False,3.882,5.684,11645148.0
Jayson Tatum,3.797239528741229,2.868330175116657,0.9774558814965234,2.1588878964995653,0.7700602828226772,-0.06061800420558554,0.7997899817711486,-0.402022120276487,0.5796880200018618,-0.04854652787195146,0.8871081783424666,2.9059619961627177,24999.582447037887,1628369,False,0.319,1.634,956703.0
Joel Embiid,3.7914125568143104,1.9458422610564279,1.7637283516563702,3.3975066961062725,0.005489520606846272,-1.457153955656691,1.6579110173785214,-0.48522667877566694,0.5910440130535156,0.08184194410151235,-1.345847100771996,3.6553878087940026,15799.603915961961,203954,False,2.443,5.271,7327966.0
Tobias Harris,3.7455874634403044,1.3017277160597014,2.219766319023373,0.16963430946776353,0.6146496289292929,0.5174437776626449,1.9931767515689354,-0.3643324970715213,0.5909220645259591,0.22409342835723,1.3586829740463755,2.8365869330735523,26237.488288332806,202699,False,3.995,5.283,11984065.0
Jimmy Butler,3.7198057181703463,2.5454256017061474,1.0613353191236607,1.4511179856702074,0.8858539375954854,0.20845367844045437,-0.07601062469156326,0.8660763078713597,0.2712696359438643,0.11304479734053796,2.2316535598511638,3.2438748972877267,20062.47172488795,202710,False,2.117,4.567,6349781.0
Lauri Markkanen,3.6864804814603582,2.162590034033398,1.3060584735081888,1.562039467554771,-0.08088726599118777,0.6814378324698146,1.186811799177716,-0.40600302085962225,0.5252496951900949,0.2178319739187713,0.7197972408090995,3.5313103058383692,16929.401547061112,1628374,False,2.688,5.248,8063357.0
Steven Adams,3.686281506573004,1.351077312185466,1.6101878996530343,-0.6667845418555686,-0.19663441228750295,2.2144962663285375,1.732342304046584,-0.6801953186501123,0.5580409142565628,0.7250162947345036,1.895707449647485,4.844043299635866,8997.358871310755,203500,False,1.158,3.063,3473646.0
Devin Booker,3.5345625287506106,3.5578939159036587,-0.09378950954764204,2.6659932545388942,0.4962196857377012,0.39568097562706295,0.344962291081176,0.06597585673350291,-0.504727657362321,0.07045812239459393,0.4531488607359462,2.8145805899633567,26649.360271617057,1626164,False,6.861,8.79,20581774.0
Dyson Daniels,3.5203963938520113,1.141251882348311,2.1018735556148687,1.4174076007887804,0.24091898137743367,-0.517074699817903,0.44768507531174717,1.1803919561643854,0.4737965241387359,0.27727095588883177,1.378032761862652,3.2406827530698856,20102.321896677593,1630700,False,7.562,8.159,22685529.0
Isaiah Hartenstein,3.446964442090871,0.9031955669164777,2.0089431752680427,-0.7927177426788248,-0.15545819852117387,1.8513715081164763,1.8095573007568606,-0.0535580203461261,0.25294389485730834,0.5348256999063503,1.8952991841064848,3.4016424001117365,18244.658742724776,1628392,False,2.566,4.477,7697695.0
Luka Doncic,3.4448485038458845,3.451575686198834,-0.04925684452746981,3.2961261516658835,0.9668548118992145,-0.811405277366264,-0.28422863389503855,-0.35060024486669894,0.5855720342342677,0.04252966217452059,0.3904213239005193,2.8415329933437192,26146.133969079914,,True,,,
Aaron Gordon,3.198608004098988,1.1649370059199866,1.9601081063053338,0.4791176212846801,0.5048369011516175,0.180982483483689,1.8402057964452765,-0.3886242814991202,0.5085265913591775,0.07356289187366727,0.8057216944953638,3.24949550618764,19993.136603127234,203932,False,1.132,2.578,3395395.0
Neemias Queta,3.1794020586960414,0.34049247665116866,2.1108337099584062,-0.5229442568696745,0.1635204437999169,0.6999162897209262,2.0396704290258465,0.04386530947280952,0.02729797145975029,0.7280758720864666,0.934600014453403,4.639140538397685,9809.331774220744,1629674,False,7.46,8.049,22379922.0
Tyrese Haliburton,3.1378740056266183,3.2440662441929637,-0.19247101844383613,2.966815398056971,0.8691633075428851,-0.5919124614068919,-0.0877389634101911,0.1573386624727916,-0.2620707175064366,0.08627877987749066,0.17251879110234813,3.3645662786920627,18649.054131507488,1630169,False,,,
Pascal Siakam,3.1197323522094926,1.728220976415258,1.3547297868269335,0.7488950255382829,1.417840616896276,-0.4385146660193009,1.065629982267416,-0.03652730600697854,0.3256271105664961,0.036781588967301104,1.2684257554364928,2.724596474778801,28438.642765868826,1627783,False,5.109,6.757,15326177.0
Damian Lillard,3.080950222671604,3.2637136398842537,-0.08830147249475356,2.7169460061890867,0.8865426954173168,-0.3397750617221501,0.28376027537743365,-0.6575571663211855,0.28549541844899834,-0.09446194471789626,0.17470588582297947,3.706363018890727,15368.037198720416,203081,False,,,
Moussa Diabate,3.069961000127884,1.7822013326944672,0.6822581476161402,-1.0311772142147115,0.166337031003183,2.647041515905996,0.12163721975007821,0.46142260188544404,0.09919832598061798,0.6055015198172766,3.373999474775241,4.662087168210729,9713.10581757675,1631217,False,6.282,7.154999999999999,18846351.0
Marcus Smart,3.0585274744698077,0.6655042492408594,2.25023711766935,1.1781228632400071,0.2139849651215175,-0.7266035791206653,0.4197476383996327,1.1755241432759829,0.6549653359937345,0.1427861075595982,1.3178708652705695,3.4722325990980663,17510.391127808558,203935,False,3.902,5.16,11705461.0
Herbert Jones,2.9881128653877354,0.505874099800155,2.4777083609936206,1.0568015383255924,0.40022995661040456,-0.9511573951358421,1.1476024512734058,0.9518817926820988,0.37822411703811615,0.004530404593959592,0.7791784711947776,3.6361213517040474,15967.475690244484,1630529,False,2.78,4.071,8339911.0
Jarrett Allen,2.9439113985397336,1.4134318646233783,1.4637379838956055,1.2614334391152568,-0.5510575565474798,0.7030559820556014,1.0593570921289406,0.34172581285903914,0.06265507890762576,0.06674155002074977,0.5563793172747865,2.994134046642516,23548.909239087574,1628386,False,4.485,6.687,13455522.0
Amen Thompson,2.9214356273449855,0.8299946201955241,1.7818569769340675,-0.9249441230863362,0.6946903629015581,1.0602483803803022,1.2459577486208107,0.2885030451897858,0.24739618312347106,0.3095840302153938,2.290837971595117,3.2817019893717068,19602.630892654845,,True,,,
Dereck Lively II,2.8937813108805353,0.637766436363579,1.5627585556502261,0.03454482709987389,-0.053108625895831055,0.6563302351595361,1.1173239323783188,0.11765512857605732,0.3277794946958498,0.6932563188667302,1.0486562325356121,6.216175494836816,5463.4385261430325,1641726,False,0.036,0.421,107780.0
Kevin Durant,2.88031353523652,3.0244387375697563,0.07093756616056401,5.038170703669638,-0.6735052428899744,-1.3402267232099072,0.8439793441033009,-0.7642297874892064,-0.00881199045353042,-0.21506276849380024,-2.786773744042619,2.8398122932812826,26177.9232578643,201142,False,8.792,9.363,26377268.0
Karl-Anthony Towns,2.838498365999267,2.284761393082585,0.5181543089358897,1.9820480010933288,-0.07644155766286964,0.379154949652126,0.3995643170252193,-0.2093068226495591,0.32789681456022945,0.035582663980791907,0.4213033838999267,2.7943756351178375,27036.355498537185,1626157,False,7.237,8.02,21711449.0
Anthony Davis,2.8053450211611866,0.2814107613398549,2.5078090749177906,0.36631400700145494,0.14259234553747296,-0.22749559119907303,1.4731288403157812,-0.08814044908690137,1.1228206836889107,0.01612518490354109,0.9497769889404093,3.5321622176796206,16921.240497413957,203076,False,0.628,2.575,1884093.0
Fred VanVleet,2.802551415377657,0.6268394165873183,1.9148456336751007,-0.23326836733857742,1.0795940864420737,-0.2194863025161779,0.24625421450252358,0.7547068370321854,0.9138845821403918,0.26086636511523764,2.5286992030984727,3.5402960142925894,16843.658044007054,1627832,False,,,
Miles McBride,2.7013414746141233,1.4689246025453202,0.7654898853144116,-1.239081764702695,1.2678460417430428,1.4401603255049724,0.7510839261773505,0.24087578324085368,-0.22646982410379257,0.4669269867543915,2.722412326385076,3.9323921948734606,13652.179741540349,1630540,False,1.258,2.579,3774525.0
Hugo González,2.692695253960819,0.8119853425608267,0.5044654540396668,0.0979677257763178,0.011959877263768931,0.7020577395207399,0.8968378118097804,0.13232750985134029,-0.5246998676214539,1.3762444573603256,0.3216452590143951,7.501894259085157,3751.4156678881573,,True,,,
Dean Wade,2.6431390452181165,0.2719079213926565,2.0940659495398264,-0.06533343302180411,0.1276166840735366,0.20962467034092405,0.9562361064872844,0.46480448623939524,0.6730253568131468,0.2771651742856336,1.4750711974670028,3.878025233023943,14037.912860348111,1629731,False,1.947,2.753,5842409.0
Kon Knueppel,2.6248969928573205,2.2218570670512507,0.25444816548190174,2.2295127115582036,0.027389028039249752,-0.03504467254620293,0.7222836869555469,-0.5299445837938301,0.06210906232018499,0.14859176032416777,-0.4754911659805984,4.881207470091869,8860.498663423787,1642851,False,5.715,5.858,17144782.0
Ausar Thompson,2.6235027868517857,-0.09192450765632909,2.3330982742907076,-0.7812999256280515,-0.11011751894984075,0.7994929369215632,1.2793987558396676,1.0452052840658361,0.008494234385203865,0.3823290202174072,1.7430749364227625,3.7810596328402246,14767.45895835328,,True,,,
Paul George,2.596919960085456,0.6342080581656556,1.7416864149748923,1.1396501454438428,0.4391814301737435,-0.9446235174519307,0.8437076004257271,0.6510621576864094,0.24691665686275582,0.22102548694490798,0.39253672727097794,3.3896575017983293,18373.884277542034,202331,False,1.238,2.743,3712789.0
Kevin Huerter,2.583995597988978,1.382067357003125,1.1247654762627963,1.5034868508657615,0.3845373647834811,-0.5059568586461176,1.0339455840497154,-0.14545212309191233,0.23627201530499342,0.07716276472305683,-0.03059960164955544,3.317247301467099,19184.80986532126,1628989,False,1.268,1.5288970588235293,3802711.0
Sam Hauser,2.5830557069303532,1.870093776590283,0.3581072458161095,0.7068309983185082,0.6865341504357914,0.4767286278359834,1.1299082072366533,-0.9084621095582327,0.13666114813768887,0.35485468452396063,0.391461816851231,3.5852470566175483,16423.84297188187,1630573,False,3.086,3.244,9257029.0
Mikal Bridges,2.520074063500699,0.9648567684461697,1.3740914413280951,0.7297054942654422,0.64137218575338,-0.4062209115726525,1.6353445281664898,0.12025445076289468,-0.38150753760128925,0.1811258537264342,-0.026101812657667145,2.4871429478354736,34128.13148224491,1628969,False,5.701,5.771,17102236.0
OG Anunoby,2.4621874508126114,0.4524146861389387,1.846694742394288,0.679773148718994,-0.2186796265072934,-0.008678836072761898,0.4907864057971697,0.7984244851859987,0.5574838514111198,0.16307802227938462,1.1285498740170632,2.7762967252612882,27389.352081280915,,True,,,
De'Aaron Fox,2.459710041509701,2.438090888942752,-0.16785702667355612,1.350472005549137,1.3936033318816863,-0.30598444848807105,-0.03718364373619651,-0.39180889108914696,0.2611355081517874,0.18947617924050464,0.9569455004562555,2.7727660827077587,27459.134957117014,1628368,False,6.069,6.912,18206364.0
Cade Cunningham,2.4496971255161055,1.5167465181673332,0.9150315459424625,1.8276513202294962,-0.1168238712397696,-0.19408093082239347,0.0329372199084272,0.3660141495177706,0.5160801765162647,0.017919061406309833,0.5711895239718723,3.075402360601453,22320.747372427617,1630595,False,4.898,6.375,14693327.0
Julian Champagnie,2.3941895157580886,1.5065721461004924,0.7957761182824374,1.2590059096445474,0.40505807062832544,-0.15749183417238044,0.8316909808175605,-0.1460911218046782,0.11017625926955507,0.09184125137515853,0.21165137392082187,3.3472705629741686,18842.233425729268,1630577,False,4.212,4.212,12636382.0
Austin Reaves,2.358129887604764,2.0503242416451846,0.23743590133612777,2.3231325753274312,0.463744051595215,-0.7365523852774617,0.17107036039224452,-0.12965474866007376,0.196020289603957,0.07036974462345169,-0.20644279273836347,3.0304276939563306,22988.18992475568,1630559,False,3.016,4.85,9048802.0
Zach Edey,2.2976092417324407,0.04711726080589873,1.5221794373585489,-0.6611565524253451,-0.5199128564093124,1.2281866696405563,1.2450856834767667,-0.48187161884717766,0.7589653727289597,0.7283125435679931,0.985367567113026,6.551013362144597,4919.21879109235,1641744,False,0.137,1.021,410823.0
Clint Capela,2.281446897121824,-0.4724845340442101,2.2479340517051014,-2.1919945815108495,0.22625405121781578,1.4932559962488237,2.46000697158591,-0.3034344001577344,0.09136148027692598,0.5059973794609325,1.507437127585831,3.7349471328628527,15133.698800278493,,True,,,
Kevon Looney,2.2152087981247304,0.2777309045834546,1.4458299087730566,-1.8371889768903382,0.2757537200135795,1.8391661614602133,1.3727751193964846,-0.5620326589228399,0.635087448299412,0.49164798476821914,2.1879746708503647,4.262831507087612,11617.699969972342,1626172,False,0.19,0.742,569780.0
LaMelo Ball,2.1644583071921533,3.520287454250373,-1.500517456774359,1.4914851372747018,0.4295581910708009,1.5992441259048702,-1.278572944011456,-0.12131466635393208,-0.10062984640897107,0.14468830971613933,1.806857804212768,3.5809648278342734,16463.489880404937,,True,,,
Jamal Murray,2.1375786767752345,3.5332755210560594,-1.2663281397632797,2.5166991935809895,1.3206890591624383,-0.3041127316873685,0.3140314667172351,-0.8432020643734784,-0.7371575421070365,-0.12936870451754512,-0.5637832790054451,2.8242250649045832,26467.71880297408,1627750,False,4.519,4.941,13556582.0
Robert Williams III,2.118186306419682,-0.5151875203964125,1.939390739902556,-0.9408432944021579,-0.6511319317039722,1.0767877057097175,2.294279812886586,-0.1203856794546265,-0.2345033935294033,0.6939830869135386,0.07076670102171545,4.812249781952271,9116.254412263725,1629057,False,2.132,2.963,6396079.0
Jose Alvarado,2.1078274657915914,0.0011924671276414278,1.6934356024576782,-0.4670001253520386,0.43410225302359573,0.034090339456084306,1.2533669100032119,0.6505985805200712,-0.210529888065605,0.4131993962062719,0.9082612849341463,4.022275360292109,13048.752699086135,1630631,False,1.166,1.385304347826087,3497246.0
Cameron Johnson,2.092638437067972,1.8517015673614248,0.22832272451629415,1.2464007247866016,0.535533404740071,0.06976743783475205,-0.2856086012279708,-0.058425595847577394,0.5723569215918424,0.012614145190253279,1.1192321683190882,3.412153474293842,18132.42813639284,1629661,False,2.713,4.119,8138346.0
Derrick Jones Jr.,2.091888812320236,0.020318356883861355,1.7200232127539095,0.1778384069702647,0.1581930133079319,-0.31571306339433525,0.961393512276471,0.5674303130806292,0.1911993873968094,0.35154724268246507,0.6011096503910353,3.5498263324089288,16753.262790324487,1627884,False,1.381,2.265,4142714.0
Payton Pritchard,2.0792972405875276,2.5373249129530513,-0.7350078761211883,0.05613051784546502,1.26480530754409,1.2163890875634964,-0.36932105826384176,-0.14781347430430347,-0.2178733435530431,0.2769802037556648,2.1155075772502396,3.0998538525541908,21970.005426340318,1630202,False,6.247,6.484,18741133.0
Desmond Bane,2.05945346885551,2.1194139101717884,-0.06764477880383998,1.405954670284276,0.6686869194362626,0.04477232045124954,-0.05098357518283493,-0.1482607475417183,0.13159954392071324,0.007684337487561699,0.696798036266507,2.8971436794300196,25152.226571707622,1630217,False,6.15,6.225,18448617.0
Jalen Smith,1.9559496862108086,1.6470993117216919,0.17806322457912452,0.5295845027949324,0.13172327894099883,0.9857915299857608,0.5746495981499543,-0.44628947469698393,0.04970310112615415,0.13078714990999218,0.72092843535593,4.4228618746907085,10792.104520830504,1630188,False,2.03,3.1410000000000005,6089643.0
Tari Eason,1.8857913680054326,0.2571895673020841,1.370480744488375,-0.803441553419673,-0.31136261558732964,1.3719937363090868,0.6617700166962289,0.1854279239517298,0.5232828038404163,0.2581210562149734,1.7693418485139032,4.0315706619551674,12988.82634699274,1631106,False,2.461,3.364,7383917.0
Dorian Finney-Smith,1.882169251335796,0.4239237998442678,1.321656977144574,0.19734937737491726,0.2813199410110796,-0.054745518541729044,1.1198518861856317,0.1749918513029643,0.0268132396559781,0.1365884743469541,0.42837951342829295,3.515158211420126,17085.320256888677,1627827,False,0.357,0.791,1071341.0
VJ Edgecombe,1.8807967855844314,0.8376922515470551,0.34767184116976013,-0.4506938433694457,0.1726878472541017,1.1156982476623991,0.521899919090101,0.30560383463750085,-0.47983191255784174,0.6954326928676162,1.1141580169961602,4.406525344797874,10872.266699417165,1642845,False,4.824,5.274,14470942.0
Isaiah Joe,1.8668335802741196,1.5073173718935693,0.2797041957135898,1.164231317217801,0.5297002788571196,-0.1866142241813514,0.17941317543755136,0.5821395223201085,-0.4818485020440701,0.07981201266696059,0.4433770749518065,3.6490981223917927,15854.7197613258,1630198,False,2.069,2.424,6207385.0
Javonte Green,1.8406596020983446,0.35838814077769904,1.3119832232350948,1.0572569280053863,-0.35280903927673574,-0.34605974795095146,0.18767302618558315,1.3154630893162664,-0.19115289226675494,0.17028823808555082,0.4254414098218243,4.294905812657829,11444.788286143816,1629750,False,3.611,3.6550000000000002,10832516.0
Jalen Brunson,1.8252486689446914,3.2308615253832484,-1.2827731074056008,1.6371884952013689,1.4672961293081874,0.1263769008736921,-1.4995808978738712,0.01624872191880305,0.20055906854946737,-0.12283974903295625,1.81048082065015,2.5963433036138888,31317.816026688706,1628973,False,8.271,9.291,24812573.0
Jalen Suggs,1.8190167233811128,-0.9996855526009807,2.513981304781964,0.5495788081560291,-0.4123966963851151,-1.1368676643718947,0.45482033022508594,1.1906285801291918,0.8685323944276861,0.30472097120012953,0.5098966137998682,3.6822399223161395,15569.996135724537,1630591,False,1.796,2.63,5388595.0
Nickeil Alexander-Walker,1.7738907655930611,1.219114764414905,0.3975046251440865,0.660927415558578,0.5501654589150506,0.008021889941276263,0.2878879831231513,0.37718969848677203,-0.2675730564658368,0.1572713760340696,0.6678039908772622,3.000481653572616,23449.466200374605,1629638,False,4.965,5.22,14895377.0
Sion James,1.7662487859701717,-0.22760264881759595,1.3799724354080007,-0.46131611117376153,-0.3784357596870775,0.6121492220432431,0.7542904928961114,-0.14805138400939843,0.7737333265212879,0.6138789993797669,0.859395404868055,5.804288440249883,6267.22931521272,1642883,False,3.077,3.115,9231677.0
Cason Wallace,1.6767779327763854,-0.6407074631312643,2.1579763615470715,-1.1861613639468147,0.6226659397124484,-0.07721203889689802,0.39282995340405413,1.2600175085839025,0.5051288995591147,0.15950903436057828,2.3106003089585676,3.3988111728888253,18275.592312346987,1641717,False,4.043,4.362,12128188.0
Paul Reed,1.670521125016529,-0.21882757388016993,1.412716460803905,-1.7431251524577112,0.015509211108682582,1.5087883674688587,0.39719952951093057,0.7695959769896591,0.24592095430331506,0.4766322380927941,2.5398145098705154,4.811739770150256,9118.365638441028,1630194,False,2.367,3.033,7101195.0
Luke Kornet,1.6052529497030337,-0.2843522118466466,1.302807982003803,-1.467820124362689,0.17773202155627937,1.005735890959763,1.5983082584940165,-0.40480224585440655,0.10930196936419292,0.5867971795458773,0.8879676360258287,3.995190029717424,13226.415781677315,1628436,False,3.788,4.568,11364866.0
Jaren Jackson Jr.,1.5904028546403297,-1.062307491346653,2.257583859089032,-1.1348097632825878,0.2975647408668851,-0.22506246893095033,2.5508944749949913,-0.1854471204804341,-0.10786349542552554,0.39512648689795093,-0.22080834397002486,3.270939580316854,19731.839753330696,1628991,False,1.98,3.3811875,5938354.0
Scottie Barnes,1.5637886507378282,0.19928945961990407,1.0846970502926385,-0.6011487212887774,0.3054326572757823,0.4950055236328992,0.37546332340734423,0.6187170494789507,0.0905166774063437,0.27980214082528576,1.5096719077939758,2.9203986625881777,24753.060394346325,1630567,False,8.37,8.579,25108979.0
Al Horford,1.5546266846664523,0.3691702723972734,1.0457420188947761,0.8952989806496259,0.3597166176411653,-0.8858453258935177,1.023820217098283,-0.14518659302857803,0.16710839482507114,0.13971439337440272,-0.5042069064558594,3.4047565240614466,18211.287841607427,201143,False,0.683,1.245,2049081.0
Aaron Holiday,1.5392998973230498,-0.4239553049085842,1.3249317491368715,-0.8567188663593277,0.4159458957130604,0.01681766573768312,1.6140995003926066,0.26617800064823893,-0.5553457519039741,0.6383234530947626,0.14359581019500844,4.588398462368424,10027.539087239737,1628988,False,0.568,0.8310000000000001,1703336.0
Immanuel Quickley,1.5309633111811407,0.10753174365264198,1.094530137689441,-0.7256650539613945,0.9665971058545069,-0.13340030824047042,1.4613611628051668,-0.04120568169192605,-0.32562534342379984,0.3289014298390578,0.4663657724983105,3.3652742453410025,18641.111557401793,1630193,False,4.227,4.951,12679799.0
Day'Ron Sharpe,1.523877884386061,-0.39102374088768754,1.1259548415494334,-1.3369053619526214,-1.0330574992076311,1.978939120272565,0.40390270788281496,0.23305646060934937,0.48899567305726904,0.7889467837243151,1.6679337547315525,4.923594108329656,8708.595956488567,1630549,False,2.777,3.673,8330517.0
Rasheer Fleming,1.5128350217646869,-0.004093773815184498,0.6399119989796407,-0.24385468829497592,-0.1782352175636442,0.4179961320434356,0.21848584457414225,0.031803721709352674,0.38962243269614577,0.8770167966002307,0.6611870688852899,9.299251206129398,2441.3042683863314,1642853,False,0.889,1.326,2667668.0
Coby White,1.481018273649446,2.252853149129318,-0.719180445568602,1.4078834427624907,0.7377551338574141,0.10721457250941291,-0.011739344194596523,-0.4640806139487957,-0.24336048742520966,-0.052654429911269895,0.13752860499282166,3.2088398624832366,20502.965759198683,1629632,False,0.84,1.3785800000000001,2522133.0
Evan Mobley,1.4492496079311747,-0.682279519525911,1.9750419648493647,-0.2297150782749111,0.2115436891193701,-0.66410813037037,1.2551935495359914,-0.019886447414154202,0.7397348627275275,0.1564871626077211,0.2672839740623735,2.945113563838235,24339.323550086017,1630596,False,3.559,4.56,10677434.0
Draymond Green,1.3923064430144714,-0.999733051803359,2.234092389118382,0.6382629340264854,-0.7660168725808266,-0.8719791132490178,1.3648331301037053,0.16472848914264412,0.7045307698720323,0.15794710569944836,-0.768736726815168,3.1234153398284676,21639.799404478475,203110,False,2.766,3.335,8296932.0
Ty Jerome,1.3899991447464752,1.8314905290173153,-0.5735441285920012,0.8556049964526098,0.6930247399952562,0.2828607925694495,-0.08376085167521873,-0.004130958287622492,-0.48565231862916,0.132052744321161,0.48610225564792325,5.368593577449432,7324.7285997055715,1629660,False,0.168,0.918,503598.0
Jusuf Nurkic,1.3880763302628178,-1.2322992277707105,2.3583352871259264,-0.041113518885657896,-0.6561321410925154,-0.5350535677925371,1.472272436580109,-0.7591723425204947,1.6452351930663123,0.26204027090760196,-0.3051228583392347,3.868477108156558,14106.956004459025,,True,,,
Mitchell Robinson,1.3799692962720602,-0.12919765129095717,1.1434100256384134,-2.212493536081432,-0.48226736395852027,2.565563248748995,0.7679375664287119,0.14354014420549038,0.23193231500421113,0.36575692192460396,2.4587683440001764,4.154814621144627,12230.173724439592,,True,,,
Ja Morant,1.3682831953488472,0.7654366766733492,0.44644447979109747,0.7163413895820816,0.22726180656148048,-0.1781665194702128,0.514857657604145,0.04277184058710129,-0.11118501840014886,0.15640203888440052,-0.01931789072177989,4.051831217490834,12859.135978431532,1629630,False,0.247,1.014,742213.0
Jaylin Williams,1.3633317258437883,-0.1956449515548878,1.3995188312563251,0.7564567066130057,-0.06569771134003292,-0.8864039468278606,1.198169264976576,-0.31775192005832376,0.519101486338073,0.15945784614235103,-0.7507520918881443,4.41855217701537,10813.176520380706,,True,,,
Jamal Shead,1.359011973067048,-0.030866891152722294,1.0979739902456491,-0.24224346652205336,0.16923272313476936,0.042143852234561706,0.5416688727903942,1.137061967125806,-0.580756849670551,0.29190487397412124,0.7676816928245861,4.369199119088683,11058.8705824914,1642347,False,2.854,2.854,8560918.0
Deni Avdija,1.342641888236745,1.8137793188689162,-0.5420456202148608,1.5896375394307862,0.13620089408840896,0.08794088534972094,-0.13289738877677434,-0.16559252140875022,-0.24355571002933624,0.07090818958268974,-0.18500645199995655,3.042151290379025,22811.434052474666,,True,,,
Brandon Clarke,1.3398426588864933,0.1022417703606355,0.9823499965176993,-0.17522099792315685,0.2619818434398333,0.01548092484395907,0.9311115164902752,0.21959074676312101,-0.168352266735697,0.25525089200815865,0.3287012483112164,5.472681780076175,7048.7732235541425,1629634,False,0.001,0.059,4348.0
Julius Randle,1.3238467585229703,1.3067842415201496,0.04464132710573082,1.4177373368699464,-0.053985957419211264,-0.05696713793058564,0.6912593802531758,-0.22112020597536355,-0.42549784717208144,-0.02757881010291019,-0.7575711484972418,2.772174728952488,27470.851103075813,203944,False,4.191,4.406,12573249.0
Mike Conley,1.3200036311094996,0.8167121928878133,0.486440835867932,0.24389566638343835,0.4480461341716485,0.12477039233272645,-0.14656317984635955,0.2020083306803265,0.43099568503396507,0.01685060235375424,1.2058205422186665,3.294773629413189,19447.41438652375,201144,False,0.96,1.4849999999999999,2879725.0
Brandon Miller,1.2826174309310137,0.2424086190225766,0.9644365629867941,-0.18317810338904789,-0.08005454346712333,0.5056412658787478,0.5726561133752986,3.7303378655682146e-05,0.39174314623283973,0.07577224892164303,0.8173671720231199,4.024559979030294,13033.950737695504,1641706,False,3.369,4.317,10107790.0
Cedric Coward,1.2733455177134276,1.2969128108994248,-0.22020413606816497,2.062167564119531,-0.33186060089261865,-0.4333941523274878,0.6836858392710632,-0.32046232083525134,-0.5834276545039768,0.19663684288216787,-1.6691447285593344,6.058489820249823,5751.540918782743,1642907,False,3.258,4.309,9774332.0
Jakob Poeltl,1.263141705242583,0.3593436201265653,0.8010812886734054,0.4050087723387425,-0.5148468812267584,0.46918172901458116,-0.18375880313796047,0.3483224215106317,0.6365176703007343,0.10271679644261233,0.9391749395991887,3.6204911858503865,16105.67654266216,1627751,False,1.908,3.401,5724183.0
Bogdan Bogdanovic,1.2558270960193338,0.9900083612317199,0.05834731123073064,0.41790070902855575,0.6892828068069513,-0.1171751546037871,0.12730080821375614,-0.228707191991361,0.1597536950083355,0.2074714235568833,0.5031541552201386,3.8315050993275404,14380.512590693808,,True,,,
LeBron James,1.2262327724544875,1.1896564619838226,0.07546439412959022,1.8684725529877069,-0.24954446993519558,-0.42927162106868855,0.46203584263393965,-0.05945180347332915,-0.32711964503102026,-0.038888083658925376,-1.0653875395082335,2.8413578915168003,26149.34968669746,,True,,,
Kenrich Williams,1.213124155431545,-0.09537993261620847,1.2407976295569996,-0.6947630562355825,-0.007279733794276537,0.6066628574136506,0.12559491406419665,0.6533323948482402,0.4618703206445626,0.06770645849075407,1.714585839112177,4.264682209083843,11607.594325900878,1629026,False,1.157,1.7259999999999998,3472334.0
Myles Turner,1.200762742445348,0.024160121718572514,1.2629238616172749,1.1667114318013676,-0.03173154988031826,-1.1108197602024767,1.0241078153300471,-0.31253897264705194,0.5513550189342797,-0.08632124089049942,-0.9037352637955673,3.043567151775831,22790.15091384938,1626167,False,4.074,4.706,12222939.0
Dillon Brooks,1.167920451674302,-0.08509025858757108,1.1254145920638967,-0.7433930001408351,0.6100960748879009,0.04820666666536317,0.6556159138843749,0.717742915890823,-0.2479442377113013,0.12759611819797634,1.1281014197327859,3.0831044548961413,22209.363843560604,1628415,False,1.973,2.889,5919535.0
Sam Merrill,1.145767635786516,1.1274425105000638,-0.07798757772364703,0.2965687856245351,0.7589527799934208,0.07192094488210798,-0.25178390714050647,0.05449300690670955,0.11930332251014988,0.0963127030100992,1.0046700542923883,4.1122227419898225,12484.508492643472,1630241,False,1.566,2.4690000000000003,4696799.0
Zion Williamson,1.1426022654062633,1.1308930244272648,-0.1521172147278319,0.11064121780739972,0.5504257047303611,0.46982610188950397,0.5640932738351828,-0.26408717598382103,-0.4521233125791937,0.1638264557068304,0.3040413180568504,3.718654901131766,15266.947900536237,1629627,False,2.696,3.565,8087073.0
Brandin Podziemski,1.13142804077926,-0.6139015158855554,1.290560171315486,-1.4290979863374678,0.7739552788139722,0.04124119163794017,1.3149938398790793,0.40384626830980225,-0.4282799368733957,0.45476938534932954,0.7907628018883189,3.539962823590791,16846.715293948633,1641764,False,3.532,3.5320000000000005,10596032.0
Joe Ingles,1.1080445652540232,1.3521225779779273,-0.1636868879235057,1.9935306562562967,-0.2279354771376818,-0.4134726011406874,0.19089213790105766,-0.1298366089018727,-0.22474241692269065,-0.08039112480039856,-0.9959871041029325,5.532353805505409,6897.65972910989,,True,,,
Chris Boucher,1.0985325759151907,0.5297410174544529,0.2007144107869373,-1.0336559075722471,0.5429817764368307,1.0204151485898694,0.3680389849340963,0.321318972737195,-0.4886435468843541,0.3680771476738005,1.3960723508795412,5.245764193781321,7671.783658372582,,True,,,
Christian Braun,1.0779860388537794,-0.3515061836206245,1.1713236257096715,-0.6040121777681593,0.1546055309633782,0.09790046318415657,1.6142306528909556,-0.08082369595843929,-0.3620833312228448,0.25816859676473247,-0.19040103303374933,3.3591754469537696,18708.98175997918,1631128,False,1.209,2.254,3627922.0
Sandro Mamukelashvili,1.0731743111832146,0.5545515875352935,0.2963964149981772,-0.4405670380782657,0.4353480977150872,0.559770527898472,0.06826090198096363,0.5111774127131661,-0.28304189969595256,0.2222263086497438,1.2232541386307727,4.521447446055312,10326.740461679983,1630572,False,4.556,4.67,13669097.0
Collin Murray-Boyles,1.0692060790815545,-0.1013010301965642,0.9951487959787764,-0.19287801367449597,0.20651061953135913,-0.11493363605342735,0.14672650908518248,0.2225969858817029,0.625825301011891,0.17535831329934237,0.9399992703715258,6.482488336699987,5023.83672291322,1642867,False,2.218,3.1899999999999995,6652715.0
Oso Ighodaro,1.0617613976986564,-0.22986733063432535,0.836079923882027,-1.1630679040647391,0.645341085014299,0.2878594884161148,0.4909892525239282,0.3737422597373528,-0.02865158837925409,0.4555488044509548,1.2782912447885124,4.757308380053434,9328.112621467026,1642345,False,3.082,3.082,9247266.0
Collin Gillespie,1.0570492137153384,0.9192347669952824,-0.008072038624264644,0.45221970380767423,0.374106803629363,0.09290825955824525,-1.3285717946323947,0.7760629225007609,0.5444368335073692,0.1458864853443207,1.7875148191957382,4.592818254470203,10008.160314056513,1631221,False,3.863,3.96,11589291.0
Ivica Zubac,1.0427472523583616,-1.1167664386054048,1.9637789016602378,-0.2306161297549107,-1.120754627262028,0.23460431841153384,1.9167526571426992,-0.7002913644215524,0.7473176089390912,0.1957347893035286,-0.8391240643329552,3.179172144249161,20887.408464470012,,True,,,
Tyrese Maxey,1.0405557995323012,1.6586577956206923,-0.6825280495282746,0.8457214168587539,1.266815248063912,-0.45387886930197346,-0.3901705864024161,0.06353904535654045,-0.3558965084823989,0.0644260534398835,0.52057891563608,2.815182663983931,26638.040022848465,1630178,False,4.061,4.757,12181855.0
Aaron Nesmith,1.0389895380003185,1.5325206068115502,-0.3780148990498199,1.3597845016013173,0.39074503693378343,-0.2180089317235505,0.31703833847021407,-0.23738694598214558,-0.4576662915378884,-0.11551616976141199,-0.522317132309801,3.4916468593692747,17316.201491784635,1630174,False,1.05,1.9130000000000003,3149082.0
De'Anthony Melton,1.0330042309670997,0.43282636608709946,0.4088264123787931,-0.27741786698727644,0.03561820808378254,0.6746260249905933,-0.40061258447148956,0.7020201664433418,0.10741883040694089,0.19135145250120722,1.5196832299246585,4.320691445158127,11308.529703377852,1629001,False,1.199,2.006,3596898.0
Toumani Camara,1.0246740582118168,-0.9215416497198449,1.6235635178883348,-0.810956714693585,-0.7888406489728205,0.6782557139465607,0.578731502336071,0.7247571193863375,0.32007489616592644,0.3226521900433269,0.9342470805260041,3.258763307108834,19879.568780626418,1641739,False,3.486,3.486,10458300.0
Gui Santos,1.0193694841875978,0.09048584154197381,0.38213278864879685,-0.6463223397586676,-0.14563216232032333,0.8824403436209647,0.2861145686275094,0.11967446233522741,-0.023656242313939924,0.5467508539968271,0.8328264013219288,5.327818422040499,7437.280816386007,1630611,False,2.135,2.575,6405523.0
D'Angelo Russell,0.953153132463105,0.23901600403119483,0.504512730596668,0.5391726372182106,0.051604945457207264,-0.3517615786442231,1.1680656440890482,-0.07418436434907191,-0.5893685491433084,0.20962439783524212,-0.9637095466793961,3.6221349642468694,16091.117353343232,1626156,False,0.223,0.704,669736.0
Josh Hart,0.9500311254865653,0.7847054610609964,0.26307834348477144,0.8688433896800594,-0.019285406329750315,-0.06485252228931271,-0.7725392057974718,0.38631435459225005,0.6493031946899932,-0.09775267905920237,0.9514796206631803,2.6945436434580845,29076.504969692825,1628404,False,2.624,3.31,7870909.0
Obi Toppin,0.9475366733083722,1.7990997933101687,-0.6812259310801854,1.261639880448351,0.3868570309376596,0.15060288192415816,-1.136910386782019,-0.013343347257687974,0.4690278029595217,-0.1703371889216111,0.9931443685636516,3.969574665075882,13397.527041300646,1630167,False,0.261,0.89,781707.0
Luke Kennard,0.9260299733620713,1.9654842331555085,-0.9840408300844607,2.7699566605531993,-0.1373476956506553,-0.6671247317470355,-0.26530107713990836,-0.29939863198149025,-0.41934112096306225,-0.05541342970897645,-1.5232121803422431,3.5140593879505544,17096.020221020306,1628379,False,0.815,0.856923076923077,2445129.0
Duncan Robinson,0.92078171118891,0.8396799562418303,-0.12606051939331,1.380259697758176,0.0038560200701904385,-0.5444357615865362,0.2692740858266956,-0.23745719657054884,-0.15787740864945676,0.20716227434038958,-0.9359143467363513,3.135713206678696,21470.740677537797,1629130,False,1.357,1.465,4072250.0
Naz Reid,0.8888776354067552,-0.7319433281146918,1.4773529845867612,-0.9677585096519845,0.3052185386227599,-0.06940335708546717,0.209220859869946,0.4273957158795032,0.8407364088373122,0.14346797893468577,1.503947306254108,3.0866187966974707,22158.821597695303,1629675,False,3.314,3.576,9941661.0
Devin Vassell,0.8797232718199469,0.3898932137618284,0.38582929142035205,1.1623217878128247,0.11219216003637567,-0.8846207340873719,0.81072283098458,-0.20377955727169056,-0.2211139822925374,0.10400076663776647,-1.1973221136152241,3.0168954003556885,23194.897677884604,1630170,False,2.523,3.088,7569589.0
Rui Hachimura,0.8695538522398537,0.2095214897005111,0.6626976472354287,1.3123125429893807,0.06609579014274596,-1.1688868434316155,1.1620159240691268,-0.3503756341984739,-0.14894264263522433,-0.0026652846960860677,-1.6021093301225677,3.1561414685404023,21193.359661604394,1629060,False,1.971,2.377,5913905.0
Svi Mykhailiuk,0.8683228451065378,0.47652790534536,0.11330679592246301,0.20588367603383712,-0.07716521797757299,0.34780944728909585,0.43813199468329456,-0.025175708469182937,-0.2996494902916486,0.2784881438387148,-0.05418096944930867,4.895078250217094,8810.353141915988,1629004,False,0.806,1.321,2417014.0
Delon Wright,0.7924966383378017,-0.6492620299624741,1.3071510407415028,-0.3147710344337766,0.2584659055081412,-0.5929569010368387,0.3595586584915848,0.8389574061990208,0.10863497605089723,0.13460762755877298,0.6131013867212205,5.46325423777817,7073.099552819266,1626153,False,,,
Landry Shamet,0.79038817216367,-0.48726024025482967,1.0899376774133496,-0.3853993687390862,0.4798218305363972,-0.5816827020521407,0.8179109073149348,0.3002112755892099,-0.028184505490795233,0.18771073500515,0.1701658985826712,4.1239325591473195,12413.36622475119,1629013,False,0.872,1.402,2616212.0
Ben Simmons,0.7859029551886271,0.0078127151788836,0.8253501600217459,1.0930714277029696,-0.11913687439068553,-0.9661218381334005,-0.017660657817300654,0.5537347987535038,0.28927601908554273,-0.04725992001200241,-0.24224789468503943,5.865777998051812,6135.67310985,1627732,False,,,
James Harden,0.7526504004036779,2.1359920218187876,-1.1328687615698037,3.18807543537275,0.02198335667345686,-1.0740667702274191,-0.8513826620242453,-0.15886604521546266,-0.12262005433009562,-0.250472859845306,-1.3335695130995207,2.6521448253844855,30013.625092305258,201935,False,1.943,2.2764857142857147,5829096.0
Nicolas Batum,0.7498626949883577,0.055080883549341986,0.5827926235367927,0.2158063666848457,0.1098474834500779,-0.2705729665855816,0.847600651018017,0.07832150731008908,-0.34312953479131336,0.1119891879022229,-0.425533510616728,3.6457563540466524,15883.189944842703,,True,,,
Otto Porter Jr.,0.748611490287635,-0.23156555032360662,0.4817230073980537,-0.27239919664539564,0.05784231906675972,-0.017008672744970692,0.20341122292386982,0.21226968410297312,0.06604210037121078,0.49845403321318793,0.3191454307959729,9.59909814670846,2291.1631825734607,203490,False,,,
Kris Dunn,0.7366348278604896,0.038676019741576806,0.6331756671684892,0.18165794439763466,0.2791423679820936,-0.42212429263815143,-0.8956271466956379,1.4750837482681693,0.0537190655959577,0.0647831409504237,1.3858208892080692,3.654118380623506,15810.649673645363,1627739,False,4.427,4.427,13281129.0
Brook Lopez,0.7292594194633356,-1.6046836832861828,2.235760010593983,-0.4269075469272829,0.12998768174698255,-1.3077638181058824,2.703513047409287,-0.7874312972502584,0.3196782604349541,0.09818309215553545,-1.645529173174204,3.063850048145199,22489.473553722404,201572,False,2.731,2.986,8194407.0
CJ McCollum,0.7210274424214412,1.2747028478698887,-0.6482538929438604,0.20657561055352375,0.9626435332943659,0.10548370402199911,0.42763428629525374,-0.40802739388670206,-0.6678607853524121,0.09457848749541287,-0.0077609419227491205,2.964865609606019,24016.250093873452,,True,,,
Onyeka Okongwu,0.6983891398038181,0.17791028948631735,0.5704263583643181,0.4263382862942406,-0.08331770429871628,-0.16511029250920697,-0.4413006084734066,0.41307209976190756,0.598654867075817,-0.04994750804681736,0.7632989700298014,3.177763435868225,20905.933937120288,1630168,False,4.533,5.023,13598488.0
Robert Covington,0.6906602628660926,0.06311153560002147,0.515593337279104,0.06537369616300709,0.2784068499681116,-0.2806690105310972,0.2854921238823237,0.5134580047811228,-0.2833567913843426,0.11195538998696719,0.22783905283379463,6.4013004077224265,5152.004037054305,203496,False,,,
A.J. Green,0.6845358248986734,-0.010285558472831968,0.6837700484522188,0.16049558764798572,0.22508038005574155,-0.39586152617655923,0.10890326716964692,0.08483189419323484,0.490034887089337,0.01105133491928656,0.40408563516175416,3.8720458467574383,14080.968037432609,,True,,,
Pelle Larsson,0.666561496409496,0.606272572374655,0.053727840286833854,0.9421767439895157,0.3133763029299604,-0.649280474544821,-0.3462460970312732,0.4154642647604274,-0.01549032744232038,0.006561083748007124,0.06406976570324646,4.8082608777208735,9131.383321886153,1641796,False,1.946,2.279,5837691.0
Kasparas Jakučionis,0.6609884664000628,0.5214226097131555,0.01236291142741458,-0.23978082788067354,0.608655197559277,0.15254824003455203,-0.6820975709624264,0.23347068913266045,0.46098979325718054,0.12720294525949283,1.45566391998367,7.428382992557942,3826.0254329988647,1642857,False,0.624,0.965,1871086.0
Davion Mitchell,0.647288087825988,0.017338439923020255,0.4943721758872935,-0.056889712442862894,0.4474526517314768,-0.37322449936559365,0.6253350046964022,0.16020042039710677,-0.29116324920621556,0.13557747201567427,-0.056734676443225635,3.4075845010951187,18181.078151807018,1630558,False,2.308,2.704,6923700.0
Jonathan Isaac,0.6354469053033097,-1.7524588095374474,1.5631079815661868,-3.248346726196998,0.1657576294553978,1.3301302872041527,0.7594786477738711,0.9378674168813487,-0.1342380830890331,0.8247977332745703,2.2995172504518657,5.691437829612289,6517.363164748489,1628371,False,0.85,1.367,2549710.0
Kristaps Porzingis,0.6327660853533684,0.4468520951453865,0.17378616173757921,0.5216561847412524,0.48954265968854177,-0.5643467492844076,0.8596278485277855,-0.9221946751916136,0.23635298840140728,0.012127828470402724,-0.7606457763860721,3.830488955952016,14388.186705527582,,True,,,
Josh Okogie,0.6242111557202689,-0.31324421889721776,0.44134027677775023,-1.2503151608740146,0.18960211741269228,0.7474688245641046,0.409169599870296,0.9766192241690008,-0.9444485472615466,0.4961150978397364,0.9692416188842511,4.359709101451332,11107.558610836055,1629006,False,2.112,2.249,6335775.0
Donte DiVincenzo,0.622032665739558,0.6966959856585127,-0.06643331593679208,1.3228736200359772,-0.12706032656100213,-0.4991173078164623,-0.05615327332141643,0.43621456356616833,-0.44649460618154396,-0.00823000398216267,-0.6364576769928401,2.9657247403452542,24002.24993341147,1628978,False,3.199,3.2380000000000004,9596993.0
Mouhamed Gueye,0.6187111982132095,-0.5055577229612791,0.6295833038835422,-1.29895292844673,0.44580459169946557,0.34759061378598544,-0.47378144296948177,0.6947715090492614,0.40859323780376255,0.4946856172909464,1.896759952338475,5.975146327339269,5913.40760308477,1631243,False,2.584,2.752,7753233.0
Donovan Clingan,0.6179131712518481,-0.7798419486621975,0.756284252435139,-2.854670003398142,-0.1988714499728479,2.2736995047087922,0.5249015832996641,-0.27306014450919963,0.5044428136446745,0.6414708674789066,2.3062107238714193,4.2846893848733085,11499.369116284055,1642270,False,5.51,5.868,16529862.0
Dante Exum,0.5864922250036547,0.422009664293196,0.04779277735919877,0.21108761293488693,0.552449630754535,-0.3415275793962259,0.07359998853502181,-0.06321000761721644,0.0374027964413934,0.11668978335125996,0.18511484018248606,8.135785979102927,3189.4376076644094,,True,,,
Kevin Love,0.565706394507779,0.24145125573331916,0.35703462663233165,-0.0523342762767775,0.25664982307537865,0.037135708934718,-0.7226515265904179,-0.021446576326961817,1.1011327295497113,-0.03277948785787177,1.3734716852328461,5.099225143505919,8119.049945903671,201567,False,0.629,1.394,1887540.0
Norman Powell,0.5494167054973483,0.389349973211372,0.16772970679780935,0.7785505345280983,0.33600249404711885,-0.7252030553638452,-0.01882455201720567,0.24377659465098206,-0.057222335835967024,-0.007662974511832954,-0.20264630250171134,3.207696594861208,20517.647657300953,1626181,False,2.152,3.043,6457301.0
Kris Murray,0.5464677996459851,-1.7592376467481352,1.915339096417176,-1.7774635361686058,-0.6503184654155113,0.6685443548359816,0.791562741196261,0.2638133833478465,0.8599629718730684,0.3903663499769444,1.1420022446413851,4.624777699961013,9870.35333419524,1631200,False,0.934,1.344,2803306.0
Keegan Murray,0.5408252675444684,-0.5157983316618043,0.9934685850818339,-0.7267542728482812,0.3102242052759701,-0.09926826408949325,0.726547186551083,0.015372321906254684,0.25154907662449616,0.0631550141244388,0.4778773397172277,3.5471709333952703,16778.340016741735,1631099,False,0.333,1.188,999818.0
Darius Garland,0.5128811015036961,1.09715144016026,-0.49073075289173,1.8342554750193973,0.19761038832504085,-0.9347144231841785,-0.3239152178034166,0.22692927471496038,-0.3937448098032738,-0.0935395857648339,-0.9039195699474512,3.16797051140194,21035.531364716127,1629636,False,0.43499999999999994,0.7935555555555556,1306537.0
Anthony Edwards,0.48468359138546446,1.6623215322686544,-1.1069435721591105,2.2764057323138234,0.3210718536131505,-0.9351560536583196,-1.749794299139715,0.03445462331976164,0.6083961036608431,-0.07069436872407941,0.028766526935435688,2.634458736507283,30417.94378103326,1630162,False,3.427,4.684,10281876.0
Jordan Goodwin,0.4653053913257693,-0.9203031974765292,0.8712184748307695,-2.238806861827458,-0.12159482265483255,1.4400984870057616,-0.9030709958836833,1.267347716749806,0.5069417539646469,0.514390113971529,3.092793135065382,4.578256891283807,10071.982486593457,1630692,False,3.064,3.589,9191557.0
Dwight Powell,0.4593913767578436,-0.31940954790126613,0.665764918622747,-0.3134282535324141,0.036718677849298414,-0.0426999722181504,0.3181950524014136,0.38350524787820384,-0.03593538165687041,0.11303600603636271,0.3415885718524815,4.563298206888376,10138.060812156782,203939,False,1.671,2.175,5013091.0
Cameron Payne,0.4486817722185986,-0.6768799445308222,0.7499811753491953,-0.7338209340958163,0.5348396127582618,-0.47789862319326776,0.9774048438548028,0.24994935843283358,-0.47737302693844097,0.37558054140022556,-0.17048267894061342,4.516502651700125,10349.234518468238,1626166,False,0.045,0.168,134847.0
Ronald Holland II,0.44245008681551845,-1.707754193853508,1.4260610360973942,-1.4510891435978035,-0.24563847509393794,-0.011026575161766361,0.5226642710173867,1.1270785792315818,-0.22368181415157426,0.7241432445716321,0.6467317148243032,4.875044865702956,8883.095053335433,1641842,False,1.428,1.52,4283336.0
George Hill,0.4394066009180012,-0.8578735866463442,0.7512460103995349,-0.6296513762235145,0.11162110031495687,-0.3398433107377865,0.6970315740523672,-0.030645761509173843,0.08486019785634155,0.5460341771648105,-0.17400777407566195,8.655934818846294,2817.643549616915,201588,False,,,
Kentavious Caldwell-Pope,0.40217115062777,-1.1977858052560988,1.5477296068910953,-1.028661545298592,0.1916522426843505,-0.3607765026418571,0.48520317603582774,0.9435281005710051,0.11899833028426232,0.05222734899277348,0.8934021708977609,3.1211579901791557,21671.15308081849,203484,False,0.726,1.168,2178945.0
Stephon Castle,0.38946856756973924,0.270566980995278,0.04571603715118144,0.34830993520565573,-0.03727252632395188,-0.04047042788642586,0.8057592313732835,0.20275904926671634,-0.9628022434888185,0.07318554942327982,-0.8377861484324799,3.651893434641638,15829.835614642689,1642264,False,1.078,1.3,3233831.0
Luka Garza,0.36351174224047844,1.013239134285634,-0.6810132972230125,-0.5189521687296604,0.21009076308908842,1.322100539926206,-1.4678646330498777,0.1367939041106131,0.650057431716252,0.03128590517785701,2.3190426388421597,6.147290045840178,5586.579838909336,1630568,False,2.636,3.132,7906915.0
Jordan McLaughlin,0.3496094236782986,-0.38173924388428615,0.7498593579664529,0.813137027594754,-0.23215656427615222,-0.9627197072028879,-0.05610605766293002,0.5862261251681616,0.2197392904612212,-0.018510690403868102,-0.38891085584965734,6.223971100016669,5449.8030244482925,1629162,False,0.188,0.351,564541.0
Jordan Walsh,0.3285905335028684,0.6713397762861549,-0.6463028957727877,0.435125382026382,-0.2528569901272935,0.48907138438706643,-0.5275381138047703,0.1916847631704808,-0.3104495451384981,0.3035536529895011,0.11744961229175566,6.17959406074397,5528.624915056285,1641775,False,1.949,2.35,5845760.0
Rudy Gay,0.3150671910078865,-0.28231657990787123,0.37212196732802,-0.47370090480700794,0.5066127597122078,-0.31522843481307106,0.2762149000539835,-0.10918020351957697,0.20508727079361344,0.22526180358773773,0.2872913921731732,8.75688521124969,2753.0479511782664,200752,False,,,
Michael Porter Jr.,0.3069314283375021,1.218531872794085,-0.9623588781208696,0.6768161790300584,0.2987674108239321,0.24294828294009457,-0.08455759241831073,-0.548817270195452,-0.32898401550710693,0.05075843366428667,-0.3360855919385323,3.003896966370809,23396.222268402802,1629008,False,1.612,2.542,4836839.0
Jalen Williams,0.30257434780777925,-0.6133180664989868,0.9065240230122988,-0.3843510389903625,0.8060194534730954,-1.0349864809817197,-0.07493096563063528,1.3549387542767917,-0.37348376563385743,0.009368391294467204,0.7524879611343098,3.3158751081305327,19200.68792059178,1631114,False,0.716,1.834,2147315.0
Aaron Wiggins,0.29789976159078513,0.11721071824685414,0.128446193037707,-0.24509040424424455,0.40567907080887317,-0.04337794831777447,0.9961375429760648,0.055791660157501394,-0.9234830100958593,0.052242850306224,-0.5053902274472593,3.682243206629856,15569.992398160863,1630598,False,1.346,1.725,4039478.0
Jordan Clarkson,0.26611882379004503,0.758266423789737,-0.6683293345244032,0.29749377172765706,-0.15979518064556286,0.6205678327076427,0.03686617049038063,-0.38462639619697114,-0.3205691088178128,0.1761817345247113,-0.2444228529527041,3.626564315751031,16051.730326615118,203903,False,1.385,1.599,4153789.0
Goga Bitadze,0.25649304201226675,-0.9664254670159007,0.7448374697139166,-1.5374780464440645,-0.5667631910582718,1.1378157704864353,0.2896671465036862,0.38172198567525506,0.0734483375349754,0.47808103931425083,1.026222902638394,4.532832016670613,10274.998451992815,,True,,,
Dennis Smith Jr.,0.24093854443843055,-1.7239816518975495,1.4345476008982128,-1.6800297702257236,0.1454346807543182,-0.18938656242614413,0.519957879199813,0.4659106651349192,0.4486790565634805,0.5303725954377673,0.8706378400265737,7.052840353042735,4244.156521854271,1628372,False,,,
Jamir Watkins,0.2200761169559805,-0.3782193751030571,-0.04785185445744744,0.3422278391645381,-0.4745969092248224,-0.24585030504277278,-0.009531766645746328,0.6614349957324764,-0.6997550835441776,0.6461473465164851,-0.7587673020792963,7.365248303558303,3891.7422982148973,1642364,False,0.804,1.318,2411417.0
Tyler Kolek,0.15687337648953192,-0.949344976082301,0.7511847935092868,-0.18459111877270973,-0.30803426879702056,-0.4567195885125706,0.7099563635765651,-0.09475887086126096,0.13598730079398272,0.3550335590625461,-0.7235254273768694,7.805720277060664,3464.8747921977592,1642278,False,0.38,0.511,1141178.0
Gary Payton II,0.14411270515189056,0.5857074259474999,-0.3918981605470525,0.3101308811567806,0.12593254829780456,0.1496439964929147,-0.8724473656171909,1.089488841683749,-0.6089396366136105,-0.04969656024855684,0.7561257498608577,4.596226772737863,9995.205713779076,,True,,,
Jaylen Clark,0.11242931561205205,0.05942632791068758,-0.39570572004953286,-0.7901053846861452,0.682073362069306,0.16745835052752678,-0.26333218964878535,0.47987693474462,-0.6122504651453675,0.44870870775089733,0.7171581821960853,6.703546396480034,4698.24513119629,1641740,False,1.239,1.517,3718377.0
Jonathan Kuminga,0.10768850770460647,-0.9953382871852683,1.0551309255750918,-0.3819006073727271,-0.1653851075863631,-0.44805257222617817,0.32014623272831705,0.4396228014381468,0.2953618914086279,0.04789586931478296,0.12154701303423343,3.993715181223077,13236.05385773167,1630228,False,0.238,0.5422222222222222,714392.0
Elijah Harkless,0.10348682751849037,-0.27396155880647766,-0.13491506963143873,-0.13765996582255885,0.17511372261499297,-0.3114153155989118,-0.16187365189423375,0.601494986938069,-0.574536404675274,0.5123634559564068,-0.10934301072112379,9.328051117440099,2426.286403257709,1641989,False,0.211,0.6649999999999999,632770.0
Christian Koloko,0.0932748248202121,-1.7674291885333413,1.0823414720325502,-1.9010230271258088,-0.03698610657113566,0.1705799451636032,0.5017095339801221,0.2671235873146923,0.3135083507377357,0.7783625413210032,0.7142257766448956,8.275991100828232,3082.2884233300665,1631132,False,0.056,0.17000000000000004,167966.0
Montrezl Harrell,0.08630776950068053,-0.5330664598126352,0.394913651851743,-0.5994450906078604,-0.08783679483295627,0.1542154256281815,0.11144383046477309,-0.059968773480478584,0.3434385948674485,0.22446057746157277,0.3498484521821951,8.086199328594745,3228.6903102313154,1626149,False,,,
Ryan Nembhard,0.07701603974597437,0.3106349496235199,-0.04586530096340528,0.33180465629922634,0.3666378979818282,-0.3878076046575347,0.21257287729469432,-0.32035409349773064,0.061915915239631046,-0.18775360891414022,-0.2796078849338061,7.03742560159395,4262.736778223447,1642948,False,0.483,0.661,1450102.0
Jabari Smith Jr.,0.07620654775509117,-0.6887838460194228,0.5568206015175116,-1.5048843291627756,0.10001073331018281,0.7160897498331701,1.1159499504940198,-0.5440169365292147,-0.015112412447293597,0.20816979225700238,0.25697113416684464,3.107221982429488,21865.9434516677,1631095,False,3.789,4.088,11366303.0
Alperen Sengun,0.06911300567554957,0.6492286740115776,-0.6270298315945824,0.17354967959002948,0.26005021388594024,0.21562878053560788,-0.46630600415511136,0.1976033552794567,-0.3583271827189278,0.04691416325855435,0.3149551669820771,3.0369019356800404,22890.639820930264,,True,,,
Nique Clifford,0.05987721293180648,-0.4172938157401899,-0.011693304776395297,-0.08416192637319625,-0.3503141264526992,0.017182237085705557,-0.08255530273144217,0.22965367026698724,-0.15879167231194036,0.4888643334483917,-0.2622698914119468,5.599738417026576,6732.806840728532,1642363,False,1.682,1.864,5046266.0
Gordon Hayward,0.059421637012461725,-0.4653620805411205,0.543685878716376,0.24555413514640106,-0.06342216064862485,-0.6474940550388967,0.0020510537921159394,0.22242734600292235,0.31920747892133766,-0.01890216116279375,-0.16928139076326149,5.685801729358329,6530.245356469792,202330,False,,,
Jalen Johnson,0.04489046416648357,-0.8505486651251668,0.9142432251744887,-0.1568358597904705,-0.23761083621874457,-0.4561019691159517,0.6390785286111769,-0.04039143352221107,0.3155561300855229,-0.01880409588283838,-0.41854810877138443,3.399200622244816,18270.860582896457,1630552,False,2.918,3.323,8753085.0
Malik Monk,0.04119370871131889,0.5845306393678645,-0.7927485370426074,0.5070050284166252,0.3020489808022908,-0.2245233698510515,-0.028606533102336837,0.05226239572891856,-0.8164043996691891,0.24941160638606175,-0.6866163929890312,3.4324714601160813,17918.479866896785,1628370,False,0.798,1.072,2393504.0
Jarred Vanderbilt,0.037697550285894166,0.2866801931389893,-0.33739454893419685,-0.15841952128397782,-0.49561719514451325,0.9407169095674803,-0.9842830760739155,0.5677637633312723,0.07912476380844638,0.08841190608110172,1.0919882415626858,4.218721597590752,11861.937715739245,1629020,False,0.851,1.073,2552689.0
Grant Williams,0.03066860222330725,0.018040632265780787,-0.04047153622387645,0.5055755144864473,-0.2226422768411554,-0.26489260537951115,-0.11421410428899714,0.09173709594758817,-0.01799452788246747,0.05309950618140291,-0.41379231415554585,4.045514568140223,12899.269549129684,1629684,False,0.286,0.67,857993.0
Walker Kessler,0.02770611412926982,-1.0016473534369417,0.625628222006874,-0.8238365826444349,-0.9125454846056721,0.7347347138131656,2.2550195580296557,-0.9341863327799951,-0.6952050032427867,0.40372524555933753,-1.8072021068152884,4.728982054133445,9440.124071333426,1631117,False,0.019,0.308,56376.0
Lonzo Ball,0.025179812221544418,-1.0059833540165601,0.9277499172440453,-0.6505039778690445,0.17243163181096677,-0.5279110079584823,0.16456605805917895,0.3856297216781216,0.3775541375067448,0.10341324899405924,0.40770448303735085,5.607884225571522,6713.053136789775,1628366,False,0.059,0.139,177730.0
Domantas Sabonis,0.014046158997394032,-0.32461606494438533,0.4783862836007704,0.4110918137691007,-0.675284451406162,-0.060423427307324015,-1.4893683525397157,0.12373472165130055,1.8440199144891856,-0.13972405965899104,1.2320467574270002,3.2743407593091916,19690.867392992965,1627734,False,0.248,1.071,744638.0
Blake Griffin,-0.04662032855500575,-0.5094532509570873,0.28411966402711425,-0.6125711018444788,0.34283551850950206,-0.23971766762211055,-0.2453850471692198,0.1027282968392694,0.42677641435706465,0.17871325837496727,0.6326225620837256,9.348683871109294,2415.5258176750162,201933,False,,,
Danny Green,-0.04944002856475249,-0.034283275811319514,0.25541033779346783,0.5502622454031538,-0.1830792687864088,-0.40146625242806455,-0.23154706746964743,0.22593366617347954,0.2610237390896357,-0.2705670905469008,-0.09758811595135808,8.019517342335144,3282.5951596094246,201980,False,,,
T.J. McConnell,-0.06242104422333039,0.5869474078423815,-0.45461054825333924,1.5229694103507714,0.2554066805563072,-1.191428683064697,-1.1014313663553563,0.8597286699305544,-0.2129078518285373,-0.19475790381237268,-0.28920118440637266,3.7844719949123573,14740.169024546398,204456,False,1.156,1.693,3468718.0
Tristan da Silva,-0.0667298552429515,-0.4383983068799336,0.26801434665386015,-0.831439483953846,0.30709649563001484,0.08594468144389761,-0.13147477125895515,-0.4163157586019198,0.8158048765147351,0.10365410498312194,0.7925302949867277,4.383062754072772,10988.976672983576,1641783,False,2.851,3.076,8551786.0
Zach LaVine,-0.07149348480173978,0.6286317947251788,-0.6124727366159399,1.5869193718970362,0.03615510600523531,-0.9944426831770928,0.2887695804642774,-0.5395675809923233,-0.3616747360878941,-0.08765254291097868,-1.8595298942520748,3.3652968694190224,18640.99526398085,203897,False,0.311,0.67,931674.0
Jae Crowder,-0.07583351938914151,-0.2874325776946469,0.38306220380147704,0.1395597282110202,0.5320680632201766,-0.9590603691258437,-0.26477381790963495,0.13005678812916788,0.5177792335819441,-0.17146314549597164,0.22084371580544493,5.627928503959675,6665.236966864237,203109,False,,,
Mike Muscala,-0.07737940193889359,-0.3050904452980805,0.16819656579468614,0.2087007499590044,0.03318893776158013,-0.546980133018665,0.4014349205952954,-0.24168335982846992,0.008445005027860657,0.05951447756450076,-0.7470295500576941,8.183536883715467,3152.337442201448,203488,False,,,
Ethan Thompson,-0.07839636600279154,-0.4963431531180041,0.07041509949935518,-0.5486714586022048,0.42048701525702187,-0.36815870977282117,-0.22962996766317456,0.0953878602638438,0.20465720689868594,0.3475316876158574,0.3523733726467304,9.575367070647292,2302.533926346273,,True,,,
Monte Morris,-0.0816648423610199,-0.1585347071172135,0.06624804797771766,-0.15715978793942703,0.46016519491804647,-0.46154011409583295,0.5660721271570732,-0.315779600974971,-0.18404447820438458,0.010621816778475957,-0.5011989983571421,5.242082539551986,7682.558680638094,1628420,False,0.006,0.076,16606.0
Jock Landale,-0.08823632674479198,0.14312695804722675,-0.5657274763890188,-1.1024286800107121,-0.10744546984123098,1.35300110789917,-0.2649861871315612,-0.14771248871319997,-0.15302880054425763,0.33436419159700004,0.9448143488004813,4.638239787403499,9813.101353103415,1629111,False,1.3370000000000002,1.6126470588235293,4011586.0
Ryan Rollins,-0.10353989109485018,0.301574140190328,-0.31826219905699143,1.310023293238066,-0.22306482324102495,-0.7853843298067129,0.007433554570489623,0.01454991097587351,-0.3402456646033546,-0.08685183222818676,-1.3341449066752187,4.442813170713658,10695.418568229783,1631157,False,1.726,1.9130000000000003,5177762.0
RJ Barrett,-0.10533077443177052,0.7588648192677141,-0.8365570944561294,0.5426868794743238,0.5466487235400069,-0.3304707837466165,-0.6271506654148268,-0.48687005414980866,0.27746362510850603,-0.027638499243355263,0.006771510752087817,3.0987207993031474,21986.078042099434,1629628,False,1.471,2.116,4412877.0
Patty Mills,-0.13634040137696835,-0.8900041440957989,0.47731210284912173,-1.069714033579236,0.6830968792794688,-0.5033869897960318,0.580477305335689,0.1349549898472996,-0.23812019233386683,0.2763516398697088,0.07654468699686978,6.263158766916906,5381.812384917203,201988,False,,,
Daniel Gafford,-0.137224749847897,-0.4917838452663409,0.13657243739905534,-0.696529635074238,-0.45198143504575045,0.6567272248536477,1.3652574747062796,-0.622554023607241,-0.6061310136999832,0.21798665801938855,-1.023939247499327,3.7450544565043367,15052.203784522992,1629655,False,1.943,2.897,5830237.0
Chris Paul,-0.13871159765984264,0.05269308969991249,-0.010153496721703903,0.5122969347209945,0.7051001867781196,-1.1647040317992015,0.4277309123451646,-0.031728216103239004,-0.4061561929636295,-0.18125119063805123,-0.8974882540879503,3.66628396287735,15705.848341139452,,True,,,
Maxi Kleber,-0.1443533894004626,-0.6731225281761037,0.5909881359002851,0.6736730323436828,-0.16803927722198336,-1.1787562832978031,0.5226736743629712,-0.1731704979211716,0.24148495945848542,-0.06221899712464396,-1.2784810989824729,4.8649314019805106,8919.894987010128,,True,,,
Leonard Miller,-0.14772187137955006,0.45546012830530896,-0.4492300217379218,0.678340788805988,0.18047982813961178,-0.4033604886402909,-0.006007227029623724,-0.027519986768487995,-0.41570280793981007,-0.1539519779469372,-0.6661034552089772,8.306777926339882,3059.544929702005,1631159,False,0.28300000000000003,0.5158,848790.0
Wendell Carter Jr.,-0.15324873995055943,-1.4668095605865432,1.437766640399061,-0.681587785183603,-0.21646667345186416,-0.5687551019510761,1.1733913263774314,-0.0883314054713454,0.3527067194929749,-0.12420581976307721,-0.5208464613813109,3.1794554982229415,20883.683192373028,1628976,False,2.961,3.154,8884483.0
Alec Burks,-0.16328522024773717,0.003187821876402097,-0.14612508385184136,-0.33505336965268845,0.43124854308467647,-0.09300735155558593,-0.09287558685263056,-0.208715883027396,0.1554663860281852,-0.020347958272297906,0.2849916945298797,4.9667398185240295,8557.958308817482,202692,False,,,
Marcus Sasser,-0.16367110724656297,0.07616689979362923,-0.45118516418457444,1.01217877536823,-0.08469063732370989,-0.851321238250891,-0.12667281491456558,0.44745250635347733,-0.7719648556234862,0.21134715714438224,-1.2605242248446098,5.79532112953232,6285.757288299107,1631204,False,0.01,0.023,31041.0
Jalen Duren,-0.16543531124852573,0.4267953830790565,-0.7033159179687513,-0.29561555559538266,-0.22242415755915107,0.9448350962335903,-0.8739159419805235,0.022570695860003594,0.1480293281517686,0.11108522364116902,0.8930109626862115,3.300495984959839,19380.041980278424,1631105,False,3.813,4.532,11439719.0
Damion Lee,-0.19809920153138927,-1.0588823120675128,0.6157873489153484,-0.3341666538033647,-0.251162714636112,-0.4735529436280361,-0.07276564284286127,0.059031354300670656,0.629521637457539,0.2449957616207752,-0.03616266650593847,7.197563425299292,4075.131799765949,1627814,False,,,
Josh Green,-0.19991940135123343,-0.9585252573541418,0.5904928452298053,-0.7908474454812232,0.051466868693599406,-0.219144680566518,0.1470093934579989,0.45839404635186987,-0.014910594580063455,0.16811301077310314,0.2758056398988878,3.8755216755906776,14055.70114865989,1630182,False,0.492,0.7079999999999999,1476594.0
Daniss Jenkins,-0.20033981090021846,-1.024839734273026,0.391176628214324,-1.340795481922144,-0.10640934614708296,0.4223650937962009,0.16161243074198323,0.5847281995109069,-0.35516400203856613,0.43332329515848356,0.5455199451214587,5.7207966456224275,6450.60517675997,,True,,,
Malcolm Brogdon,-0.21263711917299466,-0.1885500118656935,-0.08414290848824887,-0.5133039120470406,0.4429099792145104,-0.1181560790331633,0.36612253778569354,-0.17964687322871023,-0.2706185730452322,0.06005580118094772,-0.12551154609259532,5.07158439178946,8207.773452841666,1627763,False,,,
Naji Marshall,-0.21384215206562984,-0.35665355564432855,0.1481418367355211,0.05806863808128532,0.22774868173204071,-0.6424708754576546,-0.03600105107686164,0.22891062346059765,-0.044767735648214936,-0.005330433156822384,-0.23057930591323114,3.390140076769618,18368.70827018419,1630230,False,1.949,2.16,5847997.0
Jared McCain,-0.2165405293797843,-0.09287023667685113,-0.27719263647968573,-0.580534911999701,0.13063677146548675,0.3570279038573631,-0.34509168378290694,-0.19178874245047015,0.25968778975369133,0.15352234377675256,0.555563722626071,5.661646473968561,6586.081521295695,1642272,False,0.23700000000000002,0.29088059701492536,712133.0
Matisse Thybulle,-0.22983568525203968,-1.988155492452786,1.6373845405653251,-1.6942882074549612,0.06288271463048388,-0.3567499996283085,0.24856909919365458,1.5943595485554327,-0.20554410718376223,0.1209352666354212,1.094948156373846,4.75580890329079,9334.113082762415,1629680,False,0.161,0.441,484132.0
Nae'Qwan Tomlin,-0.23663716207984464,-0.7943082507843514,0.31151838778464186,-0.8918201178612157,-0.22572976240191983,0.3232416294787842,-0.03627913174441122,0.31455005806457564,0.033247461464477455,0.2461527009198649,0.44530938660591746,7.391124121153865,3864.564266601675,,True,,,
Brandon Ingram,-0.2597565159054912,0.25334398029868643,-0.42935057150041467,1.2920735186036159,-0.30200164367212856,-0.7367278946328009,-1.0342850695340016,-0.15341964788927412,0.7583541459228611,-0.08374992470376297,-0.43379504027134264,3.267619889598225,19771.96172622991,1627742,False,2.679,2.853,8037017.0
Trey Lyles,-0.27802231460013616,-0.004479581383225184,-0.3898689107770411,-0.43430546683331817,0.14501312226730284,0.28481276318279014,-0.6274626546458223,-0.17289807570566876,0.4104918195744499,0.11632617756013014,0.6674196293188741,4.992150411002411,8471.15479124244,1626168,False,,,
Jonas Valanciunas,-0.28975608121927043,0.03186082900323406,-0.37890973322355714,-1.010405748466301,-0.5063792560392995,1.5486458335088344,-0.10747093085792442,-1.1559998790923491,0.8845610767267165,0.05729282300105265,0.7708277751039023,3.6452501476724524,15887.596825671586,,True,,,
Baylor Scheierman,-0.2948587476132717,-0.7219373319469331,0.3036595731796156,-1.12184855743931,0.2311145901145647,0.16879663537781214,0.2990227409626184,-0.31351715090484433,0.31815398312184157,0.1234190111540458,0.4045480577093741,5.788264792691471,6301.094531833033,1631248,False,1.275,1.358,3825495.0
Trae Young,-0.2969368957590913,2.6539996050365895,-2.9039140621293478,2.6034510706972913,0.4633219966835844,-0.41277346234428625,-2.0477933258248036,0.04288059305213238,-0.8990013293566768,-0.047022438666333044,-0.8055722019652463,3.2953042089118383,19441.133605753887,1629027,False,0.053,0.2916666666666667,159949.0
Dylan Cardwell,-0.32779473809630866,-1.659710063148987,0.6705542251588688,-2.083700867511498,-0.42083972990393026,0.8448305342664413,0.061436370181577354,0.16909235134014713,0.44002550363714427,0.6613610998938095,1.0331086593398024,8.15572385456027,3173.8586841881265,1642928,False,0.91,1.736,2730313.0
Kyle Lowry,-0.32982650619209275,-1.4361434605073635,0.9724491978524478,-0.9714530515197666,0.09284463039920443,-0.5575350393868014,0.17815237564016062,0.6785089410295642,0.11578788118272301,0.133867756462823,0.3296064132246902,4.368324680313794,11063.259173286859,200768,False,0.02,0.119,60700.0
Simone Fontecchio,-0.334245461775446,-0.1490138326626982,-0.06779168436566668,-1.0006376286137646,0.07779427539511018,0.7738295205559562,-0.3235204821726018,-0.19627413922055095,0.4520029370274861,-0.11743994474708114,1.1073525937580015,4.33172672018285,11251.021564390447,,True,,,
Nikola Vucevic,-0.33777976836235957,-0.22642447682937328,0.006213016006668237,0.6229023940988276,0.30926686690672583,-1.1585937378349267,-0.1877029144390064,-0.9505331442424386,1.1444490746881133,-0.11756830753965453,-0.6554109404825263,2.969506448256553,23941.142893650485,202696,False,1.75,2.2776349206349207,5250131.0
Joe Harris,-0.34373094402368154,-0.16414593132650745,-0.24607931229002802,0.2805921059785394,0.17937209656414504,-0.6241101338691919,0.17472662447070392,-0.07498946719419544,-0.3458164695665365,0.06649429959285391,-0.8655439740657789,7.097805849993489,4190.730836225046,203925,False,,,
Georges Niang,-0.36209465460226864,0.6431665670842878,-0.8494330271747164,0.9296712587153877,0.49353383036111687,-0.7800385219922169,-0.31427703404754037,-0.40693909406190004,-0.12821689906527584,-0.15582819451184005,-0.8216606847582759,4.2029012686876115,11951.577915995462,1627777,False,,,
Grayson Allen,-0.3727480760773205,0.7047846324012739,-0.9005554699583473,0.2176561943549245,0.6599410166830086,-0.17281257863665928,-0.41846008333830303,-0.13872940354739074,-0.34336598307265354,-0.17697723852024705,0.005033051426305057,3.349726116001837,18814.92496945563,1628960,False,1.011,1.6259999999999997,3033712.0
Jaden McDaniels,-0.38446691814181855,-0.7654061685612177,0.34230828780591777,-0.6110056794860909,0.0457040275887531,-0.20010451666388002,0.4934011253006802,-0.05229344718272643,-0.098799390312036,0.03863096261348137,-0.30549332656988937,2.77570370789342,27401.042260294795,1630183,False,3.752,4.273,11254859.0
Egor Dëmin,-0.3876342642577859,-0.7109159371316625,0.33757644318757285,-0.3115556560655066,-0.1201974181907887,-0.2791628628753671,-0.9197881349480171,0.39929836524071144,0.8580662128948785,-0.014294770313696303,0.8580042970694342,6.843789636354728,4507.371012052724,1642856,False,0.092,0.145,275789.0
Patrick Beverley,-0.39311154850437124,-0.93143128933318,0.30159816502524683,-1.178352847093941,0.43759441939133153,-0.19067286163057034,-0.09128256100166651,0.28005767348921273,0.11282305253770064,0.2367215758035619,0.6398022837876746,5.415727327640635,7197.8073923131615,201976,False,,,
Mohamed Diawara,-0.4115842650779771,-0.4361189399290015,-0.04101893211400222,-0.12218593280810136,0.05927648127040224,-0.3732094883913024,-0.0608906031591836,0.0752279224647142,-0.05535625141953282,0.06555360696502666,-0.29406133607571877,9.37442924698798,2402.2761653138277,,True,,,
Carter Bryant,-0.41229825083750427,-0.6239535454554184,-0.00036041219194582474,0.20854233205675904,-0.1980228521523758,-0.6344730253598017,0.6177938003836332,-0.30911969839987646,-0.30903451417570255,0.21201570680985993,-1.4506500900877564,7.519092853916146,3734.453439288625,1642868,False,0.072,0.083,215403.0
Wesley Matthews,-0.44397947640311486,-0.9716837416223236,0.19552328255547302,-0.9200390477480265,0.27449172385188597,-0.3261364177261831,0.1447177266885521,0.017287185715337106,0.033518370151583814,0.33218098266373575,-0.0008391380073762347,7.369359553741977,3887.6034875080386,202083,False,,,
Jaylen Wells,-0.4618546693994804,0.6925988358793407,-1.1918231872793956,0.4619614962909044,-0.0929191339890217,0.3235564735774579,-1.1908654313979716,-0.0028860176015769318,0.0019282617201529656,0.037369682000574556,0.2296795837070123,4.23958585866555,11745.356475286739,1642377,False,1.56,1.853,4678595.0
Furkan Korkmaz,-0.4689995110962422,-0.6563951279946584,-0.10244589176185787,-0.3629586877268499,-0.07465669814403211,-0.21877974212377638,-0.07407845235570543,0.1647677784620288,-0.19313521786818125,0.2898415086602741,-0.3218038796739609,8.297325181878485,3066.4889424381863,,True,,,
Jamaree Bouyea,-0.4718729916704233,-1.998254971828447,0.5550921459737485,-1.5569097032731611,-0.18000730397645465,-0.26133796457883113,0.6204096139875881,0.2154797029055017,-0.2807971709193413,0.9712898341842752,-0.5066627365691254,8.903199688520635,2663.309231122134,1631123,False,0.206,0.36699999999999994,616871.0
Andrew Wiggins,-0.48518166252001077,-0.7843059458466799,0.191614425165274,-0.746865290650276,0.2261412113638825,-0.2635818665602864,0.3346564566337155,-0.03833563866830452,-0.10470639280013698,0.10750985816139508,-0.18048268666484546,3.106321658630663,21878.631225721052,203952,False,1.099,1.325,3296736.0
Oshae Brissett,-0.4958000438596131,0.01310077999448836,-0.6286854936569174,-0.2377807554069123,0.00690273728868758,0.24397879811271309,-0.6242810079811021,0.11516739765268563,-0.119571883328501,0.11978466980281594,0.24647704972558532,6.800073527904152,4565.506250607674,1629052,False,,,
De'Andre Hunter,-0.49972835430918977,0.32318037550834566,-0.643999356210361,0.7824103751029088,0.2358011652079105,-0.6950311648024735,-0.8451367700992105,0.18670477106336772,0.014432642825481894,-0.17890937360717446,-0.2580925857057134,3.5294075644322076,16947.65415797989,1629631,False,0.648,1.2091363636363637,1945972.0
Quenton Jackson,-0.5074759516401921,-0.8819368772338784,0.48081723637691304,-0.17322004906399313,-0.1157865560679656,-0.5929302721019196,-0.6617056017841744,0.4558397453644862,0.6866830927966012,-0.10635631078322677,0.43380600999120217,6.8695229486414116,4473.637481055595,1631245,False,0.656,1.121,1968836.0
Jevon Carter,-0.5129892048122598,-0.6585152931482805,-0.037220830445180014,-1.5015387581690158,0.7219991732474262,0.12102429177330905,0.3727591261950031,-0.14292309610403772,-0.2670568605361454,0.18274691878120064,0.43304350838055217,4.731455227092729,9430.255592010426,1628975,False,0.053000000000000005,0.08365384615384615,159791.0
Keon Ellis,-0.5186697914594549,-0.6183321613746148,-0.010050013050916351,-0.7161533078801599,0.08481941290810613,0.013001733597438999,-0.31171126361398643,0.8010272426420965,-0.4993659920790264,0.10971238296607622,0.39948239706861516,4.180440422872253,12080.049972962526,1631165,False,0.586,0.6768309859154931,1759089.0
Caris LeVert,-0.5243532916612987,-0.37825058678658285,-0.35300223004846176,-0.5031179741509543,0.5286412419730936,-0.40377385460872217,0.534181328708087,0.05827158395006848,-0.9454551427066172,0.20689952517374588,-0.7623161713921773,3.421156006507908,18037.33517303258,1627747,False,0.506,0.703,1518168.0
Kyle Filipowski,-0.5444158567264372,0.665785015013503,-0.9245107571350177,0.6541047184133437,0.13653076295774497,-0.12485046635758584,-1.3504100433064778,0.2609580791120792,0.16494120705938098,-0.28569011460492244,0.4375795827716193,4.47381515624553,10547.673852383323,1642271,False,2.153,2.293,6458545.0
Dejounte Murray,-0.5461427540873438,0.040934928841218576,-0.7080398964909315,-0.4138839316108843,0.5831579142786169,-0.12833905382651395,-0.9450465765641016,0.26745281854092673,-0.0304461384677566,0.12096221356236914,0.6918255405252731,3.650486833788049,15842.050137728136,1627749,False,0.07,0.411,210581.0
Max Strus,-0.5484367006427135,0.05582004707657004,-0.47193487291935243,-0.050762088870294986,0.07818359300948677,0.028398542937378257,-0.3013042374906285,-0.4991824366486625,0.32855180121993866,-0.13232187479993118,-0.06404849948185887,3.5381364128557125,16864.17931470053,1629622,False,0.029,0.19699999999999998,86569.0
P.J. Tucker,-0.5574581541947206,-0.5066975699779246,0.18094371200616205,-0.23149763347364471,0.19640101190964615,-0.4716009484139261,-0.48339580756764244,0.36602693520402213,0.29831258436978236,-0.23170429622295802,0.38913958306952456,5.408040515664525,7218.335600913988,200782,False,,,
Mason Plumlee,-0.5577611540849616,0.04293638102695983,-0.6204022529149205,0.18966562440351947,-0.18050152660443097,0.03377228322787133,-0.6396128291007248,-0.12899255270028123,0.1482031288860856,0.019704717802998983,-0.12751866719075527,4.524832093300197,10311.180620602034,203486,False,0.036,0.1454,106670.0
Bobby Portis,-0.584796249179095,0.3567737668461774,-0.896069578044943,-0.3111174840143081,0.40826291457376884,0.25962833628671667,0.10724567370991911,-0.702477587811569,-0.3008376639432932,-0.04550043798032943,-0.3354240008943767,3.4109952127570167,18144.740390250212,1626171,False,1.414,1.731,4241980.0
P.J. Washington,-0.594120308510222,-1.1643197747273184,0.593271125524585,-1.1111254456621564,0.07793477970960226,-0.13112910877476414,0.4585767632135806,-0.12981648846162366,0.26451085077262815,-0.023071659307488668,0.0815000332458426,3.115839671449623,21745.16660241814,1629023,False,1.068,1.564,3203364.0
Moses Moody,-0.6011113972020786,-1.4913846519315646,0.6283134378636364,-1.4293868055345758,-0.18504430264421762,0.12304645624722897,0.07134956562003601,0.3257575719208769,0.2312063003227235,0.26195981686584957,0.49496602584661176,3.9130742350132626,13787.215030606203,1630541,False,0.261,0.357,782650.0
Gabe Vincent,-0.605479142833418,-0.4674141326326607,-0.24203315906402906,-0.21642835363442367,0.06877742916848091,-0.31976320816671794,0.23059843290044177,0.16533888265841665,-0.6379704746228875,0.10396814886327177,-0.7236173709627078,4.030787926636664,12993.696089929346,1629216,False,0.099,0.15322641509433962,296794.0
Vince Williams Jr.,-0.6066681651742636,-1.3266624716682331,0.5736390644138167,-0.8373915719299804,-0.24938801500217755,-0.2398828847360752,0.25207371250961347,0.17860468319161027,0.142960668712593,0.14635524208015283,-0.1677055478340495,5.573060385831886,6797.122481981611,1631246,False,0.1,0.20465,299343.0
Davis Bertans,-0.6152263757944545,0.04915337932196717,-0.3361813985062957,0.17080445418645557,0.4362786421782045,-0.5579297170426929,-0.415932601535336,0.08969179171841676,-0.00994058868937641,-0.328198356610126,-0.04189987183544804,7.661764487001109,3596.3049260558805,,True,,,
Cody Martin,-0.6157154959719044,-1.2210112427237707,0.4633095803241236,-1.0690553607102389,0.09296043319749665,-0.24491631521102858,0.2782452868101998,0.2227372232798403,-0.0376729297659164,0.14198616642774264,0.03310841150039196,5.709608141899289,6475.939603452856,1628998,False,0.001,0.019,2734.0
Terence Davis,-0.6336098561590544,-0.3221399927419167,-0.2632950371149901,-0.08813188149050205,0.0794223327805802,-0.3134304440319948,-0.41878612309297936,0.09401203378923975,0.06147905218874956,-0.048174826302147644,-0.07851702527342533,9.471238522754785,2353.4425132634615,1629056,False,,,
Josh Giddey,-0.6415409491759878,-0.15288967251420899,-0.3551956450345504,0.5245882362392609,-0.4274597568211021,-0.25001815193236776,0.6581650136163819,-0.6091996220688513,-0.4041610365820811,-0.1334556316272284,-1.6908385674044024,3.253153069000767,19948.24053202981,,True,,,
John Konchar,-0.6675434758974751,-2.4659392850365536,1.5110236880523804,-2.663178587269532,-0.3945343753240078,0.5917736775569858,0.59807933244373,0.6393828028393423,0.2735615527693081,0.2873721210866981,1.1101836578416284,4.3370395772694135,11223.47492630612,1629723,False,0.212,0.31,634996.0
Malik Beasley,-0.668389441295893,-0.5075614230641794,-0.2257556785275847,-0.2259959162783414,0.2941879812723286,-0.5757534880581666,0.030539238067383272,0.200838304046958,-0.45713322064192596,0.06492766029587116,-0.537860423380806,3.662652876027032,15737.029925024453,1627736,False,,,
Lamar Stevens,-0.6787838926751348,-1.2331526990680575,0.3193668678456747,-1.0105405420000526,0.16980906469769447,-0.39242122176569927,0.31081690686022556,0.15116968317234145,-0.1426197221868923,0.23500193854724793,-0.21406219608255567,7.40022972416845,3855.0263757793346,1630205,False,,,
Goran Dragic,-0.679377402477706,-0.3885073356910768,-0.28207965873390917,0.055980803211102215,-0.16009457083205775,-0.2843935680701213,-0.5597204387692822,0.12839274074887483,0.14924803928649819,-0.008790408052719911,-0.16684735886680604,8.7319606688168,2768.788631263805,,True,,,
Dario Saric,-0.6967002692953461,-0.6494182510083935,-0.08049842795100282,-0.6435390864024474,-0.020618122498202385,0.014738957892256342,-0.3835205067657147,-0.12174465000372194,0.4247667288184338,0.03321640966405015,0.2971429142087658,7.132163056235871,4150.230382166243,,True,,,
Adem Bona,-0.7103483412576259,-0.8258842578951022,-0.10171965208315625,-0.42788750872107023,-0.1907483494579867,-0.2072483997160452,0.7026408907852448,0.22290130332868419,-1.0272618461970853,0.21725556872063256,-1.202357292042433,5.441903844534954,7128.72281462558,1641737,False,1.726,1.993,5177847.0
Jae'Sean Tate,-0.7118306975091019,-1.7836451773387625,0.7688303600102273,-2.3541577238188927,0.149941995343987,0.42057055113614333,0.4113010084591371,0.19752965018751883,0.1599997013635715,0.3029841198194333,0.9280418980312206,4.96071088444523,8578.987098029484,1630256,False,0.01,0.018,29628.0
Karlo Matkovic,-0.7153927025305883,-1.626466320443136,0.542004048314385,-1.1223541061929632,-0.5432236075672864,0.03911139331711336,0.7007009298607485,-0.17733538807988702,0.01863850653352348,0.3690695695981626,-0.6628090957965366,6.269881409162707,5370.333873643394,,True,,,
Tyler Herro,-0.7193297198330485,0.8624112660638295,-1.4789482431030967,1.4691940897161586,0.3435630445593665,-0.9503458682116956,-0.541275228521396,-0.31472094845414955,-0.622952066127551,-0.10279274279378126,-1.5444558382340299,3.2644526474586106,19810.37249209807,1629639,False,0.424,1.053,1271515.0
Ryan Dunn,-0.7204670418448026,-1.8804137723207979,0.7320501356056895,-2.989487889700813,-0.061807308403253075,1.1708814257832683,0.8279610029687563,-0.009401932955196653,-0.08650893440787014,0.42789659487030585,1.0131632500169483,5.086170669107772,8161.549782326236,1642346,False,1.659,1.9429999999999998,4975536.0
Trey Murphy III,-0.7443856743155719,-0.9207469571950958,0.11342287220612246,-0.18032382734172303,-0.44547828532294736,-0.29494484453042535,-0.38640505056458574,0.2533950602303609,0.2464328625403473,0.06293841067340145,-0.24059520708266458,3.242559149359506,20078.934919441068,1630530,False,1.739,2.16,5216174.0
Raul Neto,-0.7461813685613609,-0.4227596999594995,-0.031811979132471635,-0.08183793003039669,0.15847810712806942,-0.49939987705717226,-0.5998732462071168,0.11734047590209497,0.4507207911725502,-0.2916096894693897,0.22713949714554232,8.783484100337434,2736.3960429723647,,True,,,
Thaddeus Young,-0.7478421467191,-0.18668353664613582,-0.20874813558326083,-0.44815388102208803,0.031467805495668244,0.23000253888028396,-0.7106248807463977,0.35491771244473225,0.14695903271840466,-0.3524104744897033,0.763347089539089,7.84088406437721,3433.863590398829,201152,False,,,
Johnny Furphy,-0.772467814883416,-0.9251270171715045,0.16994548190343417,-0.6086106796333384,0.16746050995182185,-0.483976847489988,-0.13101489943136238,0.1140645080654467,0.18689587326934987,-0.01728627961534568,-0.015555956203369525,8.030728219813204,3273.4282339671245,1642277,False,0.022,0.053,66367.0
Jaylen Brown,-0.7760552838726682,0.1602748676316127,-0.8544303115304644,0.6587988070560904,0.05364030466569491,-0.5521642440901726,0.435497206468729,-0.6817953796008841,-0.6081321383983094,-0.08189983997381645,-1.7884514574236712,2.6960716640612143,29043.555323115634,1627759,False,2.424,2.799,7271317.0
Javon Small,-0.796804516149973,0.2441899091123219,-1.2516696140744354,-0.12115420606994382,0.16778352702613908,0.19756058815612665,-0.5845653491483458,0.3823006841944824,-1.049404949120572,0.21067518881214053,-0.3017601497438238,8.230180786702265,3116.693390529934,1642914,False,0.414,0.829,1242972.0
Kobe Sanders,-0.8069998583119583,-0.550122627286292,-0.3263400485244411,-0.6058694939777429,-0.06779666908510874,0.12354353577655967,-0.5975339934736783,-0.3537999261764057,0.624993871125643,0.06946281749877481,0.3269408116406882,6.6357223600347774,4794.678920700673,1642920,False,0.255,0.308,765769.0
Spencer Dinwiddie,-0.8200089751734785,-0.16739490580907523,-0.6094035236366491,-0.23837778888550745,0.6647397558071554,-0.5937568727307232,0.3384218485990495,-0.6617654648292134,-0.2860599074064851,-0.04321054572775418,-0.8768424891592663,3.805795379803412,14575.46015406735,203915,False,,,
Paolo Banchero,-0.8203678825324109,-0.11755392225426381,-0.44380871298552704,-0.0154297032502701,0.00892263252393883,-0.11104685152793255,-0.4118321824988889,0.14082102586744485,-0.17279755635408298,-0.25900524729262,-0.13410074949063183,3.0538507446988357,22636.901560864688,1631094,False,2.355,2.682,7065891.0
Khris Middleton,-0.8226006420297771,0.5724568479711003,-1.1554278172819008,0.0687058207018913,0.4058770337096269,0.09787399355958215,-0.6010336745108509,-0.4672630566237425,-0.08713108614730736,-0.23962967271897662,-0.05064311550184081,3.639428517699751,15938.53153353003,203114,False,0.762,1.0074193548387096,2285793.0
Julian Phillips,-0.8290413499502405,-0.6262231466560159,-0.3982204917327493,-0.0964576316281513,-0.1577857437443641,-0.37197977128350046,0.5458730075335184,0.038931968234117695,-0.9830254675003854,0.1954022884385247,-1.4738590142941324,6.490811926400295,5010.892102940314,1641763,False,0.022,0.03887234042553192,66398.0
Devonte' Graham,-0.8366088545985213,-0.8188433780770925,-0.16708557702647198,-0.8753250552262437,0.28236449821308224,-0.22588282106393096,-0.1992531427329764,0.1313232266719302,-0.09915566096542577,0.14932010050504319,0.0886492428556557,6.50857688982705,4983.585942412326,1628984,False,,,
Derrick Rose,-0.8504989912567612,-1.6460888046106095,0.23288812827654187,-1.1574323803978361,-0.019631350467776046,-0.4690250737449972,0.5929132905892117,0.028893757027197514,-0.3889189193398674,0.5627016850773064,-0.8486815865254431,9.335928619974085,2422.1473312031717,201565,False,,,
Victor Oladipo,-0.8580417080856865,-0.995039279288939,0.06292167606916482,-0.6229764739873472,0.033486180681988505,-0.40554898598358025,-0.6490580012881121,0.47351301712348703,0.23846666023378987,0.07407589513408774,0.33991687205568516,8.926727255602378,2649.2896471602903,203506,False,,,
Jaime Jaquez Jr.,-0.8661638107369701,0.18698878488622192,-0.916872648661075,-0.41127346516417423,0.4528914429380317,0.14537080711236447,0.2190096372168782,-0.6675174264864717,-0.46836485939148137,-0.1362799469621171,-0.5376200358275569,3.7522522360969264,14994.390148585018,1631170,False,2.509,2.744,7528190.0
Cam Spencer,-0.8840322676107407,0.3372075681363714,-1.0458937112613182,0.5128743383370575,0.6509806319846202,-0.8266474021853064,-0.2214711855858829,0.03189520095155993,-0.8563177266269953,-0.1753461244857939,-1.0000892958761216,5.58698679562555,6763.377784039485,1642285,False,1.443,1.643,4328844.0
Nikola Jovic,-0.8969876345351234,-1.4811775910747969,0.42194790920141645,-0.17887648689539326,-0.03687539786245636,-1.2654257063169472,1.3485835700418605,-0.07882652105746588,-0.8478091397829781,0.16224204733825698,-2.2289367650198475,5.150447296277465,7958.346051272214,,True,,,
Micah Peavy,-0.89833382014651,-0.7640116393335448,-0.6256629623108484,-1.2097490264856836,0.07687137940979105,0.3688660077423478,-0.37514788811880817,0.024937562353466693,-0.2754526365455069,0.4913407814978833,0.19522231296009862,7.999216873747941,3299.305326045146,1642877,False,0.648,0.871,1943896.0
Juan Toscano-Anderson,-0.9004534405690933,-1.0935094333194182,0.07158061799991773,-0.36774824272561235,-0.16612338685801342,-0.5596378037357923,0.0849175748662476,-0.016887972741476034,0.0035510158751461685,0.12147537475040726,-0.7390981474601356,9.158521133872755,2516.9825961626375,1629308,False,,,
Talen Horton-Tucker,-0.9016186490260698,-0.6465528666092712,-0.31485638110154246,-0.5223059849242082,0.3560471859312661,-0.48029406761632915,0.3457976977715661,-0.3272084602446055,-0.3334456186285031,0.0597905986847439,-0.7849009605581716,5.344283764209848,7391.519009366272,1629659,False,,,
Jake LaRavia,-0.9042011033807947,0.18199816340641994,-1.1852952453173027,-0.03348129690542195,-0.5138577116157692,0.729337171927611,-0.928294061254989,0.463054041657561,-0.7200552257198747,0.09909597853008811,-0.04152172375047192,4.033201626717754,12978.29802385425,1631222,False,2.115,2.115,6345419.0
Craig Porter,-0.9079190556152797,-0.5030744346158047,-0.4337404281490695,-1.1614870031015196,-0.01911840546541159,0.6775309739511266,-0.4340206000516873,-0.0414954885297653,0.041775660432383115,0.0288958071495945,0.6586927403883329,5.650040398636661,6613.230700495684,1641854,False,1.077,1.401,3229594.0
Tre Jones,-0.9081185924281325,-0.36602532096123913,-0.46807640224086167,-0.3910670546231659,0.7663751516666677,-0.741333418004741,-0.3206512359326271,0.13741521923904482,-0.28484038554727936,-0.07401686922603168,-0.1223834326463078,3.6242831918057488,16071.94565555008,,True,,,
Dominick Barlow,-0.9082175541354279,-1.5270388839011264,0.27272561329752465,-1.3303151939441233,-0.1577229519288933,-0.03900073802810976,0.655103866844788,0.2640699136941694,-0.6464481672414328,0.34609571646817383,-0.5791019435042666,4.926340947901891,8698.95074566482,,True,,,
Justin Champagnie,-0.9085231879261453,0.13716221186025046,-1.1099354835306143,-0.6113748541536108,-0.13204628875976154,0.8805833547736228,-0.16601741553294477,-0.20345234802815831,-0.7404657199695114,0.06425008374421859,-0.19538100198380837,4.797622630345253,9171.971907913394,1630551,False,0.651,0.785,1954069.0
Jalen Pickett,-0.9183428781654983,-1.141360030146398,0.2034978063862712,-1.2052868707555051,0.6974445253597561,-0.6335176847506491,0.9084852459643996,-0.5343344001863753,-0.17065303939175305,0.019519345594628423,-0.6410605989690213,6.580886273669417,4874.756653463855,1629618,False,0.426,0.698,1277604.0
Miles Bridges,-0.9211142085662385,-0.4467010914175473,-0.5109385558810402,-0.09020022132890165,0.45106783664558087,-0.8075687067342265,0.35622557974585556,-0.6632544589809902,-0.2039096766459055,0.036525438732349036,-1.2236650057155414,3.155528667470375,21201.59802780173,1628970,False,1.59,1.716,4770797.0
John Collins,-0.9375009947686181,-0.8708033879963923,0.0986319455287692,-0.6452924326482167,-0.6737866815081894,0.4482757261600136,0.46163136014495704,-0.6426280469843365,0.27962863236814867,-0.165329552300995,-0.5885103699643637,3.3782657624262957,18498.02696437954,1628381,False,1.223,1.453,3668495.0
Lindy Waters III,-0.9438117369394495,-1.0309134313343267,-0.39984644486125165,-1.004658968998504,0.19242546070061517,-0.218679923036438,0.09129196385392094,-0.03644384219918584,-0.4546945665159868,0.4869481392561289,-0.5173928710509954,6.76999013959733,4606.135254764853,1630322,False,0.032,0.065,95305.0
Ryan Kalkbrenner,-0.9447616508673481,-1.9617269082881483,0.735103928138007,-1.1580184888038778,-0.7291342031463314,-0.07457421633793937,1.2325137567872355,-0.600987159389522,0.10357733074029335,0.2818613292827933,-1.3011182481334993,6.3637454042867585,5213.113634218929,1641750,False,2.205,2.658,6613696.0
Isaac Okoro,-0.9463303615149599,-0.23316321343254232,-0.5599952431951891,0.27188702017263794,0.16339907130373338,-0.6684493049089136,-0.5154681280683236,-0.3006266733617866,0.2560995582349212,-0.15317190488722843,-0.5495773487320457,3.46543416913182,17579.32317479208,1630171,False,0.608,0.792,1825498.0
Quinten Post,-0.9497732909099984,-1.4937138025677787,0.2888242692060945,-1.4725846087609291,0.007260677165471331,-0.028389870972320916,0.30034828325687246,-0.23097475502990197,0.21945074097912404,0.25511624245168585,-0.03265320785762754,5.849827906101014,6169.183228540467,1642366,False,0.882,1.096,2646393.0
DeMar DeRozan,-0.968324647150303,0.9913499468618155,-1.6709812122456877,0.566314202002042,1.205541514391937,-0.7805057695321634,-1.5727689457773504,-0.22490215548384046,0.12668988901550302,-0.2886933817664308,0.3268234783914361,2.7804793975042266,27306.95510986203,201942,False,5.089,5.491,15268364.0
Terance Mann,-0.9699316966694301,0.1838339007124423,-0.9940371444915403,-0.4008324892848703,0.4182409892725686,0.16642540072474402,-0.34835216280689707,-0.40315238640970186,-0.24253259527494136,-0.1597284528903321,-0.06101859168733065,3.466066264165808,17572.72894594592,1629611,False,0.671,0.873,2012139.0
Josh Minott,-0.9714548312293572,-0.7770428164281236,-0.06690889527334043,-0.6226435965484608,0.048333175327095634,-0.20273239520675834,-0.4459918831113573,0.27638687518258936,0.1026961126554275,-0.12750311952789317,0.22468376795835415,7.283536472403186,3979.498449249918,1631169,False,0.363,0.6076734693877551,1089279.0
Ariel Hukporti,-0.9797590391339664,-1.5489256953508908,0.15006176840255303,-1.503880918826229,-0.027790501596362108,-0.01725427492829952,0.425969042041304,-0.28670509393749105,0.010797820298740109,0.41910488781437116,-0.32095205016341255,9.023800568649861,2592.6030166357173,,True,,,
Ben Sheppard,-0.9888469173750585,-0.28315470252574787,-0.6761573717286279,-1.1133188472323694,0.7368133000873535,0.09335084461926808,-0.6692183189527439,-0.31970133770214854,0.31276228492626446,-0.029534843120682774,0.8232250919307375,4.381897050527522,10994.851796921417,1641767,False,-0.049,-0.063,-146627.0
Danuel House Jr.,-0.9987316961527184,-0.8787975444281414,-0.0914686039777364,-0.5617953633573942,0.10881413549745797,-0.4258163165682052,-0.359348896294546,0.18886652999614742,0.0790137623206622,-0.028465547746840625,-0.049121888753937554,7.921122606442771,3364.6453473891797,1627863,False,,,
Kemba Walker,-1.0398732432873579,-0.6260089300626537,-0.40809385810401444,-0.6625698285429356,0.27982842853952977,-0.24326753005924795,-0.26999183791686143,-0.05952470664426477,-0.07857731354288819,-0.005770455120689633,-0.10154112170687113,9.830400442624786,2184.6149340056095,202689,False,,,
Harrison Barnes,-1.039890812171873,0.40700118208617797,-1.4238278945726137,-0.04645387297182696,0.6084302691796937,-0.1549752141216888,-1.2798048840813834,-0.2759793836481657,0.1319563731569353,-0.023064099685437434,0.3094320445667745,2.935462799895959,24499.65419067516,203084,False,1.787,1.903,5360668.0
Kel'el Ware,-1.0403426967500684,-0.6427306579720923,-0.783155422143529,-0.923887203666889,-0.42484268155035904,0.7059992272451557,0.3403145446271167,-0.4320687422630945,-0.6914012245075511,0.3855433833655528,-0.842313421075849,4.588310047848723,10027.961587803009,1642276,False,1.636,1.7419999999999998,4908377.0
Daniel Theis,-1.0421533355076398,-1.0233754025904194,0.094011901156068,-1.2276282713043927,0.3666193296576851,-0.1623664609437118,0.13327081316493464,-0.06065254760153069,0.021393635592664058,-0.11278983407328846,0.1649939567051067,6.104836141341031,5664.540509144987,,True,,,
Cooper Flagg,-1.051142923464347,-1.0187501420905207,-0.024491012366367804,-1.1135185961586873,0.40317950634578964,-0.30841105227762317,-0.15986490169626408,-0.23812280409625983,0.3734966934261561,-0.007901769007458537,0.23014234339806275,4.989230091654805,8480.994362025962,1642843,False,3.149,3.688,9445562.0
Zach Collins,-1.0561161778909778,-1.4430955371509084,0.3588971094113852,-1.0319458047776824,-0.4096507154921501,-0.0014990168810760443,0.23436534032789183,-0.503179977770608,0.6277117468541014,0.02808224984854535,-0.28661796328973277,5.097134492755349,8125.716747517046,1628380,False,0.032,0.265,97039.0
Reggie Bullock,-1.0591690358447412,-0.9376270699440263,-0.023049523365637647,-0.4913437436461654,0.43016869989638556,-0.8764520261942466,0.034566635726763675,-0.2285296582610761,0.17091349916867477,-0.09849244253507727,-0.5038994853902623,5.54939486962342,6855.291259601985,203493,False,,,
Tony Bradley,-1.0598507176837293,-1.4198042866153586,0.20384297936504592,-1.7186931535241698,-0.18126063403449233,0.4801495009433036,-0.36908426734680283,-0.08836984571071702,0.6612970924225657,0.15611058956658352,0.87181611362066,8.12419234805939,3198.5431233346035,,True,,,
Royce O'Neale,-1.0634201559114485,-0.7949480502614464,0.030871508214299237,0.361356709696346,0.08316022193545755,-1.23946498189325,0.4094639835518107,-0.24672505634026182,-0.13186741899724963,-0.2993436138643013,-1.534897235295304,3.019726095853525,23151.501375136562,1626220,False,-0.188,-0.197,-563348.0
Isaiah Jackson,-1.0667143737765579,-0.42006712382811107,-0.5706817364591447,-0.5735449517340467,-0.38352981827828814,0.5370076461842238,-0.22595574353675177,0.2136388796869768,-0.5583648726093697,-0.07596551348930214,-0.19124816501645725,5.591569950172919,6752.204130134429,,True,,,
Kyle Anderson,-1.074552549968279,-2.376319305173554,1.088646414793478,-1.7230535734549872,0.14292719133169968,-0.7961929230502666,0.4647771421739481,0.7964389974472739,-0.1725697248277441,0.21312034041179695,-0.02939645909903707,3.7966557971999175,14645.73820424932,203937,False,0.022,0.041790697674418606,65684.0
Ricky Rubio,-1.0758547073683742,-1.842486610730952,0.4414624291985805,-1.7008181895695167,0.13844547520018663,-0.28011389636162204,-0.1657160010793791,0.39552672304989683,0.2116517072280627,0.32516947416399744,0.4655100091165241,8.862334894731658,2687.9302139451256,,True,,,
Larry Nance Jr.,-1.0794602815040628,-1.9258649786701678,0.9397534362991189,-1.3299776450901573,-0.45768799642385133,-0.1381993371561592,-0.6211233807755265,0.8707707454938673,0.6901060715807781,-0.09334873913301389,0.9649894834946349,5.074719543641401,8197.635148945654,1626204,False,0.134,0.323,402328.0
Bryn Forbes,-1.1082520007134473,-0.5302115586506702,-0.7435086306326619,-0.3359815595954587,-0.03127691503424539,-0.16295308402096603,-0.5457034033834888,-0.0740564644355456,-0.12374876281362757,0.16546818856988477,-0.3920352263043846,9.209442459034367,2489.1656852774618,1627854,False,,,
Jaxson Hayes,-1.1265130716731533,-1.8671187900036392,0.4544878286277402,-1.310699527710859,-0.3055661699049117,-0.25085309238786846,0.3744785622316583,0.0828305051266047,-0.0028212387305228473,0.28611788970274565,-0.4764099958966983,4.210959921150051,11905.583004801345,1629637,False,0.961,1.194,2882060.0
Eric Gordon,-1.1451662593105765,-0.6381958110982042,-0.4747677108614726,0.5690672654126452,-0.6498915103440908,-0.5573715661667586,-0.006375464013135285,-0.2316584710271015,-0.23673377582123584,-0.03220273735089951,-1.6756553233591867,4.551729734091538,10189.659490914988,201569,False,-0.001,-0.01,-2296.0
Nah'Shon Hyland,-1.164171960188793,-0.5591109457526514,-0.5036819997070884,-0.06428001485828688,0.14710745136536144,-0.641938382259726,-0.8968434446723985,0.41514066509222963,-0.021979220126919493,-0.1013790147290532,-0.10166948592905445,4.918375061613553,8727.154168214483,,True,,,
Xavier Tillman,-1.1748914620523276,-2.5041518541967878,0.9523775755116639,-2.306152657522311,-0.25012142404752036,0.052122227373043305,-0.47093175322262143,0.9047732212534011,0.5185361074808843,0.3768828166327962,1.2253101320598083,5.904730368840494,6055.059475366316,1630214,False,0.044,0.12040000000000001,132340.0
Thomas Bryant,-1.193192472058122,-1.0965092815865103,-0.11083144291514524,-0.8710540822308359,0.10642736675503572,-0.3318825661107102,0.2613477090215385,-0.07267309381920234,-0.2995060581174814,0.01414825244353346,-0.5976343512923582,4.991385503330309,8473.647524764769,1628418,False,0.633,0.865,1899843.0
Saddiq Bey,-1.1937107552614545,0.3928176689127697,-1.3534594581928716,-0.40983860644820747,0.6580900544032265,0.14456622095775062,-0.9054665660307795,-0.3212914608315417,-0.12670143133055062,-0.23306896598135263,0.35466338319888485,3.4427687484273424,17811.385703893953,1630180,False,1.28,1.458,3839743.0
Peyton Watson,-1.2062738415953995,-0.5365036790194173,-0.5117053350351377,0.14450427219389522,-0.06283724056360951,-0.6181707106497031,0.7106499007192701,-0.09634288960835115,-1.1260123461460567,-0.1580648275408445,-1.9033631869677206,4.021163380708215,13056.219801130992,1631212,False,0.395,0.599,1184248.0
Tre Johnson,-1.2120408879750961,-0.6371037010085577,-0.6843320468294429,-0.9651393011331995,0.545297662027384,-0.21726206190274225,-0.03960554168276695,-0.2994587025420243,-0.3452678026046517,0.10939485986290443,-0.31669090502203423,6.320901213167276,5284.187888890214,1642848,False,0.06,0.084,180797.0
Santi Aldama,-1.224821716219972,-0.15556484153830893,-0.9358361455659548,-0.1316299961158598,0.1022311673682034,-0.12616601279065254,-0.5579251678121737,-0.18453415624786265,-0.1933768215059185,-0.13342072911570813,-0.4018458231762303,3.8860619055317405,13979.593733037562,1630583,False,0.312,0.596,937275.0
Khem Birch,-1.2434217375663437,-0.9184826446857537,-0.08296517695204819,-1.4596277463477112,0.14776399827264305,0.3933811033893144,-0.4153000022214965,0.07092106829846702,0.2614137569709813,-0.24197391592854167,0.8734799269314057,10.075875529852043,2079.4430123399725,203920,False,,,
Dennis Schroder,-1.2476219950848269,-0.7899775673165466,-0.5327480708544235,-0.18727099861343888,0.2894045183124507,-0.8921110870155583,0.3311690371915269,-0.2542385149564018,-0.6096785930895486,0.07510364308614315,-1.4666236767490581,3.0578956247329625,22577.05503906025,,True,,,
Justin Holiday,-1.2595245802759876,-1.4788849262557737,0.0577700910206419,-1.1148841984766327,0.37638353083870163,-0.7403842586178426,0.2801111586130265,0.05741599825732583,-0.27975706584971044,0.16159025495914436,-0.5863417953715255,6.0066632023010165,5851.2356409998,203200,False,,,
Jaylon Tyson,-1.2716144608416025,-0.5303675721830343,-0.9026033224091984,-0.5285887877475983,-0.3423956234746416,0.3406168390392056,-0.3197818904057465,-0.09056288818579138,-0.4922585438176605,0.16135643375063036,-0.5846002164388878,5.071209502539049,8208.986431842597,1642281,False,0.179,0.226,537118.0
Sidy Cissoko,-1.2735807593013173,-2.060735715014648,0.377204398460341,-1.217538868423329,-0.4340976137217409,-0.40909923286957806,0.022378340298592245,0.6582806606792606,-0.30345460251751183,0.4099505572529898,-0.4883707884295701,5.941017774299815,5981.272936494508,1631321,False,0.098,0.108,295466.0
Andrew Nembhard,-1.2772653940826932,-0.8043017552076157,-0.46720076975165226,-0.3582785172182147,0.33183181138799167,-0.7778550493773927,-0.4131904044261813,0.13030575219133,-0.18431611751680096,-0.005762869123425274,-0.500033603314872,3.262424411908751,19834.98097827298,1629614,False,1.032,1.485,3097157.0
Danilo Gallinari,-1.281154592513582,0.019926549773968127,-0.926429989366849,0.29294143375654164,0.3886571956888956,-0.6616720796714691,-0.2966635477904292,-0.37931437139287877,-0.250452070183541,-0.3746511529207013,-0.9027813255589933,7.45113243817,3802.4968637568263,,True,,,
Klay Thompson,-1.2852445630775764,-0.7242446856635305,-0.6394732972175767,-0.5567369449145918,0.08559654578089682,-0.2531042865298355,0.8527482726869137,-1.0702604902895334,-0.421961079614957,0.07847341980353084,-1.6597293106534292,3.2930025788217345,19468.515627908026,202691,False,-0.166,-0.197,-496510.0
Shaedon Sharpe,-1.2910976584801654,-0.23333196867409697,-0.9320329655674584,0.15061379902057087,-0.17705383966451554,-0.2068919280301523,-0.7672987055603573,-0.10029105140406396,-0.06444320860303716,-0.12573272423861015,-0.5486800277017689,3.757131656461471,14955.466019544816,,True,,,
Markelle Fultz,-1.30770267669814,-1.4676113476085741,0.07159323681216698,-1.1914554554452408,-0.07551283220061976,-0.20064305996271362,-0.3700026411126072,0.26875945367235393,0.17283642425242027,0.08831543409826703,0.16543998576144084,6.365940219016343,5209.399600238892,1628365,False,-0.002,-0.025,-4605.0
Tim Hardaway Jr.,-1.3192740172453656,0.24247003097364384,-1.512603147273285,0.195401266598985,0.6497751515482747,-0.6027063871736158,-0.6531439141361944,-0.3525594055090933,-0.5068998276279972,-0.04914090094572443,-0.8123904687624317,3.034594738791138,22925.293218067374,203501,False,0.568,0.583,1705391.0
Kyshawn George,-1.3200755874237733,-1.412040571030662,-0.07404186236501431,-0.9568548926655998,-0.5454416899033083,0.09025601153824606,0.834266816941487,-0.08639663867394679,-0.8219120406325545,0.16600684597190307,-1.3634943576715637,4.726139039724009,9451.475331555157,1642273,False,0.124,0.213,373401.0
Reggie Jackson,-1.326581567891238,-1.4467513414201405,0.0323689555034285,-1.1130898581411732,0.39589953858299226,-0.7295610218619596,0.7127585745275324,-0.3027610976359576,-0.37762852138814634,0.0878008180254739,-1.0140511023030712,4.706918017703571,9528.827842750146,202704,False,,,
Scotty Pippen Jr.,-1.3280022086316787,-1.5324311020406536,0.30711874924903676,-0.6442136760073242,0.021308440810822487,-0.909525866844152,-0.12158219875105962,0.7454423212906507,-0.31674137329055435,-0.10268985584006196,-0.4595164780332332,5.700728311521617,6496.142982124438,1630590,False,0.015,0.124,45543.0
Dru Smith,-1.3288724282728714,-2.676087077162089,0.5996004872224536,-2.9553824903101846,-0.1511352879678719,0.4304307011159676,-0.03784261142368149,0.9147056801596887,-0.2772625815135536,0.747614161666764,0.9167385117942306,6.359412558927812,5220.2052053275775,1630696,False,1.529,1.791,4587239.0
Eric Bledsoe,-1.3472745947368867,-1.0559449450705758,-0.2918828209737165,-0.6150980114971053,0.06034158779494257,-0.501188521368413,-0.17367713992140177,0.1380402298352964,-0.2562459108876111,0.0005531713074056199,-0.559052614625785,9.014829244617461,2597.754396534715,202339,False,,,
Kendrick Nunn,-1.3498959457661137,-0.8443245938591922,-0.5062487543468028,-0.40430038671262947,-0.028347210521708438,-0.41167699662485435,-0.3973339054601279,-0.009695682685524565,-0.0992191662011504,0.0006774024398812362,-0.5489390560332377,9.384761470924847,2397.002222304768,1629134,False,,,
Keita Bates-Diop,-1.356327989669908,-1.033367384380238,-0.2230090474594439,-0.9147733117726189,0.11036305638959326,-0.22895712899721227,-0.16768493101358808,-0.15156868819693672,0.09624457175108092,-0.09995155783022613,-0.17391818905347478,7.383782109927192,3872.245309012022,1628966,False,,,
Oscar Tshiebwe,-1.376271332089491,-0.5544339494627271,-0.7057715962956783,-1.442230833449881,0.24006652875624318,0.6477303552309108,-0.6244817953714291,-0.1337511269513472,0.05246132602709797,-0.11606578633108566,0.8065070830629048,9.199630728649728,2494.4327736022906,,True,,,
Hamidou Diallo,-1.3811725019822774,-1.9707219483493987,0.2962332731453298,-1.581703657162296,-0.20003245315945095,-0.18898583802765184,-0.21513427552312459,0.29992762121130834,0.21143992745714607,0.2933161732217915,0.12234925748135161,8.259790990541319,3094.387663923517,1628977,False,,,
Cory Joseph,-1.3948318578240282,-0.8267111385065057,-0.4368195080378086,-0.9815715583601652,0.34200421973040324,-0.18714379987674368,-0.6916709550686386,0.018449234363364687,0.23640221266746536,-0.13130121127971384,0.4097118668844896,5.888080288536631,6089.269734698257,202709,False,,,
Andre Drummond,-1.4135879882678113,-1.5979334711083673,0.007366847305136703,-2.749080165189584,-0.30313336489222786,1.4542800589734446,-0.7552340411598017,0.30592608375875435,0.4566748047061841,0.17697863553541926,1.9137475825461552,4.202287735560415,11955.043608529664,203083,False,1.431,1.863,4292878.0
Markieff Morris,-1.4220046278885523,-1.4522316044250703,-0.04382157648194035,-0.7893027360723315,-0.2050088339836253,-0.45792003436911355,-0.19093956454725922,-0.29590881451824336,0.44302680258356225,0.07404855301845825,-0.51581088028742,9.177699483770025,2506.369877504134,202693,False,,,
Bradley Beal,-1.4230722047920747,-0.2791063809862088,-0.8765095058519428,0.5585944816643429,-0.20565047384507323,-0.6320503888054785,-0.8214243556467075,-0.2528135071073874,0.19772835690215215,-0.2674563179539231,-0.892786012855787,4.1103897113457055,12495.297808646195,203078,False,0.003,0.039,8525.0
Pete Nance,-1.425545691272498,0.012557635675876755,-1.072541111515033,0.9457353125101715,-0.3379411670346597,-0.595236509799635,-0.7734769323924929,-0.28772629444778947,-0.011337884674750526,-0.3655622154333418,-1.2322418559568347,8.34582298541764,3030.9453895286188,,True,,,
Devin Carter,-1.4320923430350156,-0.9179215387910648,-0.68893838690605,-1.567190951985588,0.2939570046024738,0.3553124085920495,-0.643208571810773,0.1902666559789722,-0.2359964710742493,0.17476758266209913,0.6035395980992463,7.663173762603344,3594.9768130381512,1642269,False,0.14,0.301,418872.0
Chimezie Metu,-1.434198015345192,-1.361994212661549,0.049943308391329225,-0.2881859569519925,-0.25727115412103607,-0.8165371015885203,-0.02048791221707094,0.08128260520999182,-0.010851384601591657,-0.12214711107497234,-1.0033770351011562,7.517706353299851,3735.5173503039478,1629002,False,,,
Spencer Jones,-1.4357390409228281,-1.2292420489462175,0.008926220872747914,-0.8083830636742908,0.15771721529779364,-0.5785762005697205,-0.29349324618263695,-0.07940237769351145,0.3818218447488963,-0.2154232128493585,-0.11843951821654203,6.014532427223609,5836.237647684876,1642461,False,0.128,0.164,384319.0
James Johnson,-1.4512828799818847,-1.6272250377165833,-0.02900300274434539,-1.2075625274386184,-0.12587399822117906,-0.29378851205678597,-0.18179018595903787,0.0887418162544924,0.06404536696020008,0.204945160479044,-0.26687532706327255,10.109105184735958,2065.7966114815476,201949,False,,,
Anthony Black,-1.458815263663499,-1.8623976771327833,0.3653531323799284,-1.6072187804911355,0.10548436310297846,-0.36066325974462615,-0.1147013000094605,0.3945872228424038,0.08546720954698508,0.03822928108935586,0.22487553574774113,3.879417429758233,14027.479574519894,1641710,False,0.711,0.925,2132181.0
Jordan Miller,-1.464471123270159,0.2985541243172072,-1.5301457423154545,0.9658624158932037,-0.3520437126506884,-0.3152645789253081,-1.1773554762208223,0.08932036098726646,-0.44211062708189874,-0.2328795052719117,-1.0200985576706287,6.034001041237937,5798.321798893285,,True,,,
Luguentz Dort,-1.4748384401697003,-1.452558085608998,-0.1519826248510234,-1.4678786460762456,0.676862979943512,-0.6615424194762641,-0.3278708033586631,0.4104090772846996,-0.23452089877705992,0.129702270290321,0.19120873897488752,2.9115486993632005,24904.140138542512,1629652,False,-0.067,-0.081,-201719.0
Jamal Cain,-1.480935870527706,-0.8366707787525669,-0.9921178854937991,-1.1871456932074074,-0.32021958499089226,0.6706944994457327,-0.5417603400457529,-0.14178978447900698,-0.30856776096903915,0.34785279371865996,-0.09988263099320571,7.060281025002844,4235.1717590421185,1631288,False,-0.032,-0.067,-95968.0
Ja'Kobe Walter,-1.5114954527204332,-1.4650457428615402,0.24312733169336884,-0.8696413383713761,0.3087308848818501,-0.9041352893720143,-0.3671921528898691,0.7204589882670099,-0.11013950368377198,-0.2895770415522618,0.014915080093073768,4.863844453014058,8923.9025802016,1642266,False,-0.449,-0.512,-1347540.0
Moritz Wagner,-1.512506264701671,-0.9446415534612904,-0.5071519777208685,-0.5013319313785376,-0.08384209729935237,-0.35946752478340055,-0.8909076246586373,0.12815763995574392,0.25559800698202484,-0.0607127335195119,-0.05955397514498417,5.079479282746634,8182.277957592966,1629021,False,0.088,0.201,265007.0
Alex Len,-1.520885433192356,-1.8388844736736654,0.22057610207457015,-1.608720309528826,-0.10315447133665072,-0.12700969280818844,0.23304018445269542,-0.1509736475480481,0.13850956516992283,0.0974229384067391,-0.2426282465229644,8.07851808946895,3234.8360572018228,203458,False,,,
JaMychal Green,-1.5230248617056108,-0.8302675224060947,-0.49898838572678844,-0.4756332223645918,-0.13712198957206229,-0.21751231046944056,-0.4571336353739121,-0.0020642232438198103,-0.039790527109056506,-0.1937689535727276,-0.3964890503943792,8.449111161785035,2957.339670699783,203210,False,,,
Kevin Porter Jr.,-1.5269228825486718,-1.3267486384573721,-0.1984738642652018,-0.3697669105987751,-0.3597531280504504,-0.5972285998081465,0.011329036577590726,-0.05083036327811996,-0.15897253756467258,-0.001700379826097942,-1.1667846287013894,4.021821578579756,13051.698038986004,1629645,False,0.552,1.192,1656524.0
Quentin Grimes,-1.5398721474715658,-1.1670717277915754,-0.2257614632408596,-1.1313782162526687,0.4488067971887046,-0.4845003087276114,-0.04334871634382985,-0.22505013768219806,0.04263739078516831,-0.14703895643913079,-0.21810625843593656,3.3422936112841906,18898.371744843465,1629656,False,0.306,0.335,918047.0
Jaden Springer,-1.5411641280713675,-1.2643300132900326,-0.05528139837796825,-1.192086039398075,-0.007306243733546512,-0.06493773015841105,-0.6136941566619669,0.25095750937602096,0.3074552489079777,-0.2215527164033666,0.48616878439204114,10.247566634982872,2010.3481633010133,1630531,False,,,
Anfernee Simons,-1.542764721325033,-0.03471660844874917,-1.4999560494133166,-0.9329373862193169,0.9528829903268243,-0.054662212556256626,-0.5504318388305629,-0.18193376245370851,-0.7675904481290453,-0.008092063462967314,-0.05130343281218608,3.47180778900858,17514.641339195143,,True,,,
Richaun Holmes,-1.5470748880699634,-1.0604752253595875,-0.2353905736885219,-0.8191784334435348,-0.25982565309885136,0.0185288611827988,-0.2098918589074755,-0.1680188216959832,0.14252010691493677,-0.2512090890218539,-0.26679550669709895,6.6185531315792785,4819.328395489246,1626158,False,,,
Christian Wood,-1.5592808503152809,-0.5273132592111129,-0.7670833623831119,0.736868832820893,-0.29464438813235616,-0.9695377038996498,-0.04298063634995506,-0.43133041896304514,-0.2927723070701117,-0.264884228721056,-1.9882848180651629,5.916023706549832,6031.885104116405,,True,,,
Isaiah Livers,-1.5621519262539745,-0.8968755300185589,-0.768798286483686,-0.582152864774754,-0.12367638582627018,-0.19104627941753466,-0.49332287852665735,-0.0829714651932601,-0.19250394276376842,0.10352189024827041,-0.5901980732008334,7.477047829128693,3776.294454075951,1630587,False,-0.137,-0.313,-412078.0
Stanley Johnson,-1.572555850302884,-0.35384270085387515,-0.7978978237493477,0.04983945985598459,-0.05202438514647835,-0.3516577755633814,-0.8523988325168027,0.0964571961725284,-0.041956187405073356,-0.4208153256996612,-0.3491811519424047,9.819609099792547,2189.520697342481,1626169,False,,,
Caleb Martin,-1.575032245820346,-2.0987510875768804,0.5050202250252243,-1.2931972890260095,-0.07805696768086764,-0.7274968308700033,-0.16304679030773672,0.6194158832045618,0.048651132128399215,0.018698616731310125,-0.13748678321790997,3.837983686623426,14332.145862808778,,True,,,
JaVale McGee,-1.5904236184678708,-1.6938649526174894,0.21778759853063295,-1.2856474667257969,-0.5551627822392012,0.14694529634750875,0.06280466503012863,-0.1519073351873564,0.30689026868786073,-0.11434626438101447,-0.2532345523911882,8.91744010074361,2654.806988697189,201580,False,,,
Deandre Ayton,-1.6202684026402818,-1.927820722443742,0.2400322571568988,-1.0259977033989338,-0.5117270911227907,-0.39009592792201747,-0.05707380448636816,-0.09407616708906982,0.39118222873233677,0.0675200626465613,-0.6047169574015413,3.2231348999759755,20321.506100640672,1629028,False,1.43,1.629,4290934.0
Seth Curry,-1.6213677365934296,-0.8334949895124554,-0.6087360961125132,-0.6577931098467489,0.2802423098055948,-0.4559441894713013,-0.6951085430843148,-0.039591931871947636,0.12596437884374928,-0.1791366509684611,-0.08932943269390486,4.883589952726649,8852.00493884278,203552,False,0.009,0.07,25781.0
Bojan Bogdanovic,-1.6439598971186133,0.27723735596214616,-1.7220694298711317,0.5213407129604901,0.03369005658501348,-0.2777934135833574,-0.6639403823054231,-0.8620820195689797,-0.19604702799672885,-0.19912782320962785,-1.3022324045640523,5.017272723813574,8386.433581266458,,True,,,
Leaky Black,-1.646721699064909,-1.406337776813077,-0.3823322339882023,-1.3629062336707471,-0.12789611295726128,0.08446456981493151,-0.28500277615822034,-0.26831417561415877,0.17098471778417673,0.14194831173637024,-0.1407610009723118,9.81724670402663,2190.4514193213618,1641778,False,0.007,0.038,20967.0
Omer Yurtseven,-1.6554884652333703,-1.0838212884579426,-0.48289016680477753,-0.9457848515403662,-0.29013597307835637,0.15209953616078,-0.4568727664095886,-0.13982047876660303,0.11380307837141418,-0.08877700997065019,-0.16405383731276518,10.053438183866103,2088.854129967709,1630209,False,0.001,0.006,1949.0
Garrison Mathews,-1.6569336673535038,-1.3762148362722817,-0.31472268565077416,-0.5131880875599363,-0.23030381049270066,-0.6327229382196449,-0.583126704938308,0.4168184296919083,-0.14841441040437447,0.03400385456955202,-0.5946227294248116,5.2995941864914,7516.705532895385,1629726,False,-0.003,-0.017,-8454.0
AJ Lawson,-1.6593983007132675,-0.9617659071273289,-0.5383877799141821,-1.4987319079033297,0.6923940225906812,-0.15542802181468038,-0.6866606025364644,-0.03149433942083778,0.1797671620431201,-0.15924461367175669,0.6852388233982831,8.247674315825114,3103.544445330078,1630639,False,-0.003,-0.011000000000000001,-9923.0
Ochai Agbaji,-1.6649315133599647,-2.154297434859956,0.4792352797422982,-1.2185979265768796,-0.6071950476332305,-0.3285044606498461,1.2213919587808044,-0.5119533231183575,-0.2302033559201487,0.010130641757693182,-1.6778561873215827,4.17727846332521,12098.368013239497,1630534,False,-0.067,-0.08858064516129033,-201034.0
Jalen McDaniels,-1.6666943158490284,-1.4204911979736876,-0.5180925323485851,-1.5323819495270081,-0.0724791824604505,0.184369934013771,-0.02561105699545496,0.0680742912896224,-0.5605557666427525,0.27188941447324444,-0.3805907237998096,6.723619118032655,4669.894643190548,1629667,False,,,
Troy Brown Jr.,-1.668529885718022,-0.8787688688493838,-0.49402414002332484,-0.37133624878561255,0.04280944532449792,-0.5502420653882691,-0.21335279804986684,-0.4622589878250732,0.18158764585161513,-0.29573687684531347,-0.7881039620372293,6.352506596988142,5231.455498109923,1628972,False,,,
Taj Gibson,-1.675030213215742,-2.533829251481238,0.794555271041758,-2.6840860873557046,0.2638031226169447,-0.11354628674247821,0.6014180371092046,-0.2783257019051273,0.4714629358376807,0.06424376722373792,0.3433940698070199,7.5696792097939545,3684.3553081027603,201959,False,-0.008,-0.067,-24674.0
Guerschon Yabusele,-1.6882785230381079,-0.6871273358305375,-0.9839642803210494,-0.1663578132086214,-0.0370064114535959,-0.48376311116832027,-0.8771356400136903,0.5316090823097526,-0.6384377226171117,-0.017186906886520914,-0.6275981629292754,5.057590488646457,8253.287791054387,,True,,,
Gary Harris,-1.6895402503205532,-1.3921537759301172,-0.37355846192099984,-0.5743371136436586,-0.2984170027724018,-0.5193996595140569,-1.017720538346089,0.5099368642459126,0.13422521217917657,0.07617198753056398,-0.17365458586136953,4.5136492861828055,10362.320006401613,203914,False,-0.054,-0.09200000000000001,-162000.0
Isaiah Stewart,-1.705296220944889,-2.240044398555903,0.0201190353606423,-1.761002284508104,-0.20294383108590414,-0.2760982829618951,1.7676659318880945,-0.7568515416508276,-0.9906953548766245,0.5146291422503719,-2.2265890105752515,3.732287822729906,15155.273791534732,1630191,False,0.376,0.541,1127213.0
Jeff Dowtin,-1.7136829158573277,-1.0815263472476664,-0.7068433880680383,-1.381610938371688,0.44267382741964795,-0.14258923629562636,-0.42887569346110044,-0.04797701628979473,-0.22999067831714304,0.07468681945837696,0.022116896517083817,9.791849254935027,2201.830670252388,1630288,False,,,
Chris Duarte,-1.7137927328379554,-1.6565823847924377,-0.2325976351143436,-1.4959774410974322,-0.3071514499945894,0.14654650629958377,-0.2015887092240257,-0.06482176095640968,0.033812835066091805,0.17538728706882578,-0.19161386958532348,7.524836356353425,3728.3818883916306,1630537,False,,,
Jabari Walker,-1.7170326064249948,-1.1582979626229777,-0.5718674489548033,-1.330245702013482,-0.23735832491098208,0.4093060643014863,-0.8247087892099288,0.3445633590005058,-0.0917220187453803,0.013132805152786364,0.4247890796456296,5.012474298243919,8402.525317026602,1631133,False,0.242,0.31,725944.0
Shake Milton,-1.74739502664925,-1.08638239042076,-0.564364511627485,-0.6256730431838227,0.07895140822044305,-0.5396607554573802,-0.41826621198523645,-0.02197793925278337,-0.12412036038946522,-0.09664812460100514,-0.6068076468791858,5.4345428522310035,7148.067538941765,1629003,False,,,
Cole Anthony,-1.7520475555692956,-1.254796114310965,-0.41284478708545685,-1.4307860684316476,0.2477821223401362,-0.07179216821945354,-0.2933650723144284,-0.21792599424459896,0.09844627947357049,-0.08440665417287385,0.05651023934965416,4.122462967148514,12422.219490133042,1630175,False,0.088,0.205,262899.0
Marvin Bagley III,-1.756152672545848,-0.8590183105186273,-0.8233811524309518,-1.1205993107051233,-0.09907623887134485,0.3606572390578408,-0.2021913645598979,-0.5110319513182224,-0.11015783655283154,-0.07375320959626896,-0.35960878768455806,4.673049064876808,9667.499427705588,1628963,False,0.6619999999999999,0.9191525423728815,1984329.0
Carmelo Anthony,-1.7590034127756558,-0.32680019453260667,-0.9360234685402132,-0.25056778195338836,0.35065205330634397,-0.4268844658855623,-0.5753803696754909,-0.270534371615637,-0.09010872724908534,-0.49617974970283596,-0.43687551144394066,8.639574413766146,2828.3354395814645,,True,,,
Facundo Campazzo,-1.7849553312525814,-1.6174888285256586,0.13021175550755454,-1.3654457559090405,0.0843706969979553,-0.33641376961457337,-0.5813832145672657,0.3701301100334504,0.34146486004136983,-0.29767825823447747,0.4595518974582022,10.162548369113818,2044.1330219002602,,True,,,
Vasilije Micic,-1.7983548590010177,-1.74134459201434,-0.44386594394618234,-1.101569005483731,-0.22442874691914277,-0.4153468396114661,0.23929476445616604,-0.005954082120524569,-0.6772066262818238,0.3868556769595046,-1.3229362949329575,7.39304224951248,3862.492477052373,,True,,,
Jamison Battle,-1.8091980151140312,-1.0666131396559129,-0.6744365322153624,-0.31988656941714905,-0.13081196520260208,-0.6159146050361618,-0.38208360843337663,-0.2116607151784438,-0.08069220860354194,-0.06814834324275587,-1.0390794940207495,6.63490315259973,4795.632554349082,1642419,False,-0.208,-0.28,-625032.0
Tosan Evbuomwan,-1.8202994653684457,-1.957839596093073,-0.09923699542083861,-1.8352605755867801,-0.04542227637255475,-0.07715674413373824,-0.24796391063151915,0.0018995727141622731,0.14682734249651827,0.23677712614546587,0.026147894704387553,9.527503147228375,2325.7582812912206,1641787,False,0.0,0.0,50.0
Noah Penda,-1.841344106408318,-1.2053827446632475,-0.6827519795293197,-1.0626350497241643,-0.28956138856380154,0.14681369362471847,-0.38354955352916636,-0.150861536296337,-0.1483408897038163,0.0467906177842492,-0.44195012093923636,8.884324038855523,2674.634772472021,,True,,,
Micah Potter,-1.845954302624952,-0.9615837696884653,-0.5145435796192486,-0.39764499789940744,0.1037743374902827,-0.6677131092793405,0.10968095842133666,-0.3303705005362416,-0.2938540375043436,-0.36982695331723825,-1.1881633098296431,6.165499736300835,5553.6711318667785,1630695,False,-0.036,-0.064,-106885.0
JT Thor,-1.8491868029139753,-2.01716430671291,0.06605253033567002,-1.789662171812153,0.129751004597345,-0.3572531394981019,0.3071413969654899,-0.0729186401189177,-0.16817022651090222,0.10192497346326457,-0.46859100153057676,7.929130503259364,3357.857239407369,1630550,False,,,
Jase Richardson,-1.8690692193260405,-0.979822194703218,-0.7026665343136224,-0.5732739506038461,-0.09611163597980733,-0.3104366081195646,-0.6181002709728243,0.015926867495054557,-0.10049313083585268,-0.1865804903092001,-0.49111450744017004,10.000962663477106,2110.7239433486884,1642859,False,-0.186,-0.282,-558029.0
Jared Butler,-1.873386083304367,-1.4276270546013334,-0.7238921334912144,-1.080245643553822,-0.03561497379293865,-0.3117664372545731,-0.18745759106226847,0.10666959830272148,-0.6431041407316674,0.27813310478818076,-0.8838159534764577,7.133888992988817,4148.205542351141,1630215,False,,,
Haywood Highsmith,-1.8758040796501878,-1.9047910563546178,0.11128148401339327,-1.0848114636137842,-0.3300056630529056,-0.489973929687928,-0.057352682601228534,0.2645206394217608,-0.095886472807139,-0.08229450730896337,-0.6513454261262118,4.859239303499678,8940.874014966805,1629312,False,0.003,0.038,9853.0
Ricky Council IV,-1.8858111410064855,-0.8149933302739435,-1.0625662501795086,-1.021001390190691,0.3985634404528025,-0.192555380536055,-0.5343729792371696,-0.13742840963554726,-0.3907648613067918,-0.008251560553033332,-0.3221852110255915,7.598325799001835,3656.6430359687884,1641741,False,,,
Johnny Davis,-1.9223253674235825,-2.0297621163279502,-0.24766279633188423,-2.1461907921579924,0.3238349414617737,-0.2074062656317315,-0.24497945673619023,0.012598141006360534,-0.015281480602054524,0.35509954523625176,0.11374533623434821,9.667597647726156,2258.809246408805,1631098,False,,,
Keldon Johnson,-1.9235586756070782,-0.7049431977561939,-1.3260210877160974,-2.074675587687998,0.7378255491963713,0.6319068407354326,-0.46316443094411075,-0.16183781311388856,-0.7010188436580982,0.10740560986521297,0.506875733159817,3.0670444247390356,22442.575476766026,1629640,False,0.245,0.245,736274.0
Taurean Prince,-1.9287161624283171,-0.28396379035043207,-1.504839077850487,0.552497822709523,0.17158067714838154,-1.0080422902083366,-1.1130458085555053,0.12605732237673128,-0.5178505916717129,-0.13991329422739796,-1.2282548823549366,3.7645510927006343,14896.58892468407,1627752,False,-0.056,-0.178,-168885.0
Bol Bol,-1.9519798077074295,-1.6833171016278952,-0.1521702220450029,-1.0261588066185858,-0.49938555288017056,-0.15777274212913872,-0.19989432310799243,-0.18681532643958454,0.23453942750257406,-0.11649248403453139,-0.6094341939463198,7.237820928878394,4029.9248532688325,1629626,False,,,
Alexandre Sarr,-1.9609543083591374,-2.4568309749671315,0.34075997836712446,-1.8569055367146325,0.14021189526295344,-0.7401373335154523,0.8302263070476322,-0.25054109972207694,-0.23892522895843082,0.15511668824086966,-1.0893917669330067,4.777333411678218,9250.029690502724,,True,,,
Kevin Knox II,-1.976838548558546,-1.0847917062449148,-0.5636321376437531,-0.9336659193133936,0.2750782161113511,-0.4262040030428723,-0.932199187921533,0.05542148729268859,0.31314556298509133,-0.328414704669878,0.21744126334625868,8.448775312272785,2957.5030472418493,1628995,False,,,
Keaton Wallace,-1.9932714185389364,-1.9819670358426618,0.0958339930609575,-0.7866333378157879,-0.31090771933364963,-0.8844259786932241,0.27212890690746605,-0.15980162047749016,-0.01649329336901839,-0.10713837575723217,-1.3716286118733825,8.173550632817411,3160.096962024067,,True,,,
Duop Reath,-1.9982845123054136,-1.4700273235687922,-0.7647777326443166,-1.4617464685477017,-0.29916101494153524,0.2908801599204448,-0.6835986650637867,0.05522352460353419,-0.13640259218406406,0.23652054390769495,-0.0894599226016203,7.09283265235387,4196.364195830354,1641871,False,0.038,0.097,113630.0
Bruno Fernando,-2.0152412458513966,-1.9125810319601124,-0.16408617627180105,-1.4255214925624502,-0.5768852748259424,0.08982573542828,-0.2320688142756655,-0.1028650353961512,0.17084767340001566,0.061425962380516896,-0.419076901393798,9.562139428465205,2308.8892873569066,1628981,False,,,
Bennedict Mathurin,-2.0175090374445332,-1.324343126965492,-0.6327034095004906,-0.6865179391865883,-0.3572105095648768,-0.28061467821402686,-0.037774699642192044,0.07947900562676878,-0.6744077154850674,-0.06046250097855066,-1.2327538976372021,3.4603200900585906,17631.129958712263,1631097,False,0.023,0.03462962962962963,67506.0
Trayce Jackson-Davis,-2.040594307844563,-1.6870734777292649,-0.2625548764239768,-1.9166624690224683,-0.2311966368081259,0.46078562810132917,-0.04233110276931433,-0.16166406165698818,-0.05855971199767426,-0.09096595369132165,0.009365217638540813,5.775901943488959,6328.099669301966,1631218,False,0.23399999999999999,0.36823076923076925,700963.0
Dalano Banton,-2.04429809635512,-1.8686978832239898,-0.6962968771043698,-1.5701308909208274,-0.19358141591174888,-0.1049855763914135,-0.04102662990040006,-0.2560588688502269,-0.3992113783537429,0.52069666397324,-0.9538372395071321,6.043822508274666,5779.5200197260165,1630625,False,-0.002,-0.03133333333333333,-6865.0
Caleb Houstan,-2.0491968618474963,-1.6356971838150347,-0.41943091117614667,-0.9946905320686461,-0.056709126192360695,-0.5842975255540278,-0.13951854481545833,-0.018247851127900575,-0.2616645152327878,0.005931233143685155,-0.9209190181070769,6.73221323029846,4658.018119411716,1631216,False,-0.011,-0.05,-33035.0
Yuta Watanabe,-2.069162721826713,-1.102861472705721,-0.7714481896537551,-0.628356744490207,-0.06106235760087966,-0.41344237061463446,-0.4233795423720599,-0.034634152677740095,-0.31343449460395506,-0.19485305946723686,-0.8225733754972093,8.830134512156414,2707.561801056522,1629139,False,,,
Jeremiah Fears,-2.078549080258704,-0.7577618629091709,-1.369230296523881,-1.1982130795628745,0.17904806595494827,0.26140315069875525,-1.2046688672283152,-0.005143947797052508,-0.15941748149851315,0.0484430791743482,0.27588978735813785,5.235992951179803,7700.458987466784,1642847,False,-0.582,-0.582,-1746810.0
Jordan Poole,-2.0853291967727023,-1.5906616698482812,-0.3671986147689951,-0.6555957243311632,0.06058705099123992,-0.995652996508358,0.07359897416018385,0.009722618540828102,-0.4505202074700071,-0.127468912155426,-1.375863534446297,3.3187741895279324,19167.217443873917,1629673,False,-0.169,-0.356,-508088.0
GG Jackson,-2.0959364616095915,-0.2762923303925918,-1.9032674183092197,-0.13206132679052263,-0.1712452444637439,0.027014240861674716,-0.7987426247117146,-0.04602522915411112,-1.0584995644433939,0.08362328709222,-1.2487557971995742,5.219628129117951,7748.782429008389,1641713,False,0.25,0.372,749414.0
Austin Rivers,-2.1024322935900295,-0.7924929358616436,-1.062881641793187,0.08039760986149191,-0.2098246828232082,-0.6630658628999273,-0.8821816777062249,0.15680742454616559,-0.33750738863312774,-0.24705771593519898,-1.0535905098100977,7.774685522703461,3492.6509030096513,203085,False,,,
Nassir Little,-2.1529449260740336,-0.8085453208540003,-0.9043942794162279,-0.570996514403611,-0.03712299205488856,-0.20042581439550083,-0.6621774504678201,-0.3020853537240592,0.05986852477565142,-0.44000532580380547,-0.47976563539879713,8.122268740454178,3200.087104875599,1629642,False,,,
Will Barton,-2.183734122545532,-1.7652438424296673,-0.3626862691957394,-1.461668031440261,-0.05752695997057859,-0.24604885101882765,-0.5782358611168287,0.08582388183777515,0.12972571008331418,-0.05580401092012499,-0.0880262190683169,7.065947611582211,4228.358582668069,203115,False,,,
DeAndre Jordan,-2.184174293555164,-2.320029238976181,-0.0501799305250874,-1.880844523462485,-0.6784890465748772,0.2393043310611815,0.5868787482036325,-0.543964358481964,-0.0930943202467559,0.18603487594610435,-1.0762433942424154,6.37503892056857,5194.6077605786195,201599,False,0.008,0.057,24928.0
Branden Carlson,-2.1891407789632327,-0.2692143149766108,-0.952415036677132,-0.5133678808363368,0.5058147395019222,-0.26166117364219627,-0.9375291033238959,-0.4405196988274823,0.42563376547424636,-0.9675114273094898,0.22926763250649002,9.367695880990556,2405.7431183070785,1642382,False,0.176,0.344,529199.0
Josh Richardson,-2.1928826147028677,-1.4778078734064228,-0.6271244642867309,-0.7479497110799627,-0.20045847617877516,-0.5293996861476851,-0.4234238147424721,0.11022256251402464,-0.3139232120582834,-0.08795027700971403,-0.933558811870719,5.64704167970461,6620.2019323432505,1626196,False,,,
Will Richard,-2.2098779540827307,-1.1556667699276013,-0.8943512954516837,-0.9147261167544372,-0.36558156101654066,0.12464090784337646,-1.4025319965041163,0.5031736069488361,0.00500709410359651,-0.15985988870344592,0.26724004787926836,6.558021087565108,4908.743775477491,1642954,False,0.644,0.777,1932106.0
Caleb Love,-2.2151243256028397,-0.929576357350681,-0.9468326983120171,-0.46351055622629056,-0.03583250881091954,-0.4302332923134709,-0.7540235331377859,-0.07230292177410225,-0.12050624340012897,-0.33871526994014145,-0.6588749662986216,7.661979335406738,3596.1394998076676,1631126,False,-0.518,-0.867,-1555102.0
Scoot Henderson,-2.219163621432896,-0.9776435410189666,-1.3554865226232935,-0.809208618450266,-0.40840871600893575,0.23997379344023534,-0.49825606752774704,-0.002499096884247736,-0.8547313582112986,0.11396644220936425,-1.0256653776642468,4.423683992592242,10788.088718254581,1630703,False,-0.235,-0.643,-706063.0
Kelly Olynyk,-2.2240212248282867,-0.8793985219215643,-1.0838625308424183,0.3341865736403918,-0.6185324094053055,-0.5950526861566506,-0.5580708705093089,0.0228442474921131,-0.5486359078252225,-0.260760172064304,-1.7393767558950657,4.340726058862691,11204.510898958517,203482,False,0.035,0.069,104092.0
Marcus Morris Sr.,-2.245098782985026,-0.5844424909220369,-1.1951941848272993,-0.3359710270061423,0.38587990328832034,-0.634351367204215,-1.1357594221652232,-0.49865269628354675,0.4392179336214706,-0.4654621072356899,-0.3079062265779708,5.621690697349362,6680.03458500148,202694,False,,,
Vit Krejci,-2.26091009424891,-1.6595984609632657,-0.386686054270728,-1.4008501377237355,-0.22733080759730562,-0.03141751564222473,-0.5932412776161098,-0.03328643639813272,0.23984165974351446,-0.2146255790149163,-0.05219309989414861,4.618120193004908,9898.804747671427,,True,,,
Kelly Oubre Jr.,-2.2641711885396445,-0.684280211540777,-1.4552389267689807,-0.7864282396690618,0.6094556997411578,-0.5073076716128729,-1.07926032177221,0.7298417460326926,-1.1058203510294633,-0.12465205022988668,-0.2738305768684859,3.2091247437816115,20499.379068162416,1626162,False,0.309,0.507,926786.0
MarJon Beauchamp,-2.279595328944845,-1.7990272767643836,-0.4249330839051433,-0.9567066260834198,-0.38742539760640765,-0.4548952530745559,-0.08287515852945557,-0.004374950087082165,-0.3376829752886055,-0.05563496827531811,-1.1843785760566512,8.261261865117225,3093.3304371136433,1630699,False,-0.009,-0.052,-26809.0
Jalen Wilson,-2.313480104070779,-1.211652775455785,-0.995636825186423,-1.2735899373687525,-0.09989499829250618,0.16183216020547356,-1.613970035796883,0.31861582655319637,0.29971738405726345,-0.10619050342857062,0.6802703725234271,4.847322872796413,8984.805830140675,1630592,False,-0.249,-0.379,-748092.0
Tristan Thompson,-2.3172545553648844,-2.023671772309602,-0.2858628455330544,-2.375463084503767,-0.08589732207315622,0.43768863426732124,-0.06213555799235535,-0.36038396982294846,0.1366566822822494,-0.007719937522228104,0.12806402465346597,7.597279736990973,3657.9544735061245,202684,False,,,
Trey Jemison,-2.320276118957592,-2.0849784307563013,-0.46455361523584415,-1.2830955728694209,-0.7670596055520046,-0.03482325233487597,0.1066155309932173,-0.24667234231851265,-0.3244968039105488,0.22925592703455333,-1.3730520041159417,9.651515251624078,2266.338658281,1641998,False,-0.015,-0.095,-44983.0
Jalen Green,-2.322490579618881,-0.679490574789481,-1.5190869129922173,-0.41094513777834163,0.21037343858686391,-0.47891887559800334,-0.4964862470387887,-0.6262520574060373,-0.3963486085473913,-0.12391309183718269,-1.2911461029645679,3.2261079884522275,20284.24086010346,1630224,False,-0.182,-0.465,-544621.0
Pat Connaughton,-2.3283965056206455,-1.5486645501730623,-0.5262609155648388,-1.326808859601444,0.2004023897274626,-0.422258080299081,-0.6709107409283152,-0.13246392280936792,0.27711374817284423,-0.25347103988274444,-0.0772058652081421,4.438905628060695,10714.225726040666,1626192,False,-0.065,-0.128,-196476.0
Matas Buzelis,-2.357830898549855,-1.310585350257486,-0.7853987607407931,0.04764218842129203,-0.626117293589685,-0.7321102450890931,0.3478519976972996,-0.8235292372964732,-0.3097215211416195,-0.26184678755157575,-2.4914782971168705,4.174328857101284,12115.452072841035,1641824,False,0.531,0.573,1593998.0
Max Christie,-2.3583792404652972,-1.5461446424977716,-0.7489419571849142,-0.8041012718719329,0.04253858770628821,-0.784581958332127,0.13903953633176575,-0.4313736707874975,-0.45660782272918243,-0.06329264078261154,-1.6300248641425186,3.657895604785511,15778.073175475716,1631108,False,-1.625,-1.7300000000000002,-4874377.0
Daeqwon Plowden,-2.38773614940386,-0.7200238021432527,-1.2082742882692912,-0.812248554620842,-0.0038157622136659394,0.09604051469125532,-1.5616771517020016,0.02629501234715997,0.32710785108555046,-0.45943805899131585,0.4456276159102998,7.932108576815939,3355.333789513652,,True,,,
Orlando Robinson,-2.3907584612940314,-2.35820568996039,-0.3947757798738692,-2.580664907123965,-0.274222038486203,0.4966812556497779,-0.2759714589198948,0.013503486800707789,-0.1323078077546822,0.3622230085402278,0.10365489620960044,8.275583158615373,3082.587342126969,1631115,False,-0.001,-0.011,-1609.0
Elfrid Payton,-2.3935430131929274,-2.49069798067687,0.008285633594099853,-2.283657430814826,0.0758334477387027,-0.2828739976007468,0.09761343395572436,-0.10039453762758647,0.011066737265961968,0.08886933388984275,-0.2963683502236686,8.916365389180045,2655.4427292345013,,True,,,
Danny Wolf,-2.413410898065443,-2.9207595072580905,0.3483688996761607,-2.280562165962748,-0.5576209362987217,-0.08257640499662047,-0.023406668277706464,-0.2903986291146679,0.6621741970685351,0.15897970951648688,-0.2684217733414749,7.165132516446893,4112.15599988093,1642874,False,-0.29,-0.417,-870189.0
Nolan Traore,-2.4145973412650754,-0.4281401951008127,-1.6516921580005368,-0.09558826947219456,-0.05341071402137994,-0.2791412116072382,-1.564019728104323,-0.12975631526529852,0.04208388536908488,-0.3347649881637258,-0.4202243555248318,6.912510296940125,4418.295948824525,,True,,,
Jay Huff,-2.4208161217972552,-2.5562321516142337,0.11793265762591987,-1.2146972694135274,-0.46490391188527164,-0.8766309703154345,1.0353560358909568,-0.6928106068832386,-0.22461277138179836,0.017483372191058777,-2.258958260465743,5.010384583887587,8409.507663717293,1630643,False,-0.043,-0.044,-129525.0
Buddy Hield,-2.4545663758945584,-0.6103257674991583,-1.7199630255248688,-0.7033334376386937,0.18880023815039637,-0.09579256801086103,-0.9810643530452505,0.08065131114727891,-0.8195499836268971,-0.12427758287053114,-0.6458910023400829,3.345455455258819,18862.936409052163,1627741,False,-0.136,-0.2197450980392157,-409415.0
Jerami Grant,-2.475850739159094,-0.8576939080175123,-1.5740433842394017,-0.20398926330340034,-0.19590035209326123,-0.4578042926208508,-0.8542470506963704,-0.10222212523969168,-0.6175742083033396,-0.04411344690218,-1.3735009782571432,3.3646472969798045,18648.060666138816,203924,False,-0.442,-0.636,-1325934.0
Kessler Edwards,-2.4882854703053017,-0.7322937561190349,-1.3756209103390715,-0.6932667031185236,-0.07556516565177201,0.036538112651260585,-1.291903669240646,0.14486233378661378,-0.22857957488503916,-0.3803708038471951,-0.12274429409893681,7.881172343736454,3398.947659120401,1630556,False,,,
Tyus Jones,-2.514670446383717,-1.305614187746929,-1.089399569697374,-0.8300544800913832,0.9379452203660127,-1.4135049280215586,-0.4941756336717421,-0.045929420706933274,-0.5492945153186984,-0.11965668893941395,-1.0707836436811777,3.516944551444092,17068.02289783489,1626145,False,-0.29000000000000004,-0.3601060606060606,-870242.0
Bryce McGowens,-2.514676106825201,-0.9409122909947193,-1.3959909769539638,-0.994635210336831,0.375298555699839,-0.32157563635772723,-0.834701368516983,-0.060890524481046364,-0.5003990839559345,-0.17777283887651762,-0.507566689094869,6.059753888566133,5749.149935205562,1631121,False,-0.032,-0.062,-94610.0
Kenyon Martin Jr.,-2.5463737844971566,-1.0046091909285593,-1.483631303807298,-0.9124864695923198,-0.38858400004917404,0.29646127871293465,-1.0454038877757084,-0.10404202371794927,-0.33418539231364014,-0.05813328976129961,-0.5303501373678288,5.000485865582679,8442.860810160824,,True,,,
Corey Kispert,-2.553528226757879,-0.6780155823813862,-1.6042886942262773,-0.06861219647980227,0.05513589926699934,-0.6645392851685832,-0.39072554300854173,-0.9383792542810826,-0.27518389693665285,-0.27122395015021583,-1.8229665371193193,3.6550173927879714,15802.841541169246,1630557,False,-0.349,-0.5015263157894736,-1045278.0
Amir Coffey,-2.557356508421281,-2.038687049346943,-0.6031643124540533,-1.5433286542497897,-0.3924732276659506,-0.10288516743120271,0.16085890492695765,-0.3626997195468627,-0.4013234978341482,0.08449485337971518,-1.2593816124781643,4.374744071936298,11030.818479002366,1629599,False,-0.097,-0.17426086956521739,-293412.0
Terrence Ross,-2.559136673487962,-1.1461359644185567,-1.022335983744228,-0.8620755116358505,0.2508600802846791,-0.5349205330673853,-0.6530023284543738,-0.3509105732452273,-0.018423082044626997,-0.39066472532517693,-0.6533941080725605,7.439592782430023,3814.3391110003085,203082,False,,,
Precious Achiuwa,-2.575859612360929,-1.8924644532061141,-0.7247282936568192,-2.875540812045358,-0.1296723986796443,1.1127487575188881,-0.3553733677201188,-0.11777587975226937,-0.25157904618443105,0.04133313450200449,0.6137214329025434,3.699290051137235,15426.946849250911,1630173,False,0.695,0.791,2084864.0
Cam Whitmore,-2.582532003868166,-0.9971393315737895,-1.558338135814565,-1.0834154214244571,-0.18917296810833273,0.2754490579590003,-0.8769627167047338,0.0180066658032662,-0.6993820849130973,-0.027054536479811375,-0.5950993292591635,6.557017123594417,4910.259614189352,1641715,False,-0.027,-0.107,-82310.0
Julian Strawther,-2.597649722498285,-1.7366426392894347,-0.9920130421634131,-1.2106585281497857,-0.3252964091728637,-0.2006877019667854,-0.9988489572387499,-0.2887255799454178,0.29556149502075446,0.1310059589545629,-0.5191481960643124,5.187878922419972,7843.917899906288,1631124,False,-0.091,-0.132,-274253.0
Reed Sheppard,-2.613892353258155,-1.1554772177469799,-1.49701669137646,-0.6751028216441333,-0.1297557182473093,-0.3506186778555373,-0.503624598830002,-0.1565824161025083,-0.8368096764439498,0.0386015558652848,-1.4737664886493047,4.624343099070674,9872.897169661092,1642263,False,-1.708,-1.729,-5123030.0
Jett Howard,-2.616118661423356,-0.6897978339419037,-1.658143518384927,-0.783416477510652,0.2984876253669674,-0.20486898179821916,-1.3715137314542587,-0.3434363197184034,0.05680653278773525,-0.2681773090965254,-0.1930111433619199,6.981721003366593,4331.029216394202,1641724,False,-0.84,-1.276,-2520284.0
Terry Rozier,-2.620735989608323,-1.7562153099675135,-0.5619143366870898,-1.5297687609689363,0.6710437072653664,-0.8974902562639435,-0.8110582144919417,-0.03269505161798118,0.281838929422833,-0.3026063429537196,0.02269732880627473,3.9296801374012555,13670.935576590451,1626179,False,,,
Pat Spencer,-2.633444928954831,-1.0692949814372015,-1.3892718615576338,-0.606439396678446,-0.644235468703155,0.18137988394439952,-1.3100750253341924,0.4085696418076398,-0.4877664780310813,-0.1748780859599961,-0.5420524209821969,6.347174545577768,5240.246848153507,,True,,,
Taylor Hendricks,-2.642596973323543,-1.728707707388929,-0.6161556172333584,-1.1217494446568201,-0.37841659160272617,-0.22854167112938262,-0.768991228484267,0.5532512583198183,-0.40041564706890964,-0.2977336487012554,-0.45412265148120023,6.016993484704466,5831.193424136263,1641707,False,-0.11699999999999999,-0.1626271186440678,-351198.0
Jaylen Nowell,-2.6520291388107955,-1.293521958939507,-1.0906369136848095,-1.117732445199681,0.22939590750467925,-0.4051854212445053,-0.7799389971163555,0.08275822363796118,-0.3934561402064152,-0.2678702661864789,-0.48648743030828,7.593726261907991,3661.028178601225,1629669,False,,,
Ayo Dosunmu,-2.6602099306513147,-1.5692914075117403,-0.8972126448938758,-0.45368772088127984,-0.3172083408170243,-0.7983953458134362,-0.050037722755228345,-0.20770573420939603,-0.6394691879292514,-0.1937058782456984,-1.9627786087691081,3.300536055414647,19379.577498961124,1630245,False,-0.163,-0.19752941176470593,-491198.0
Nicolas Claxton,-2.7012135662819445,-2.83887840422236,0.1818671637081628,-1.770308788245306,-0.312449127796611,-0.756120488180443,0.5732248478012065,-0.2083366893993095,-0.18302099469373423,-0.04420232576774774,-1.4599273000700976,3.339791645638865,18926.807724627768,,True,,,
Ish Smith,-2.7349739051112114,-1.834210348822697,-0.5579242277493237,-1.3952768350102687,0.20667812032808636,-0.6456116341405147,-0.8712295341448885,0.056389304916551336,0.2569160014790134,-0.34283932853919064,-0.12562820741686365,7.804575316225275,3465.884157803421,202397,False,,,
Dalton Knecht,-2.7432222739547814,-1.089387133640697,-1.5926137534051232,-0.9788157561669146,0.1766941709313875,-0.2872655484051698,0.304827155885264,-0.42373754374920547,-1.4737033655411818,-0.06122138690896106,-2.0080122867641697,6.162354176094863,5559.309663742772,1642261,False,-0.343,-0.521,-1029276.0
Zeke Nnaji,-2.743516055357183,-3.095790417663664,-0.04747254619106234,-2.6721707454967474,-0.301304868461702,-0.12231480370521454,0.7268203035462047,-0.060495244861603445,-0.7137976048756637,0.3997469084975438,-1.1979125219041837,5.662700524617033,6584.110416738124,1630192,False,-0.22,-0.3469999999999999,-659439.0
Sharife Cooper,-2.759628541817993,-0.8385457063677733,-1.594694562981591,-0.7643670574120127,0.16962445969734546,-0.24380310865310603,-1.0033666199000926,-0.04675853723696327,-0.5445694058445352,-0.32638827246862867,-0.665506592037259,8.821620569259899,2712.793234407297,,True,,,
Terrence Shannon Jr.,-2.759992431141528,-0.32258767982240866,-1.6368201667486206,-0.49375681521652737,0.2460061809158458,-0.07483704552172712,-1.8377248623227804,0.031907213841804644,0.16899748173235513,-0.8005845845704984,0.37207383096827845,7.441823502664793,3812.0102140593112,1630545,False,-0.168,-0.321,-504811.0
Gradey Dick,-2.7600234935571417,-1.8093614318944669,-0.9288597316615017,-0.6531280076519937,-0.4284937586891355,-0.7277396655533378,-0.08945536808686298,0.375607901048686,-1.2150122646233248,-0.021802330001173154,-1.9956377878171119,4.599215427480227,9980.457019048776,1641711,False,-1.508,-1.627,-4522994.0
Brandon Boston Jr.,-2.768971223412953,-1.8906329038570457,-0.8686776693306899,-1.4463933511247424,0.26777508540559636,-0.7120146381378998,-0.39371949909922843,0.02677677124241513,-0.5017349414738766,-0.009660650225217449,-0.9191977229637649,7.337224614625333,3921.4707911267556,1630527,False,,,
Dalen Terry,-2.7716458708643184,-2.668893148396331,0.04184366342082703,-2.4683163520634794,0.0923438537745115,-0.2929206501073633,-0.2839065609488437,0.4025722659532675,-0.07682204158359678,-0.14459638588881463,0.1251734280368189,5.829123641043992,6213.068026713549,1631207,False,-0.06999999999999999,-0.12024999999999998,-211691.0
Collin Sexton,-2.8078798255854633,-0.762055545958344,-1.8560321036599228,-0.2935271321861269,-0.44311608157514193,-0.025412332197075185,-0.9872674305783645,-0.4446836000103066,-0.4240810730712516,-0.18979217596719655,-1.3372930868537753,3.5545052029060744,16709.18345444016,1629012,False,0.11299999999999999,0.1374776119402985,337825.0
Bruce Brown,-2.816026174835483,-1.2266488070601325,-1.3680670056019153,-0.9731436548086398,-0.21435271942642564,-0.039152432825067064,-1.068653568078461,-0.19770113103479134,-0.10171230648866295,-0.22131036217343514,-0.552918589774947,3.3301576823675845,19036.44425315549,1628971,False,-1.17,-1.17,-3510679.0
Kam Jones,-2.822094533547525,-0.9824842907495048,-1.1074485044293545,0.2658264033729652,-0.6641724083962728,-0.5841382857261972,-0.669501211107687,-0.11064382818486634,-0.32730346513680114,-0.7321617383686658,-1.6862579874441375,9.694804609921228,2246.2118994743078,1642880,False,-0.248,-0.565,-744455.0
Brandon Williams,-2.831522671884771,-1.1570932639577878,-1.4227870798958357,-0.747335128348658,0.34739185114488363,-0.7571499867540135,-1.3760538398734674,0.00824463776535459,-0.054977877787722965,-0.2516423280311475,-0.45649137563149816,5.310860868354091,7484.957450359559,1630314,False,-0.673,-0.836,-2018362.0
Mo Bamba,-2.859998353423036,-2.617842999065549,-0.15031433055492582,-2.8059914178629115,-0.13192428813317242,0.3200727069305349,0.2953295379122189,-0.7077895966996405,0.26214572823249577,-0.09184102380256132,-0.2574954496697823,6.33364728693827,5262.675120033606,1628964,False,0.0,0.004999999999999999,764.0
Walter Clayton Jr.,-2.886830062159855,-0.05087205615145679,-2.656210076419952,-0.22056638728386269,-0.17218560717076392,0.3418799383031698,-1.4360513769178764,-0.023739060542893646,-1.196419638959182,-0.1797479295884461,-1.0504643683696697,6.381083170882556,5184.7094290657615,1642383,False,-0.028,-0.033521739130434776,-84248.0
Lonnie Walker IV,-2.894080899453044,-1.7182450832269136,-0.9734761243497528,-1.3050702310401807,0.07973541500365999,-0.49291026719039294,-0.20166206776073847,-0.39761336249799006,-0.3742006940910243,-0.20235969187637748,-1.1849889087757473,5.425526314418696,7171.824713177299,1629022,False,,,
Garrett Temple,-2.943877016973885,-2.515798200364335,-0.3513463083311614,-1.545436159615514,-0.697458494721362,-0.27290354602745914,-0.6481493212003853,0.27961084830957256,0.017192164559651286,-0.07673250827838851,-0.6735590278795973,7.650000430696486,3607.4071501526505,202066,False,-0.02,-0.073,-58783.0
Rob Dillingham,-2.9444285102608667,-2.094964824920344,-0.9167088447013135,-1.6219384262410503,-0.14037364894592386,-0.3326527497333699,0.3813944560914778,0.12739500940626344,-1.4254983101990548,0.06724515936079101,-1.771129699472085,6.478762816609515,5029.605779967453,1642265,False,-0.605,-0.77571875,-1816676.0
Mark Williams,-2.9535095341057254,-2.693039827569213,-0.35178684616179656,-2.0097508917653113,-0.7091540150352732,0.025865079231371917,0.35999923785296983,0.037271883940628386,-0.7490579679553948,0.09131713962528387,-1.3950750198186677,4.6246298704161735,9870.94275687615,1631109,False,0.217,0.296,649563.0
Chuma Okeke,-2.984966833076696,-2.386774377882241,-0.49722894769377635,-2.354907484273746,0.08664984740863521,-0.11851674101713049,-0.1378246102555103,-0.22625521576969435,-0.13314912166857173,-0.1009635075006785,-0.39127123104676137,7.2180947248208405,4051.9823437929,1629643,False,,,
Jericho Sims,-2.989066964049192,-1.5465371355272168,-1.0408337258207616,-0.3998780690581055,-1.0417511363819811,-0.10490793008713024,-0.4089962805456042,-0.6900064337691397,0.05816898849398223,-0.40169610270121314,-1.778496511744269,4.933587792765885,8673.362808493204,1630579,False,0.313,0.389,939744.0
Tyrese Martin,-3.025211691356897,-2.1685281329079324,-0.8107432971938131,-2.050423719567452,0.03622832685903712,-0.15433274019951737,-1.4420422407453275,0.30997408530324055,0.3213248582482739,-0.045940261255151604,0.5131945302110342,5.995646814278298,5872.792149793744,1631213,False,-0.35100000000000003,-0.6245,-1051132.0
DaQuan Jeffries,-3.0348211559751537,-1.3494121437186275,-1.408375493485252,-1.1850505454282443,0.08445284359395383,-0.248814441884337,-0.7135920077696186,-0.5166136044740958,-0.17816988124153746,-0.27703351877127425,-0.8591450840060163,7.873365219572692,3405.6575012635158,1629610,False,-0.002,-0.067,-7342.0
Jeff Green,-3.0425629906049165,-1.4937549505466354,-1.3069712595740517,-0.9739148817323955,-0.031648960220423586,-0.4881911085938165,-0.4394435581218024,-0.5810453593753907,-0.28648234207685846,-0.2418367804842294,-1.3873677702664893,4.905973940081101,8771.276187824815,201145,False,-0.073,-0.20700000000000002,-220130.0
Cedi Osman,-3.047300136711523,-1.6333431588563516,-1.1170703180532693,-0.9502433187331896,0.04420144430959026,-0.7273012844327523,-1.0605186104625173,0.19284110609136892,-0.24939281368212105,-0.29688665980190176,-0.7396515477139142,5.837490922376064,6195.278612528485,,True,,,
Malachi Flynn,-3.0658004327362396,-2.174169853496952,-0.897666595749246,-2.4444022387433875,0.32877050458218865,-0.058538119335752925,-0.5257958307177792,-0.027815215773012856,-0.344055549258454,0.00603601650995822,-0.10163837978503112,7.8084252731593615,3462.4675082888607,1630201,False,,,
Evan Fournier,-3.066494995695708,-2.285522377827509,-0.5164490498529083,-2.0597511909277215,0.2596689726244666,-0.48544015952425396,-0.5970558496603301,0.15015684614701108,-0.06955004633958924,-0.26452356801529087,-0.1451643870923655,6.812578766350615,4548.730477240315,,True,,,
Andre Jackson Jr.,-3.105302968694113,-2.3908765024144953,-0.7110737294146608,-1.6003769877034713,-0.62052367098449,-0.16997584372653418,-1.2330018912995984,0.3019567175188088,0.2199714443661287,-0.003352736864956629,-0.2685713528260867,6.500148872761456,4996.50564487029,1641748,False,-0.178,-0.304,-534632.0
David Roddy,-3.115193307398799,-2.0600010160317312,-0.856710120124792,-1.301833202063012,-0.3803105448175295,-0.37785726915119,-0.7133084714242237,-0.11729983071321018,-0.026101817987358118,-0.19848217124227574,-0.9015694626692878,6.558324718060471,4908.264958296215,1631223,False,-0.003,-0.05600000000000001,-10264.0
Russell Westbrook,-3.1237528511833954,-1.2031026303176,-1.6543565905936497,-0.8301547982438757,-0.2608794498728747,-0.11206838220084962,-0.8731264457773587,-0.029047321315599103,-0.752182823500692,-0.2662936302721457,-1.1541779768900153,3.0602768817453105,22542.058470159343,201566,False,-0.759,-0.988,-2278061.0
Noah Clowney,-3.136567983097173,-1.790435512993085,-1.1704430784890343,-0.4090722128717487,-0.34169423373976554,-1.0396690663815706,0.051334971225560744,-0.23791185266329154,-0.9838661970513035,-0.17568939161505348,-2.6031413498359313,4.772137395109174,9270.15681689717,1641730,False,-0.085,-0.106,-256437.0
Anthony Gill,-3.1439404818082015,-1.4582312058693152,-1.2431379468524624,-0.7510127418170269,-0.2843263553048113,-0.4228921087474771,-1.4352499319365808,0.0640486962895929,0.1280632887945254,-0.44257132908642394,-0.5151064789681703,5.574260627970661,6794.231102572399,1630264,False,-0.063,-0.095,-188618.0
Ziaire Williams,-3.1559832320077827,-2.7588550489737598,-0.21531195479798157,-1.8344397630449847,-0.3857845941916532,-0.538630691737122,-0.9730093991219311,0.9272423342141637,-0.16954488989021418,-0.1818162282360416,-0.16671784160482558,4.2061849621672085,11932.723657476072,1630533,False,-0.268,-0.39300000000000007,-805307.0
Drew Eubanks,-3.1605288961617473,-2.428942136894456,-0.7968150348535361,-1.3918316177981929,-0.35667918389910175,-0.6804313351971615,-0.025336670232228246,-0.047964445101509406,-0.7235139195197985,0.06522827558624478,-1.808588883717571,4.762702841964343,9306.97901971277,1629234,False,-0.052,-0.102,-156046.0
Derik Queen,-3.170596304404345,-0.080890159759468,-2.4429801809641787,0.6420413361636523,-0.009706377999404853,-0.7132251179237155,-1.3481828513386551,-0.2895268682638607,-0.8052704613616627,-0.6467259636806983,-1.817728825548644,5.345041851172576,7389.42892756913,1642852,False,1.076,1.09,3229121.0
Aleksej Pokusevski,-3.187646676890533,-2.6594685703396723,-0.4287287093593894,-1.91831047667368,-0.3776855762555046,-0.3634725174104875,-0.16530354423289007,-0.2627334072705815,-0.0006917578559178517,-0.09944939719147117,-1.0045832587924912,8.05669809296874,3252.360021751887,,True,,,
Torrey Craig,-3.2034989310062008,-1.3553226357174664,-1.4332861035956093,-2.4531692946172616,0.537743802900188,0.5601028559996074,-1.66251318911966,-0.01277104320420786,0.2419981287282586,-0.41489019169312513,1.327073744423846,5.325743588150066,7443.436361989372,1628470,False,,,
Jaden Hardy,-3.2456419516204496,-1.444824613487945,-1.2624987484344528,-0.7411837282956799,-0.21637380167892534,-0.48726708351333975,-0.8646912277356598,-0.5154353126608501,0.11762779196205714,-0.538318589698052,-1.1014484058910579,4.99225435340206,8470.800040555165,1630702,False,-0.361,-0.5197894736842106,-1083662.0
Trendon Watford,-3.2755470429404934,-2.3609884213301155,-0.7516728434821361,-1.0209055325269647,-0.7887401024743503,-0.5513427863288004,-0.15409214971273266,-0.3926838851588156,-0.20489680861058787,-0.16288577812824157,-1.937663582572554,4.795090815971403,9181.61821720226,1630570,False,-0.263,-0.406,-787914.0
Zaccharie Risacher,-3.295166720688357,-2.1077545306315835,-0.9432581580446451,-1.9315064236187967,-0.455769840214805,0.2795217332020182,-1.6369314835433233,0.14665030445932553,0.5470230210393527,-0.24415403201212849,0.5174252184858914,4.506583680952671,10394.87870921008,,True,,,
Isaiah Roby,-3.3180602679754103,-2.2294031288429244,-0.49996857730874794,-1.3155747797228405,-0.5073515453579018,-0.406476803762182,-0.5532791115732658,-0.09606286058892405,0.14937339485344187,-0.5886885618237381,-0.8605178148555659,9.627316778134487,2277.730654377696,1629676,False,,,
Bilal Coulibaly,-3.4648532209982896,-2.163022736033144,-1.1929687353511453,-1.1644139279688048,-0.48692789543961085,-0.5116809126247284,-0.8074448080167438,0.21827594014195392,-0.6037998674763556,-0.1088617496140003,-1.3841327353987407,3.99410107264396,13233.496074878462,,True,,,
Jaden Ivey,-3.4729846018928416,-2.0548065421409873,-1.2642132145389784,-1.2102514317840052,-0.5448017253590547,-0.29975338499792736,-0.6915153684078548,-0.5350203114397253,-0.03767753469139821,-0.1539648452128759,-1.4172529564881056,4.351351320708759,11149.8188166759,1631093,False,-0.23900000000000002,-0.5438888888888889,-716392.0
Brice Sensabaugh,-3.493392140487769,-0.6005223074624476,-2.352445820319575,0.6126264056021333,-0.3137163328045812,-0.8994323802599997,-1.6572422750001476,-0.1420908935649928,-0.5531126517544346,-0.5404240127057465,-1.9083522583840082,4.312744650918712,11350.257119323735,1641729,False,-0.473,-0.524,-1417671.0
Cam Reddish,-3.528550311992052,-2.1238725039995296,-0.9841233329346346,-1.3013041195717274,0.019960621176926027,-0.8425290056047285,-1.1002675711470036,0.14048027217128106,-0.024336033958912002,-0.42055447505788734,-0.7064241462154335,6.160463427364118,5562.706911855512,1629629,False,,,
Damian Jones,-3.529863533534171,-2.5967495780264036,-0.5825984005493502,-1.6847352917099656,-0.5462410044927515,-0.3657732818236863,-0.39729828875673906,-0.13262406955609782,-0.05267604223651337,-0.35051555495841713,-1.097314398109049,9.62803634044742,2277.388655163057,1627745,False,,,
Killian Hayes,-3.576466111641315,-3.2138606204535485,-0.2685709554479554,-2.445817641736669,-0.34055568491899957,-0.4274872937978802,-0.3351009719926258,0.27046340709290734,-0.20393339054823692,-0.09403453573981091,-0.7015129621722094,5.134630529122252,8007.455658684596,,True,,,
Charles Bassey,-3.5843628246591637,-2.670317747859956,-0.7046029109405285,-2.611609629092962,-0.61295830276456,0.5542501839975656,-0.9691375030847156,-0.2817691517669098,0.5463037439110969,-0.20944216585867892,0.2058264733771928,9.01024406145312,2600.4199782412784,1629646,False,0.002,0.019692307692307693,9348.0
Blake Wesley,-3.5859881360073516,-2.546883892076857,-1.077421819006641,-1.0648906792605803,-0.5778748051213128,-0.9041184076949638,-0.3532175843887185,-0.13701187129899325,-0.5871923633189293,0.038317575076146415,-2.2061974474341994,6.177796377074089,5531.618959247431,1631104,False,-0.274,-0.724,-821525.0
Tristan Vukcevic,-3.5922937246871918,-2.140834513627192,-0.9666444349904016,-0.89945390314958,-0.43295887426225843,-0.8084217362153534,0.0738124161683175,-0.18876622683557592,-0.8516906243231432,-0.48481477606959844,-2.2818374616363313,7.171050593287123,4105.331363552146,,True,,,
Cam Thomas,-3.6363633268172393,0.1301123161373428,-3.499176909054407,-0.8739797576110979,0.4423739440792222,0.5617181296692185,-1.8530664967676906,-0.6288368692375039,-1.0172735430492126,-0.2672987339001751,-0.6420183385382758,4.496246774548341,10442.859375289867,1630560,False,-0.09,-0.1752857142857143,-269449.0
Tidjane Salaün,-3.6561507026294118,-3.4273305152994107,-0.37603156364723545,-2.458739764992892,-1.0283035781249754,0.05971282781845663,-0.15707086590978542,-0.29214589049128104,0.07318519275383104,0.14721137631723424,-1.1875514480439688,6.559208650276338,4906.937797740888,,True,,,
Ousmane Dieng,-3.6637677110169093,-2.776729387726075,-0.560571859533609,-2.245144128464027,-0.149864341729413,-0.3817209175326354,-1.20295967258058,-0.31798384050792694,0.960371653554898,-0.32646646375722543,0.11080255378492265,5.738478699203556,6410.903354809546,,True,,,
Johnny Juzang,-3.667113355277806,-2.0965949396746244,-1.3291209708856588,-1.6344934671706817,-0.29120406033021207,-0.17089741217373086,-0.6565891303189569,-0.5099031371500118,-0.16262870341669028,-0.24139744471752245,-1.134633313070645,6.8441655548304725,4506.853461272521,1630548,False,-0.022,-0.089,-65180.0
Patrick Williams,-3.706744604458118,-3.8803216834971983,0.22465848006745434,-2.9488055055503555,-0.48052058133733605,-0.4509955966095071,-0.26804973422920164,0.2943365955931362,0.1983716187035198,-0.051081401028373996,-0.43880796365018715,3.6495851596587285,15849.885789466989,1630172,False,-1.984,-2.292,-5953434.0
AJ Johnson,-3.7129820310328148,-2.4369260642604162,-1.0573241363911192,-2.233123467016341,0.09325631949209057,-0.2970589167361657,-0.35693814700689575,-0.3007954135994709,-0.3995905757847526,-0.2187318303812793,-0.9041885866282986,7.9954077565045845,3302.529770616229,,True,,,
Josh Christopher,-3.720253747738481,-1.6050893186054103,-1.4648628712140022,-0.9745757421846164,-0.36393656093596966,-0.2665770154848241,-1.1117743301167677,0.00010471812316956153,-0.3531932592204039,-0.6503015579190685,-0.9836021175180281,9.563549355062959,2308.235758467034,1630528,False,,,
R.J. Hampton,-3.7819387801111,-1.9589771737751231,-1.3018790063993697,-1.4172298898950038,-0.035034286323253325,-0.5067129975568659,-0.845087956897948,-0.19482014487852,-0.26197090462290173,-0.5210825999366073,-0.998538333381541,8.74105214289652,2763.0522088974744,,True,,,
Jahmai Mashack,-3.7820387299929585,-1.75920844888837,-1.4835821515621364,-1.2954541002101418,-0.2580289350575849,-0.20572541362064328,-1.081105582098255,0.2792902532569459,-0.6817668227208273,-0.539248129542452,-0.8662309181421096,9.024669272407769,2592.120082737162,1642942,False,-0.492,-1.3,-1474609.0
Justin Edwards,-3.8020570895744754,-0.6856636522706299,-2.5656894419347593,0.09379565217755631,-0.06795689571007146,-0.7115024087381147,-2.826340710167497,0.30029712611806275,-0.03964585788532497,-0.5507039953690862,-0.5188080362154484,5.533335764704081,6895.111453766094,1642348,False,-0.564,-0.734,-1691384.0
Theo Maledon,-3.8081989124785536,-2.4240094016343328,-0.9221570154543278,-1.616055711598702,-0.4245131592746785,-0.38344053076095236,-0.8972553957733135,-0.22200609896142073,0.19710447928040628,-0.4620324953898929,-0.8328553097166452,8.048726127216982,3258.8047684852218,,True,,,
Kyle Kuzma,-3.8168117046156476,-2.317168369844142,-1.2460105963615173,-0.924577024296384,0.032537470188648374,-1.4251288157364066,-0.7894233428301143,-0.3856342663534478,-0.07095298717795533,-0.25363273840998835,-1.8491785990791614,3.128398775925458,21570.905784337843,1628398,False,-1.782,-2.117,-5345391.0
Bez Mbeng,-3.8299130821594893,-1.951195956515194,-1.0056074052014747,-1.2450088755083644,-0.16158487285503387,-0.5446022081517956,-1.0005811841331236,0.13673158141624628,-0.14175780248459752,-0.8731097204428204,-0.7112133020751807,10.256805539362594,2006.7374474044532,1643016,False,-0.148,-0.812,-445499.0
Bismack Biyombo,-3.883506650410988,-2.6280315462353085,-0.9312263436560728,-1.5992294535035683,-0.509345506782586,-0.5194565859491541,-0.37697204749628144,-0.46208624284221794,-0.09216805331757352,-0.32424876051960627,-1.5830563888915317,6.076962564299007,5716.675426228337,,True,,,
Ace Bailey,-3.883954377007164,-1.665332513416504,-1.853277048127912,-1.943073673951962,0.5827543270750717,-0.30501316653961363,-1.1633379172509064,-0.06414537359112593,-0.6257937572858796,-0.3653448154627479,-0.4121979703415475,5.333575359792992,7421.22733752099,1642846,False,-0.851,-0.9700000000000001,-2553933.0
Keon Johnson,-3.8945336276644995,-2.3060414195400507,-1.2101310468708806,-1.5960545533326624,-0.26122244497238206,-0.44876442123500615,-1.2056462649608497,0.006219800124730618,-0.010704582034761649,-0.3783611612535682,-0.7144716481174193,5.965394760516108,5932.467739388478,1630553,False,,,
Olivier-Maxence Prosper,-3.9107537223361883,-1.9953941990780322,-1.5444257283446676,-0.8701416602598506,-0.3649167571810052,-0.7603357816371763,-1.1322396501353251,0.49641041532060937,-0.9085964935299519,-0.3709337949134883,-1.537438617027524,6.033642754880817,5799.095674067884,1641765,False,-0.46,-0.711,-1379216.0
Doug McDermott,-3.9919321027059578,-1.2997144450984914,-2.2323407476025863,-1.1315406456924464,0.056849286787560876,-0.225023086193606,-0.7389917146429517,-0.6280042526030712,-0.8653447803565634,-0.45987691000487985,-1.6615228323656797,5.169956262578371,7898.516415257731,203926,False,-0.231,-0.653,-692825.0
KJ Simpson,-4.012561295886952,-2.87317297467046,-0.9885576318494451,-2.183776514449615,-0.5932592254504371,-0.09613723477040803,-0.6670908256042078,0.027969440443881798,-0.34943624668911905,-0.15083068936704702,-1.0108632664660824,8.390018766513355,2999.0723769837277,1642354,False,-0.051000000000000004,-0.211,-154415.0
Gary Trent Jr.,-4.04163943011824,-0.7874210918781444,-3.0647359853951803,-0.6152765268504656,0.5528147575084474,-0.7249593225361262,-2.4146062751093273,0.27604864408732777,-0.9261783543731809,-0.189482352844915,-0.8222742753135318,3.3147976035877074,19213.150138365774,1629018,False,-1.432,-1.807,-4296850.0
Jonathan Mogbo,-4.047493468162096,-3.5443471757289604,-0.4403427408591891,-2.7997077741549257,-0.5311702786794003,-0.21346912289463438,-0.380282589117526,0.22219407829693383,-0.28225423003859695,-0.06280355157394624,-0.8046995533156978,7.103272758727515,4184.041946365403,1642367,False,-0.179,-0.377,-538491.0
Keyonte George,-4.147747775833774,-0.3168033369001893,-3.502964075728536,-0.05970361760345083,-0.4377382992318207,0.18063857993508226,-2.0784493702700355,-0.8951619538399411,-0.5293527516185593,-0.32798036320504886,-1.6816144247552387,3.728287560086299,15187.784559292973,1641718,False,-0.777,-1.18,-2332129.0
Tre Mann,-4.1499860040654974,-2.8948997115320374,-1.123124927665613,-2.307175131104952,-0.013549426662835352,-0.5741751537642495,-0.985744184920966,0.27658791578390085,-0.41396865852854786,-0.13196136486784749,-0.7251053231717319,5.4041890758657285,7228.5664592765925,1630544,False,-0.786,-1.216,-2358478.0
Malaki Branham,-4.226093843946274,-2.560377883104927,-1.334039847937434,-1.5656819394114143,-0.5422073621576892,-0.4524885815358235,-0.8489908989258411,-0.4055108852192253,-0.07953806379236747,-0.33167611290391363,-1.4797448927051053,5.577578793771518,6786.164241820686,1631103,False,-0.128,-0.404,-384224.0
Will Riley,-4.2385838825253295,-1.2860618175663032,-2.352071926188202,-0.5242267166078173,-0.43461053890361434,-0.32722456205487166,-2.0528378112640917,-0.1956903623905383,-0.10354375253357212,-0.6004501387708241,-1.0610692158825965,5.919904317757566,6023.979754968705,1642860,False,-1.792,-2.013,-5377238.0
Ben Saraf,-4.257423246511364,-2.9221739497728043,-1.0213633293633166,-1.7621453521218007,-1.0191316260879895,-0.14089697156301437,-1.3120331842382438,0.2331425879710802,0.057527266903846956,-0.31388596737524344,-0.8693587427760767,7.965053028463368,3327.6441090291955,,True,,,
Jordan Nwora,-4.366863677561951,-2.2336006835418933,-1.454950559868951,-1.530165313501619,-0.4088725962821506,-0.2945627737581238,-1.1910628815425046,-0.13379032286621273,-0.1300973554602337,-0.6783124341511066,-0.9673230483667209,7.275463222201783,3988.3354469692513,1629670,False,,,
Jeremy Sochan,-4.403728309332123,-2.6113611651796775,-1.4129674611375596,-1.562189530285964,-0.8792056897074824,-0.1699659451862309,-1.6879820588104246,0.17791575436738263,0.09709884330548255,-0.3793996830148858,-0.774157037220848,4.440578045177061,10706.1734348737,1631110,False,-0.143,-0.26636363636363636,-428392.0
Darius Bazley,-4.413055224756981,-3.371130870197067,-0.47708758315014416,-2.1880488342947078,-0.2523813127538564,-0.9307007231485027,-0.07984436982196279,-0.35559262056448593,-0.04165059276369542,-0.56483677140977,-1.5803252492305404,7.403340130673486,3851.7650239306604,,True,,,
Maxime Raynaud,-4.463693623345817,-1.5624927220028675,-2.1184389166522974,-0.6405186231422461,0.13827464267940856,-1.06024874154003,-1.1557888339516753,-0.9671616791947633,0.004511596494141311,-0.782761984690652,-1.8846241815612432,5.449094476720734,7109.932397306828,1642875,False,-1.405,-1.578,-4213883.0
Cody Williams,-4.693550191510835,-2.4791382959562562,-1.6973901779687526,-0.8829580676856459,-0.13768866918336076,-1.4584915590872496,-1.3469651174864403,-0.10553199891089042,-0.2448930615714218,-0.517021717585826,-1.9466052887529226,4.863191495185734,8926.284753984022,1642262,False,-1.541,-1.887,-4624419.0
Jordan Hawkins,-4.698569532326238,-2.2635665043116777,-2.3566722985861213,-2.42398166851269,0.3881273694366037,-0.22771220523559133,-0.14243830439059088,-0.6691318484306952,-1.545102145764835,-0.07833072942843966,-2.053818829994518,5.207832508674866,7784.0492172353315,1641722,False,-1.049,-1.6859999999999997,-3146017.0
Kobe Brown,-4.766601807598039,-1.5751993351899412,-2.3961342353979305,-0.6282553937500974,-0.8864617945425751,-0.0604821468972684,-1.6981051019787787,-0.4908787029166139,-0.20715043050253787,-0.7952682370101671,-1.6449730748589952,6.564953241203842,4898.348316127091,1641738,False,-0.491,-0.6597868852459017,-1472236.0
Jeremiah Robinson-Earl,-4.862114289057956,-2.297539543296132,-2.086646607007401,-2.506786848402311,-0.3047081661007315,0.5139554712069104,-1.4817312567161902,-0.6280003650202907,0.023085014729080013,-0.4779281387544234,-0.3956680451850317,5.571339289789875,6801.332406756697,1630526,False,-0.052000000000000005,-0.19359090909090912,-156149.0
Yves Missi,-4.874318763827751,-2.7595431479485235,-1.8839791742679055,-3.4106502184899687,-0.01634236224045487,0.6674494327819,-1.6710509001391285,-0.4296105831724496,0.21668230904367247,-0.2307964416113224,0.4381787964126681,4.720686510789439,9473.795045677483,1642274,False,-0.852,-1.058,-2554610.0
Nick Richards,-4.889069114328482,-2.5270516380864927,-2.239496386220652,-1.609578293382502,-1.156986988448127,0.23951364374413647,-0.8116092306298188,-1.0296875885144356,-0.3981995670763973,-0.12252109002133693,-2.3453605002948232,4.5003428370722345,10423.730781227285,1630208,False,-0.199,-0.34836170212765954,-598876.0
Isaiah Collier,-5.1465248968704085,-1.915451575595374,-2.7618330976776075,-0.6535070967007292,-0.15304178751352127,-1.1089026913811235,-1.9267444771933118,-0.21651595938139945,-0.6185726611028965,-0.4692402235974269,-2.097033099378941,4.534331559243534,10268.024895409879,1642268,False,-2.606,-3.6219999999999994,-7817583.0
Drake Powell,-5.413370095767424,-3.7845518972734657,-1.027271778588818,-1.5948423763206423,-0.5303394651721887,-1.6593700557806346,-0.4332222573395094,-0.12420559766531107,-0.46984392358399735,-0.6015464199051399,-2.7837590422021314,6.74876045891778,4635.175431602081,1642962,False,-3.322,-4.324,-9967128.0
James Wiseman,-5.441827027251675,-3.01258730753485,-1.6414831317766696,-1.8390369970017624,-0.5593187145719124,-0.6142315959611755,-0.8025598815030289,-0.4282700718735075,-0.4106531784001332,-0.7877565879401551,-2.0124735608067286,7.491507948982354,3761.623057630057,1630164,False,-0.002,-0.05,-7345.0
Jarace Walker,-5.517923564864059,-3.2875786077612568,-1.5774742097186105,-1.3750083393986183,-0.5817709700933466,-1.3307992982692918,-1.8131446858101696,-0.19729233841704835,0.4329628145086076,-0.6528707473841919,-1.676899792271079,4.36854303192605,11062.15536290441,1641716,False,-3.615,-3.9519999999999995,-10844006.0
Nick Smith Jr.,-5.610237365904465,-3.741666257097542,-1.4742299890768913,-2.635078133135567,-0.3783156583605856,-0.7282724656013889,-0.8307842175214152,-0.30593473470537247,-0.3375110368501034,-0.39434111973003194,-1.7500338955174506,5.903902160420069,6056.7128087874335,1641733,False,-0.342,-0.934,-1024853.0
Carlton Carrington,-6.1361884018920305,-3.0713932414112937,-2.707828378198356,-1.9624703212456907,-0.15676420349040082,-0.952158716675202,-1.39268322406355,-0.6254734091251944,-0.6896717450096114,-0.356966782282381,-2.4240680743004086,3.811991237838059,14528.126315415633,,True,,,
Rayan Rupert,-6.576304713540944,-4.443385202355419,-2.075127624449937,-3.8468436997353064,-0.6010789365940874,0.004537433973975241,-1.15835624958544,0.2778366168443296,-1.1946079917088264,-0.057791886735587994,-1.513312877484609,5.7904161909756215,6296.422801014047,,True,,,
