full_name,net,ORAPM,DRAPM,oTS,oTOV,oSC,dTS,dTOV,dSC,RESID,PVAL,ci95,weff,nba_player_id,id_ambiguous,war,war_rate82,dollar_value
Nikola Jokic,9.911578049204703,7.718262445468834,2.1933156037358676,7.876776650823637,-0.574543784411598,0.4160295790567957,0.0896398853119047,-0.34907755606865626,2.4527532744926193,0.0,1.9451615130691606,3.229730682343077,24291.631875547137,,True,,,
Victor Wembanyama,8.930168067842528,2.0896030288466934,6.840565038995835,2.077152426235439,-0.5608513403487381,0.5733019429599927,6.188793249974015,-0.39064791231540497,1.0424197013372247,0.0,0.6642223916330744,4.043651479163786,15496.853878591788,,True,,,
Shai Gilgeous-Alexander,8.436713826345002,7.241744996758186,1.1949688295868164,5.6681347777156885,2.3184151264379165,-0.7448049073954193,1.117205731178138,0.8295904030848276,-0.7518273046761491,0.0,1.6513733174511755,3.1942432957184494,24834.271216047076,1628983,False,11.981,14.663,35943073.0
Kawhi Leonard,7.514735538459751,5.796444465713862,1.7182910727458887,3.8697201950716824,1.8794307492001376,0.047293521442041964,0.8597628427432376,0.6488205826079794,0.20970764739467168,0.0,2.7852525006448308,4.116379021819479,14953.981480309521,202695,False,9.85,12.426,29548752.0
Giannis Antetokounmpo,6.532773443429644,4.2852611215026,2.2475123219270436,3.598589030684492,0.618962068260184,0.06771002255792408,1.6735677361474794,-0.893995176129342,1.4679397619089063,0.0,1.2606166765976723,3.9956526918099327,15871.35082951808,,True,,,
Chet Holmgren,5.207362177600683,1.2397658337439152,3.9675963438567683,1.4921588130898231,-0.3187465686085329,0.06635358926262508,4.613098382086615,-0.8202803311377648,0.1747782929079182,0.0,-0.8978950175757543,3.954887063904802,16200.157045476903,1631096,False,7.609,9.176,22827211.0
Jarrett Allen,4.801524513198531,1.688280436085066,3.1132440771134657,1.7247535454650753,-0.7425660006619936,0.7060928912819844,2.4374478046810983,0.33071288506731067,0.3450833873650565,0.0,0.6393231630523579,3.632231987113153,19206.150030598445,1628386,False,4.485,6.687,13455522.0
Joel Embiid,4.7441933854727,2.592783059469779,2.151410326002921,4.4200255836375355,-0.24413428002933493,-1.5831082441384219,2.588622561361622,-0.8681071975087915,0.43089496215009016,0.0,-2.264454759526458,4.6037173517795855,11955.566791422738,203954,False,2.443,5.271,7327966.0
Bam Adebayo,4.407268460413225,0.6654909159658148,3.7417775444474106,0.4257536637893373,0.3055518578907235,-0.06581460571424602,1.77419062073637,0.31836934580395415,1.6492175779070866,0.0,2.207324175887518,3.385801873741215,22103.669994355776,1628389,False,8.884,9.979,26651203.0
Neemias Queta,4.3888077759331345,1.0122452357681917,3.3765625401649433,-0.23919667663024302,-0.19743103826330244,1.448872950661737,3.551924216758752,-0.15999746564461625,-0.015364210949192145,0.0,1.0760802358046264,5.2698631981716755,9124.081849984086,1629674,False,7.46,8.049,22379922.0
Luka Doncic,4.327099281867776,3.916421237462719,0.4106780444050564,3.834034885875881,1.3243227557465154,-1.2419364041596777,-0.1385441072181569,-0.34567904543278005,0.8949011970559934,0.0,0.631608503210051,3.5100990066034807,20565.956263439533,,True,,,
Steven Adams,4.321461235568343,1.561644402878295,2.759816832690048,-2.070733578117661,-0.6367660847109852,4.269144065706941,2.979701053342229,-0.8547031041935692,0.6348188835413882,0.0,3.412493760343775,6.247072497781141,6492.955300550779,203500,False,1.158,3.063,3473646.0
Anthony Davis,4.248681445011496,1.016169654222603,3.2325117907888923,0.8883591003714824,0.06504736019874412,0.06276319365237665,2.295757677474195,-0.21338927713566214,1.1501433904503595,0.0,1.0645646671658182,4.481944084262544,12614.103258077565,203076,False,0.628,2.575,1884093.0
Devin Booker,4.1272286141496,4.144166221467942,-0.016937607318341485,2.9466386620989446,0.7344425396870056,0.46308501968199145,0.4487304265297344,0.11010085937011993,-0.5757688932181958,0.0,0.7318595255209212,3.4657567424377533,21095.589672369133,1626164,False,6.861,8.79,20581774.0
Franz Wagner,4.1029232568819465,1.5043166096326779,2.5986066472492686,0.8764761266931222,0.6359142318641142,-0.008073748924558671,0.888449681931478,0.8715352530360387,0.8386217122817518,0.0,2.337997448257346,4.030086843746079,15601.2465980329,1630532,False,1.603,3.9829999999999997,4809079.0
Isaiah Hartenstein,3.9773793421526493,0.8358768216174255,3.141502520535224,-1.23390583165588,-0.6995914661231549,2.7693741193964603,2.5885542802495802,-0.1939006994219552,0.746848939707599,0.0,2.6227308935589493,4.068255668325332,15309.901474605114,1628392,False,2.566,4.477,7697695.0
Ajay Mitchell,3.871030331218232,1.6769980830127493,2.194032248205483,2.073703174806992,1.1696500470042384,-1.5663551387984813,0.3359016172748259,1.3391921483005336,0.5189384826301234,0.0,1.461425539136414,5.759006506360475,7640.021700528598,1642349,False,3.882,5.684,11645148.0
Jimmy Butler,3.859524674937425,3.1695280308165303,0.6899966441208947,1.7777762221999585,0.9580884696760691,0.4336633389405028,-0.3854392291600185,0.9274155741129182,0.14802029916799503,0.0,2.467187681897485,4.090385857237665,15144.642492811488,202710,False,2.117,4.567,6349781.0
Ausar Thompson,3.8390835226948394,-0.26776250395452683,4.106846026649366,-1.137053470160051,-0.29265457896583247,1.1619455451713567,2.185557144241108,1.8511848639131967,0.07010401849506155,0.0,2.7905798486137825,4.328769483463477,13522.618305895774,,True,,,
Donovan Mitchell,3.727383961057555,3.5547837963543656,0.17260016470318928,1.5487765167500311,1.7486883759102125,0.257318903694122,-0.6072590415016867,0.7421445637403303,0.0377146424645457,0.0,2.785866485809211,3.337368596722136,22749.904657070052,1628378,False,7.415,8.812,22245333.0
Moussa Diabate,3.6833021133529313,2.2417256511130694,1.441576462239862,-2.1419127085452025,-0.14778826685776492,4.531426626516037,0.7881318390469538,0.49686878680651547,0.15657583638639272,0.0,5.03708298285118,5.285933693908723,9068.684819245678,1631217,False,6.282,7.154999999999999,18846351.0
Kyrie Irving,3.5342065463838357,3.583666509907339,-0.049459963523503236,1.6801805537015733,1.2510030863182369,0.6524828698875287,0.6772315173313266,0.10333842801430132,-0.8300299088691311,0.0,1.1767944753509356,4.916985565332738,10480.725368551142,202681,False,,,
Dereck Lively II,3.500273591665769,0.09998432450295147,3.400289267162817,-1.0335471858950913,-0.6044805783281887,1.7380120887262314,3.036035167063492,-0.003991164146232323,0.36824526424555715,0.0,1.4977856104973675,7.469737387783802,4541.265152932126,1641726,False,0.036,0.421,107780.0
Lauri Markkanen,3.479147290121584,2.3201187294337355,1.159028560687848,1.0683231705159686,0.19036708100084815,1.0614284779169185,0.9009642263648268,-0.4403390309356761,0.6984033652586974,0.0,1.509859893240788,4.3455124312853854,13418.569087104781,1628374,False,2.688,5.248,8063357.0
Zach Edey,3.4464298950852745,0.7205434453914275,2.725886449693847,-1.2075405316682346,-1.0240041941914078,2.9520881712510696,2.703095896458424,-0.8621782345319997,0.8849687877674225,0.0,1.9508745302950845,7.607594997384587,4378.206426651062,1641744,False,0.137,1.021,410823.0
Stephen Curry,3.2252255041464286,4.43751108618815,-1.212285582041721,4.351274750173158,0.10149781493695767,-0.01526147892196636,-1.5604873233457737,0.08002246064646523,0.2681792806575872,0.0,0.43443807731904377,3.821332295629035,17352.35596383677,201939,False,2.452,4.677,7357245.0
Jalen Brunson,3.1914550834143567,4.161452073631979,-0.9699969902176225,2.965065151583592,1.9774435204515493,-0.7810565984031623,-0.9709637340279464,-0.08705494762169792,0.08802169143202183,0.0,1.1973536658587107,3.1196626442326485,26035.917044182337,1628973,False,8.271,9.291,24812573.0
Karl-Anthony Towns,3.1650449121344115,1.9686111176105692,1.1964337945238424,1.5488538359189372,-0.4266666056173647,0.8464238873089966,1.051219067928207,-0.38380474792049546,0.5290194745161308,0.0,0.5649720082872673,3.3410450619653904,22699.83915141681,1626157,False,7.237,8.02,21711449.0
Alex Caruso,3.0892027030244207,-0.9974039383747892,4.08660664139921,-0.9602442560095891,0.17998128647723394,-0.2171409688424341,1.3419367900984758,2.640077892520896,0.10459195877983753,0.0,2.707510168935533,4.371892150427219,13257.186789719633,1627936,False,2.362,3.522,7087027.0
Dylan Harper,3.0028465060669554,1.326680680732081,1.6761658253348741,-0.0815189064224271,0.7787514150960403,0.6294481720584677,0.5685598119203621,0.015231064596074942,1.092374948818437,0.0,2.5158056005690197,5.70415528105297,7787.619796849967,1642844,False,4.569,5.43,13707825.0
Paul Reed,2.9328838978240825,0.28014948076022383,2.6527344170638587,-2.0411301675222955,-0.3341742297370316,2.655453878019551,1.403609698848791,1.0289526032180625,0.22017211499700529,0.0,3.570404366497587,5.720167795382609,7744.223671942866,1630194,False,2.367,3.033,7101195.0
Kevin Durant,2.8151297666870896,3.474231645194425,-0.6591018785073356,6.683074116239875,-0.7839161334899386,-2.4249263375555112,0.39178098106557147,-1.041943047023172,-0.008939812549734943,0.0,-4.259725330618357,3.4199326661517246,21664.742774315477,201142,False,8.792,9.363,26377268.0
Rudy Gobert,2.7617222623805313,-2.271483132489716,5.033205394870247,-2.468903127703225,-1.4223944698489752,1.6198144650624846,4.481703650799509,-0.14677993672574136,0.6982816807964793,0.0,0.7489217392842473,3.3197317496935406,22992.26912070975,,True,,,
Pascal Siakam,2.7582550038912057,1.951187864308097,0.8070671395831088,0.7769470437412169,1.5734908623356676,-0.3992500417687875,0.7182743852611042,-0.21975908574410238,0.30855184006610703,0.0,1.2630335748888848,3.34063041134362,22705.492036765594,1627783,False,5.109,6.757,15326177.0
Dyson Daniels,2.69682651572331,0.3523977990102847,2.3444287167130256,0.6557062780766245,0.25288725467622375,-0.5561957337425636,0.1859247693987537,1.7372357506683618,0.42126819664591,0.0,1.855195468247932,3.764301504532314,17882.163138897748,1630700,False,7.562,8.159,22685529.0
Scottie Barnes,2.6954924737246087,0.700255334609876,1.9952371391147328,0.08189548883648268,0.17793109229416537,0.44042875347922794,1.2120637607784914,0.7288917340786173,0.05428164425762401,0.0,1.4015332241096345,3.4500349226961506,21288.27235356944,1630567,False,8.37,8.579,25108979.0
Derrick White,2.5967774581079066,-0.16200065727767687,2.7587781153855833,-0.47963021754700474,1.1241559167130513,-0.8065263564437234,2.676731904361385,0.21775238180276185,-0.13570617077856378,0.0,0.399675771293526,3.2397976481391693,24140.798202067694,1628401,False,7.801,8.307,23402075.0
Day'Ron Sharpe,2.5898742276246858,0.3209394367125058,2.26893479091218,-1.7881244786037835,-1.523039450450527,3.6321033657668162,1.0362877372682286,0.5657030025271829,0.6669440511167685,0.0,3.341710968960241,5.767746227750232,7616.851264158247,1630549,False,2.777,3.673,8330517.0
Amen Thompson,2.5731634141228135,1.1508952459417294,1.4222681681810843,-0.7438562986388031,0.651827460280935,1.2429240842995974,0.7452075281916315,0.5171772545903851,0.1598833853990677,0.0,2.571812184569985,3.7523660907869103,17996.04325735964,,True,,,
Luke Kornet,2.570550542023052,-0.11377657143833875,2.6843271134613906,-1.8840931248220765,-0.04479307672920151,1.8151096301129392,3.2295864055856818,-0.6679213790749863,0.12266208695069535,0.0,1.2250572612594468,4.67571756572736,11590.379033377445,1628436,False,3.788,4.568,11364866.0
Kristaps Porzingis,2.5489511313682827,1.047561527502264,1.5013896038660186,0.894961821927869,0.5725669305048355,-0.4199672249304405,2.285769262701754,-1.0858018023852254,0.30142214354949015,0.0,-0.6317799532613402,4.814924502614074,10929.706515629536,,True,,,
De'Aaron Fox,2.5223535021664047,2.6891418205975586,-0.16678831843115371,1.7883428327713629,1.7138686626267474,-0.8130696748005516,0.03900579748361205,-0.29426019233527345,0.08846607642050767,0.0,0.69500487191143,3.3514906218368625,22558.635420485476,1628368,False,6.069,6.912,18206364.0
Jayson Tatum,2.5157971271113047,1.842326709513252,0.6734704175980528,1.4487688808903718,0.7381266885479215,-0.34456885992504127,0.3885689169496871,-0.3905936515927315,0.6754951522410972,0.0,0.678459329271246,3.6889542994115474,18620.050431175154,1628369,False,0.319,1.634,956703.0
Brandon Clarke,2.3589057694979316,0.3943762918358754,1.9645294776620563,-0.2534559682715508,0.16915073593928545,0.4786815241681408,1.9390066527170144,0.23603514590577573,-0.21051232096073413,0.0,0.6733550850524678,7.30277100708297,4751.299822253306,1629634,False,0.001,0.059,4348.0
Clint Capela,2.317840042377738,-1.3986789027524429,3.716518945130181,-4.2306283513170095,-0.07879353280871321,2.9107429813732795,3.6629248517980857,-0.4581264934799303,0.5117205868120257,0.0,2.8855435418966615,4.748684630699101,11236.770500043845,,True,,,
Tobias Harris,2.3134947777659063,0.7018134861388884,1.611681291627018,-0.24468520015722073,0.6412956535632048,0.3052030327329043,1.739523014228977,-0.5834751300870886,0.4556334074851295,0.0,0.81865696369415,3.4875757876715654,20832.45957380139,202699,False,3.995,5.283,11984065.0
Tyrese Haliburton,2.2738331000500906,3.09535865522004,-0.8215255551699493,2.5616295873493895,1.3044656117810058,-0.7707365439103555,-1.0745592510492679,0.4442761112002406,-0.191242415320922,0.0,0.7867627637499689,4.231273958837126,14152.898658864413,1630169,False,,,
Jakob Poeltl,2.2681721211620136,-0.06790406374482028,2.3360761849068337,0.14451492734679405,-1.1451185669943051,0.9326995759026908,1.2530786207425015,0.26706545378854335,0.8159321103757889,0.0,0.870578573072718,4.498702515357964,12520.29189587598,1627751,False,1.908,3.401,5724183.0
LaMelo Ball,2.2109501788388175,3.503310222684871,-1.2923600438460534,0.6485489015162014,0.8748607164526464,1.9799006047160232,-1.0710096014707786,-0.011077533148105806,-0.21027290922716896,0.0,2.633410878793395,4.336870073509627,13472.124323733407,,True,,,
Cade Cunningham,2.1639432954583064,1.1254976366599936,1.0384456587983126,1.7476604445939559,-0.014258337339879468,-0.6079044705940828,0.056173850745607656,0.36400542580117684,0.6182663822515281,0.0,0.36010900011874264,3.5874466708338897,19688.67535743457,1630595,False,4.898,6.375,14693327.0
Marcus Smart,2.1301491685836806,-0.12991870493272084,2.2600678735164017,0.5176331290034837,0.29982977590185056,-0.9473816098380551,0.15587403811425782,1.595998571414913,0.5081952639872307,0.0,1.4566420014659391,4.320266702174934,13575.826607415394,203935,False,3.902,5.16,11705461.0
Jrue Holiday,2.1250298636161915,0.011314085999377943,2.1137157776168136,0.08087028462176815,0.42794016326207884,-0.49749636188446905,1.2495127076680548,0.5993667124508425,0.2648363574979167,0.0,0.794646871326369,3.669801009555341,18814.923708568025,201950,False,2.907,4.497,8719618.0
Robert Williams III,2.1208938620643103,-0.89695974740548,3.0178536094697903,-1.898584331697287,-1.0560199113829594,2.0576444956747664,3.16522519629682,-0.42744718514666724,0.2800755983196374,0.0,0.8542529974647772,5.998078198911319,7043.0908853216515,1629057,False,2.132,2.963,6396079.0
Damian Lillard,2.054899680884624,3.0217625582769747,-0.9668628773923506,2.703809879768456,1.1153396210463107,-0.7973869425377924,-0.3851200368594411,-0.6385727351615175,0.056829894628608005,0.0,-0.2637901620243912,4.848102429454298,10780.648908184115,203081,False,,,
Jalen Smith,2.025074633502525,0.8512971368088589,1.173777496693666,-0.6424201382617392,-0.07242795674728833,1.5661452318178863,1.8534049200843163,-0.7454939457498782,0.06586652235922778,0.0,0.8140898516799476,5.286306454108579,9067.405016040506,1630188,False,2.03,3.1410000000000005,6089643.0
Donovan Clingan,1.9728282368755878,-0.5682400889159145,2.5410683257915023,-4.076576014973036,-0.44579107703880794,3.95412700309593,2.3007559120598176,-0.6515577350839247,0.8918701488156098,0.0,3.748648339788807,4.88238097101278,10629.787874475747,1642270,False,5.51,5.868,16529862.0
Luka Garza,1.8953566531765607,2.3896166348784527,-0.494259981701892,-0.6316095709241668,0.2535812367168431,2.7676449690857763,-1.0761332330694393,-0.01927267503940954,0.6011459264069567,0.0,3.6030994571701664,7.053860354032756,5092.541703316885,1630568,False,2.636,3.132,7906915.0
Ty Jerome,1.8911651043404338,2.9964123741153545,-1.1052472697749207,1.1646973134536636,1.4430496072449668,0.3886654534167242,-0.67832766417222,0.1777847895131635,-0.6047043951158642,0.0,1.4047954550589903,6.594185677284298,5827.2730853706125,1629660,False,0.168,0.918,503598.0
Austin Reaves,1.8812264207291491,1.724733998707317,0.15649242202183228,2.19271447586354,0.529086975922687,-0.9970674530789103,0.16276357863999436,-0.11472295640503584,0.10845179978687376,0.0,-0.47425163377438534,3.5994516010396453,19557.578757287327,1630559,False,3.016,4.85,9048802.0
Cedric Coward,1.7917626768391548,1.103457508421071,0.6883051684180838,2.2672374879520243,-0.5175727216016449,-0.6462072579293083,1.7378431821929874,-0.5436253280770755,-0.5059126856978281,0.0,-2.2133179933058567,6.7773451730499925,5516.561122397445,1642907,False,3.258,4.309,9774332.0
Jonas Valanciunas,1.7610101340800428,0.9450250643293501,0.8159850697506927,-0.623599807202618,-0.9743168056953717,2.54294167722734,1.1979578693467723,-1.6070036138009582,1.2250308142048787,0.0,1.1866520719358886,4.6175323186591175,11884.134697907692,,True,,,
Fred VanVleet,1.7490352038774768,-0.0441059159694166,1.7931411198468934,-0.9230604018873685,1.4912546471656332,-0.6123001612476813,-0.034039766591397735,0.882296911179179,0.9448839752591122,0.0,2.706135372356243,4.5712999708802835,12125.781190522488,1627832,False,,,
Hugo González,1.7140569648780637,0.19814715299463304,1.5159098118834307,-0.6609239355304638,-0.4500701289962,1.3091412175212969,1.8142610785988638,0.15983267942896232,-0.45818394614439545,0.0,0.5607198218096636,8.373764214862522,3613.7371528444028,,True,,,
Sandro Mamukelashvili,1.6584605242513883,1.122243366572397,0.5362171576789914,-0.33079514299603074,0.3715178856885418,1.081520623879886,0.24514095289272952,0.44637240331528294,-0.15529619852902107,0.0,1.7441147143546896,5.200911098943753,9367.617706363802,1630572,False,4.556,4.67,13669097.0
Jonathan Isaac,1.6528401934788,-1.5508938015008047,3.2037339949796046,-3.6193601213700974,-0.037787725901573636,2.1062540457708665,2.0375048561987343,1.327504113420705,-0.16127497463983492,0.0,3.234695458650163,6.696216023312986,5651.108448109962,1628371,False,0.85,1.367,2549710.0
Jaren Jackson Jr.,1.6371725014832106,-1.3423583801298338,2.9795308816130444,-1.1838849029155862,0.2330972507400854,-0.3915707279543329,3.260189797395819,-0.18725397436916724,-0.0934049414136076,0.0,-0.4391323929970224,3.9509009569184395,16232.865360172134,1628991,False,1.98,3.3811875,5938354.0
OG Anunoby,1.620363844706334,-0.835887299156806,2.45625114386314,-0.3369470631057955,-0.3854644078445387,-0.11347582820647187,1.0607716259592765,0.9056027802038006,0.4898767377000631,0.0,0.8965392818528531,3.3292293063390495,22861.250661053644,,True,,,
Aaron Gordon,1.5621321404115753,0.361197758892903,1.2009343815186724,-0.29121798486665584,0.5790206376806405,0.07339510607891836,1.1844548615798012,-0.5254189484923495,0.5418984684312207,0.0,0.66889526369843,4.019558622251348,15683.065620530568,203932,False,1.132,2.578,3395395.0
Herbert Jones,1.5221219552145517,-1.1890262951718533,2.711148250386405,0.14584700296352215,0.22367678245581782,-1.5585500805911934,1.150125542589327,1.2938792116722997,0.2671434961247779,0.0,0.2261494096617021,4.370353912145523,13266.539235196306,1630529,False,2.78,4.071,8339911.0
Collin Murray-Boyles,1.4898516502443573,-1.037403979307109,2.5272556295514663,-1.712449106332189,-0.1084211426197115,0.7834662696447914,1.319254459014309,0.4529022552603589,0.7550989152767985,0.0,1.8830462975622373,7.233912778981726,4842.181618246344,1642867,False,2.218,3.1899999999999995,6652715.0
Javonte Green,1.4803515740560191,-0.9719909986317374,2.4523425726877566,0.1132734608877426,-0.4371332170047528,-0.6481312425147272,0.5512915268443048,1.8300206853506051,0.07103036049284679,0.0,0.8157865863239719,5.068022527164278,9865.301316793466,1629750,False,3.611,3.6550000000000002,10832516.0
Cameron Johnson,1.4710734397290985,1.275897144872582,0.1951762948565166,0.639841917541742,0.6869776092536944,-0.05092238192285453,-0.016138986555511603,-0.15410624838878523,0.36542152980081344,0.0,0.8473705087428682,4.166185240345819,14598.577420314905,1629661,False,2.713,4.119,8138346.0
Payton Pritchard,1.4511035332252225,2.45276278633063,-1.0016592531054074,-0.2643660277256097,1.5965776444321766,1.1205511696240629,-0.6303459838116885,-0.1700300385226871,-0.20128323077103175,0.0,2.345815544762521,3.681212894684795,18698.458136276648,1630202,False,6.247,6.484,18741133.0
Daniel Gafford,1.3757813415302607,-0.6976444740592018,2.0734258155894625,-1.146448657718316,-0.96722271880657,1.4160269024656842,3.3020837283646456,-0.7189875116550714,-0.5096704011201115,0.0,-0.7798537291160687,4.57397504007514,12111.662302340028,1629655,False,1.943,2.897,5830237.0
Mitchell Robinson,1.3673413095675135,-0.17130533885549237,1.538646648423006,-3.741497848735756,-1.1360661678377388,4.706258677718003,0.646168115967376,0.4386257943403651,0.45385273811526483,0.0,4.462671042335893,5.030854279958678,10011.670045116953,,True,,,
Myles Turner,1.3245523560759567,-1.366616769355298,2.6911691254312546,0.5649842900499626,-0.5391546093647144,-1.3924464500405462,2.8575438807832843,-0.5071405024833422,0.3407657471313126,0.0,-2.09797581475729,3.685020526926994,18659.831587990426,1626167,False,4.074,4.706,12222939.0
Paul George,1.3090127776820721,-0.8513042613263572,2.1603170390084294,0.21886709818725025,0.4767433525552295,-1.546914712068837,1.0924655491573683,0.8591669464036166,0.20868454344744464,0.0,-0.0023198696625463255,4.240350014370615,14092.372386061319,202331,False,1.238,2.743,3712789.0
Kevon Looney,1.3020972513886413,-0.42393182229239645,1.7260290736810378,-3.526698008003568,0.09204178129079041,3.0107244044203814,1.5661797492064113,-0.729712108997956,0.8895614334725824,0.0,3.262615510185798,5.452067909996051,8524.543308859698,1626172,False,0.19,0.742,569780.0
Miles McBride,1.2769067540739611,0.7233007948919088,0.5536059591820524,-2.5049953412661976,1.568160665835607,1.6601354703224993,0.3977751488162786,0.30782878718470963,-0.15199797681893595,0.0,3.38412694652388,4.58395058147249,12058.897116803822,1630540,False,1.258,2.579,3774525.0
Dwight Powell,1.224061323911407,-0.2210306585076256,1.4450919824190327,-0.682775405126593,-0.3297450141624534,0.7914897607814209,0.9856656731976812,0.5043081392720473,-0.04488183005069577,0.0,0.921171055840319,5.662373929850338,7902.970643423781,203939,False,1.671,2.175,5013091.0
Alperen Sengun,1.2169147951964026,0.48111273279923966,0.735802062397163,-0.24649822796214427,0.07573770246595696,0.651873258295427,0.9033229314867304,0.08669194192770649,-0.2542128110172739,0.0,0.5600900916718164,3.570765039586684,19873.140399086493,,True,,,
Ivica Zubac,1.1090325817706281,-1.5942090587613613,2.7032416405319895,-0.53834559622758,-1.5967480051489646,0.540884542615183,3.1821230478527776,-1.2196004691338624,0.7407190618130746,0.0,-1.5347448698545691,3.929074391173161,16413.716309866948,,True,,,
Mouhamed Gueye,1.0986802937808444,-0.8715336826073987,1.9702139763882431,-2.34823168742719,0.40645613208309617,1.0702418727366951,0.40033251347199605,1.0694564440762597,0.5004250188399875,0.0,3.0465794677360387,6.758350618317404,5547.6739130581245,1631243,False,2.584,2.752,7753233.0
Kon Knueppel,1.0703497815496938,1.0837519944897203,-0.013402212940026345,1.41382792988883,0.19120059549600066,-0.5212765308951103,0.6203299702008764,-0.6687079825461472,0.03497579940524438,0.0,-0.9638081185400124,5.4248842078925135,8610.071243740458,1642851,False,5.715,5.858,17144782.0
DeMar DeRozan,1.0633119094230539,1.9544948678533167,-0.891182958430263,1.7669023902205214,1.3574308904527286,-1.1698384128199333,-0.8249751183094463,-0.19375196922603682,0.12754412910522006,0.0,0.12138463751197853,3.396679847187061,21962.340670171674,201942,False,5.089,5.491,15268364.0
Deni Avdija,1.044699956148732,1.5281600614968758,-0.48346010534814376,1.473342841354304,0.09081835305114119,-0.03600113290856938,0.06597996504154335,-0.29193927397079517,-0.25750079641889195,0.0,-0.4946228502471153,3.6624479145823146,18890.638032585808,,True,,,
Jalen Duren,1.0444548075772369,0.9570260601228221,0.08742874745441481,-0.0427578918615974,-0.5276274429810103,1.5274113949654298,-0.24990211604118184,-0.21632183919582176,0.5536527026914184,0.0,1.337114815480016,3.8367769854386062,17212.928905968656,1631105,False,3.813,4.532,11439719.0
Desmond Bane,1.0320972346220048,1.5337812898776515,-0.5016840552556469,0.9834398535943953,0.8004110992749668,-0.25006966299171085,-0.30501840157674776,-0.3021126458843736,0.10544699220547447,0.0,0.35367578260435684,3.4651990317739605,21102.42404456211,1630217,False,6.15,6.225,18448617.0
Goga Bitadze,1.0116177899341816,-0.6675315281339018,1.6791493180680834,-1.8828114150837225,-0.9542444550534916,2.1695243420033123,0.912643624515155,0.43004117495434246,0.33646451859858595,0.0,1.9817855805027491,5.432469810585062,8586.070507561337,,True,,,
Jordan Goodwin,1.0068999311724776,-0.3324488212449248,1.3393487524174024,-2.331895519101492,-0.04562215386111606,2.045068851717683,-1.0715284854103453,1.789611797832814,0.6212654399949337,0.0,4.410323935684315,5.326454789195673,8931.222697054702,1630692,False,3.064,3.589,9191557.0
Chris Boucher,0.996873395429682,0.9804713195972597,0.016402075832422258,-1.3733198277207663,0.6427829722502226,1.7110081750678034,0.2133398065348472,0.23884115776043496,-0.4357788884628599,0.0,2.156853416615601,6.993830978990475,5180.343461034854,,True,,,
Kevin Love,0.9905158464970397,-0.00901887449868033,0.99953472099572,-0.38250963519515646,0.05555979860362645,0.31793096209284966,-0.266175342918755,-0.11023180996543949,1.3759418738799145,0.0,1.6392008246109513,6.406016336557205,6174.635428310488,201567,False,0.629,1.394,1887540.0
Immanuel Quickley,0.9592066128742986,0.19036212840596667,0.768844484468332,-0.9187187425195626,1.433217347833487,-0.32413647690795777,1.032377870287357,0.0005210547820406752,-0.2640544406010657,0.0,0.8455474851065043,4.073566086700465,15269.960321760478,1630193,False,4.227,4.951,12679799.0
Evan Mobley,0.932933355646667,-1.820017925394274,2.752951281040941,-0.6945311258936401,-0.23092388100661262,-0.8945629184940214,2.2202225489074845,-0.3237524825257562,0.8564812146592129,0.0,-0.5927580673671773,3.459842312972565,21167.754428800643,1630596,False,3.559,4.56,10677434.0
Brandon Miller,0.8996977941771349,-0.09487892426070516,0.9945767184378401,-0.4336221958773989,-0.0502452263038185,0.38898849792051227,0.5317068108183121,-0.020679135715054565,0.4835490433345826,0.0,0.8016131792362218,4.639300154134877,11772.897512032458,1641706,False,3.369,4.317,10107790.0
Onyeka Okongwu,0.8794405777865975,-0.6540445016958225,1.53348507948242,-0.5047080230760977,-0.389704508825957,0.2403680302062322,0.42529266574774516,0.3412219000712666,0.7669705136634081,0.0,0.9588559351149499,3.7765821519716725,17765.995918789333,1630168,False,4.533,5.023,13598488.0
Anthony Edwards,0.8615517719333281,1.8991105883005577,-1.0375588163672296,2.9732362163066766,0.5106787714992256,-1.5848043995053447,-1.5245593338694463,-0.14419832696088777,0.6311988444631045,0.0,-0.5871251105039024,3.200335056688832,24739.82055900988,1630162,False,3.427,4.684,10281876.0
Jusuf Nurkic,0.8357087163116383,-2.6336328133830333,3.4693415296946717,-1.2585506901200263,-1.355663509256949,-0.019418614006058238,2.3120170514726164,-1.0254174515700556,2.182741929792111,0.0,-0.21775764504095196,4.812417984041134,10941.132045682636,,True,,,
Mikal Bridges,0.8029988962602339,0.24692450622852347,0.5560743900317104,0.39976693827508614,0.6280955835480918,-0.7809380155946544,0.9050138423735603,0.06860896199228994,-0.41754841433413975,0.0,-0.5017818843884123,3.0171225520855476,27835.732604319564,1628969,False,5.701,5.771,17102236.0
Tari Eason,0.8002460132867673,-0.2836733132466076,1.0839193265333749,-1.7190852687469154,-0.43694880576189166,1.8723607612621995,0.05849618591770822,0.3863225871488921,0.6391005534667745,0.0,2.4608350961159746,4.691421053949402,11512.816630644462,1631106,False,2.461,3.364,7383917.0
Cason Wallace,0.7827965200242013,-1.7977312217208552,2.5805277417450565,-2.232146185798736,0.7104937123838859,-0.276078748306005,0.5091531925997159,1.6443241629139256,0.427050386231415,0.0,2.5057895132232213,3.920492011231545,16485.677516043666,1641717,False,4.043,4.362,12128188.0
Nae'Qwan Tomlin,0.7270022093029334,-1.1377928039787029,1.8647950132816362,-1.869904851759837,-0.29185960192574734,1.0239716497068811,1.250951661071888,0.5096066255659605,0.10423672664378765,0.0,1.3459553999908818,8.257846436700545,3715.8134492746813,,True,,,
Dean Wade,0.7005728682805199,-0.7409240580028076,1.4414969262833275,-1.0033931426912908,0.0556653019782892,0.206803782710194,0.4269112369802899,0.35390778646380494,0.6606779028392327,0.0,1.2770547739915208,4.631848794302541,11810.851221503268,1629731,False,1.947,2.753,5842409.0
LeBron James,0.6700588575316937,0.4063042893971849,0.2637545681345088,1.2756937875676335,-0.24503583025873402,-0.6243536679117145,0.8112632017663273,-0.21269127618332853,-0.33481735744848995,0.0,-1.416898131802267,3.4656314123503305,21097.09557627221,,True,,,
Coby White,0.6418806711970046,1.9172193172325833,-1.2753386460355787,1.1477010724773222,1.0027217072717445,-0.23320346251648358,-0.20650116476489322,-0.5566160715128852,-0.5122214097578003,0.0,-0.2993192365154246,3.968694961161643,16087.625873181158,1629632,False,0.84,1.3785800000000001,2522133.0
Gary Payton II,0.6380857195268734,0.2546051562290776,0.3834805632977958,-0.06582602877033628,0.030890926317869216,0.28954025868154465,-0.6961232532715864,1.578513365392752,-0.4989095488233699,0.0,1.4000350015687961,5.402570487830257,8681.661601229858,,True,,,
Obi Toppin,0.6276772013475003,1.7125015405729442,-1.084824339225444,1.3419686741394699,0.16177782416796258,0.2087550422655119,-1.3468179556516244,-0.17590352949156918,0.43789714591774964,0.0,0.632526482859655,4.851261063788944,10766.588326656985,1630167,False,0.261,0.89,781707.0
VJ Edgecombe,0.5788696649970104,0.23108175398006403,0.34778791101694634,-1.583166121464098,0.3281227897219845,1.4861250857221775,0.3708560893153293,0.4544450893575199,-0.4775132676559029,0.0,1.791179697145779,4.9104562954137085,10508.571865376121,1642845,False,4.824,5.274,14470942.0
Kenrich Williams,0.578715866666675,-0.4449663168556002,1.0236821835222751,-1.352864131822236,-0.017459872392057516,0.9253576873586935,-0.023089678558078253,0.6213986102226133,0.4253732518577401,0.0,1.9546696770469896,5.25921282387326,9161.063831910655,1629026,False,1.157,1.7259999999999998,3472334.0
Jalen Williams,0.5768900183085037,-0.9068233548997049,1.4837133732082086,-0.45446160288673565,1.1012675733977624,-1.5536293254107316,0.27501714197066196,1.4709209875418023,-0.26222475630425557,0.0,0.7563344792245775,3.9444217370705665,16286.235830792084,1631114,False,0.716,1.834,2147315.0
Walker Kessler,0.5552370868086618,-1.5683057312232467,2.1235428180319085,-1.6326122473232882,-1.5095046111054684,1.57381112720551,3.692143746442026,-1.259727929781445,-0.3088729986286727,0.0,-1.504294412310076,5.728907023114908,7720.4720118862915,1631117,False,0.019,0.308,56376.0
Nickeil Alexander-Walker,0.5272771854551751,0.18779447580603703,0.33948270964913807,-0.020726873554114844,0.6238907469786529,-0.415369397618501,0.48043303501086676,0.3852474838213265,-0.5261978091830551,0.0,0.06757102399842319,3.5572692170414393,20024.143171094434,1629638,False,4.965,5.22,14895377.0
Kris Dunn,0.5173100503824503,-0.9334101065352715,1.4507201569177217,-0.31693074958456946,0.31278432727823324,-0.9292636842289352,-0.7412501577497557,2.104471845344039,0.08749846932343845,0.0,1.5754909577167755,4.238848622282466,14102.38709630652,1627739,False,4.427,4.427,13281129.0
Zion Williamson,0.4546814237199853,0.8382991132550468,-0.3836176895350615,-0.4940864840284265,0.6676770518212768,0.6647085454621965,0.34850486926763025,-0.22214266404170194,-0.5099798947609898,0.0,0.6002630384807816,4.543554604536312,12274.54162579397,1629627,False,2.696,3.565,8087073.0
Rasheer Fleming,0.44148687110844487,-0.18487469691412572,0.6263615680225706,-0.9893257525592103,-0.4587975109091036,1.2632485665541882,0.24289666868746373,-0.02637024624604075,0.4098351455811476,0.0,1.1879159549801914,10.35125158937499,2364.8613630256605,1642853,False,0.889,1.326,2667668.0
Nikola Vucevic,0.4286547024035786,-0.23646470370138284,0.6651194061049615,0.51535525446195,0.06795166389271982,-0.8197716220560526,0.49841515869804653,-1.2693391447340805,1.4360433921409954,0.0,-0.5851157107564178,3.6750543634244073,18761.191030753038,202696,False,1.75,2.2776349206349207,5250131.0
Jordan Walsh,0.42454276210044894,-0.5957314760465313,1.0202742381469803,-0.5647504286845957,-0.5937489010203029,0.5627678536583671,0.6201698561597285,0.41610879932835426,-0.016004417341102486,0.0,0.36912333462531605,6.97345727553589,5210.8153968086335,1641775,False,1.949,2.35,5845760.0
Dylan Cardwell,0.38392409239039793,-1.8336444759659685,2.2175685683563664,-3.6166461672671284,-0.9071543607402442,2.690156052041404,1.3890747896254367,0.16536312101218625,0.6631306577187437,0.0,2.61149547003209,8.981774828524024,3140.965158415851,1642928,False,0.91,1.736,2730313.0
Jose Alvarado,0.37310332473152363,-1.084371098139346,1.4574744228708696,-1.3337126217385284,0.5663519102041743,-0.3170103866049919,0.9839568409897708,0.8595922859766152,-0.38607470409551636,0.0,0.7228591054802811,4.733919579698948,11306.964782092848,1630631,False,1.166,1.385304347826087,3497246.0
Jock Landale,0.3489532019335616,0.14595209212893945,0.20300110980462213,-1.9258951043574184,-0.3573359538623887,2.4291831503487464,0.6598847810380996,-0.40892894138813796,-0.047954729845339474,0.0,1.6149635252528802,5.43203501088653,8587.422701394233,1629111,False,1.3370000000000002,1.6126470588235293,4011586.0
Jamal Murray,0.3223673459296017,2.58621036337959,-2.263843017449988,1.3395512215741958,1.7732716897356204,-0.5266125479302265,-0.34722838106858495,-0.9526481746131439,-0.9639664617682594,0.0,-0.6699554945760094,3.3804825247710317,22173.304635261335,1627750,False,4.519,4.941,13556582.0
Gui Santos,0.31251386641815904,-0.19615288812195342,0.5086667545401125,-0.8792525711967718,-0.44807644523027046,1.1311761283050887,0.4064970327910604,0.13344281407076836,-0.031273092321716385,0.0,0.7852694048238702,6.0369558998398745,6952.668126166134,1630611,False,2.135,2.575,6405523.0
Domantas Sabonis,0.3090103467412988,-0.6022255738669642,0.911235920608263,0.13638794033006896,-1.260411775092364,0.5217982608953309,-1.1527478055478901,-0.17784528128900157,2.241829007445155,0.0,1.32537021195912,4.144735824910695,14750.056598525709,1627734,False,0.248,1.071,744638.0
Julian Champagnie,0.30207394768146745,-0.247491712674637,0.5495656603561044,0.04710500882405522,0.33831343558018756,-0.6329101570788798,0.7606473809118244,-0.21164424075452934,0.000562520198809438,0.0,-0.5056784420544121,3.833782339222883,17239.85888953338,1630577,False,4.212,4.212,12636382.0
Jaden McDaniels,0.26500152049694425,-0.9834152477458071,1.2484167682427514,-0.9075472542429345,0.06449288878337261,-0.14036088228624524,1.449369803054684,-0.04599291794602784,-0.15496011686590466,0.0,-0.27682102831480515,3.3225898522378836,22952.724972054282,1630183,False,3.752,4.273,11254859.0
Brook Lopez,0.24174917927742,-2.832908065102872,3.074657244380292,-1.0042353807126545,-0.1707577723153228,-1.6579149120748948,3.9780092693432936,-1.0527948551023925,0.1494428301393913,0.0,-2.732024709353219,3.786886426192565,17669.4823163317,201572,False,2.731,2.986,8194407.0
Draymond Green,0.20293413418814454,-3.286773373266832,3.4897075074549764,-0.68247783583911,-1.210812465849901,-1.3934830715778208,2.6232298504736002,0.07184226900732921,0.7946353879740471,0.0,-1.7378178804463458,3.822195544237803,17344.50331138321,203110,False,2.766,3.335,8296932.0
Ja Morant,0.19636668873171204,0.6348968318257245,-0.4385301430940125,1.0384127634924811,0.3403189689998415,-0.743834900666598,-0.27466358742629593,0.08121889849092734,-0.2450854541586439,0.0,-0.567382487334473,5.274913109542137,9106.625902656842,1629630,False,0.247,1.014,742213.0
Tyrese Maxey,0.16767083601018595,1.3246355686339788,-1.1569647326237928,0.29727388072515226,1.7109743349185589,-0.683612647009732,-1.0392287591564329,0.1484610151522277,-0.2661969886195877,0.0,0.9096257144414668,3.370609181997763,22303.47699395496,1630178,False,4.061,4.757,12181855.0
Kevin Huerter,0.14915833556956437,0.021844873381963503,0.12731346218760087,0.687577533424995,0.2510283134264988,-0.9167609734695302,0.13446595759178004,-0.13412595499350072,0.12697345958932155,0.0,-0.6728851554472106,4.136130455531732,14811.527713284911,1628989,False,1.268,1.5288970588235293,3802711.0
Ryan Kalkbrenner,0.14649422422611735,-2.103320960554982,2.249815184781099,-1.1290538307165014,-1.4092586844630999,0.4349915546246197,3.10349465644366,-1.111023091647021,0.2573436199844603,0.0,-1.8279466015010408,7.106364170616459,5017.628205137455,1641750,False,2.205,2.658,6613696.0
Naz Reid,0.13448560332178094,-1.4809750181058297,1.6154606214276106,-1.6563521541811312,0.09202391626824777,0.0833532198070539,0.3448613480167848,0.367978404056003,0.9026208693548228,0.0,1.4459764094861276,3.6695065117753427,18817.952352297594,1629675,False,3.314,3.576,9941661.0
CJ McCollum,0.12467050274551572,1.1499189274631483,-1.0252484247176326,-0.02363301715623578,1.22246744088459,-0.04891549626520594,0.1699398676351045,-0.517805924919846,-0.677382367432891,0.0,-0.02163634773335299,3.621985986228004,19315.035305863224,,True,,,
Sam Merrill,0.11839077416967503,0.6194684958824703,-0.5010777217127953,-0.36341514225149907,0.9068833225445848,0.07600031558938458,-0.6234318095657594,-0.003684637425113532,0.12603872527807763,0.0,1.1052377259869335,4.7532443959975765,11215.395908879722,1630241,False,1.566,2.4690000000000003,4696799.0
Norman Powell,0.11717737174792553,-0.1523374728625264,0.26951484461045194,0.415854010033031,0.339150244348154,-0.9073417272437114,-0.039401680483928,0.348022148628264,-0.03910562353388409,0.0,-0.2592749578011775,3.9761699624059426,16027.197270428744,1626181,False,2.152,3.043,6457301.0
Collin Gillespie,0.11036256734256139,0.17129510992435143,-0.06093254258179004,-0.5018090113550967,0.6950487944768574,-0.02194467319740928,-1.5214767320213611,0.9367709323129063,0.5237732571266648,0.0,2.1336483107190194,5.181355883321674,9438.450904349469,1631221,False,3.863,3.96,11589291.0
Bogdan Bogdanovic,0.09580545518235228,-0.19613800546607174,0.291943460648424,-0.6143561202451067,0.6806764969348534,-0.2624583821558185,0.4125089642226204,-0.31301858757966144,0.19245308400546507,0.0,0.29765261120483855,4.888485590351097,10603.245154658009,,True,,,
De'Anthony Melton,0.07849407746791964,-0.27870997736167347,0.3572040548295931,-1.0595026240105159,-0.0403849746675828,0.8211776213164252,-0.9055473672477763,1.181001103713684,0.08175031836368533,0.0,2.0435440687262116,5.403164491971604,8679.447796983965,1629001,False,1.199,2.006,3596898.0
T.J. McConnell,0.07803965557322101,0.4414992712970316,-0.3634596157238106,1.8600083548364836,0.4954769577129068,-1.913986041252359,-1.3967476665719134,1.1534610219781989,-0.12017297113009603,0.0,-0.38522103269134944,4.697322255194331,11483.838409185188,204456,False,1.156,1.693,3468718.0
Jaylen Clark,0.0634637218262254,-0.15572952158585807,0.21919324341208346,-1.5788363792122295,0.950953537073679,0.47215332055269243,-0.20466374844964713,1.1509323858138694,-0.7270753939521387,0.0,1.8469638494881022,7.527881490363176,4471.397861910304,1641740,False,1.239,1.517,3718377.0
James Harden,0.04618715418131658,1.4430264666176198,-1.3968393124363032,2.8927106616237195,-0.042472594549288596,-1.4072116004568112,-1.1679215453102554,-0.20606901556788576,-0.022848751558162177,0.0,-1.6786019621321475,3.2068900279251187,24638.78363211904,201935,False,1.943,2.2764857142857147,5829096.0
Oso Ighodaro,0.024442327947829967,-0.7764939124980044,0.8009362404458343,-1.2982599119945415,0.2714527046604761,0.2503132948360609,0.4546163065165194,0.29414828673660975,0.05217164719270519,0.0,0.8680859334258519,5.379563694960909,8755.766644096759,1642345,False,3.082,3.082,9247266.0
Richaun Holmes,0.013072886097725278,-0.8400856115853287,0.853158497683054,-1.0056592772229056,-0.5496969521631023,0.7152706178006792,0.8664279601885894,-0.3481760924326572,0.3349066299271217,0.0,0.15230420313204146,9.465619574553521,2828.0823293506255,1626158,False,,,
Jalen Suggs,0.007070367279319534,-2.6025593153651685,2.609629682644488,-0.25178732250307445,-0.6224387919654354,-1.7283332008966588,0.08637049070829161,1.703341938911313,0.8199172530248834,0.0,0.17248719907410204,4.332523425816565,13499.123885555806,1630591,False,1.796,2.63,5388595.0
Dillon Brooks,-0.007089361958391827,-0.5387900078386217,0.5317006458802299,-0.8006180541549823,0.5692351099830392,-0.3074070636666786,0.30727161021159655,0.7617440511359934,-0.5373150154673599,0.0,0.48625708198499396,3.789507386220611,17645.008875135183,1628415,False,1.973,2.889,5919535.0
Julius Randle,-0.01342125461809407,0.8403107719590943,-0.8537320265771884,1.1642169159699123,-0.25494511329146075,-0.06896103071935722,-0.050490608758970545,-0.31606507565114184,-0.48717634216707595,0.0,-1.1271475618290356,3.3614469344786855,22425.131598844004,203944,False,4.191,4.406,12573249.0
Sam Hauser,-0.026821861447758333,0.5436727257707472,-0.5704945872185055,-0.4035577240140096,0.7505106600534922,0.19671978973126464,0.19302362881346202,-1.0100668474838008,0.24654863145183326,0.0,0.18371223375278922,4.189665057293554,14435.401594931876,1630573,False,3.086,3.244,9257029.0
Derrick Jones Jr.,-0.03689623815003984,-0.9525047485347778,0.915608510384738,-0.41744207020030155,0.09850402206715045,-0.6335667004016268,0.2514670460745504,0.6060193106108752,0.05812215369931244,0.0,0.12907878597571137,4.309098048197998,13646.294336443803,1627884,False,1.381,2.265,4142714.0
Sion James,-0.0431271366354018,-1.5382462747197545,1.4951191380843527,-1.6831374906725411,-0.5198277962014981,0.6647190121542845,0.6942636837867247,-0.03542654786040147,0.8362820021580295,0.0,0.9457466702504145,6.4512594984581835,6088.579644883528,1642883,False,3.077,3.115,9231677.0
Josh Okogie,-0.04693148687834037,-0.867574145721359,0.8206426588430187,-2.2499318426330976,0.2345611865534207,1.147796510358318,0.47059443696961234,1.425321255335627,-1.0752730334622207,0.0,1.7324059187851448,5.292746977041598,9045.37476096183,1629006,False,2.112,2.249,6335775.0
Josh Hart,-0.06735973036354226,-0.3434983484343902,0.27613861807084794,0.01879266615238584,-0.14202150380183387,-0.22026951078494214,-0.8730175344205979,0.4920406873215176,0.6571154651699282,0.0,0.7868651379046698,3.228461499288114,24310.63002482533,1628404,False,2.624,3.31,7870909.0
Adem Bona,-0.12085774587801135,-1.6735532502383825,1.5526955043603712,-0.7573668827047998,-0.905522725421292,-0.010663642112290705,2.33237223024462,0.19192266315737744,-0.9715993890416262,0.0,-1.6958630934178314,6.163151730755243,6670.912459056473,1641737,False,1.726,1.993,5177847.0
Christian Braun,-0.13338976677051795,-1.4094821542600218,1.2760923874895038,-1.3618905772580965,0.1886884759386498,-0.23628005294057508,1.7224091759497784,-0.060961247020956136,-0.38535554143931827,0.0,-0.4939083654621997,3.9209665360975294,16481.669892525733,1631128,False,1.209,2.254,3627922.0
Tristan da Silva,-0.143620576804239,-0.8185548421718516,0.6749342653676126,-0.8295884443520392,0.14644000937453983,-0.13540640719435232,0.6828964485556621,-0.5681639736525521,0.5602017904645026,0.0,0.003071418992138031,4.95595444246314,10316.513374337055,1641783,False,2.851,3.076,8551786.0
Isaiah Joe,-0.18119461162982398,0.4713217839557984,-0.6525163955856224,0.36236682331936554,0.5216285376831078,-0.41267357704667496,-0.47285783780924356,0.5434821007141033,-0.723140658490482,0.0,-0.0707035971399459,4.315248203251784,13607.462498479787,1630198,False,2.069,2.424,6207385.0
Cooper Flagg,-0.18675830183714115,-0.47215951397573375,0.2854012121385926,-0.7836753480661593,0.780070156068396,-0.4685543219779704,-0.06369302571837826,-0.2174361602564316,0.5665303981134024,0.0,0.6606100719473964,5.577191607251153,8146.243445779701,1642843,False,3.149,3.688,9445562.0
Dru Smith,-0.20926293141807273,-3.1837853390419433,2.9745224076238705,-3.939905426829868,-0.0413652162451328,0.7974853040330572,1.309247360345461,1.9694363639469494,-0.30416131666853985,0.0,2.4213951350663336,7.220707026490159,4859.964073774792,1630696,False,1.529,1.791,4587239.0
Brandin Podziemski,-0.27932175994187936,-1.1969262298308454,0.917604469888966,-1.7151727308273887,0.9502962085172623,-0.43204970752071903,0.941422375622111,0.45001567052805946,-0.4738335762612043,0.0,0.4944285952633984,4.086220368603361,15175.528958476643,1641764,False,3.532,3.5320000000000005,10596032.0
Jaylin Williams,-0.29133411418982424,-2.4040772508860178,2.1127431366961935,-0.6710777651843134,-0.44936722794476847,-1.2836322577569361,1.8071754207047508,-0.5632493376322576,0.8688170536237004,0.0,-1.4274317697102616,5.111610260594773,9697.836418056297,,True,,,
Jabari Smith Jr.,-0.29660785734715367,-1.1706052232391149,0.8739973658919612,-1.8830885936513408,0.09711809916276556,0.6153652712494605,1.5250387662299882,-0.7323387832739898,0.08129738293596282,0.0,0.06144197007419909,3.624609679049475,19287.010373987054,1631095,False,3.789,4.088,11366303.0
Andre Drummond,-0.3049538564187695,-1.3985344199206056,1.093580563501836,-3.5143661254708745,-0.5668226605150603,2.6826543660653295,-0.07512038919400993,0.09469715966993911,1.074003793025907,0.0,3.2845326582461154,5.15767481369941,9525.461431898391,203083,False,1.431,1.863,4292878.0
Jamal Shead,-0.31022568850365373,-0.9326415850725954,0.6224158965689417,-1.0232124822774535,0.39559737983172927,-0.30502648262687115,-0.23602233091061664,1.4598287390341547,-0.6013905115545963,0.0,0.9490091246844163,4.953096279938184,10328.529021695413,1642347,False,2.854,2.854,8560918.0
Dante Exum,-0.3187919655132816,-0.6752273031026554,0.35643533758937385,-0.4798077732070224,0.7426559516928863,-0.9380754815885194,0.6676483275982783,-0.2058391770903785,-0.10537381291852599,0.0,-0.5066325199045375,9.943045980593793,2562.9998936540624,,True,,,
Devin Vassell,-0.33727035718080334,-0.20968469582686478,-0.12758566135393856,1.0786435496752025,0.2160714002283388,-1.504399645730406,0.44606048321401515,-0.2553367410470048,-0.3183094035209489,0.0,-1.861974390070021,3.5778826602588487,19794.105096946565,1630170,False,2.523,3.088,7569589.0
Michael Porter Jr.,-0.33949314017988796,0.8122434726848515,-1.1517366128647395,0.02985638040215055,0.434440206057896,0.34794688622480496,-0.13211340004654634,-0.6215655552283217,-0.3980576575898715,0.0,-0.2372361205354922,3.696720509595401,18541.900171342022,1629008,False,1.612,2.542,4836839.0
Mike Conley,-0.3440968223519507,-0.6359774651246507,0.2918806427727,-1.1335341666621819,0.7261589983354577,-0.22860229679792657,-0.4157422967051869,0.4250412365171323,0.2825817029607546,0.0,1.205179641015418,4.07793296718396,15237.274937853843,201144,False,0.96,1.4849999999999999,2879725.0
Keegan Murray,-0.3876701834882801,-1.626923137955897,1.239252954467617,-1.9865577764402031,0.42712331177912677,-0.06748867329482089,1.0719274335018176,-0.038368995086768186,0.20569451605256767,0.0,0.5269601594501054,4.252676232611273,14010.794578458166,1631099,False,0.333,1.188,999818.0
Marvin Bagley III,-0.412569874300656,-0.5149497204444862,0.10237984614383018,-1.2126305372587525,-0.4543836793099796,1.1520644961242459,0.8084609568098873,-0.8185362715404112,0.1124551608743541,0.0,-0.008400293851790794,5.715981534822919,7755.4279156664925,1628963,False,0.6619999999999999,0.9191525423728815,1984329.0
Oscar Tshiebwe,-0.46448748394630013,0.2008124761270751,-0.6652999600733752,-2.843946984293134,0.21506002518712744,2.8296994352330818,-0.8228584333963895,-0.31124227816586203,0.46880075148887623,0.0,3.2023179337432235,10.357073959858933,2362.182483849323,,True,,,
Ryan Dunn,-0.4686846905835258,-2.3173183928496597,1.8486337022661339,-3.7704523279050033,-0.23804018771549207,1.6911741227708352,1.5643205873910357,0.09310995553495899,0.19120315934013915,0.0,1.7374470499304413,5.79587077373024,7543.226113203309,1642346,False,1.659,1.9429999999999998,4975536.0
D'Angelo Russell,-0.4795016762431482,-0.8027107892166351,0.32320911297348687,-0.32472067622885314,0.20255783606540675,-0.6805479490531887,0.93588593659094,-0.002310925479250339,-0.6103658981382027,0.0,-1.090666936605235,4.566664195620334,12150.368270374536,1626156,False,0.223,0.704,669736.0
Zach Collins,-0.48581896834235505,-1.641153627397589,1.155334659055234,-1.1530059303700095,-0.7720949843285403,0.28394728730096064,1.0121814357066947,-0.7521022150328681,0.8952554383814074,0.0,-0.34499447367904035,6.270367181081842,6444.708412855563,1628380,False,0.032,0.265,97039.0
Mason Plumlee,-0.4916104320439978,-1.1546979122608607,0.6630874802168629,-0.7536788096092003,-0.7275464107460823,0.326527308094422,0.7142101342241005,-0.33340265614686737,0.2822800021396297,0.0,-0.45214175665889794,5.902873466047148,7272.134622564725,203486,False,0.036,0.1454,106670.0
Aaron Nesmith,-0.4935498655625422,0.3363698563552434,-0.8299197219177856,0.3290476972382066,0.4051383846189457,-0.39781622550190887,0.11473189915882848,-0.37687484905753144,-0.5677767720190826,0.0,-0.9373294619595772,4.2008277568637755,14358.805119435716,1630174,False,1.05,1.9130000000000003,3149082.0
Khris Middleton,-0.5148618294930317,0.5917914438072694,-1.1066532733003012,0.2811296320931398,0.37972310404200094,-0.06906129232787131,-0.45054521866637265,-0.5312714074960655,-0.12483664713786295,0.0,-0.3454462429197988,4.638622799922917,11776.43702261819,203114,False,0.762,1.0074193548387096,2285793.0
Wendell Carter Jr.,-0.5405000988730786,-1.6408616584540092,1.1003615595809306,-1.0482812921249782,-0.45269215279983666,-0.1398882135291944,0.6797632813576779,-0.18539828758758098,0.6059965658108337,0.0,-0.1719820881057783,3.803086424525051,17519.23747868114,1628976,False,2.961,3.154,8884483.0
Davion Mitchell,-0.6174054235847513,-0.6167308739803189,-0.0006745496044323063,-0.4356964824497832,0.6726699741901777,-0.8537043657207134,0.064596194152442,0.29199489763274555,-0.35726564138961986,0.0,-0.24630513528741,4.016770349541635,15704.837122608033,1630558,False,2.308,2.704,6923700.0
Josh Minott,-0.6361437586167752,-1.294455219460074,0.6583114608432988,-1.0558875693362955,-0.14202348209373877,-0.09654416803003976,-0.22734843114743214,0.6978408788810585,0.18781901310967247,0.0,0.6470922418669525,8.294588521073388,3682.9661151729783,1631169,False,0.363,0.6076734693877551,1089279.0
Trae Young,-0.6597203841407655,2.692128809760222,-3.3518491939009873,3.079017583649586,0.5387304760860403,-0.9256192499754039,-2.0799870600366024,0.03357678036165895,-1.3054389142260436,0.0,-1.6587509077537483,4.206886357710804,14317.460118313727,1629027,False,0.053,0.2916666666666667,159949.0
Donte DiVincenzo,-0.686261546333172,-0.9254811055307517,0.2392195591975797,0.10845276253265723,-0.10012637608914471,-0.9338074919742643,0.1458186334468738,0.5719231751707577,-0.4785222494200518,0.0,-0.9405329423127029,3.5788820418107785,19783.022131720867,1628978,False,3.199,3.2380000000000004,9596993.0
Jalen Johnson,-0.6930182751801078,-1.1393586044386483,0.4463403292585405,0.05833998943643581,-0.2783451534429069,-0.9193534404321773,0.04174042815401546,-0.17197716149517417,0.5765770625996992,0.0,-0.7930986927705591,3.9646583747909743,16120.406720711606,1630552,False,2.918,3.323,8753085.0
Nicolas Batum,-0.6997430390437387,-1.0876128132270313,0.38786977418329266,-0.980342432297198,0.01946432740465237,-0.12673470833448572,0.6553613084927754,0.04825296591082792,-0.3157445002203107,0.0,-0.3747619152393161,4.551027699293314,12234.003413343125,,True,,,
Xavier Tillman,-0.702088617078025,-3.77106340441658,3.068974787338555,-3.7601476984406226,-0.6425959404484497,0.6316802344724923,1.2401629016845277,1.2116610746958334,0.6171508109581941,0.0,1.81789617967807,7.784284408006889,4181.683936422585,1630214,False,0.044,0.12040000000000001,132340.0
Jaime Jaquez Jr.,-0.7207420950900363,0.12193626616210748,-0.8426783612521438,-0.3171276052319931,0.4567559835158117,-0.017692112121711095,0.44466044377719094,-0.8050737267089304,-0.4822650783204044,0.0,-0.8482749336352342,4.345597964402167,13418.029253596316,1631170,False,2.509,2.744,7528190.0
Jonathan Kuminga,-0.7230557487885771,-1.786795969013827,1.06374022022525,-0.8425034807679153,-0.32544174391330405,-0.6188507443326077,0.4138854754149889,0.47721758465993014,0.17263716015033098,0.0,-0.2944377434356506,4.795971038505453,11016.274457569583,1630228,False,0.238,0.5422222222222222,714392.0
Kyle Filipowski,-0.7368432254920396,-0.11386383361204688,-0.6229793918799927,-0.46628201811823,-0.08870651835355095,0.44112470285973404,-1.364170460059749,0.3361313343172724,0.40505973386248384,0.0,1.0936092526859393,5.08358026243925,9805.009825385598,1642271,False,2.153,2.293,6458545.0
Toumani Camara,-0.739329848340069,-2.331263465850059,1.5919336175099899,-1.7979146516513682,-0.982776724774904,0.4494279105762137,0.29131744445560337,1.0317669009413852,0.2688492721130014,0.0,0.7672673588556964,3.7596891555710967,17926.018012982393,1641739,False,3.486,3.486,10458300.0
Al Horford,-0.7407056584212931,-1.4693902813613926,0.7286846229400995,-0.7746775469925524,0.26618012296197135,-0.9608928573308116,1.0278568592574162,-0.3628611258194687,0.06368888950215197,0.0,-0.9938849706861571,4.193751882498342,14407.281050163161,201143,False,0.683,1.245,2049081.0
Dorian Finney-Smith,-0.7422781423846527,-1.8207751978490596,1.0784970554644069,-1.791825764188214,-0.11955352894305396,0.09060409528220836,0.976984273599842,0.17302945586220775,-0.07151667399764301,0.0,0.07256334820371914,4.486404084679084,12588.98373712521,1627827,False,0.357,0.791,1071341.0
Quenton Jackson,-0.7440881755568246,-1.5608381971226946,0.81675002156587,-0.25672728340772344,-0.15747834315284082,-1.1466325705621303,-0.4967974899714114,0.7076568054255099,0.6058907061117714,0.0,0.009436597822310211,7.7298546392548495,4240.811050017929,1631245,False,0.656,1.121,1968836.0
Daniel Theis,-0.7655287361468298,-1.765134685762178,0.9996059496153481,-2.1790687782616933,0.18756885583317362,0.22636523666634173,1.2050419924519804,-0.20603429271663526,0.000598249880002899,0.0,0.208498049662883,8.607260135326435,3420.2587826449094,,True,,,
Jordan Clarkson,-0.7672852867616935,0.30649271937480066,-1.073778006136494,-0.11866396817787728,-0.20450212992012823,0.6296588174728062,-0.12308355866287057,-0.36942908050994616,-0.5812653669636774,0.0,-0.5255377599209456,4.558701833297503,12192.844797586946,203903,False,1.385,1.599,4153789.0
Jamir Watkins,-0.7789486242380854,-1.9022437879042284,1.123295163666143,-1.080751637224734,-0.5919445629623754,-0.22954758771711903,0.4263954795054977,1.2793551249348647,-0.5824554407742194,0.0,-0.12459246651884914,8.190741877384262,3776.9504793216215,1642364,False,0.804,1.318,2411417.0
RJ Barrett,-0.7945719811128852,0.04109271798555336,-0.8356646990984385,0.14615340974044067,0.6084477872346624,-0.7135084789895497,-0.15709259286466865,-0.6702770494043206,-0.008295056829449213,0.0,-0.7836327979886571,3.829926008019566,17274.5567027453,1629628,False,1.471,2.116,4412877.0
Leonard Miller,-0.8130195067817254,0.36542469360054053,-1.178444200382266,1.1017504169512693,-0.05904883255497015,-0.6772768907957587,-0.5174278059427795,-0.34416318991148087,-0.3168532045280056,0.0,-1.3973421177902154,9.204029636180245,2991.173765658909,1631159,False,0.28300000000000003,0.5158,848790.0
Jordan McLaughlin,-0.8178050025516774,-1.5703817869520718,0.7525767844003943,-0.1788642679752731,-0.035043918612376976,-1.3564736003644218,-0.5265930414916684,1.0796480123580738,0.1995218135339889,0.0,-0.11234769308473602,7.990641415169006,3968.484916746721,1629162,False,0.188,0.351,564541.0
Rui Hachimura,-0.8178977652973597,-0.7247420284384392,-0.09315573685892053,0.8723670480346419,-0.11411637589481209,-1.482992700578269,0.8713482626169868,-0.4997906169767026,-0.4647133824992048,0.0,-2.5616130759489883,3.8304045241947455,17270.229817153406,1629060,False,1.971,2.377,5913905.0
Pelle Larsson,-0.8196114133782935,-0.23883725551843604,-0.5807741578598574,0.31633243131973465,0.39263722001681645,-0.9478069068549871,-1.064437839119139,0.4848533525687788,-0.001189671309497306,0.0,-0.07150600557888918,5.468468483299099,8473.400126284574,1641796,False,1.946,2.279,5837691.0
Aaron Wiggins,-0.8241996819904776,-0.9181610914343592,0.09396140944388165,-0.8597048096740236,0.21088887278271082,-0.26934515454304636,0.9071453782864827,0.041918158513810644,-0.8551021273564117,0.0,-0.8716402506029366,4.330948519589784,13508.944477896372,1630598,False,1.346,1.725,4039478.0
Elijah Harkless,-0.8281382000735305,-0.6521968834162272,-0.17594131665730328,-0.15115745038319206,0.3532892508256702,-0.8543286838587053,-0.9494990940906733,1.4019118497353413,-0.6283540723019713,0.0,0.27251834440033496,10.451284777336804,2319.8613352738084,1641989,False,0.211,0.6649999999999999,632770.0
Craig Porter,-0.8325904953510692,-1.0390747409113519,0.20648424556028272,-1.617825374038808,-0.22068259557999573,0.7994332287074519,-0.09500452294383044,0.25192342158595993,0.049565346918153216,0.0,0.8802394016315693,6.456050989395363,6079.303837880676,1641854,False,1.077,1.401,3229594.0
Karlo Matkovic,-0.9023924727567088,-2.369491198479173,1.4670987257224644,-1.5032686284621088,-1.0919813499824993,0.2257587799654348,1.9499162610163407,-0.45794557443800815,-0.024871960855868347,0.0,-1.3490401053109409,7.11837345991111,5000.689626736856,,True,,,
Landry Shamet,-0.9130650537448592,-1.3464700229957374,0.4334049692508781,-1.0190214386259402,0.5880741299232576,-0.9155227142930549,-0.007613610650598512,0.23361338174985397,0.20740519815162267,0.0,0.11356999553167935,5.076201967220158,9833.534433879322,1629013,False,0.872,1.402,2616212.0
Thomas Bryant,-0.9173450408750288,-1.56720256006283,0.6498575191878013,-1.077616625954291,-0.21739557100567578,-0.27219036310286326,1.2880811128989107,-0.4236806458351271,-0.21454294787598222,0.0,-1.1278095278196483,5.96777198489744,7114.805305286576,1628418,False,0.633,0.865,1899843.0
Trayce Jackson-Davis,-0.9360875411397154,-2.810390494037513,1.8743029528977977,-3.5313622729236824,-0.5047912483442983,1.2257630272304674,2.0114432591503864,-0.32315665497949797,0.1860163487269092,0.0,0.5838314726335803,6.7842983144599245,5505.257954282395,1631218,False,0.23399999999999999,0.36823076923076925,700963.0
Svi Mykhailiuk,-0.9382532402905701,-0.10746506236764053,-0.8307881779229296,-0.4840864327448564,0.030751364814321364,0.3458700055628945,-0.1965774236039362,-0.2032998942739983,-0.4309108600449951,0.0,-0.25758938394177755,6.002006855958681,7033.87819083742,1629004,False,0.806,1.321,2417014.0
Trey Lyles,-0.9597031066902655,-0.7733692609742,-0.18633384571606548,-1.208207946636366,0.018957840692240394,0.4158808449699256,-0.41920966110241575,-0.2519994705359971,0.4848752859223473,0.0,0.6677145010485162,6.2366991696707075,6514.479744470378,1626168,False,,,
Darius Garland,-0.9742725194992998,0.6231382876112628,-1.5974108071105626,1.5366866543524231,0.3221860656245442,-1.2357344323657045,-1.2334169552836132,0.10748852287206068,-0.4714823746990102,0.0,-1.2775422185681098,3.891466539393408,16732.561363890858,1629636,False,0.43499999999999994,0.7935555555555556,1306537.0
Daniss Jenkins,-0.9766727191938904,-1.4088290914303085,0.43215637223641806,-2.346373979135439,0.05728201454719946,0.8802628731579314,-0.07043997693683668,0.8262237449317997,-0.323627395758545,0.0,1.4401412368783857,6.344042735912085,6295.8668917315445,,True,,,
Jaylen Brown,-0.9807598755493905,-0.19457123283430133,-0.7861886427150891,0.7781266085978558,-0.10180533203572568,-0.8708925093964314,0.6040194330976353,-0.8191680678894022,-0.5710400079233222,0.0,-2.3629059172448814,3.3067242042659015,23173.499571935357,1627759,False,2.424,2.799,7271317.0
Monte Morris,-0.991357152763126,-0.36025538061193574,-0.6311017721511902,-0.5269225225444374,0.8508161895322093,-0.6841490475997076,0.10528411523158782,-0.40905786915874726,-0.3273280182240308,0.0,-0.5697187454502763,7.224017084593308,4855.4552364826795,1628420,False,0.006,0.076,16606.0
De'Andre Hunter,-1.0112618164928309,-0.4670812605580045,-0.5441805559348263,0.3933606721782421,0.24764855612762612,-1.1080904888638727,-0.7559334678880393,0.19175157161135886,0.02000134034185419,0.0,-0.6486890207830336,4.305306763287578,13670.339575168342,1629631,False,0.648,1.2091363636363637,1945972.0
Grayson Allen,-1.025653421346458,0.16302188336741513,-1.1886753047138732,-0.2976128645486471,0.7299116019278894,-0.26927685401182716,-0.6197459821874124,-0.03643793717170117,-0.5324913853547595,0.0,-0.10829457461039843,4.13451975655504,14823.191683044304,1628960,False,1.011,1.6259999999999997,3033712.0
Isaiah Jackson,-1.0431009687083415,-0.9529752608706352,-0.09012570783770624,-1.2660751730124966,-0.7595987382215452,1.0726986503634066,0.1795560548965549,0.32488387771421545,-0.5945656404484766,0.0,0.04341814940760025,6.622147329103137,5778.167334568572,,True,,,
Brandon Ingram,-1.0606108164526922,-0.04147195640223855,-1.0191388600504536,1.6645430643707797,-0.4220524511302519,-1.2839625696427663,-1.41261785653318,-0.3292778739180449,0.7227568704007712,0.0,-1.312536024290292,3.9919098025963975,15901.055635317505,1627742,False,2.679,2.853,8037017.0
Chris Paul,-1.0609405133657495,-0.20999098557050733,-0.8509495277952421,0.7182372359214704,0.8849585846365023,-1.81318680612848,-0.1300737947398506,-0.011350189980497333,-0.7095255430748942,0.0,-1.6491039545473691,4.779659686124516,11091.582155826287,,True,,,
Bobby Portis,-1.0946901681031402,0.4582130698000506,-1.5529032379031908,-0.564353189247649,0.40553769485185975,0.6170285641958398,-0.32578856152324964,-0.8679804512597176,-0.3591342251202237,0.0,-0.20454841733224166,4.206191750505328,14322.214901017493,1626171,False,1.414,1.731,4241980.0
Dejounte Murray,-1.1126991102696528,0.1320390148616113,-1.2447381251312641,0.17048335608810006,0.46790381189249275,-0.5063481531189815,-1.6235500765120658,0.502921864604821,-0.12410991322401929,0.0,0.34036761015431294,4.734840377826645,11302.565958908865,1627749,False,0.07,0.411,210581.0
Aaron Holiday,-1.1133611481297803,-1.0049198946639102,-0.10844125346587014,-1.0652857992087066,0.4348603871222777,-0.3744944825774813,0.15319163960555104,0.17252353836767564,-0.4341564314390968,0.0,-0.20126698852662478,5.723375769197117,7735.484592685945,1628988,False,0.568,0.8310000000000001,1703336.0
Delon Wright,-1.1145306158459964,-2.155623726445596,1.0410931105995995,-1.4448096222814615,0.3153153133718286,-1.0261294175359632,0.012691714160875556,1.053836563565349,-0.025435167126625115,0.0,0.3175872922745893,7.480219063180618,4528.552283657715,1626153,False,,,
Kentavious Caldwell-Pope,-1.1147036958357626,-2.2417265047917585,1.127022808955996,-1.5195856773041505,0.2201305681414201,-0.942271395629028,0.0678750803221509,1.1979528487246736,-0.1388051200908284,0.0,0.33700690114623727,3.930544895426111,16401.47143137253,203484,False,0.726,1.168,2178945.0
Paolo Banchero,-1.1227583213469392,-0.4437588321669948,-0.6789994891799443,-0.09607722831059284,0.03727240640991107,-0.38495401026631304,-0.2714218062434788,-0.2757998281109794,-0.13177785482548612,0.0,-0.7552592867928675,3.5743985270848744,19832.68777126206,1631094,False,2.355,2.682,7065891.0
Christian Koloko,-1.1374559817873493,-3.2880209748519595,2.1505649930646102,-3.5199385258597005,-0.5210555034510435,0.7529730544587838,1.9062671929715507,0.24259834763080135,0.0016994524622579998,0.0,0.4762153511007997,9.772531903225584,2653.2216253044926,1631132,False,0.056,0.17000000000000004,167966.0
A.J. Green,-1.1558900817604176,-1.8577458546423093,0.7018557728818917,-1.5472407188122408,0.2741269441864531,-0.5846320800165217,0.3446863645566507,-0.006778321049002584,0.3639477293742435,0.0,0.04666427249517241,4.440644855758974,12849.768818759629,,True,,,
Jake LaRavia,-1.165235028315752,-0.38450574941369653,-0.7807292789020555,-0.5707593662074051,-0.5782879304029317,0.7645415471966401,-0.7790974637767814,0.7462172882486939,-0.747849103373968,0.0,0.18462180166843434,4.642022266180822,11759.070588424696,1631222,False,2.115,2.115,6345419.0
Jaylen Wells,-1.175910709595926,0.11788233289675273,-1.2937930424926787,0.31392413267877517,-0.1213846413399893,-0.07465715844203313,-1.1262596600150836,-0.03860276637309602,-0.12893061610449902,0.0,-0.3635751822596175,4.843342181842347,10801.824694841407,1642377,False,1.56,1.853,4678595.0
Kel'el Ware,-1.1823970599565787,-1.128666081382649,-0.05373097857392972,-1.7220308271404186,-0.7596855647689919,1.3530503105267613,0.9491254984637989,-0.6910178037143672,-0.31183867332336146,0.0,-0.4094917312799592,5.2106364306791635,9332.723966022166,1642276,False,1.636,1.7419999999999998,4908377.0
Tyler Herro,-1.1876705367355236,0.5808955714792046,-1.7685661082147281,1.5407628621188192,0.547666538222402,-1.5075338288620166,-0.5563415857274081,-0.4771928196180053,-0.7350317028693149,0.0,-2.1720918131269347,4.075234056114068,15257.461727353286,1629639,False,0.424,1.053,1271515.0
Kasparas Jakučionis,-1.1884023043804355,-0.37872028002239644,-0.8096820243580389,-1.1280263510273145,0.48963143397471987,0.2596746370301982,-1.351045077306771,0.19935619032167506,0.3420068626270571,0.0,1.2906691239536503,8.44828079350429,3550.1852010585912,1642857,False,0.624,0.965,1871086.0
Kyle Lowry,-1.200287733536577,-2.466550185014171,1.266262451477594,-1.6926714692844365,0.11266039640683354,-0.8865391121365681,0.3204719864759481,0.8894807731102607,0.056309691891385114,0.0,0.17191174927191133,5.824368437224703,7469.470089823643,200768,False,0.02,0.119,60700.0
Kris Murray,-1.2126664738578343,-2.156828102603612,0.9441616287457774,-2.2605270189853073,-0.5814667231407921,0.6851656395224872,-0.1987259277430803,0.3592264612050333,0.7836610952838243,0.0,1.2465864728705527,5.349136483960994,8855.642617182544,1631200,False,0.934,1.344,2803306.0
Ben Simmons,-1.2271830581988499,-2.5466559840345973,1.3194729258357474,-0.20875603832406697,-0.5676502909794168,-1.7702496547311133,0.6393865745468451,0.500618894402803,0.17946745688609933,0.0,-1.6578135944216275,8.128238296640811,3835.2576477589746,1627732,False,,,
Tre Jones,-1.2305718507376326,-0.28601508184421354,-0.9445567688934192,-0.05624121654845693,1.1806727110947344,-1.410446576390491,-1.0373960093042263,0.37369416011361595,-0.28085491970280885,0.0,-0.1369346248849495,4.305772429886088,13667.38762591454,,True,,,
Naji Marshall,-1.23179287675059,-0.32283794716685743,-0.9089549295837325,0.5055946315752704,0.22722976264609815,-1.055662341388226,-0.9703359022822939,0.2722720279699803,-0.21089105527141883,0.0,-0.7670516060435664,4.025230034139819,15638.90197246274,1630230,False,1.949,2.16,5847997.0
Jaxson Hayes,-1.2328932688598662,-2.2045371268438347,0.9716438579839685,-1.3726187143933921,-0.5996756674223772,-0.23224274502806525,1.0995192519646102,-0.03488405156459392,-0.09299134241604794,0.0,-0.9597938064310843,5.098693026401344,9746.973146765282,1629637,False,0.961,1.194,2882060.0
Ronald Holland II,-1.2344253264819913,-2.6398959098409773,1.405470583358986,-1.8922404939084594,-0.650660360412894,-0.09699505551962362,0.14745201112129996,1.5339702980894216,-0.27595172585173566,0.0,0.5103631563051684,5.5193839330459245,8317.758051384353,1641842,False,1.428,1.52,4283336.0
Javon Small,-1.2354662773997238,0.12887196882412744,-1.3643382462238511,-0.6198186590465417,0.31908099380941557,0.4296096340612535,-1.0442394403571253,0.5829985373672999,-0.9030973432340257,0.0,0.4285918220039433,9.157974760336023,3021.265877762814,1642914,False,0.414,0.829,1242972.0
Luke Kennard,-1.2380538935624152,0.7487657565280585,-1.9868196500904738,1.9708575562699495,-0.13973712540886724,-1.0823546743330237,-0.9484080156643333,-0.4362913580559983,-0.6021202763701423,0.0,-2.2605034341680312,4.227000969389595,14181.529791442419,1628379,False,0.815,0.856923076923077,2445129.0
Nique Clifford,-1.2459491444181845,-1.8277994271580655,0.581850282739881,-0.8213556798373004,-0.5149811566762318,-0.49146259064453335,0.4735124356363759,0.3843926069877503,-0.27605475988424505,0.0,-0.89810590021726,6.226790972745285,6535.40681734922,1642363,False,1.682,1.864,5046266.0
Harrison Barnes,-1.286028793864127,-0.16284861115396668,-1.1231801827101604,-0.8688047501892202,0.7279226551226505,-0.021966516087396998,-0.8923701053202443,-0.36739501857296486,0.13658494118304892,0.0,0.4751460616453376,3.6074384128521157,19471.118310519563,203084,False,1.787,1.903,5360668.0
Quinten Post,-1.2914954554247118,-2.1855743101452725,0.8940788547205607,-1.9448084990733607,-0.179852089205793,-0.060913721866118486,1.5141159614828794,-0.6584832571714457,0.03844615040912697,0.0,-0.8608029178342302,6.6386222993483175,5749.531168366651,1642366,False,0.882,1.096,2646393.0
Grant Williams,-1.2955186338918332,-0.7512769671607247,-0.5442416667311086,0.03748973574794179,-0.46070542539729364,-0.32806127751137276,-0.4511710784807205,-0.03317551877949659,-0.059895069470891515,0.0,-0.8818372911590546,5.122661373620285,9655.974277140342,1629684,False,0.286,0.67,857993.0
Noah Penda,-1.2960882608395268,-1.8091583385704786,0.5130700777309518,-1.8186331636974402,-0.7803191104191846,0.7897939355461461,0.5429862023718669,-0.1286528835088177,0.0987367588679026,0.0,-0.020441299513953584,9.84506040489049,2614.2804941357253,,True,,,
Micah Peavy,-1.2968673427765511,-1.5335762686920025,0.2367089259154514,-2.5847609403630605,0.19632024848732593,0.8548644231837321,0.22527929074754038,0.4262492334365697,-0.4148195982686586,0.0,1.062614306838969,8.94542970688641,3166.5417539600458,1642877,False,0.648,0.871,1943896.0
Cam Spencer,-1.309447445665011,0.39399703900006755,-1.7034444846650785,0.39146134260154386,1.246657824786965,-1.2441221283884414,-1.0177731027884076,0.06651445901190439,-0.7521858408885753,0.0,-0.6831356854781472,6.270486937898416,6444.444511155479,1642285,False,1.443,1.643,4328844.0
Kevin Porter Jr.,-1.3103710279886336,-1.7341833905107453,0.42381236252211174,-0.5933533734398848,-0.23001552490192811,-0.9108144921689323,0.4390544942562906,0.18660389269826916,-0.20184602443244803,0.0,-1.1560721488050394,4.89642773750594,10568.873496519733,1629645,False,0.552,1.192,1656524.0
Baylor Scheierman,-1.314599287942753,-1.6162158407182503,0.30161655277549737,-2.067318370241801,0.36161678927178786,0.08948574025176281,0.33608455795725223,-0.37923441758414955,0.3447664124023947,0.0,0.4166345243417958,6.487079367780252,6021.282747568948,1631248,False,1.275,1.358,3825495.0
Jarred Vanderbilt,-1.3325379473631522,-0.5921385301148361,-0.7403994172483161,-1.3124267089845874,-0.7878757333668931,1.5081639122366444,-1.821971182903207,0.6948521519386275,0.38671961371626334,0.0,1.8018599445246422,5.210866568598212,9331.846056150414,1629020,False,0.851,1.073,2552689.0
Trey Murphy III,-1.3545161962328165,-1.7200096521207477,0.3654934558879312,-0.4174862751515629,-0.47140124816171025,-0.8311221288074747,-0.22544400598186465,0.29439852173552056,0.2965389401342753,0.0,-0.7115859150993893,3.82299480290298,17337.277437621175,1630530,False,1.739,2.16,5216174.0
Matisse Thybulle,-1.3717988968586967,-3.5012417672522638,2.129442870393567,-2.67228564629991,-0.1481742729149852,-0.6807818480373682,-0.06443935611876506,2.628549363455583,-0.4346671369432508,0.0,1.3649261055599788,6.146905669338551,6706.198967895229,1629680,False,0.161,0.441,484132.0
P.J. Washington,-1.3799555111050876,-1.800735692086796,0.4207801809817084,-1.3399406377490513,-0.20888265788571084,-0.25191239645203395,0.4717544567604668,-0.32639236500264057,0.27541808922388217,0.0,-0.5117693301165032,3.8302434139588017,17271.699098860325,1629023,False,1.068,1.564,3203364.0
Keon Ellis,-1.3908185127631283,-1.7844969588937638,0.39367844613063563,-1.3092140755046255,0.0040717920018921785,-0.4793546753910305,-0.07334860920630942,1.2728181317819107,-0.8057910764449657,0.0,-0.00825582805219327,4.804665372575658,10976.435286819753,1631165,False,0.586,0.6768309859154931,1759089.0
Jalen Pickett,-1.439906424820789,-1.6992990352529016,0.2593926104321128,-1.773022194233679,1.1489231751946571,-1.0752000162138797,1.3059137791906128,-0.9131563350379482,-0.13336483372055177,0.0,-0.9727980097777226,7.507111546350543,4496.203357538334,1629618,False,0.426,0.698,1277604.0
Dennis Smith Jr.,-1.4801246613355072,-2.9045496102595507,1.4244249489240435,-2.788917354143824,0.302335515896503,-0.41796777201222945,0.28734989747656514,0.8317462164479112,0.3053288349995671,0.0,1.021442795331752,9.28464336416437,2939.428996969946,1628372,False,,,
Deandre Ayton,-1.512232130190893,-2.088205102160233,0.57597297196934,-0.7772077907027591,-0.9890508448659214,-0.32194646659155257,0.24736056541740625,-0.3893629441958483,0.7179753507477821,0.0,-0.9823849049055403,3.9932482870494574,15890.452654145283,1629028,False,1.43,1.629,4290934.0
Andrew Nembhard,-1.527735993920614,-1.344059221822481,-0.18367677209813316,-0.6094095817711197,0.4415454010018566,-1.1761950410532178,-0.17771607934644995,0.27802816524803564,-0.28398885799971885,0.0,-0.7406103328030444,3.8322336800379455,17253.750622619005,1629614,False,1.032,1.485,3097157.0
Ariel Hukporti,-1.529057247922626,-2.9230246116291694,1.3939673637065433,-2.6267032665560848,-0.9844550086766245,0.6881336636035399,2.2445145508841247,-0.79230422562907,-0.05824296154851135,0.0,-1.146868532250666,10.163564379700267,2452.987706840874,,True,,,
Malcolm Brogdon,-1.544226041879429,-0.40706848250228167,-1.1371575593771472,-0.7604320020323414,0.7894097056630481,-0.4360461861329884,-0.5071493037552179,-0.37054559420552446,-0.2594626614164048,0.0,-0.2766447360918695,6.996489970315834,5176.390724463069,1627763,False,,,
Dominick Barlow,-1.5450705578208956,-1.8860143463823873,0.34094378856149177,-1.5548645074837997,-0.3513796827855986,0.020229843887010934,0.7156051446337157,0.29350767941680794,-0.6681690354890318,0.0,-0.7058111949708116,5.60347855171285,8069.978796509118,,True,,,
Ryan Rollins,-1.5594848452424588,-0.5377738644793542,-1.0217109807631046,0.9072704990119391,-0.23549193492688578,-1.2095524285644075,-0.6018673071409795,0.30240939630120756,-0.7222530699233328,0.0,-1.8648880371134187,5.0203648177707825,10053.507639478084,1631157,False,1.726,1.9130000000000003,5177762.0
Spencer Dinwiddie,-1.5679095474966225,-0.8645249709979791,-0.7033845764986433,-0.5039666754107657,0.8623034680016445,-1.222861763588858,0.28061944732302235,-0.6850963663373085,-0.2989076574843571,0.0,-1.3445623194088792,4.714277755963734,11401.370680304412,203915,False,,,
Ethan Thompson,-1.5749833470160122,-1.6414983985557807,0.0665150515397686,-1.5285615625033893,0.7881070008708896,-0.9010438369232812,-0.1506324339453935,0.15993180291526893,0.057215682569893164,0.0,0.10421064943277052,10.416603522123633,2335.2914666698807,,True,,,
Simone Fontecchio,-1.5847748097645735,-0.5572427715882688,-1.0275320381763047,-1.7218458403948707,0.13174872973711138,1.0328543390694904,-0.9977708570458519,-0.4452109217911447,0.41544974066069174,0.0,1.1348418876761488,5.089329925889687,9782.874552797322,,True,,,
Malik Monk,-1.5921208013856814,-0.3646748845482507,-1.2274459168374308,-0.2683595835140249,0.4078535147904546,-0.5041688158246804,-0.03745218224007335,-0.0473996531051655,-1.142594081492192,0.0,-1.2863090356315834,4.171267605159658,14563.026373103457,1628370,False,0.798,1.072,2393504.0
Lamar Stevens,-1.6006999231783117,-2.1059382648172997,0.5052383416389881,-1.3246333374310033,0.1218563292306723,-0.9031612566169688,0.7421594358039372,0.06185836869659783,-0.29877946286154694,0.0,-1.0182260215512455,9.759279906844817,2660.431011132041,1630205,False,,,
John Collins,-1.6084831083180948,-1.4246434194308075,-0.1838396888872873,-0.7628292793159207,-1.0261093459972335,0.36429520588234665,0.3361733876017088,-0.7771884072782468,0.2571753307892507,0.0,-1.181827216603883,4.18788182259251,14447.706545139881,1628381,False,1.223,1.453,3668495.0
Josh Green,-1.6115076866718367,-2.0945866003781415,0.4830789137063047,-1.4486122599498725,-0.0011914004003207093,-0.6447829400279482,-0.1533803304424409,0.5760079707679405,0.060451273380805096,0.0,-0.009515096279523336,4.65129490156605,11712.238319413831,1630182,False,0.492,0.7079999999999999,1476594.0
Shaedon Sharpe,-1.6454186782499407,-0.2391982742355545,-1.4062204040143862,0.35527119975263854,-0.15643111872932203,-0.438038355258871,-0.9325192083288957,-0.12315218785765959,-0.3505490078278307,0.0,-1.0681706696736835,4.410644267734211,13025.172567166077,,True,,,
Alexandre Sarr,-1.6549790276451648,-3.507630687314359,1.8526516596691942,-2.883425543442552,-0.027507025845473848,-0.5966981180263331,2.8677515469931505,-0.520070058973032,-0.495029828350924,0.0,-1.639305031195763,5.444054934508875,8549.547111923672,,True,,,
Larry Nance Jr.,-1.68934018155513,-2.9395602850969373,1.2502201035418072,-2.462000362004794,-0.6586198970584547,0.18105997396631124,-0.4374034672351682,0.9000266809055221,0.7875968898714534,0.0,1.2100636476848319,6.452539434960739,6085.918189495481,1626204,False,0.134,0.323,402328.0
Jae Crowder,-1.7033111870152646,-1.8507357366809951,0.1474245496657305,-1.1839868899942485,0.4810035680212015,-1.147752414707948,-0.5549398177877107,0.22902977576828898,0.47333459168515224,0.0,0.03561552076669461,8.312933636409738,3666.733979976766,203109,False,,,
Miles Bridges,-1.7078588154166323,-0.8723737236074579,-0.8354850918091743,-0.2203641596016852,0.6669173296163032,-1.318926893622076,0.2739605016784288,-0.9278017690203454,-0.18164382446725763,0.0,-1.7614551574933757,3.816073659192416,17400.203099734048,1628970,False,1.59,1.716,4770797.0
Tyler Kolek,-1.710586117924592,-2.9239291172292456,1.2133429993046536,-2.0484130062576917,-0.05267034712360722,-0.8228457638479468,1.1656409313192306,-0.11076455589864585,0.15846662388406874,0.0,-0.8278140429861311,8.706724340082113,3342.555826024278,1642278,False,0.38,0.511,1141178.0
Duncan Robinson,-1.7514407751149457,-0.44079106794970935,-1.3106497071652363,0.5038567699709138,0.13767137733909232,-1.0823192152597154,-0.42492756642015883,-0.5549985353729738,-0.33072360537210366,0.0,-1.8303699786657006,3.834341051230187,17234.792412685943,1629130,False,1.357,1.465,4072250.0
Branden Carlson,-1.7581489090421525,-2.0676445811664848,0.30949567212433216,-2.186198232242027,0.437211534376427,-0.31865788330088474,1.0448000143757075,-1.0945505098836177,0.3592461676322424,0.0,-0.616750691175833,10.612770724170261,2249.7697074396556,1642382,False,0.176,0.344,529199.0
Nicolas Claxton,-1.7901095363174198,-3.1672333226857283,1.3771237863683086,-2.095906867071788,-0.5134710837151681,-0.5578553718987722,1.6513634798501158,-0.26835429374864883,-0.005885399733158464,0.0,-1.3455661490957478,4.007501705340091,15777.593845951284,,True,,,
Max Strus,-1.8038443881439052,-1.1090512049570984,-0.6947931831868067,-0.9114349332165844,0.05926880184832502,-0.25688507358883916,-0.1323446034203256,-0.702884090362243,0.14043551059576187,0.0,-0.7600648515069953,4.302682397894908,13687.018860415763,1629622,False,0.029,0.19699999999999998,86569.0
Josh Giddey,-1.8098326973471757,-0.911582567100852,-0.8982501302463236,0.08166726548168213,-0.5949527763501368,-0.3982970562323973,0.12173495422473146,-0.6942639154004963,-0.3257211690705588,0.0,-2.0132349170535893,3.871877308408702,16902.238430569734,,True,,,
Tony Bradley,-1.8235616907355192,-2.1406132132772813,0.317051522541762,-3.027219656219846,-0.7066578914339381,1.593264334376503,0.1013799451778925,-0.42232464017156585,0.6379962175354353,0.0,1.1022780203064344,10.09532017046178,2486.2645998376165,,True,,,
Daeqwon Plowden,-1.8277848522925881,-1.433970208494336,-0.39381464379825215,-1.5348590664811175,0.016714230660717366,0.08417462732606412,-0.5385210984474289,-0.051593929776663605,0.1963003844258404,0.0,0.2455953126359583,8.828586816877188,3250.911799740841,,True,,,
Saddiq Bey,-1.8284909601482506,0.453482230710502,-2.2819731908587526,-0.9059991170630947,1.0467996272836981,0.3126817204898985,-1.5938588808617054,-0.47006118432764016,-0.21805312566940738,0.0,0.6713670377765493,4.2534335571621344,14005.850554472683,1630180,False,1.28,1.458,3839743.0
Andrew Wiggins,-1.843737322025855,-1.8027607390820233,-0.04097658294383183,-1.5056166720174178,0.17047681052772823,-0.4676208775923336,0.4098447162386514,-0.09571137327796587,-0.35510992590451734,0.0,-0.7479653662470886,3.8283553593176984,17288.730024648736,203952,False,1.099,1.325,3296736.0
Stephon Castle,-1.8485586186171235,-1.0266821755755944,-0.8218764430415291,-0.45165348232513614,-0.2763246202718902,-0.298704072978568,-0.06538837554923516,0.24146470837312367,-0.9979527758654176,0.0,-1.3315167607427523,4.1303611493766255,14852.910518301458,1642264,False,1.078,1.3,3233831.0
Caris LeVert,-1.8999394241776797,-1.6594230494426623,-0.2405163747350174,-1.5054575056223762,0.5589509772131497,-0.7129165210334356,0.6270135810642361,0.10756834334023938,-0.9750982991394929,0.0,-1.0214954996195393,4.223931061988465,14202.174244243615,1627747,False,0.506,0.703,1518168.0
Chimezie Metu,-1.9256874128476604,-2.55109273630744,0.6254053234597797,-0.24396935852260104,-0.6500876504325332,-1.6570357273523058,0.445694187575305,0.06980623201952513,0.10990490386494968,0.0,-2.127412241900364,10.041545271943004,2512.989016873006,1629002,False,,,
Scotty Pippen Jr.,-1.9319216339988121,-2.804451297110233,0.872529663111421,-1.221193781969703,-0.024457038267397715,-1.5588004768731325,-0.1275379996997147,1.431145795706697,-0.43107813289556157,0.0,-0.5831898523293946,6.682745856461525,5673.86038688049,1630590,False,0.015,0.124,45543.0
Terance Mann,-1.967492599426285,-0.3665107355081688,-1.6009818639181164,-0.7358901642890711,0.3779095235737653,-0.008530094792863013,-1.0561910483510244,-0.4386113236734511,-0.10617949189364073,0.0,-0.17541138678618962,4.273307696586906,13875.836263847556,1629611,False,0.671,0.873,2012139.0
Justin Champagnie,-1.9702019283169572,-0.22951534440303356,-1.7406865839139236,-1.5357492060421687,-0.3343266313789762,1.6405604930181112,-1.0780269693848572,-0.02841468327764117,-0.6342449312514253,0.0,0.6435742471100685,5.478773329329159,8441.521501073354,1630551,False,0.651,0.785,1954069.0
Ryan Nembhard,-1.972241688536929,-1.2227924088022188,-0.7494492797347101,-0.8988803829881995,0.5431304608531481,-0.8670424866671675,-0.03385118795204067,-0.6466925968422609,-0.06890549494040855,0.0,-1.039510117596689,7.8442115797818355,4118.060689941702,1642948,False,0.483,0.661,1450102.0
Will Richard,-1.9747481547631316,-1.674933759380465,-0.2998143953826665,-1.418741451968928,-0.6714057241764156,0.41521341676487855,-1.528222932451851,1.2151551732923538,0.013253363776830743,0.0,0.9722162296576474,7.325316368765212,4722.133927349776,1642954,False,0.644,0.777,1932106.0
Mohamed Diawara,-1.9777355949483075,-1.9470899154906134,-0.03064567945769406,-0.8426461586421368,0.11211159355379505,-1.2165553504022717,0.03290927970379881,-0.06977710422001877,0.006222145058525905,0.0,-1.1679987160099696,10.396498211295004,2344.3290584653605,,True,,,
Jamaree Bouyea,-1.9780237113414139,-3.5814668396858798,1.603443128344466,-2.304823519688002,-0.09493843455507811,-1.1817048854427998,1.5329667045947566,0.4235441904745467,-0.3530677667248374,0.0,-1.2061668962481686,10.060967880844684,2503.271145891467,1631123,False,0.206,0.36699999999999994,616871.0
John Konchar,-1.9801650602014027,-3.3745329781725495,1.3943679179711468,-3.4746026075531873,-0.5705647441056216,0.6706343734862596,0.0523271630679395,1.0254018795597681,0.31663887534343904,0.0,1.4421103842838452,5.258381111876174,9163.969535570883,1629723,False,0.212,0.31,634996.0
Zach LaVine,-1.9945850668066392,-0.04216794326336615,-1.952417123543273,1.2613047157870503,0.06293558343204295,-1.3664082424824593,-0.5788018379494151,-0.7404018118229166,-0.6332134737709411,0.0,-2.677087944644274,4.184055524125475,14474.172814797474,203897,False,0.311,0.67,931674.0
Patrick Beverley,-2.003297428763756,-2.0107270409705937,0.007429612206838021,-2.0776734741127774,0.6195698493182704,-0.5526234161760868,-0.20456438771237706,0.3906338485532075,-0.1786398486339924,0.0,0.2789404330613987,7.272084784430287,4791.478441036522,201976,False,,,
Derik Queen,-2.021449050689477,-1.1147568361799363,-0.9066922145095409,0.4525086895925514,-0.3877446869533073,-1.1795208388191805,-0.06906545473022674,-0.40880772202500665,-0.4288190377543075,0.0,-2.404892285551802,5.9733278451654,7101.627027919746,1642852,False,1.076,1.09,3229121.0
Seth Curry,-2.03885392270655,-1.1239118081750819,-0.9149421145314681,-0.7888548441523123,0.3964319730248468,-0.7314889370476163,-0.6393293464746553,-0.09482725071087915,-0.18078551734593362,0.0,-0.6106697320795823,6.588006736589039,5838.22119921557,203552,False,0.009,0.07,25781.0
Christian Wood,-2.05134850899404,-1.544354297529726,-0.5069942114643141,0.255399877087219,-0.4921161154134779,-1.307638059203467,0.3288008279039122,-0.7162019043901063,-0.11959313497811999,0.0,-2.635549213985171,8.275617453921596,3699.8714384472396,,True,,,
Jared McCain,-2.1032090103537486,-0.9117043077806124,-1.1915047025731362,-1.3584855901874444,0.3155074409279133,0.13127384147891868,-1.0456294217507112,-0.3472794105726109,0.20140412975018585,0.0,0.3009060015844069,6.372501592675691,6239.8113391978295,1642272,False,0.23700000000000002,0.29088059701492536,712133.0
Santi Aldama,-2.11240764430876,-1.1010430990092055,-1.0113645452995543,-0.8101597374442968,0.005586322085521192,-0.2964696836504298,-0.7044595933988823,-0.360810444147577,0.05390549224690484,0.0,-0.5977883134655808,4.61408000600067,11901.972286452197,1630583,False,0.312,0.596,937275.0
Anthony Black,-2.1167201457078373,-3.084620100262846,0.967899954555009,-2.5174652975891245,0.1487237318065558,-0.7158785344802775,0.2951443815414291,0.7784485424062647,-0.10569296939268476,0.0,0.1056007703398583,4.44675440508766,12814.483579040927,1641710,False,0.711,0.925,2132181.0
Moritz Wagner,-2.1401573732800085,-1.134026260404443,-1.0061311128755654,-0.816541753699582,-0.10190170734744979,-0.21558279935741134,-1.2422755888209258,-0.1273088803681242,0.36345335631348447,0.0,-0.08134003075950086,6.388717484243419,6208.119061866627,1629021,False,0.088,0.201,265007.0
Isaac Okoro,-2.1569427883825143,-1.4698262806514077,-0.6871165077311064,-0.7367248489381812,0.10236294167259558,-0.8354643733858221,-0.30200649125686113,-0.30716768451810883,-0.07794233195613638,0.0,-1.1182114481874716,4.2618946177288475,13950.261997586915,1630171,False,0.608,0.792,1825498.0
Precious Achiuwa,-2.1622151906443006,-2.069886416036143,-0.09232877460815747,-3.2690925487196054,-0.3761869242983711,1.575393056981833,0.28215541578673786,-0.23266769174920818,-0.14181649864568716,0.0,0.8247219422885667,4.4109803399761525,13023.202765099351,1630173,False,0.695,0.791,2084864.0
Cameron Payne,-2.1700607388687727,-1.9122822607744687,-0.2577784780943041,-1.724824841967591,0.8502412454702912,-1.037698664277169,-0.19110035915982315,0.35544566798654226,-0.4221237869210232,0.0,-0.2541355377413588,5.729706267925094,7718.3257127863835,1626166,False,0.045,0.168,134847.0
Nah'Shon Hyland,-2.17060472627065,-1.4288427445956113,-0.7417619816750383,-1.0287710945263193,0.4114899853122803,-0.8115616353815724,-1.5110220727575305,0.6227020435465067,0.1465580475359856,0.0,0.3691884410132002,5.767509979720347,7617.503896619058,,True,,,
Bol Bol,-2.221527964820277,-2.5157456416680133,0.29421767684773603,-1.2859758782184427,-0.8172910284103548,-0.4124787350392157,0.6011903979603397,-0.480458937926539,0.17348621681393533,0.0,-1.5367424845621742,9.168360372719414,3014.422004347448,1629626,False,,,
Ricky Council IV,-2.223456832865736,-0.741858826282016,-1.4815980065837202,-1.1146947365020488,0.5535699482494818,-0.18073403802944904,-0.8345994046201525,-0.26124380228338384,-0.38575479968018384,0.0,-0.2741626917435349,8.959413765771703,3156.6858226926556,1641741,False,,,
Devin Carter,-2.2249811534136232,-1.3279313312134053,-0.8970498222002179,-2.6149585707277034,0.408313756793668,0.8787134827206302,-1.3069022646128237,0.5785666474647451,-0.16871420505213935,0.0,1.696879681926904,8.633134794868669,3399.7800971241036,1642269,False,0.14,0.301,418872.0
Haywood Highsmith,-2.2314715069913533,-2.9121172339470007,0.6806457269556473,-1.6814692791584067,-0.6138024780083894,-0.616845476780205,0.21214646380249724,0.5681566837242117,-0.09965742057106167,0.0,-0.7621486916354442,5.847114504875139,7411.472454976405,1629312,False,0.003,0.038,9853.0
Isaiah Stewart,-2.243960736997848,-2.8797634748087506,0.6358027378109028,-2.458945753222012,-0.3164072094154403,-0.10441051217129838,2.9830157657265186,-1.2772794936765817,-1.0699335342390341,0.0,-2.7680307495023544,4.563330348435838,12168.124962237544,1630191,False,0.376,0.541,1127213.0
Jabari Walker,-2.251894192366804,-1.6169366164627232,-0.6349575759040808,-1.9983770835782768,-0.3727583830282537,0.7541988501438073,-1.1287055138132636,0.2791974545630908,0.21455048334609195,0.0,0.8751884050247364,5.917872026714141,7235.328284297881,1631133,False,0.242,0.31,725944.0
Talen Horton-Tucker,-2.280317754342879,-1.6732296608478672,-0.6070880934950116,-1.2971201591798156,0.6405830304014378,-1.0166925320694893,0.5042895402114942,-0.5443175424733397,-0.567060091233166,0.0,-1.4874871353745571,7.126557696307666,4989.164158830237,1629659,False,,,
Cole Anthony,-2.2817415802027523,-2.0521241821908824,-0.2296173980118697,-1.9622942742618643,0.19750045340390307,-0.2873303613329213,-0.11447690977104807,-0.150651218445278,0.03551073020445639,0.0,-0.20497039616983984,5.209267987910363,9337.59175832473,1630175,False,0.088,0.205,262899.0
Oshae Brissett,-2.288439994781323,-1.6392242374552297,-0.6492157573260933,-2.0734744102257645,-0.08608986971638308,0.5203400424869181,-0.6035867215573836,0.12292389956483485,-0.1685529353335446,0.0,0.38862113700182527,9.075544313111873,3076.399576455784,1629052,False,,,
Charles Bassey,-2.292176944648211,-2.5469102360963625,0.25473329144815127,-3.4973908063755577,-1.147138484814641,2.097619055093836,0.21718898954797627,-0.6710729780687837,0.7086172799689587,0.0,0.98802487217937,10.855291092751898,2150.328577851246,1629646,False,0.002,0.019692307692307693,9348.0
Robert Covington,-2.303830508427854,-2.9958977894544203,0.6920672810265663,-1.825150624519526,-0.2966096205817408,-0.8741375443531538,0.5306377506344986,0.5914059437362282,-0.4299764133441605,0.0,-1.009317634542827,10.48685055823271,2304.0827660752566,203496,False,,,
Malik Beasley,-2.3048109061518844,-1.79560070413814,-0.5092102020137442,-1.2177819815835782,0.3609168398868997,-0.9387355624414615,-0.2504722113621549,0.2108151988831945,-0.4695531895347838,0.0,-0.8365567132061511,4.613157991116644,11906.696518837147,1627736,False,,,
Peyton Watson,-2.3077217817422206,-2.062626423940868,-0.2450953578013525,-0.7449458227243517,-0.20034284577927683,-1.1173377554372395,0.8294498649602151,-0.05259574111952332,-1.0219494816420442,0.0,-2.392225823978084,4.673067729110733,11603.444739076956,1631212,False,0.395,0.599,1184248.0
Duop Reath,-2.3140685770007994,-2.5192580307072943,0.20518945370649477,-2.9559036408321555,-0.49371291511514825,0.9303585252400097,0.39044446817260914,-0.0846694030782065,-0.10058561138790789,0.0,0.2513905956587471,8.423445373889425,3571.148440022324,1641871,False,0.038,0.097,113630.0
Dario Saric,-2.350289211996947,-1.7640228541263134,-0.5862663578706336,-1.408419439376284,-0.6472281046442461,0.29162468989421686,-0.5980104648852951,-0.4919831496175523,0.5037272566322138,0.0,-0.34385930773536766,9.662823924344528,2713.810700883977,,True,,,
Gabe Vincent,-2.3765555286506928,-1.6334278337941714,-0.7431276948565211,-1.1770963284084148,0.2296633315564022,-0.6859948369421588,-0.21832673341537168,0.23420403592972922,-0.7590049973708786,0.0,-0.9811324668269059,4.91775952935286,10477.382991748187,1629216,False,0.099,0.15322641509433962,296794.0
Cody Martin,-2.380570568073037,-2.899273630084868,0.5187030620118307,-2.3981778455290668,-0.049619104335454176,-0.4514766802203466,0.3352176904978158,0.3236581536355233,-0.14017278212150835,0.0,-0.3176104130417858,7.304607318768249,4748.952025707931,1628998,False,0.001,0.019,2734.0
Torrey Craig,-2.3926766722528194,-1.6055472887052882,-0.7871293835475313,-2.9125060504516775,0.42514105757268605,0.8818177041737032,-0.8530842398517975,-0.11181439029141937,0.1777692465956856,0.0,1.3729136180506556,7.201482632176956,4885.9806603642555,1628470,False,,,
Kelly Oubre Jr.,-2.399842004686275,-1.101338221361933,-1.298503783324342,-0.6369594071897836,0.3805229111799735,-0.8449017253521229,-1.0997275383462088,0.8211115715582207,-1.0198878165363539,0.0,-0.6631550591502826,3.904109668115096,16624.3555245405,1626162,False,0.309,0.507,926786.0
Alec Burks,-2.4023247164879544,-1.466589412643072,-0.9357353038448826,-1.5081331807590506,0.4600697015490788,-0.4185259334331004,-0.7803004091854151,-0.22895648116870843,0.07352158650924091,0.0,-0.11389112654348914,6.584500726644913,5844.428599338345,202692,False,,,
Bradley Beal,-2.4026245700951128,-1.4423555218612851,-0.9602690482338276,-0.20039198721967655,-0.144217470054207,-1.0977460645874015,-0.7058377372686836,-0.320370456052513,0.06593914508736896,0.0,-1.4963948456067526,5.363680137159437,8807.683272910966,203078,False,0.003,0.039,8525.0
Vince Williams Jr.,-2.404231397522003,-2.3484619493072003,-0.055769448214802564,-1.4608359912395628,-0.43083610283429696,-0.4567898552333406,-0.3960142604602691,0.20133328240184356,0.13891152984362298,0.0,-0.547381145822171,6.494151468189366,6008.189138831765,1631246,False,0.1,0.20465,299343.0
GG Jackson,-2.409058686965892,-0.941451604784337,-1.467607082181555,-0.35174538047083115,-0.4213735883754719,-0.16833263593803394,0.0722310469991192,-0.3518591731759628,-1.1879789560047114,0.0,-2.12954435349418,6.001430813995158,7035.2236318973755,1641713,False,0.25,0.372,749414.0
Georges Niang,-2.426321271900067,-1.3016707525264462,-1.124650519373621,-0.327301882464051,0.3049736147594646,-1.2793424848218597,-0.27934023771069694,-0.6445163643399487,-0.2007939173229753,0.0,-1.8196791517253192,5.372248456183646,8779.624032707858,1627777,False,,,
Gordon Hayward,-2.4408282703544324,-1.8297827732265237,-0.6110454971279088,-0.46798315558714676,-0.05195936406580518,-1.3098402535735718,-0.8120413218638144,0.09950541395771631,0.10149041077818934,0.0,-1.1608037929034714,8.00461420284839,3954.6386411548187,202330,False,,,
Jericho Sims,-2.451253303674201,-1.8216663706994791,-0.6295869329747216,-0.9937869121552911,-1.5656519714012158,0.7377725128570282,0.1493682289702925,-1.0709848112237514,0.2920296492787374,0.0,-1.606834620489202,5.745771316735163,7675.220874923283,1630579,False,0.313,0.389,939744.0
DeAndre Jordan,-2.457121022378882,-3.2864415789966954,0.8293205566178132,-2.6327666767054065,-1.5964726532663478,0.9427977509750591,1.4985953245112307,-0.9466203845969876,0.27734561670357016,0.0,-1.322949670184706,8.300629148635506,3677.65627176956,201599,False,0.008,0.057,24928.0
Patty Mills,-2.4587464348152044,-1.7513995682120107,-0.7073468666031937,-1.6885278013097675,0.6574511095204968,-0.7203228764227398,-0.515663917435659,0.31392467828900794,-0.5056076274565426,0.0,-0.25455471606977775,8.98815526484268,3136.517712489461,201988,False,,,
Keita Bates-Diop,-2.476466696436998,-2.143754888030694,-0.33271180840630415,-1.8559165545041525,0.1120067040406525,-0.39984503756719403,-0.12463326586754228,-0.30241954541799043,0.0943410028792286,0.0,-0.4959168760653034,9.76075890822523,2659.631595769735,1628966,False,,,
Tim Hardaway Jr.,-2.4842382482849943,-0.6394288707661614,-1.844809377518833,-0.39383207300521694,0.8164280394371558,-1.0620248371981003,-0.7678719341625196,-0.34077702127637355,-0.7361604220799398,0.0,-1.3225342411172578,3.70472682599543,18461.848075262533,203501,False,0.568,0.583,1705391.0
Matas Buzelis,-2.515847068214714,-2.6419066097794284,0.12605954156471455,-0.7737730387870517,-0.7911960341714038,-1.0769375368209726,1.564322093037029,-1.0291991964663598,-0.4090633550059546,0.0,-3.3063961224646907,4.707286777030259,11435.261299735335,1641824,False,0.531,0.573,1593998.0
Kessler Edwards,-2.5371519976462222,-1.970049815693147,-0.5671021819530752,-1.704726572374427,-0.088093710613524,-0.17722953270519612,-0.39641383064102076,0.15308053367463795,-0.3237688849866923,0.0,-0.43601159463077455,9.727870042423001,2677.6385167440653,1630556,False,,,
Mo Bamba,-2.5403275540728023,-3.9725105273374774,1.4321829732646754,-4.035737726858418,-0.5170889861281077,0.580316185649048,1.988802944318466,-0.9271367881174202,0.3705168170636295,0.0,-0.49339277153285044,8.373883521413159,3613.5577551870565,1628964,False,0.0,0.004999999999999999,764.0
Moses Moody,-2.5567048152044873,-2.801275653681618,0.24457083847713074,-2.776123375138398,-0.12061883686795977,0.09546655832473921,-0.3960437148245147,0.37142770091087235,0.2691868523907731,0.0,0.6154622747584249,4.577150071168022,12094.755974686665,1630541,False,0.261,0.357,782650.0
Kobe Sanders,-2.567187998510375,-1.1536197264224355,-1.4135682720879394,-0.8774607541278545,-0.24181067147075638,-0.03434830082382462,-1.549811640014743,-0.4468696938733785,0.5831130618001822,0.0,-0.13991560436777728,7.463670452451666,4548.650420762271,1642920,False,0.255,0.308,765769.0
Lindy Waters III,-2.5691851938746098,-2.5388203543969,-0.03036483947770957,-2.3837811936557523,0.4352960133730299,-0.5903351741141777,0.3397337685942903,-0.06289290340670811,-0.30720570466529173,0.0,-0.5251377688131476,8.078763865953889,3882.3939680541052,1630322,False,0.032,0.065,95305.0
Joe Ingles,-2.5812238981764737,-0.5031151364448204,-2.078108761731653,1.2808742480498274,-0.6325618763449029,-1.151427508149745,-1.511878207638951,-0.13755258420760083,-0.42867796988510154,0.0,-2.35021993858735,7.7995389310689225,4165.361710355612,,True,,,
Jared Butler,-2.583385424261177,-2.073521172893529,-0.5098642513676481,-1.4954250728446774,0.12753999625998658,-0.7056360963088382,0.1768552671526964,0.14307600354006444,-0.829795522060409,0.0,-1.264815618569196,8.512866320108095,3496.5287021364165,1630215,False,,,
Mark Williams,-2.599470153141349,-2.2697810325723036,-0.32968912056904554,-1.8328898867244816,-1.2042564605318773,0.7673653146840551,0.4558393664046604,-0.08453055552595476,-0.7009979314477511,0.0,-1.222419632821528,5.372418639164488,8779.053690991735,1631109,False,0.217,0.296,649563.0
Anfernee Simons,-2.634387015786996,-0.9791626829595883,-1.6552243328274074,-1.656525123961371,1.1664382314314037,-0.489075790429621,-0.47086348187802163,-0.25541297151144404,-0.9289478794379419,0.0,-0.5069984099476033,4.251876408379913,14016.075500148381,,True,,,
Kelly Olynyk,-2.63634359403669,-1.9345501485094,-0.7017934455272901,0.08854648147280053,-1.0471823773368178,-0.9759142526453828,-0.11935254547732413,-0.04933155775577182,-0.533109342294194,0.0,-2.605537530032166,5.674882874251928,7868.272970907277,203482,False,0.035,0.069,104092.0
Lonzo Ball,-2.6416047740569812,-4.00567050112196,1.364065727064979,-2.7982723971884296,0.012786403550673744,-1.2201845074842042,0.29150970768457385,0.7315606083212679,0.34099541105913733,0.0,-0.13484208455312519,7.28075391096641,4780.088879830586,1628366,False,0.059,0.139,177730.0
Damion Lee,-2.6450600366603,-2.0627460707573846,-0.5823139659029156,-0.7725194900448942,-0.2899483380229374,-1.0002782426895531,-1.1000769983091676,-0.01823505373137213,0.5359980861376242,0.0,-0.7724635483062384,10.214672853781432,2428.50212887623,1627814,False,,,
Jevon Carter,-2.650428968917174,-2.0337282843838227,-0.6167006845333513,-2.9095958713453456,0.9418651365483203,-0.06599754958679713,-0.4428217542425481,-0.04095270697684679,-0.13292622331395637,0.0,0.7019886566707199,5.858955859373587,7381.5399061872195,1628975,False,0.053000000000000005,0.08365384615384615,159791.0
Jordan Miller,-2.6751205349376432,-0.310287217892093,-2.36483331704555,0.7408093680657253,-0.38594083258701906,-0.6651557533707992,-2.024663288780307,0.13659694071382733,-0.47676696897907017,0.0,-1.3912666142230612,6.789290563375908,5497.16352397661,,True,,,
Collin Sexton,-2.678428074236563,-1.095067101816763,-1.5833609724198,-0.3702000758248345,-0.2614550864787156,-0.4634119395132129,-0.4578590145263008,-0.5002779321456867,-0.6252240257478123,0.0,-1.8503689838854276,4.3475340528058855,13406.108042641503,1629012,False,0.11299999999999999,0.1374776119402985,337825.0
P.J. Tucker,-2.6874670980347233,-2.8002665475019843,0.112799449467261,-2.298891809818909,-0.11665785276128973,-0.3847168849217855,-0.386531555797732,0.285327481172726,0.21400352409226703,0.0,-0.002043732418082256,7.79505941347394,4170.1350822233635,200782,False,,,
Kyshawn George,-2.698839507342161,-3.015624003847541,0.31678449650537954,-2.0409767250852857,-0.7353176194397563,-0.23932965932249886,1.191701826209081,-0.0777343837514377,-0.7971829459522638,0.0,-1.8495646084659567,5.415297019925495,8640.591256310174,1642273,False,0.124,0.213,373401.0
Quentin Grimes,-2.69919810379764,-2.401177530161972,-0.29802057363566736,-1.730993189408462,0.3967046054982518,-1.066888946251762,0.09912500492036785,-0.3148220610589023,-0.08232351749713289,0.0,-1.0673299193095453,3.9084953107262357,16587.054181351712,1629656,False,0.306,0.335,918047.0
Julian Phillips,-2.6998908270081903,-2.073228868639343,-0.6266619583688473,-1.2055846364473517,-0.4070060051102793,-0.46063822708171176,0.12787982322137437,0.2060202337671751,-0.9605620153573968,0.0,-1.6221860137822128,7.472729438423837,4537.628913692639,1641763,False,0.022,0.03887234042553192,66398.0
Reggie Jackson,-2.72542792799256,-2.621342368968527,-0.10408555902403288,-2.3154043627882412,0.6026803813949285,-0.9086183875752145,0.6495153308847916,-0.3499229095355553,-0.4036779803732692,0.0,-1.0595388960891103,6.446010939000656,6098.252019773241,202704,False,,,
Caleb Martin,-2.7379048207302334,-3.8767767249782965,1.138871904248063,-2.4733822595777974,-0.20898546591746622,-1.194408999483033,0.46302990464844673,0.6678942621521293,0.007947737447486933,0.0,-0.7275524658008828,4.735810986663507,11297.939204246999,,True,,,
Jaylon Tyson,-2.741978842125479,-1.4286324398697094,-1.3133464022557695,-1.5500475616195941,-0.5199347827799511,0.6413499045298358,-0.7141342162349014,-0.17607025868280096,-0.4231419273380672,0.0,-0.4777970642709835,5.663077075987382,7901.014991347618,1642281,False,0.179,0.226,537118.0
Keldon Johnson,-2.744423728412566,-1.1992437765633632,-1.5451799518492026,-2.940389950721566,0.7775198144636373,0.9636263596945656,-0.6153507774882578,-0.23612348367294414,-0.6937056906880008,0.0,0.8113169997972578,3.7452700425036376,18064.343130133744,1629640,False,0.245,0.245,736274.0
Spencer Jones,-2.761006035081459,-2.287022943187036,-0.4739830918944232,-1.477060187960037,-0.021648656361526238,-0.7883140988654729,-0.7364230295697949,-0.022923495885406535,0.2853634335607782,0.0,-0.5475228175516275,6.738842853966335,5579.805068082628,1642461,False,0.128,0.164,384319.0
Kyle Anderson,-2.7614461619416204,-3.3009513749883608,0.5395052130467403,-2.191652385102225,-0.007149676787355022,-1.1021493130987803,-0.2617877622907179,0.9615482612987998,-0.16025528596134161,0.0,-0.30800601454867726,4.805520733872311,10972.522975070397,203937,False,0.022,0.041790697674418606,65684.0
Egor Dëmin,-2.7722550798838723,-2.0101690166402726,-0.7620860632435998,-0.7236730404409283,-0.4480485999654017,-0.8384473762339427,-1.887859662594166,0.4236464990910225,0.7021271002595436,0.0,-0.16072237684877833,7.666029699278865,4311.68718857467,1642856,False,0.092,0.145,275789.0
Carter Bryant,-2.789495525467896,-2.5064941646063255,-0.2830013608615706,-0.6242754996588116,-0.6653588098179924,-1.2168598551295213,0.703630286318659,-0.7335506619472453,-0.2530809852329843,0.0,-2.8688503121277433,8.352378661404375,3632.351538686668,1642868,False,0.072,0.083,215403.0
Wesley Matthews,-2.8121815296798474,-2.4962250388076663,-0.3159564908721809,-2.349279220807537,0.4846268269746776,-0.6315726449748071,0.05246974104858171,-0.07717195715065828,-0.29125427477010435,0.0,-0.5153720499208921,10.98735259605517,2099.0621538105156,202083,False,,,
Leaky Black,-2.8131319741623546,-2.7089468572475766,-0.10418511691477811,-2.8093990549933823,-0.11327706824197321,0.2137292659877787,-0.03959932450322923,-0.4172961556717869,0.352710363260238,0.0,0.03586640533425661,11.105343103674251,2054.5823038822155,1641778,False,0.007,0.038,20967.0
Johnny Furphy,-2.816175680354218,-3.194333588577343,0.378157908223125,-2.2756908893168433,-0.14674909350459436,-0.7718936057559055,-0.28465597510060536,0.2862973107284404,0.37651657259529,0.0,-0.2558288159367696,8.969183532916649,3149.789935965963,1642277,False,0.022,0.053,66367.0
Maxi Kleber,-2.8180249253938623,-3.123520111136046,0.3054951857421838,-0.674318939895165,-0.7100419329376578,-1.739159238303223,0.48147078704809376,-0.3323399194128536,0.15636431810694368,0.0,-2.6251767725467907,6.313584392493195,6356.759252632948,,True,,,
Sidy Cissoko,-2.833874794117767,-3.287907045407591,0.45403225128982416,-1.8846594328071673,-0.5508999781054292,-0.8523476344949947,-0.11460291937566205,0.9987437199814335,-0.43010854931594733,0.0,-0.8346124419349379,6.75900518726362,5546.549167719319,1631321,False,0.098,0.108,295466.0
Tre Johnson,-2.8631680744188293,-0.5180115911719207,-2.3451564832469085,-0.6495026974295367,0.643876688280003,-0.512385582022387,-1.0230761005566573,-0.5407497356377291,-0.7813306470525221,0.0,-1.1905892764326351,7.067383126475073,5073.063988039452,1642848,False,0.06,0.084,180797.0
Marcus Sasser,-2.876752088159734,-1.5989719366295496,-1.2777801515301843,-0.1234319920348741,-0.08724411458625493,-1.3882958300084205,-1.0011778051635152,0.6555249906694313,-0.9321273370361004,0.0,-1.7521422909613447,6.777143854480178,5516.888756623064,1631204,False,0.01,0.023,31041.0
Jae'Sean Tate,-2.8864309830803982,-2.986527088774073,0.10009610569367501,-3.5851153756921823,0.06869906215867874,0.5298892247594303,-0.14350880952254952,0.20292033098010887,0.040684584236115665,0.0,0.8421932021343336,6.5784994438178,5855.172404237407,1630256,False,0.01,0.018,29628.0
Jalen McDaniels,-2.886683676409172,-2.5205278142613694,-0.3661558621478027,-2.0646581561010913,-0.34270791653185595,-0.11316174162842221,-0.11185349740574463,0.07953069545872885,-0.3338330602007869,0.0,-0.7101720229023363,9.234237208890425,2971.5664127403306,1629667,False,,,
Bennedict Mathurin,-2.8926866517654766,-2.031072420317179,-0.8616142314482977,-0.9266163966828849,-0.5265986228428047,-0.5778574007914893,-0.10509932108780853,-0.07850177575843555,-0.6780131346020537,0.0,-1.8609709339947833,4.075137108242373,15258.203024476694,1631097,False,0.023,0.03462962962962963,67506.0
Guerschon Yabusele,-2.914569922173938,-2.2380276637704704,-0.6765422584034675,-1.3440454252299137,-0.23156871559554723,-0.6624135229450093,-0.6378033156940836,0.39143852352175174,-0.43017746623113573,0.0,-0.9327211812499405,5.788898722277062,7561.298800047143,,True,,,
Bojan Bogdanovic,-2.9308559850594715,-0.47579490349227094,-2.4550610815672007,0.5401400934048788,-0.1679355268746158,-0.847999470022534,-1.2375029460423415,-1.0231445777857806,-0.1944135577390788,0.0,-2.2334931324220095,7.162104641585402,4939.76493705364,,True,,,
Jay Huff,-3.0097901159309073,-4.0821938085411595,1.0724036926102523,-1.7770606521029886,-0.9009203247456519,-1.4042128316925195,2.6266202869598905,-1.1564703540310564,-0.39774624031858197,0.0,-3.85934975078781,5.657419829964126,7916.817343347388,1630643,False,-0.043,-0.044,-129525.0
Luguentz Dort,-3.04246728249002,-3.1167446399236125,0.0742773574335922,-3.1282652091733203,0.5595249008658773,-0.5480043316161692,0.06531542927653561,0.40469339865465925,-0.39573147049760266,0.0,0.02048249740676461,3.5330676133674292,20299.471901716555,1629652,False,-0.067,-0.081,-201719.0
Ben Sheppard,-3.0437296871114365,-1.2883782729750264,-1.7553514141364102,-2.127152315976188,0.8140519052968842,0.024722137704277503,-1.7061850432976031,-0.28773523031189685,0.2385688594730898,0.0,0.7896076721623546,5.060722769709432,9893.782299808125,1641767,False,-0.049,-0.063,-146627.0
Walter Clayton Jr.,-3.044258775681643,-0.42521160912133205,-2.619047166560311,-0.7289635481353578,-0.23102099332500933,0.5347729323390351,-1.313610361782694,-0.03573562399387192,-1.269701180783745,0.0,-1.0016848657635913,7.128143416331369,4986.945788826605,1642383,False,-0.028,-0.033521739130434776,-84248.0
Kenyon Martin Jr.,-3.0487253166464674,-1.381713006762814,-1.6670123098836533,-1.104069216854932,-0.3662055057685385,0.08856171586065648,-1.086096988956731,-0.25773824616029245,-0.32317707476663,0.0,-0.8585591108348045,6.550319793718084,5905.5787806345625,,True,,,
AJ Lawson,-3.052152710617733,-1.974650759700606,-1.077501950917127,-2.5483006910911405,0.8815085433881577,-0.30785861199762315,-1.0489609055900608,-0.013675976397856282,-0.014865068929210037,0.0,0.5451088860634683,9.586649663217573,2757.1584344413886,1630639,False,-0.003,-0.011000000000000001,-9923.0
Noah Clowney,-3.069691071446527,-2.894974081002644,-0.174716990443883,-0.8344756098654416,-0.3537531642583157,-1.7067453068788871,1.0957784283722105,-0.2957918451169896,-0.9747035736991039,0.0,-3.3309938899532963,5.439061970687317,8565.27982427381,1641730,False,-0.085,-0.106,-256437.0
Bryce McGowens,-3.088272596796514,-2.0071918051344877,-1.0810807916620262,-1.6514481357415804,0.5563855539302167,-0.9121292233231241,-0.29046396036417493,-0.12247804592237774,-0.6681387853754734,0.0,-1.1463605006907587,7.105792324888578,5018.387455742901,1631121,False,-0.032,-0.062,-94610.0
Micah Potter,-3.0904489197176637,-2.759818067773047,-0.3306308519446169,-1.5868819210798275,-0.18800976512769094,-0.9849263815655285,0.4293753821823407,-0.7139103632036864,-0.0460958709232712,0.0,-1.932942380820177,6.938650118828515,5263.068044510985,1630695,False,-0.036,-0.064,-106885.0
Garrison Mathews,-3.110096207291255,-2.7380715512280474,-0.37202465606320756,-1.5817258398463578,-0.18381068586284527,-0.9725350255188442,-0.5491405243769432,0.4239869447351093,-0.24687107642137368,0.0,-0.979229843067954,6.8485092327000565,5402.524205076155,1629726,False,-0.003,-0.017,-8454.0
Royce O'Neale,-3.1215605170788594,-3.0704074421266454,-0.05115307495221416,-1.164952641743339,-0.09450466403267185,-1.8109501363506346,0.4781452051396955,-0.2539716969509523,-0.27532658314095737,0.0,-2.4347530804752164,3.7448808975214845,18068.076259349997,1626220,False,-0.188,-0.197,-563348.0
Anthony Gill,-3.13842350095351,-1.966928891216675,-1.1714946097368353,-0.9268123552202501,-0.3483042746542133,-0.6918122613422115,-1.1623132537895726,-0.07508323220659963,0.0659018762593369,0.0,-1.0492978919436875,6.546148156258228,5913.1085329386115,1630264,False,-0.063,-0.095,-188618.0
Terry Rozier,-3.1649754107846317,-3.00643245832571,-0.15854295245892158,-2.8663552731505835,1.0066834960830278,-1.1467606812581543,-0.27681238566997135,-0.03858688896771129,0.15685632217876105,0.0,-0.021807751964076805,5.170919957506341,9476.585038607573,1626179,False,,,
Keaton Wallace,-3.175379287525808,-3.9021053696383445,0.7267260821125365,-1.7734974210016456,-0.1648940431068966,-1.963713905529802,0.8447754265278953,0.02355419443871748,-0.14160353885407614,0.0,-2.246657293052057,9.329626514918111,2911.1299769994857,,True,,,
Cory Joseph,-3.185035531236556,-2.07864366170891,-1.1063918695276462,-2.293266269889636,0.636137386319905,-0.42151477813917915,-1.217600807719963,0.1003351629060639,0.01087377528625294,0.0,0.32583154637304274,8.054895644221515,3905.4229612332992,202709,False,,,
Klay Thompson,-3.1956901007642573,-1.8675567891243587,-1.3281333116398986,-1.1168758363271467,0.1112171786616449,-0.861898131458857,0.5484653037795785,-1.266951538995768,-0.6096470764237092,0.0,-2.6272795682166894,3.9503493121431763,16237.39689953654,202691,False,-0.166,-0.197,-496510.0
Jamal Cain,-3.2026863129892376,-1.3729139173716216,-1.829772395617616,-1.9754654451244256,-0.4521999776310328,1.0547515053838368,-1.4527358128671422,-0.10715697364139423,-0.2698796091090796,0.0,0.22551494500233016,8.116337229448847,3846.5160248433276,1631288,False,-0.032,-0.067,-95968.0
Gary Harris,-3.2103006554530644,-2.9352780458166974,-0.27502260963636704,-1.647632146416306,-0.39017414288509034,-0.8974717565153011,-1.0217903502476005,0.7638987564741554,-0.017131015862921956,0.0,-0.540878158789158,5.712803689204851,7764.062340808524,203914,False,-0.054,-0.09200000000000001,-162000.0
Troy Brown Jr.,-3.211311706022908,-2.1540925846889447,-1.057219121333963,-1.4076041666047348,0.11058495293433776,-0.8570733710185476,-0.7896150291847245,-0.5385836661142542,0.2709795739650159,0.0,-1.0140925102334484,8.536614558053554,3477.0916190754115,1628972,False,,,
Eric Gordon,-3.2134696072123763,-1.9488905763518094,-1.2645790308605669,-0.11536830125159936,-0.8142988078691537,-1.0192234672310563,-0.3700035440251839,-0.3491212886536949,-0.545454198181688,0.0,-2.728097761935593,5.901173474126431,7276.300810077781,201569,False,-0.001,-0.01,-2296.0
Julian Strawther,-3.234557594438863,-2.3795455604026636,-0.8550120340361997,-1.4018624403963478,-0.31703748751942185,-0.6606456324868941,-0.6004852930791917,-0.4039166346545475,0.14938989369753947,0.0,-1.232209860963324,5.9899372826199935,7062.247789592731,1631124,False,-0.091,-0.132,-274253.0
Ochai Agbaji,-3.249022963614333,-3.497850665236606,0.2488277016222732,-2.1127453300052084,-0.7756336479506865,-0.6094716872807109,1.2345360115181565,-0.6547974752902362,-0.3309108346056471,0.0,-2.3708136451272805,4.941827234549769,10375.578205572461,1630534,False,-0.067,-0.08858064516129033,-201034.0
Drew Eubanks,-3.2863121318666657,-3.4432666524338464,0.15695452056718062,-1.8644389862276787,-0.7226110610405558,-0.8562166051656122,1.07988746872395,-0.24472827958841628,-0.678204668568353,0.0,-2.5017606143629374,5.969819444229311,7109.987126564659,1629234,False,-0.052,-0.102,-156046.0
Ayo Dosunmu,-3.3079838392204364,-2.2479186365268733,-1.0600652026935629,-0.5008708511473821,-0.3565636609829598,-1.3904841243965316,0.08785751761062821,-0.24609707158783894,-0.9018256487163522,0.0,-2.8949705056836827,3.898044051214967,16676.080195504357,1630245,False,-0.163,-0.19752941176470593,-491198.0
Devonte' Graham,-3.319000390514777,-2.2166060341013214,-1.1023943564134555,-2.2016104929251146,0.551386461093174,-0.5663820022693806,-0.8246766801603949,-0.005129175161913746,-0.27258850109114685,0.0,-0.2927132174292672,9.512168216416706,2800.4535919719237,1628984,False,,,
Josh Richardson,-3.3262526209979955,-2.4237031263128896,-0.9025494946851059,-0.8242876793529883,-0.30261476590012715,-1.2968006810597739,-0.7325677173712484,0.3929319228354645,-0.5629137001493221,0.0,-1.7693972242737588,8.079924400003167,3881.2605889706692,1626196,False,,,
Dennis Schroder,-3.3557077201362837,-1.9221981515692497,-1.4335095685670338,-0.7998412571165088,0.36300810264091754,-1.4853649970936584,-0.3662676850443418,-0.3782297508926401,-0.6890121326300519,0.0,-2.1895987779754327,3.752779679079321,17992.076745204817,,True,,,
Kevin Knox II,-3.3864962662222315,-2.0349934401425407,-1.3515028260796909,-1.3743131960026687,0.1837479843815226,-0.8444282285213947,-1.6563558209739693,-0.0751642100070036,0.380017204901282,0.0,-0.3558272492455936,11.150091310424486,2038.1273139283282,1628995,False,,,
MarJon Beauchamp,-3.429337104612862,-3.153063423003008,-0.27627368160985355,-1.4079501233334544,-0.6972230366313326,-1.0478902630382212,0.25661366503587524,-0.14209733215290252,-0.3907900144928263,0.0,-2.2780006463152827,9.975616169609427,2546.308925188093,1630699,False,-0.009,-0.052,-26809.0
Vit Krejci,-3.441536679386762,-2.199600205443357,-1.241936473943405,-1.5200066697087584,-0.3145821226592711,-0.36501141307532764,-1.2574424533388766,-0.13684217862034964,0.15234815801582136,0.0,-0.6640875563391271,5.393207234640887,8711.515557238155,,True,,,
Jeremiah Fears,-3.4479420575211166,-1.7316208067592584,-1.7163212507618582,-2.2171129332166117,0.15899805278091353,0.3264940736764399,-1.5758837981769207,0.14936258927751195,-0.28980004186244945,0.0,0.34505467387241595,5.85001797563713,7404.157680070955,1642847,False,-0.582,-0.582,-1746810.0
Shake Milton,-3.470396934546214,-2.244014297902901,-1.2263826366433126,-1.431988703137643,0.3058750126551536,-1.1179006074204114,-0.9546099975447858,-0.005623459389912752,-0.266149179708614,0.0,-1.0837982338637846,7.400722314800929,4626.361680326361,1629003,False,,,
Taurean Prince,-3.474879570305775,-1.9522305624691367,-1.5226490078366384,-0.5942343485077153,0.00868411563762373,-1.366680329599045,-1.1213143011727276,0.1922899217424317,-0.5936246284063424,0.0,-1.759330920625332,4.606479353466623,11941.241577661702,1627752,False,-0.056,-0.178,-168885.0
Taylor Hendricks,-3.477532116635598,-3.072100813916214,-0.4054313027193842,-2.088551903036267,-0.5996574223324166,-0.3838914885475302,-0.7057421535802629,0.7662378317615746,-0.46592698090069584,0.0,-0.6832380600190681,6.88414769425751,5346.75725901698,1641707,False,-0.11699999999999999,-0.1626271186440678,-351198.0
Brice Sensabaugh,-3.4850408349012323,-0.624891960766675,-2.8601488741345573,1.026423783139535,-0.25344635659740145,-1.3978693873088086,-1.9575760769325454,-0.31491665742935565,-0.587656139772656,0.0,-2.5538885411082215,4.927086565652409,10437.760606115553,1641729,False,-0.473,-0.524,-1417671.0
Cam Whitmore,-3.4899996149595878,-2.1916213589413855,-1.2983782560182022,-2.3835927654174403,-0.21767474060648395,0.40964614708253844,-0.8345421671839282,0.11792637341494427,-0.5817624622492185,0.0,-0.2718646823582197,7.725161650226049,4245.948760802403,1641715,False,-0.027,-0.107,-82310.0
Marcus Morris Sr.,-3.491286806247131,-1.5295981405529822,-1.9616886656941488,-0.8900277443233455,0.4019064736243916,-1.0414768698540282,-1.5668520834547115,-0.6306401880492297,0.23580360580979232,0.0,-1.034406978469074,8.200016657388172,3768.4176711549244,202694,False,,,
Ziaire Williams,-3.501309094212379,-3.482437263062362,-0.0188718311500167,-2.085806578541405,-0.5274088685977335,-0.8692218159232236,-1.1752373915625332,1.2561995419677872,-0.0998339815552707,0.0,-0.24026512410844061,4.959106191635257,10303.431730975317,1630533,False,-0.268,-0.39300000000000007,-805307.0
Buddy Hield,-3.5312213794829743,-2.1549336383516398,-1.3762877411313343,-2.0061857336507165,0.2252583325975677,-0.37400623729849103,-0.6921288456481243,0.1182312401576367,-0.8023901356408467,0.0,-0.8329068001841333,4.2429324335859,14075.31172821853,1627741,False,-0.136,-0.2197450980392157,-409415.0
Bilal Coulibaly,-3.558387945248957,-2.9408363498412373,-0.6175515954077198,-1.91679747096843,-0.602660359349101,-0.42137851952370636,-0.44371242448531806,0.5261162283134222,-0.699955399235824,0.0,-1.197878049795209,4.622698011455841,11857.596634173598,,True,,,
Ja'Kobe Walter,-3.5697801438665113,-3.272961659258038,-0.2968184846084736,-2.2571903653522094,0.41591111016597626,-1.4316824040718046,-1.3171028121840629,1.1024710873197012,-0.08218675974411194,0.0,0.0045130336697609685,5.49779778607637,8383.231461576048,1642266,False,-0.449,-0.512,-1347540.0
Jaylen Nowell,-3.5762658450487583,-1.811519500764904,-1.764746344283854,-1.4847555752220163,0.4526997409083734,-0.7794636664512613,-1.3735704637990918,0.006053980507304171,-0.39722986099206625,0.0,-0.7179398060276501,10.488858648061704,2303.1963217252405,1629669,False,,,
Danny Wolf,-3.5807319392634898,-4.527195195088297,0.9464632558248076,-3.8429384018149397,-0.5312177509119901,-0.15303904236136784,0.7662512505286667,-0.5780695923767347,0.7582815976728756,0.0,-0.504044787977217,7.991650998849891,3967.4876171385868,1642874,False,-0.29,-0.417,-870189.0
Dalen Terry,-3.615545557789749,-4.353652272539961,0.7381067147502117,-3.762616869478774,0.09118521240069566,-0.6822206154618828,-0.07575341204977143,0.675775394978349,0.13808473182163417,0.0,0.22282472373879603,6.797635593328112,5483.701359871362,1631207,False,-0.06999999999999999,-0.12024999999999998,-211691.0
Jerami Grant,-3.6187395171140873,-1.5083166900241065,-2.1104228270899807,-0.7491035970392077,-0.10290842266720823,-0.6563046703176906,-1.0431939804936687,-0.24918212170456147,-0.8180467248917506,0.0,-1.826441939581211,4.172638690421612,14553.459235256163,203924,False,-0.442,-0.636,-1325934.0
Cam Thomas,-3.6288661450730832,0.6483115266005445,-4.277177671673628,-0.5599648982786126,0.7133154250555362,0.49496099982362085,-2.288474007655749,-0.848158007335105,-1.1405456566827739,0.0,-0.7804272391387218,5.410836241953765,8654.871319308728,1630560,False,-0.09,-0.1752857142857143,-269449.0
Jordan Poole,-3.632905593978454,-2.249113371891328,-1.3837922220871262,-0.9246480645959321,0.09323710706146421,-1.4177024143568602,-1.0509732521393254,0.06731252416268674,-0.40013149411048754,0.0,-1.657284277243197,4.096005228045193,15103.112586863397,1629673,False,-0.169,-0.356,-508088.0
Pete Nance,-3.6369535645957694,-2.4446613281670286,-1.1922922364287405,-0.7419327795388242,-0.46956854291325933,-1.2331600057149454,-0.4015524005473802,-0.7253240230995645,-0.06541581278179592,0.0,-2.493468384509565,9.340511053144349,2904.350926854651,,True,,,
Pat Connaughton,-3.7047690349133715,-3.006394911062254,-0.6983741238511179,-2.315334966767767,0.0852959574240578,-0.7763559017185443,-0.5636410867729823,-0.3071195693203672,0.1723865322422316,0.0,-0.8257929813726221,5.865542805079068,7364.973463741303,1626192,False,-0.065,-0.128,-196476.0
Jalen Wilson,-3.733140722033183,-2.1080074754486477,-1.6251332465845354,-2.2903623417073655,0.10494759212507287,0.07740727413364529,-2.071921871201798,0.15561033669205465,0.29117828792520795,0.0,0.6291434908759808,5.6196039459631875,8023.730151065678,1630592,False,-0.249,-0.379,-748092.0
Tristan Thompson,-3.741846539992499,-3.756709301263274,0.014862761270775113,-4.246567592990846,-0.49974775958795625,0.9896060513155285,0.7396400257985472,-0.8163178163779707,0.0915405518501987,0.0,-0.2349189728001998,10.839077589252826,2156.765410293635,202684,False,,,
Orlando Robinson,-3.749012080871275,-3.315590150332137,-0.43342193053913775,-4.460157169057125,-0.5548132885358994,1.6993803072608877,-0.37366325305816034,-0.1811525675343068,0.12139389005332939,0.0,1.0848083412440108,9.894026174520953,2588.4590114743814,1631115,False,-0.001,-0.011,-1609.0
Nikola Jovic,-3.772572685637799,-3.3501670280083475,-0.4224056576294512,-1.112504279597427,-0.36446573748206,-1.8731970109288607,0.6789942003659852,-0.2635134968824541,-0.8378863611129823,0.0,-3.339062606406357,6.0178319929688735,6996.926703273103,,True,,,
Tristan Vukcevic,-3.7766356905129834,-3.033855349318645,-0.7427803411943381,-0.8705763439481523,-0.7273362097882775,-1.4359427955822153,0.34147597984716427,-0.419205163700664,-0.6650511573408383,0.0,-3.247535326411995,8.11595991187771,3846.871386647417,,True,,,
Chris Duarte,-3.778148166773277,-3.079492005152624,-0.6986561616206528,-2.6064177827172,-0.43650110032592504,-0.036573122109498896,-0.6936796854647301,-0.04421213841654964,0.03923566226062691,0.0,-0.47805069859134663,9.700661039847889,2692.6817573535764,1630537,False,,,
Jase Richardson,-3.787625143506585,-2.2292717063234555,-1.5583534371831296,-1.3169094200638491,0.02343880700440089,-0.9358010932640075,-1.3810450404859713,0.12407266198271788,-0.30138105867987625,0.0,-1.0896706829567648,11.17400657877226,2029.4263634031086,1642859,False,-0.186,-0.282,-558029.0
Trendon Watford,-3.7881225760118564,-2.749858289773256,-1.0382642862386002,-0.5397917290536283,-1.1029242684507339,-1.107142292268894,0.05406877443498098,-0.7368604982046687,-0.3554725624689126,0.0,-3.302399621393209,5.693888195302979,7815.738254124686,1630570,False,-0.263,-0.406,-787914.0
Ace Bailey,-3.823849083778628,-1.9855375152370984,-1.8383115685415297,-2.3667441780013525,0.7685895668431114,-0.3873829040788574,-0.6538475550778178,-0.2881978504738353,-0.8962661629898766,0.0,-0.8032573506994578,5.950390205503287,7156.431597795849,1642846,False,-0.851,-0.9700000000000001,-2553933.0
Zaccharie Risacher,-3.8249100925365833,-3.1473181547406965,-0.6775919377958868,-2.7214514478034078,-0.5739071463968123,0.14804043945952333,-1.0907879878185045,-0.013636814963154865,0.42683286498577266,0.0,-0.012670656914671174,5.146761921189777,9565.797124769757,,True,,,
Justin Holiday,-3.8286060975985574,-3.123544400516936,-0.7050616970816213,-2.460115320615486,0.4394122247907857,-1.1028413046922356,-0.36432504361484525,0.07379142932201505,-0.414528082788791,0.0,-1.004165733368226,9.01774034255527,3115.979402237902,203200,False,,,
Jamison Battle,-3.9042351192482814,-2.651219256750778,-1.253015862497503,-1.1886254082631453,-0.15301136286020126,-1.3095824856274318,-0.3193130302232299,-0.7325996786474906,-0.2011031536267825,0.0,-2.3962966807619064,7.596126791524866,4391.400296834506,1642419,False,-0.208,-0.28,-625032.0
Russell Westbrook,-3.904897359471824,-2.144778038538205,-1.760119320933619,-1.532362340161649,-0.518461604792796,-0.09395409358376003,-1.008531935012458,0.08014611828123894,-0.8317335042024,0.0,-1.364003084297717,3.809998718112941,17455.72020966163,201566,False,-0.759,-0.988,-2278061.0
Zeke Nnaji,-3.943180070287907,-4.190933593454495,0.2477535231665875,-3.4174680870209517,-0.7884109844524436,0.014945478018900726,1.2471670501219614,-0.18753911308893018,-0.8118744138664438,0.0,-1.7728790333889168,6.855547564086575,5391.648386827015,1630192,False,-0.22,-0.3469999999999999,-659439.0
Jalen Green,-3.9532256342031973,-2.179404229162541,-1.7738214050406564,-1.499206555887175,0.19344949610106366,-0.8736471693764295,-0.5382158399634149,-0.6501014072893075,-0.585504157787934,0.0,-1.9158032383526074,3.883436601415083,16801.81139738221,1630224,False,-0.182,-0.465,-544621.0
Brandon Williams,-3.9613260942503397,-1.8679129915068637,-2.093413102743476,-1.1457779118004168,0.5345067944965242,-1.2566418742029712,-1.8270422428665207,0.016507461328991196,-0.28287832120594664,0.0,-0.9885059395834026,6.078854955988404,6857.2467362885545,1630314,False,-0.673,-0.836,-2018362.0
Cedi Osman,-3.98315395768096,-2.3137710220427485,-1.6693829356382117,-1.1910505096559836,0.19971997095717697,-1.322440483343942,-1.6023400021846734,0.2500050015176576,-0.3170479349711959,0.0,-1.1897634458403035,8.098946742011838,3863.0545596851134,,True,,,
Terrence Shannon Jr.,-3.987146444921802,-1.137445652832517,-2.849700792089285,-0.8376650477039517,0.251036160489702,-0.5508167656182672,-2.7356490121988646,-0.17621029005382693,0.062158510163406164,0.0,-0.41383238501898595,8.395304336059205,3595.132747171339,1630545,False,-0.168,-0.321,-504811.0
Bruce Brown,-3.9959584988679744,-2.415084454763795,-1.5808740441041793,-1.911822243331156,-0.3438840081799167,-0.15937820325272195,-1.482531420955583,-0.11103736726077423,0.012694744112178094,0.0,-0.6016048345812348,4.068508397864468,15307.961977048473,1628971,False,-1.17,-1.17,-3510679.0
Lonnie Walker IV,-4.0200139429343995,-2.5516171457644132,-1.4683967971699863,-2.0194948239689565,0.06421961236964066,-0.5963419341650973,-0.47437021041268274,-0.45418931221270836,-0.5398372745445952,0.0,-1.5261489085527602,7.392578624922338,4636.578710487849,1629022,False,,,
JT Thor,-4.024899653071009,-3.831664910354017,-0.1932347427169923,-3.035119705512477,-0.11609503839988171,-0.6804501664416589,0.3052609984328706,-0.12321692462018204,-0.37527881652968087,0.0,-1.2950409459914036,9.876777731553062,2597.521624670184,1630550,False,,,
Caleb Houstan,-4.09444894871136,-3.19278434431506,-0.9016646043962997,-2.143733490154707,0.0009240369048803751,-1.0499748910652333,-0.4056548996630062,-0.13195930844389742,-0.364050396289396,0.0,-1.5450605588936464,8.134444046129955,3829.4389245108796,1631216,False,-0.011,-0.05,-33035.0
Tyus Jones,-4.1020298446354975,-2.545890657362571,-1.5561391872729267,-1.8318367208536361,1.3307318717853474,-2.0447858082942822,-0.8700203848614181,-0.05374625044280293,-0.6323725519687057,0.0,-1.4001727389204435,4.329968448157352,13515.063916652141,1626145,False,-0.29000000000000004,-0.3601060606060606,-870242.0
Keyonte George,-4.117266192561755,-0.6485413468279023,-3.4687248457338526,-0.0576874651405469,-0.37928751687686424,-0.21156636481049115,-1.717181172248804,-0.974946202615374,-0.7765974708696745,0.0,-2.342397555172404,4.3359024419429675,13478.099513666519,1641718,False,-0.777,-1.18,-2332129.0
Will Barton,-4.12095578232299,-3.15195943977901,-0.9689963425439801,-2.274852880218339,-0.05178738502319999,-0.8253191745374705,-0.8962716545128422,-0.04186607617796488,-0.03085861185317311,0.0,-0.9498312475918085,10.88762018351168,2137.578883431273,203115,False,,,
Malachi Flynn,-4.130904049322586,-2.816620247026788,-1.3142838022957988,-2.9182396241920214,0.42406700347194837,-0.3224476263067148,-0.7156136411453214,-0.024007869636681063,-0.5746622915137962,0.0,-0.4970507839852437,10.851901914806518,2151.67068044429,1630201,False,,,
Markelle Fultz,-4.1585993586558505,-3.6011557361375255,-0.5574436225183248,-2.8443781891209783,-0.18192943111729748,-0.5748481158992496,-0.7723768162799031,0.34456088360917053,-0.1296276898475923,0.0,-0.5418443532549687,8.208393820514999,3760.720864170715,1628365,False,-0.002,-0.025,-4605.0
Killian Hayes,-4.1628425875464465,-3.635197499340411,-0.5276450882060353,-2.6414358122142865,-0.10084770043390667,-0.8929139866922178,-0.6945872822142923,0.5691518315639831,-0.4022096375557261,0.0,-0.8268194931178674,6.538200507396555,5927.491325739507,,True,,,
Amir Coffey,-4.176552770190398,-2.3964442668849646,-1.7801085033054331,-1.5513153164649363,-0.3366672606561184,-0.50846168976391,-0.6467051420571293,-0.5209854924190269,-0.6124178688292768,0.0,-1.978532311668332,5.334899898976102,8902.97431267444,1629599,False,-0.097,-0.17426086956521739,-293412.0
Olivier-Maxence Prosper,-4.233734390848802,-3.567563151928113,-0.6661712389206895,-2.0170206423577888,-0.6096078023658794,-0.9409347072044448,-0.6497541803608211,0.789943179296962,-0.8063602378568304,0.0,-1.5669595681301927,6.871432813001137,5366.545684839142,1641765,False,-0.46,-0.711,-1379216.0
Taj Gibson,-4.2403154481432015,-4.5109412563740054,0.2706258082308038,-4.54071075529501,-0.32674707901139755,0.3565165779324021,0.4470254668304754,-0.5671993607017609,0.3907997021020893,0.0,-0.14663015967866705,10.256391613082608,2408.808774046621,201959,False,-0.008,-0.067,-24674.0
Andre Jackson Jr.,-4.244635249989003,-4.206637976926261,-0.037997273062741754,-3.025086017038695,-1.0542553798398788,-0.12729658004768724,-0.8985068570218088,0.5489727164783804,0.3115368674806866,0.0,-0.3210423759284991,7.587074946172445,4401.891178761523,1641748,False,-0.178,-0.304,-534632.0
Justin Edwards,-4.285709714201012,-1.9753318976656744,-2.3103778165353375,-0.42929295143166357,-0.1459240734829272,-1.4001148727510837,-2.830522768085417,0.5347196258252533,-0.014574674275174171,0.0,-1.0258939946839318,6.29142671315518,6401.614894478325,1642348,False,-0.564,-0.734,-1691384.0
David Roddy,-4.303368863209945,-3.197747482674601,-1.1056213805353445,-1.9028181299060187,-0.6238174095355135,-0.6711119432330687,-0.6982603965652299,-0.25049285206965444,-0.15686813190046028,0.0,-1.7022903367386968,8.082825633438652,3878.474874543916,1631223,False,-0.003,-0.05600000000000001,-10264.0
Chuma Okeke,-4.306139854793227,-3.6290465462706907,-0.6770933085225364,-3.794895357096924,-0.11983153126483378,0.2856803420910673,-0.14702562565577476,-0.30739514836950266,-0.22267253449725893,0.0,-0.36421887204052805,10.178972686941915,2445.56705313352,1629643,False,,,
Jeremiah Robinson-Earl,-4.3096608607912135,-2.5472540879912775,-1.7624067727999362,-3.233195860514618,-0.4392700830505709,1.1252118555739115,-1.1772532339147517,-0.7428938199618352,0.15774028107665067,0.0,0.10078823363815598,6.721237252128251,5609.0455179290775,1630526,False,-0.052000000000000005,-0.19359090909090912,-156149.0
Max Christie,-4.320506258254538,-3.1361091090882827,-1.1843971491662555,-1.6824063526971236,-0.18783758104407264,-1.2658651753470862,-0.06555752670562665,-0.5902865640356169,-0.5285530584250119,0.0,-2.5725423788517876,4.216448614557211,14252.646876976592,1631108,False,-1.625,-1.7300000000000002,-4874377.0
Maxime Raynaud,-4.369881597514777,-1.43146764519987,-2.938413952314907,0.2250836216670249,0.01634383344880333,-1.6728951003156982,-1.6837500266833145,-1.4116185301756838,0.15695460454409133,0.0,-2.9112151924984873,6.049126100187503,6924.7200675760105,1642875,False,-1.405,-1.578,-4213883.0
Dalano Banton,-4.373832178753531,-3.3205943987819597,-1.0532377799715718,-2.3944680131006986,-0.2805482254260757,-0.6455781602551856,-0.1431058293510685,-0.4015346079150104,-0.5085973427054928,0.0,-1.8362583363017646,7.2887972573904625,4769.578480761012,1630625,False,-0.002,-0.03133333333333333,-6865.0
Reed Sheppard,-4.379990613146733,-2.6682693485727897,-1.711721264573943,-1.4689358537569515,-0.021514336489498673,-1.1778191583263393,-0.8822943819480351,-0.0038783514865761842,-0.8255485311393317,0.0,-2.028760377441746,5.1966229923952385,9383.152975293657,1642263,False,-1.708,-1.729,-5123030.0
Yves Missi,-4.381755240580678,-3.8326945145687183,-0.54906072601196,-5.027893353542865,-0.36382373033985804,1.5590225693140047,0.08749742958762496,-0.9109608016578882,0.2744026460583033,0.0,0.5586406833745616,5.407069793691919,8667.666836305742,1642274,False,-0.852,-1.058,-2554610.0
Corey Kispert,-4.422686696498019,-2.0233718040190576,-2.399314892478961,-1.1013454444690451,-0.013667648126196818,-0.9083587114238159,-1.0174731889594377,-1.1150184190325572,-0.2668232844869661,0.0,-2.303868063069536,4.382924128637642,13190.450472537144,1630557,False,-0.349,-0.5015263157894736,-1045278.0
James Wiseman,-4.434148496230623,-3.084174551249213,-1.3499739449814099,-1.532903183002721,-0.8200010636780273,-0.7312703045684646,-0.4182191443999665,-0.834077880734465,-0.09767691984697846,0.0,-2.4830261688279354,10.022672532012338,2522.440861074012,1630164,False,-0.002,-0.05,-7345.0
Caleb Love,-4.436410026023507,-2.364876908616135,-2.071533117407373,-1.6981739806967233,0.16648065359690695,-0.8331835815163185,-1.6058837908112518,-0.29869602421315833,-0.16695330238296244,0.0,-1.1323522545155325,8.58947558844934,3434.446957183442,1631126,False,-0.518,-0.867,-1555102.0
Pat Spencer,-4.454715916433523,-2.063863351402218,-2.390852565031305,-1.3877798712452243,-0.6608076383744501,-0.015275841782543764,-2.531800219974138,0.5834104514109285,-0.44246279646809544,0.0,-0.5351358252141609,7.086929213306657,5045.116668305487,,True,,,
Scoot Henderson,-4.463923641947051,-2.5881054817321196,-1.8758181602149318,-1.8521135385197267,-0.5454552652275276,-0.19053667798486518,-1.0574664934608262,0.057705646179062514,-0.876057312933168,0.0,-1.5543436099664985,5.15932066263222,9519.242326308029,1630703,False,-0.235,-0.643,-706063.0
Isaiah Livers,-4.51851177677123,-2.952074337405949,-1.5664374393652807,-1.9108456347939404,-0.3515911410715168,-0.6896375615404917,-1.196850006792964,-0.1651129443195941,-0.2044744882527224,0.0,-1.4108161351843251,9.15338622519309,3024.3936961640084,1630587,False,-0.137,-0.313,-412078.0
Reggie Bullock,-4.526078375458579,-2.524182295994133,-2.001896079464446,-1.5021269123736636,0.15962048850280455,-1.181675872123274,-1.483160957848003,-0.4067299578028533,-0.11200516381358983,0.0,-1.5407905052369126,8.008304847384347,3950.992860087784,203493,False,,,
Kam Jones,-4.601352575202692,-2.8993190192393206,-1.7020335559633717,-0.8368803584781362,-0.6451874797014526,-1.4172511810597317,-1.1338121008454682,-0.1788009648854147,-0.38942049023248876,0.0,-2.6306601158790874,10.522550845844583,2288.5141435949463,1642880,False,-0.248,-0.565,-744455.0
Dalton Knecht,-4.601866991375314,-1.6865392958831729,-2.9153276954921408,-1.1508208820917372,0.24709787101607647,-0.7828162848075123,-0.6675281017358521,-0.7963613044959378,-1.451438289260351,0.0,-2.7835180075477246,7.115872007920258,5004.265706810219,1642261,False,-0.343,-0.521,-1029276.0
Sharife Cooper,-4.653686134848009,-2.1462960055457647,-2.5073901293022436,-1.569673311013829,0.1509180762173401,-0.7275407707492757,-1.530891272509161,-0.2517908031905546,-0.7247080536025279,0.0,-1.553121551325018,9.809921064176413,2633.036883890315,,True,,,
Jeremy Sochan,-4.666510747732945,-3.8240724900906673,-0.8424382576422771,-2.4187658220041377,-1.2881705398476049,-0.1171361282389248,-1.2489851931362939,0.27255317700545223,0.13399375848856449,0.0,-0.9987597325925128,5.339132880151972,8888.857807166758,1631110,False,-0.143,-0.26636363636363636,-428392.0
Brandon Boston Jr.,-4.7250362754313295,-3.2772571938528894,-1.4477790815784402,-2.043367221732705,0.24752697092502787,-1.4814169430452122,-0.8683587849306723,-0.01500361349962847,-0.5644166831481394,0.0,-1.8133102687679523,8.958977970407055,3156.9703998587065,1630527,False,,,
Evan Fournier,-4.74470787848518,-3.924592908590018,-0.820114969895162,-3.1375593427406985,0.31249331851413564,-1.0995268843634556,-0.7112179961285001,0.23745814797585035,-0.34635512174251226,0.0,-0.8959305396159818,10.153118382137214,2458.0379369105576,,True,,,
Nick Richards,-4.765935791851326,-3.436384112559367,-1.3295516792919586,-2.23344209631623,-1.7650223900976545,0.5620803738545175,0.5779035079902146,-1.488002866585243,-0.4194523206969302,0.0,-3.1103972035253102,5.3822500436013145,8747.07550621319,1630208,False,-0.199,-0.34836170212765954,-598876.0
Johnny Juzang,-4.848267799064306,-3.4582263704499643,-1.3900414286143414,-2.8185977080737885,-0.211118450252646,-0.4285102121235296,-0.45123257019848306,-0.7756513832530171,-0.16315747516284118,0.0,-1.5784375207920336,8.050100779227108,3910.085777699921,1630548,False,-0.022,-0.089,-65180.0
DaQuan Jeffries,-4.850736068400389,-3.447903375438969,-1.4028326929614194,-2.9465281094943236,0.1328854212714875,-0.6342606872161329,-0.3847560218502739,-0.6504237441722592,-0.36765292693888607,0.0,-1.5194519370557908,9.726246779560363,2678.5553678938713,1629610,False,-0.002,-0.067,-7342.0
Tyrese Martin,-4.875440354653842,-3.9706702952867508,-0.9047700593670904,-3.48224521280025,-0.08175810117088535,-0.4066669813156153,-1.4428830444484337,0.2789401875060622,0.2591727975752811,0.0,0.04968790259484268,6.8960169261299,5328.372764487786,1631213,False,-0.35100000000000003,-0.6245,-1051132.0
Jaden Ivey,-4.890178519925291,-3.2029739530684296,-1.6872045668568616,-1.9186505361442672,-0.6532556900532529,-0.6310677268709095,-0.8874274886220959,-0.5150101475889319,-0.28476693064583375,0.0,-2.084100495158928,5.274215889210644,9109.019254214185,1631093,False,-0.23900000000000002,-0.5438888888888889,-716392.0
Ousmane Dieng,-4.909531146085381,-4.249720371256874,-0.6598107748285077,-3.2683236677549843,-0.34774660144117175,-0.6336501020607176,-0.8905149053270561,-0.5817279868999463,0.8124321173984949,0.0,-0.7506925730033408,6.583884253303407,5845.519422372363,,True,,,
Tidjane Salaün,-4.9746032321425595,-4.445095344083477,-0.5295078880590832,-2.869274516160696,-1.4163388677104078,-0.15948196021237276,-0.12537052916383062,-0.6506603237450146,0.246522964849762,0.0,-1.9799581868180334,7.532004556679128,4466.491113777898,,True,,,
Cody Williams,-4.986481927725692,-4.135494009757766,-0.8509879179679262,-1.4995141245741768,-0.33612692931579724,-2.299852955867792,-0.30458980284568354,-0.27455038053671055,-0.271847734585532,0.0,-3.182378000305832,5.498398621569545,8381.383728778595,1642262,False,-1.541,-1.887,-4624419.0
Jaden Hardy,-4.992165024769901,-3.0268435181513316,-1.965321506618569,-1.770363790987894,-0.3486380546948762,-0.9078416724685616,-1.1879919708286444,-0.7519846605357287,-0.025344875254195993,0.0,-2.0338092629533624,5.858029318401798,7383.91209182441,1630702,False,-0.361,-0.5197894736842106,-1083662.0
Jeff Green,-4.993921979180133,-2.798930218394049,-2.194991760786084,-1.9885335181280692,-0.2380884895670233,-0.5723082106989565,-0.8980234487768578,-0.9578628586038166,-0.3391054534054094,0.0,-2.107365012275206,6.6961321807738,5651.196490328068,201145,False,-0.073,-0.20700000000000002,-220130.0
Kyle Kuzma,-5.020723516571151,-3.1179254703654853,-1.9027980462056657,-1.1449165899159104,-0.010360751240215144,-1.9626481292093598,-1.0506031485711271,-0.6431077037822551,-0.20908719385228347,0.0,-2.8252037780841133,3.873463360863994,16888.39979025854,1628398,False,-1.782,-2.117,-5345391.0
Cam Reddish,-5.0288395567252575,-4.030953453421968,-0.9978861033032895,-2.2904089907305396,-0.18216203962256303,-1.5583824230688652,-1.0846061349406622,0.3207815278238306,-0.23406149618645805,0.0,-1.6538244310540555,8.020009661070738,3939.469506463816,1629629,False,,,
Bismack Biyombo,-5.05548059552163,-5.660893359366271,0.60541276384464,-3.575161380343846,-1.2338780921177133,-0.8518538869047114,1.8202378871430593,-1.0502317798158307,-0.16459334348258858,0.0,-3.300557102320844,7.983352526844873,3975.7316775916624,,True,,,
Will Riley,-5.111205129183212,-1.5943585565203549,-3.516846572662857,-0.8724922710315088,-0.4371694511546913,-0.28469683433415466,-2.9274420655100473,-0.3025775276287756,-0.28682697952403413,0.0,-1.3112707926416558,6.56088648750154,5886.574444931513,1642860,False,-1.792,-2.013,-5377238.0
KJ Simpson,-5.135201934658601,-4.016731489161099,-1.1184704454975014,-3.0941287325678486,-0.7355908005414987,-0.18701195605175167,-1.099713437528063,0.2755618232456056,-0.294318831215044,0.0,-0.9413597645626888,9.69122193946875,2697.9278731338263,1642354,False,-0.051000000000000004,-0.211,-154415.0
Gary Trent Jr.,-5.253623791316592,-1.9271879883426215,-3.32643580297397,-1.0918550183056912,0.4942534702282937,-1.329586440265224,-2.611311250333636,0.2641068603271314,-0.9792314129674652,0.0,-1.550457522677264,4.123078080864133,14905.446648223751,1629018,False,-1.432,-1.807,-4296850.0
Jordan Nwora,-5.412274745291457,-3.412440038456026,-1.9998347068354305,-2.182568377658906,-0.6289966925596473,-0.6008749682374727,-1.4881376918825604,-0.3926398793707431,-0.11905713558212694,0.0,-1.7415686757499897,9.583854800206938,2758.7157522625216,1629670,False,,,
Kobe Brown,-5.428548011943184,-2.8401252969049513,-2.588422715038233,-1.9028960530599923,-1.2494356520094445,0.3122064081644854,-1.678425194227125,-0.8106289793380159,-0.09936854147309176,0.0,-1.847226764656067,7.4584230318459035,4555.0550485483345,1641738,False,-0.491,-0.6597868852459017,-1472236.0
Vasilije Micic,-5.505472669202571,-3.4910350922357187,-2.014437576966852,-1.7108573047565367,-0.8262286237021552,-0.953949163777027,-0.9719434235532433,-0.18429738943225094,-0.8581967639813578,0.0,-2.822671940892791,8.857212191937498,3229.931544528946,,True,,,
Doug McDermott,-5.539772966274402,-3.0412479255433382,-2.4985250407310637,-2.601664665102173,0.10750950728370542,-0.5470927677248708,-0.33890753003867974,-1.1795725454163226,-0.9800449652760612,0.0,-2.599200771133549,6.810693880406871,5462.691102808152,203926,False,-0.231,-0.653,-692825.0
Malaki Branham,-5.548207791266009,-4.18722495180827,-1.360982839457739,-2.631564721623186,-0.6206643054908876,-0.9349959246941967,-0.557483887779431,-0.5419208690110257,-0.2615780826672823,0.0,-2.3591591818633924,6.794231345031021,5489.198960884825,1631103,False,-0.128,-0.404,-384224.0
Jonathan Mogbo,-5.556415097496782,-5.414485878480232,-0.14192921901654965,-4.037683102794914,-1.0715163243996981,-0.30528645128561893,-0.3322950802020548,0.46153554845547595,-0.2711696872699708,0.0,-1.186436914499812,8.230745480714262,3740.3240844922775,1642367,False,-0.179,-0.377,-538491.0
Gradey Dick,-5.634593809280107,-3.037567094684368,-2.5970267145957386,-1.4465345896398956,-0.5121112751843936,-1.0789212298600785,-1.8509561467165792,0.41836453825355624,-1.1644351061327156,0.0,-2.3371030729236315,5.357714529754009,8827.340930921568,1641711,False,-1.508,-1.627,-4522994.0
Patrick Williams,-5.658053157691214,-5.529821038129107,-0.12823211956210656,-4.134938023224546,-0.5914575570402311,-0.8034254578643301,-0.7434993045717131,0.3059052755440062,0.3093619094656003,0.0,-0.7796158298949547,4.486112530504858,12590.624478094573,1630172,False,-1.984,-2.292,-5953434.0
Keon Johnson,-5.744651465562905,-4.349972571687026,-1.394678893875879,-3.328168796368133,-0.32666801668696643,-0.6951357586319264,-1.3614942092996594,0.08975957804142706,-0.12294426261764671,0.0,-1.0549884598951125,7.143756250521441,4965.173011760609,1630553,False,,,
Rob Dillingham,-5.780952986944062,-4.7863086041320075,-0.9946443828120539,-3.449223700255354,-0.4401190588014947,-0.8969658450751586,0.3072724103574247,0.2728204066691335,-1.5747371998386122,0.0,-2.6390016970461323,7.2906613877622455,4767.0952427461925,1642265,False,-0.605,-0.77571875,-1816676.0
Nolan Traore,-5.871183812371619,-2.933052988494774,-2.938130823876845,-1.9689108752084126,-0.3252574521847462,-0.6388846611016152,-2.3940262973566844,-0.19265371260415778,-0.3514508139160028,0.0,-1.5082466398065222,7.6904834458825215,4284.4487499761435,,True,,,
Tre Mann,-6.055885924092246,-4.479248422709438,-1.5766375013828078,-3.4401594728420717,-0.08238755066343784,-0.9567013992039285,-1.5454915211111107,0.3531784760145659,-0.3843244562862631,0.0,-1.0702349301390635,6.576695128658994,5858.313705916247,1630544,False,-0.786,-1.216,-2358478.0
Jett Howard,-6.128010026401057,-2.4494987027856534,-3.6785113236154037,-2.286002543742839,0.4936755468940669,-0.6571717059368812,-2.803186221726552,-0.8586791202789037,-0.016645981609948124,0.0,-1.038821260931666,7.957097821318941,4002.0383852157142,1641724,False,-0.84,-1.276,-2520284.0
Jahmai Mashack,-6.276119573920489,-3.8083473594523944,-2.4677722144680954,-2.807982538068096,-0.691807514762567,-0.3085573066217316,-2.463873157393561,0.6726155065571522,-0.6765145636316867,0.0,-1.0042638784588331,10.019947561222105,2523.852596968217,1642942,False,-0.492,-1.3,-1474609.0
Blake Wesley,-6.403224058142378,-5.106960535710334,-1.2962635224320442,-2.677351567345551,-0.7568559264782959,-1.6727530418864878,-0.6213472962101656,0.12485373223196616,-0.7997699584538448,0.0,-3.1045251945866625,7.343739917595672,4698.444372498481,1631104,False,-0.274,-0.724,-821525.0
Jarace Walker,-6.5013932768173675,-4.522549773844548,-1.9788435029728197,-2.041712728740549,-0.7642122109559404,-1.7166248341480588,-2.0067892611841236,-0.3290730045678817,0.3570187627791857,0.0,-2.452891286892695,4.969089779285486,10262.040906681708,1641716,False,-3.615,-3.9519999999999995,-10844006.0
Ben Saraf,-6.520510749123136,-4.667005175421559,-1.8535055737015769,-2.336466099376996,-1.8515169689921387,-0.47902210705242354,-1.9975746004933106,0.45073070300511986,-0.306661676213386,0.0,-2.1864700492528284,8.863770884483944,3225.191251853772,,True,,,
AJ Johnson,-6.709613692258122,-4.437727263186424,-2.271886429071698,-3.9000584496778306,-0.08855472557210234,-0.449114087936492,-0.9477673180207952,-0.7455834393752233,-0.5785356716756795,0.0,-1.861787924559497,9.0318684246676,3106.3009907979085,,True,,,
Carlton Carrington,-6.910767860665532,-4.280992358125928,-2.6297755025396032,-2.28379416616894,-0.1973857084303239,-1.7998124835266642,-1.209021674157776,-0.8406847658550483,-0.580069062526779,0.0,-3.4179520203388156,4.334560301122015,13486.449622646593,,True,,,
Isaiah Collier,-7.1325356331554355,-4.208022345033008,-2.9245132881224274,-1.8972335519934789,-0.20613304311561773,-2.104655749923912,-2.0263800404215804,-0.01866225695484936,-0.8794709907459975,0.0,-3.2089220407403767,5.175849587683359,9458.57343210468,1642268,False,-2.606,-3.6219999999999994,-7817583.0
Jordan Hawkins,-7.243880593955476,-3.4758951116124512,-3.767985482343025,-3.188324053834312,0.3620068858970181,-0.6495779436751572,-0.8174041491678548,-1.066262761270194,-1.8843185719049762,0.0,-3.238152390953309,6.089563704609539,6833.089567159021,1641722,False,-1.049,-1.6859999999999997,-3146017.0
Nick Smith Jr.,-7.2869282413633005,-4.756290905944499,-2.530637335418802,-2.8225480487233536,-0.32868787732930593,-1.6050549798918394,-1.3880208336989786,-0.6629831350875407,-0.4796333666322828,0.0,-3.076359358940969,6.895424853020911,5329.263983502533,1641733,False,-0.342,-0.934,-1024853.0
Rayan Rupert,-8.003373825138478,-5.787899912324038,-2.215473912814441,-4.963026313860114,-0.7027510796502289,-0.12212251881369482,-1.6232697938035363,0.4694614629166549,-1.0616655819275598,0.0,-1.4170777174748286,6.619032672416998,5783.651473094502,,True,,,
Drake Powell,-8.704267290740859,-6.376246201970011,-2.3280210887708477,-2.6289611920344393,-0.5863846914230043,-3.160900318512567,-1.5035488122466598,-0.19990798731445195,-0.6245642892097358,0.0,-4.571757286459759,7.524454864457433,4475.4563126988305,1642962,False,-3.322,-4.324,-9967128.0
