full_name,net,ORAPM,DRAPM,oTS,oTOV,oSC,dTS,dTOV,dSC,RESID,PVAL,ci95,weff
Joseph Tugler,-0.7999682594402965,-1.3290327144650762,0.5290644550247797,-1.8188110899850547,0.1363346483173658,0.35344372720261286,0.16851852492027064,0.4395263623811352,-0.07898043227662614,0.0,0.8503243056244878,3.8017900481688267,4470.781423737621
Zuby Ejiofor,-0.8166724268383373,-1.5217335180708376,0.7050610912325003,-1.9454820646754414,0.022135551978356566,0.40161299462624733,0.5861417683848337,0.23128463241196798,-0.11236530956430131,0.0,0.5426678694522705,3.75200122766724,6126.305762310329
Yaxel Lendeborg,-0.8508707856385007,-1.2132611862477019,0.36239040060920114,-1.7426867449937364,0.1985521864067481,0.3308733723392865,0.4696426665239598,-0.006301025535445509,-0.10095124037931316,0.0,0.4221732928312759,3.727587905614112,7492.306429773678
Motiejus Krivas,-0.9600037547814227,-1.8811871546968195,0.9211833999153968,-1.8873104819634114,-0.05364555141376333,0.0597688786803553,0.9612657262133969,0.04323572109727107,-0.08331804739527116,0.0,-0.033958999031408116,3.828993385352681,3891.3100853980254
Flory Bidunga,-0.9670919437846348,-1.6306258568760144,0.6635339130913795,-1.8025323800954056,-0.0771951605352273,0.24910168375461839,0.8055585311126024,-0.050961627807784016,-0.09106299021343893,0.0,0.02988190519816815,3.8093347108434665,4281.764746920522
Zakai Zeigler,-1.139876518554589,-1.6615876393493636,0.5217111207947747,-1.7449440626961639,0.1364736207738938,-0.05311719742709364,0.37881377814081807,0.23471353407124376,-0.09181619141728714,0.0,0.22625376600075675,3.7937957168512932,4668.62249515468
Javohn Garcia,-1.304943370293184,-1.5760870276089487,0.2711436573157646,-1.870499593238899,0.08708534341569213,0.20732722221425803,0.006870491431879455,0.34971573543673384,-0.08544256955284865,0.0,0.5586857315138354,3.7682246229360246,5446.394828737311
Alex Karaban,-1.3169941663218838,-1.6660321891974323,0.3490380228755486,-1.7281287466154451,-0.013217103200078933,0.07531366061809164,0.4324053612275499,0.006929757273123921,-0.09029709562512526,0.0,-0.02127078093398864,3.7164590673163325,8314.660660717112
Jamal Shead,-1.340348831612531,-1.782945291234927,0.4425964596223961,-1.7685191685352886,0.08556717087856935,-0.09999329357820785,0.20549773431038565,0.32371426007863646,-0.08661553476662603,0.0,0.22267260261237193,3.9147139694608133,2747.3048913922667
Morez Johnson Jr.,-1.3528473432512973,-2.004599952945997,0.6517526096946997,-1.8539619090582826,-0.05961624181029167,-0.09102180207742261,0.7860091298016213,-0.03731387397030219,-0.09694264613661945,0.0,-0.2848945639946359,3.814186961956108,4174.410372019512
Cameron Boozer,-1.3856209186277721,-1.5061485522798619,0.12052763365208968,-1.544057615006498,0.013160665187052945,0.024748397539583245,0.1593487772339388,0.021903474794362734,-0.06072461837621185,0.0,-0.0009120808552129239,3.834362350349923,3782.5737696409287
Keaton Wagler,-1.3865610639575383,-1.2137496148491091,-0.17281144910842922,-1.6681613078423698,0.14178377582740526,0.3126279171658555,0.10192025314481767,-0.1823626057900936,-0.09236909646315328,0.0,0.17967999074001384,3.846348584453592,3596.655337278514
Ja'Kobi Gillespie,-1.398045463317912,-1.2361713350202062,-0.16187412829770595,-1.4111198742350104,0.20993826036873314,-0.0349897211539289,-0.23805916524910176,0.15719575408673508,-0.08101071713533928,0.0,0.2511335761662,3.7264388354541205,7545.309678799897
Graham Ike,-1.4327327601781008,-1.9223667606436141,0.4896340004655133,-1.4952403282188387,-0.0759668115464454,-0.3511596208783302,0.596246601276064,-0.023992062186275122,-0.08262053862427554,0.0,-0.5337390332353262,3.7544023046264274,6004.249693835189
Jasper Floyd,-1.468092484748901,-2.084377667088765,0.6162851823398642,-1.6665272779614062,-0.07783960549528075,-0.3400107836320782,0.31301594689199796,0.3631915584783487,-0.05992232303048255,0.0,-0.11458115367949277,3.750042417302552,6186.89283059332
Bruce Thornton,-1.4896532705490393,-1.774610675077351,0.2849574045283117,-1.543556881697543,0.16605951937848978,-0.3971133127582978,0.38968740804930213,-0.006047537760060007,-0.09868246576093041,0.0,-0.33578379690079846,3.7199263319387335,8000.365528451752
Mitchell Saxen,-1.5004707299633604,-1.7682513181259183,0.2677805881625579,-1.8645755767385364,0.025516118695069367,0.07080813991754875,0.35590440406936863,0.0035896707350694113,-0.0917134866418802,0.0,0.008200442705807331,3.8389964526624736,3692.57863153657
Jelani Hamilton,-1.5254921394744194,-1.6806766865045941,0.15518454703017479,-1.6933980587484239,0.0792930210749086,-0.06657164883107886,0.287893420660396,-0.00018171888679510695,-0.13252715474342616,0.0,-0.11998750138639153,3.816066039459578,4118.666593226157
Je'Shawn Stevenson,-1.5288050225411267,-1.8685769286720875,0.3397719061309608,-1.9294391200855763,0.018563733955591105,0.04229845745789773,0.2641414278055817,0.17983541934166133,-0.10420494101628223,0.0,0.13649266973886792,3.805478445750769,4374.475887002807
Ben Humrichous,-1.534909928111759,-1.5657831523419,0.03087322423014076,-1.7894444033837769,0.12607055896020952,0.09759069208166737,0.3471259452962223,-0.22292708414265508,-0.09332563692342648,0.0,-0.09259147002420466,3.7796485560256206,5076.424000676419
Cameron Matthews,-1.5477407372922114,-2.1007839534256307,0.5530432161334193,-1.875827772224447,-0.12665191447598978,-0.09830426672519404,0.3526219158298317,0.289495935135895,-0.08907463483230733,0.0,-0.02453488089759616,3.821715045567927,3997.6133536608704
AJ Dybantsa,-1.5567079371826174,-1.4989707127608012,-0.05773722442181625,-1.4791602786454443,-0.005122215397675767,-0.014688218717681112,-0.09522516418937865,0.15119169792958131,-0.11370375816201891,0.0,0.017677505652205522,3.8391391381325715,3703.284402723626
Izaiyah Nelson,-1.5642031935113003,-1.7264821869536644,0.16227899344236402,-1.9379960292061165,0.019364730140549957,0.1921491121119021,0.2272239730569151,0.026495486774732235,-0.09144046638928333,0.0,0.14656886263790098,3.758300540818849,5816.0351200897985
Dylan Faulkner,-1.5794341494167097,-1.717012793170558,0.1375786437538485,-1.7385021842957349,0.0732179842535915,-0.051728593128414546,0.36912212670046907,-0.11216242032248239,-0.1193810626241382,0.0,-0.21005409182144363,3.872926275721917,3204.697434424246
Mark Mitchell,-1.5800934889152412,-1.9850622239655005,0.40496873505025927,-1.5237675032369036,-0.03901686546813965,-0.4222778552604573,0.4734723455625661,0.0017518640906080407,-0.07025547460291487,0.0,-0.5297983312409038,3.738142106796563,6805.750677205975
Eric Dixon,-1.5829302003350485,-1.7601785174292746,0.17724831709422598,-1.669229834629811,0.13704759847029335,-0.22799628126975705,0.34550862001760474,-0.0780070343020858,-0.09025326862129299,0.0,-0.25920898572284246,3.7981223387407863,4536.015349211122
Jaden Bradley,-1.589997318462795,-1.7514795730279134,0.1614822545651185,-1.6744820800813822,0.0727200003039212,-0.14971749325045225,0.10201169247006814,0.13442692027459874,-0.07495635817954839,0.0,-0.0175269308514807,3.7224428070558195,7851.190520433098
Rueben Chinyelu,-1.6033394688399885,-2.038427890853577,0.4350884220135886,-1.8745301387455109,-0.2378452196075596,0.07394746749949355,0.5750708678066453,-0.05986622034361334,-0.08011622544944336,0.0,-0.30388019790112275,3.7928859617205974,4686.991987498162
Adam Clark,-1.60625581030511,-2.0985618535524377,0.49230604324732774,-1.7183351915259926,-0.02365138996956337,-0.356575272056882,0.1585179453957808,0.4312686426082709,-0.09748054475672394,0.0,-0.04643856417489842,3.7482463978760125,6293.965064843582
Emmanuel Innocenti,-1.6223711979064293,-1.7470330624620503,0.12466186455562106,-1.615442104939334,0.06193496650955793,-0.1935259240322743,0.17353635692294433,0.040896724300287984,-0.08977121666761126,0.0,-0.18046544989003965,3.7972699826922875,4557.65941417264
Koa Peat,-1.6319697292818724,-2.151928378324351,0.5199586490424785,-1.6972236926295141,-0.10436900271007507,-0.3503356829847618,0.6604248256111173,-0.048713351241803454,-0.09175282532683539,0.0,-0.5951708622634757,3.868121940852969,3268.0241821538716
Mohamed Wague,-1.6364032196586105,-1.798345065071133,0.16194184541252246,-1.9157385255403547,-0.26060004918046875,0.37799350964969025,0.2017367430845789,0.060268890093809285,-0.10006378776586575,0.0,0.07759856279716504,3.8336564962045268,3770.040650256171
Quincy Ballard,-1.644376418198797,-1.9135017037372524,0.26912528553845544,-1.811638582744509,-0.014594468676485312,-0.08726865231625808,0.6862445654284176,-0.3098131349921266,-0.10730614489783556,0.0,-0.5189824008827055,3.7932461762065186,4669.718096148851
Garry Clark,-1.6530800018908618,-1.93243340618171,0.2793534042908481,-1.6823550371646685,-0.13285762185647154,-0.11722074716056974,0.2874518678155571,0.08031297602555351,-0.08841143955026257,0.0,-0.25817683254175033,3.788413107950455,4781.115778485104
Henri Veesaar,-1.6568412949535545,-1.8132469143650303,0.15640561941147585,-1.6347414218113547,-0.07588411265696993,-0.10262137989670572,0.2622988652381587,-0.049636197921257716,-0.056257047905425135,0.0,-0.2843987383803585,3.795758150086987,4621.053274681286
Ernest Udeh Jr.,-1.6574161567287706,-1.6025738929874733,-0.054842263741297276,-1.8153313394337647,-0.0280715417070464,0.24082898815333798,-0.009564374879051707,0.033736868464139244,-0.07901475732638481,0.0,0.16747955758404603,3.7798128715284145,5031.964511795405
Malique Ewin,-1.6733089477991903,-1.5996953385178188,-0.07361360928137142,-1.7439814128758893,-0.01224739763032115,0.15653347198839174,-0.08190462202729226,0.1032665104665578,-0.09497549772063696,0.0,0.15257708710399143,3.8213397444087205,4031.5144331768333
Chase Walker,-1.6831783132170868,-1.9191662926793716,0.2359879794622848,-1.492394790402932,-0.18513415828272978,-0.2416373439937098,0.249439775032542,0.058221610705919385,-0.07167340627617655,0.0,-0.4402232978466968,3.8342738878865807,3793.162506935556
Bryce Hopkins,-1.683905626458547,-1.7750618896656487,0.0911562632071017,-1.7831973294550334,0.08458686957056177,-0.07645142978117714,0.18855364851069545,-0.01173512205977377,-0.08566226324381997,0.0,-0.0892619455142091,3.7839586990565146,4949.972685703369
Robbie Avila,-1.7017678800515286,-1.7961191318889005,0.09435125183737185,-1.3798698511059575,-0.044236907755171306,-0.37201237302777174,0.31874800443477,-0.15248801146574045,-0.07190874113165772,0.0,-0.6406460333803412,3.736900055963246,6860.24480256756
Dillon Mitchell,-1.7094467346943267,-1.9503289037107772,0.24088216901645035,-1.7943735655746045,0.07243669315934798,-0.22839203129552077,0.05674221209837771,0.2565065808503718,-0.07236662393229917,0.0,0.028184618781899845,3.740957514735997,6635.082835935112
Broome,-1.7112274160906924,-1.7520077640779523,0.04078034798725999,-1.9250380636045064,0.039994882827754596,0.13303541669879937,0.11764559820180964,0.006267699513055919,-0.08313294972760557,0.0,0.09616504931200431,3.8097790617044276,4288.3042693238585
RJ Keene II,-1.7120609275890113,-1.7997005378870674,0.08763961029805606,-1.9720504662691056,-0.1930632984785197,0.3654132268605582,0.12310003141444814,0.0453782488566669,-0.080838669973059,0.0,0.13688950726564642,3.8540262144550783,3434.976016061717
Ryan Kalkbrenner,-1.7143042966242277,-2.1402530377007434,0.4259487410765157,-1.7550255686041747,-0.13509491766050416,-0.2501325514360647,0.7931067229011312,-0.27502403295943706,-0.09213394886517845,0.0,-0.7523854509211845,3.7803279858345955,5058.680931710383
Jake Ensminger,-1.7267423789593512,-1.7815820999103527,0.05483972095100148,-1.6952119508422208,0.001212012357886233,-0.0875821614260181,-0.07089587579602818,0.18534979352652112,-0.05961419677949145,0.0,0.0393654476788978,3.7909827661115894,4714.559768935251
Amani Hansberry,-1.7291553190256521,-1.7046776782259587,-0.024477640799693404,-1.8483691211311992,0.07183547943857022,0.07185596346667023,-0.06945284809475255,0.11740043790826346,-0.07242523061320431,0.0,0.18866665020029955,3.8146475292362187,4161.562393623517
Naithan George,-1.7377346974658727,-2.073957847723554,0.3362231502576814,-1.6312582913010945,-0.0021095199229611283,-0.44059003649949846,0.4432729938631669,0.015088720129683195,-0.12213856373516867,0.0,-0.549749400027945,3.745933204962241,6400.647062404883
Tre Donaldson,-1.742015180873808,-1.7794556993166444,0.03744051844283629,-1.6630023759762984,0.03622539403051578,-0.15267871737086164,0.19468766448898278,-0.0554443410457358,-0.10180280500041068,0.0,-0.27370046938649234,3.7574879661253187,5870.566933300564
Dylan Cardwell,-1.7456314852532253,-1.8134161896526737,0.06778470439944843,-1.7578820969858504,-0.11656377767851847,0.061029685011695034,0.20652139603413433,-0.05644571651061547,-0.08229097512407042,0.0,-0.19427078430150935,3.93211998954197,2574.7550496560198
Denver Jones,-1.746554068557154,-2.117442618698745,0.37088855014159117,-1.6453540236836608,-0.09619181425513948,-0.37589678075994504,0.3759548889173092,0.09749893116965361,-0.10256526994537163,0.0,-0.47715493379080254,3.820150045735169,4066.7998090946667
Jake Hall,-1.7473059846678423,-1.9293530857408148,0.18204710107297245,-1.7389495965208008,0.11759936889474454,-0.3080028581147586,0.3037047792667844,-0.0217200092674602,-0.09993766892635175,0.0,-0.312061167413826,3.844406718116264,3596.3098368778856
Aday Mara,-1.7518333327796356,-2.0425227512889244,0.2906894185092888,-1.8792770598101092,-0.22446035179075047,0.06121466031193534,0.4133298159861306,-0.05785210649210445,-0.06478829098473737,0.0,-0.2858860889556569,3.826107538172623,3960.674345714552
Milan Momcilovic,-1.755254123551175,-1.9684210293033706,0.21316690575219557,-1.5599082819915713,0.033658905044772564,-0.4421716523565719,0.09501066706498762,0.19073991769568457,-0.07258367900847659,0.0,-0.29035650862459134,3.750595220759069,6172.070408822192
Keba Keita,-1.75759850065332,-2.0261443539949138,0.2685458533415939,-1.8771769549487272,-0.10797886345394551,-0.04098853559224103,0.2873944895374958,0.07180946250523026,-0.09065809870113213,0.0,-0.16781603524208843,3.799800361744435,4491.8224265845665
Nolan Winter,-1.7588177350411782,-1.650179977438329,-0.10863775760284916,-1.7192132109741867,0.10343193140056772,-0.03439869786471006,0.02677420818583176,-0.05845017537880527,-0.07696179040987565,0.0,-0.06637873225282326,3.7906005942433656,4733.588419421862
Terry Anderson,-1.7636705591461022,-1.8722135858419813,0.10854302669587916,-1.6449790623549645,0.07449394457178185,-0.3017284680587986,-0.059103578142554236,0.2394165952168684,-0.071769990378435,0.0,-0.05958791864858336,3.836989422584525,3727.509649795761
David Mirkovic,-1.7639560084817,-1.5440034292328246,-0.2199525792488755,-1.9753413037944205,0.07325259169721765,0.35808528286437835,0.03336358562143449,-0.1649819257264198,-0.08833423914389021,0.0,0.178021709691286,3.882177073470923,3091.991338982869
Joshua Jefferson,-1.765051760305404,-1.7610923040417306,-0.0039594562636733055,-1.5913266816934168,-0.17281684520944482,0.0030512228611309644,-0.1977280236818757,0.25083734303310035,-0.057068775614897954,0.0,0.024002945069888537,3.750930021144729,6157.8998600358445
Somtochukwu Cyril,-1.7669540144115774,-1.6807964470081078,-0.08615756740346955,-1.7911358140880398,-0.07607771947576962,0.18641708655570144,0.08195453131626784,-0.06373755927332564,-0.10437453944641176,0.0,-0.05777273163980558,3.890306007830609,2998.3590679521794
Matthew Nicholson,-1.767654200071898,-2.2901461885584666,0.5224919884865686,-1.8205098725651097,-0.08123584770362223,-0.3884004682897346,0.4768398500269112,0.14810831032981403,-0.10245617187015665,0.0,-0.4239841775336995,3.916842155979298,2706.0716275864143
Luke Bamgboye,-1.7684794963594035,-2.1726162543506,0.4041367579911963,-2.0295365727678045,-0.13025027688508276,-0.012829404697712488,0.5199254506588417,-0.006460070585065078,-0.10932862208258035,0.0,-0.2588683742504406,3.9987287524411492,2119.4210473297285
Jeremy Fears Jr.,-1.7686640196095684,-1.8403202926722892,0.07165627306272092,-1.6307669254947141,-0.053281017187705476,-0.15627234998986966,0.06818529723171751,0.04780160550498719,-0.04433062967398378,0.0,-0.20608239134657175,3.777547409175359,5150.453553132909
Viktor Lakhin,-1.7726810944033595,-2.0817679453282043,0.30908685092484484,-1.85511036600663,-0.14551020724604086,-0.08114737207553352,0.275849498130886,0.11632262595492518,-0.08308527316096631,0.0,-0.1934202265276155,3.8988245723294037,2897.3173275615823
Tyler Hendricks,-1.7753244851782635,-1.9517416549279405,0.17641716974967703,-1.7425761737812482,-0.08832303751128122,-0.12084244363541113,0.2610204362439913,0.02846927146768051,-0.11307253796199478,0.0,-0.29376874764100663,3.871777205681211,3220.9930750072226
Patrick Wessler,-1.7756075508604041,-2.0740131893784772,0.29840563851807317,-1.930612364913412,-0.04121460149402131,-0.10218622297104418,0.41169210762520736,-0.04435318915540222,-0.06893327995173197,0.0,-0.2566872935721997,3.864669083647605,3305.412155197195
Aiden Sherrell,-1.7788173212320268,-2.0572426241436412,0.27842530291161427,-1.7477963831670882,-0.020788302664678848,-0.28865793831187425,0.6761561487234499,-0.29399447526396505,-0.10373637054787054,0.0,-0.7071770867883888,3.866098607138006,3297.337633739836
Emanuel Sharp,-1.778922156459171,-1.865460583496085,0.08653842703691378,-1.9479299413875295,0.08804412752238838,-0.005574769630943943,-0.19106111568915063,0.3611507825470991,-0.08355123982103468,0.0,0.36006890061750885,3.7447298382460685,6486.2290076466625
Jamichael Stillwell,-1.7794256802452875,-1.8713992848696395,0.09197360462435211,-1.9302345323753665,-0.06021133919624444,0.11904658670197144,-0.021008224501839146,0.18421904794172664,-0.07123721881553538,0.0,0.17181707663191825,3.8048885352132724,4362.821634212107
Mouhamed Dioubate,-1.785023308485008,-1.7182714092557387,-0.06675189922926922,-1.7823259544229908,0.003917363545189512,0.06013718162206272,-0.1585504682290964,0.1580583990447535,-0.0662598300449263,0.0,0.15585311416707942,3.8421620843774273,3635.339447490684
C.J. Cox,-1.7863846621017074,-1.546781862409576,-0.23960279969213147,-1.4298727500950754,-0.06382793719382898,-0.05308117512067151,-0.2931591833711795,0.1540496085200095,-0.10049322484096146,0.0,-0.06335272863545244,3.826051047439283,3917.4163107984373
DeSean Goode,-1.7880259590115093,-1.6626836188732672,-0.12534234013824214,-1.5772511906704432,-0.06591923926726848,-0.019513188935555592,-0.028491347654320154,-0.0010679319568836082,-0.09578306052703836,0.0,-0.18228342068674602,3.812201194486688,4192.845704313317
Jerald Colonel,-1.7895335491462432,-2.0989906637866578,0.3094571146404147,-1.9269676403191165,0.05701830323397794,-0.2290413267015193,0.3393644024438591,0.07545107576406648,-0.10535836356751092,0.0,-0.20193031127098582,3.8472002628684128,3550.861747136856
Nick Martinelli,-1.7913923965169096,-1.572778097501414,-0.21861429901549545,-1.63058734177904,0.16447664195563055,-0.10666739767800465,-0.17195492536449142,0.05314825066143691,-0.09980762431244096,0.0,0.011149870626621858,3.739041024938288,6752.527966496955
RJ Godfrey,-1.7931308307797889,-2.0313671440518037,0.23823631327201494,-1.7103337739171194,-0.14549718945680723,-0.17553618067787713,0.23211400912987712,0.0693024596769205,-0.06318015553478268,0.0,-0.31491106599254653,3.8014886051532053,4444.813532616068
Sam Orme,-1.7952081469574341,-2.0416505596544807,0.24644241269704653,-1.7045694346900606,-0.06538612572266363,-0.27169499924175633,0.2049687676191423,0.13844311013707955,-0.09696946505917531,0.0,-0.2956074798865157,3.861212620836404,3368.3211333429726
Samson Aletan,-1.7990005300873353,-2.163299260572871,0.36429873048553596,-1.8475762272365126,-0.288913891669256,-0.02680914166710263,0.5303730896798021,-0.05473017325607692,-0.1113441859381892,0.0,-0.4817973925306248,3.856798443898809,3437.3809575655023
Jaxon Kohler,-1.799549153620149,-1.6169457728898937,-0.18260338073025512,-1.697191831098519,-0.05509241238924313,0.1353384705978683,-0.04805813085295829,-0.07383248641263059,-0.06071276346466623,0.0,-0.05429919166867165,3.7925430773039115,4717.472812982544
R.J. Davis,-1.8013283339166857,-1.8545458262169403,0.05321749230025469,-1.611701323671935,0.0997220365459417,-0.34256653909094686,0.17414606304587632,-0.046491082344943084,-0.07443748840067854,0.0,-0.3637730732906268,3.7628784373483146,5649.000618664941
David Punch,-1.8017443859395064,-2.2779160504824416,0.47617166454293536,-2.0955746730982168,-0.08162260027384659,-0.10071877711037858,0.29423141407699793,0.28202674041291276,-0.10008648994697536,0.0,-0.0004011269182877808,3.8097191973523272,4268.565145987857
Karon Boyd,-1.8084427583095235,-2.0119722510342792,0.20352949272475562,-1.861610820443417,-0.09013196290010358,-0.060229467690758764,0.3134417230676241,-0.028957937119047254,-0.08095429322382118,0.0,-0.2602736609337308,3.7477784512430725,6286.200049802905
Milos Uzan,-1.8087979019432812,-1.9599622404246682,0.15116433848138694,-1.7658382646666806,0.08368471900200158,-0.27780869475998926,0.16702087709902025,0.05028580997671503,-0.06614234859434834,0.0,-0.20998051437562099,3.7254980873920904,7594.791895251621
Tamin Lipsey,-1.8202675668912836,-2.1469295757283278,0.32666200883704416,-1.763216653698495,0.08977885299760535,-0.4734917750274382,-0.02192850272426372,0.44061155535152174,-0.09202104379021388,0.0,-0.035122410468525,3.7291940459927613,7337.5166293639895
Rikus Schulte,-1.8204840302015142,-2.148801232693576,0.328317202492062,-1.7781253000002015,-0.18816269910958838,-0.18251323358378607,0.3699941373962221,0.03617148780299133,-0.07784842270715145,0.0,-0.41235286759753453,3.832632657014604,3785.1472762006315
B.J. Edwards,-1.8221129527536881,-1.9235991446611687,0.10148619190748048,-1.4901645554400376,-0.18944262377417842,-0.24399196544695267,-0.10900109037932287,0.2843665143213875,-0.07387923203458413,0.0,-0.22294730693432774,3.7620711647394445,5673.9417965873035
LJ Cryer,-1.8231182351436321,-1.8522873231196115,0.02916908797597935,-1.6874575593603192,0.01873294349833829,-0.18356270725763058,-0.05934942558508971,0.17567461648574492,-0.08715610292467586,0.0,-0.07631125019822323,3.796845223904655,4587.581885985128
Nadjrick Peat,-1.8312370484603415,-2.5688153817679003,0.7375783333075587,-2.090652231192945,-0.19136437741771056,-0.2867987731572447,0.9787967129943137,-0.14718895491296452,-0.0940294247737905,0.0,-0.7193815302617104,3.98566923202324,2189.95761457397
Matt Van Komen,-1.8339115172828202,-1.9900880051204322,0.15617648783761193,-2.1642604302831074,-0.37074337611291164,0.5449158012755867,0.4174460880451135,-0.18956843178196325,-0.07170116842553834,0.0,-0.08709717504482653,3.9307977759291455,2605.1963434164322
Alton Hamilton IV,-1.8374693045930166,-1.8279330625621322,-0.009536242030884504,-1.6925576067697643,-0.14197766940759976,0.006602213615231889,0.08808002510843982,0.02110333087829605,-0.11871959801762037,0.0,-0.23299172293169218,3.910032424902256,2786.0788293906144
Gabe Dynes,-1.839442608760953,-1.9708057739606044,0.13136316519965144,-1.9833575062440163,-0.17120059603972498,0.18375232832313693,0.32752989501094587,-0.11674322260993056,-0.07942350720136387,0.0,-0.1836149975278825,3.9023151196436094,2867.3844320965845
Oscar Cluff,-1.842936731880771,-1.673720883169489,-0.16921584871128192,-1.73203520620309,-0.078868595344754,0.13718291837835495,0.09668184948272096,-0.19724232397424363,-0.06865537421975926,0.0,-0.20758337516040193,3.780196161083132,5057.826506403433
Damon Nicholas Jr.,-1.8519694421387596,-1.9511880502543786,0.09921860811561894,-1.8837967684176256,-0.05723797914337088,-0.010153302693382105,0.16700952648206002,0.016100245759956916,-0.083891164126398,0.0,-0.13518220020319405,3.8047732260874083,4361.022135614034
Devin McGlockton,-1.8587068547506382,-1.8219907471149328,-0.036716107635705375,-1.7708599080133447,-0.016727849707665388,-0.034402989393922556,0.02482691046211627,0.002593349128800118,-0.06413636722662176,0.0,-0.11267385719940959,3.75247488234189,6082.163201550802
Kam Jones,-1.8598680458870138,-1.849271273256295,-0.010596772630718704,-1.6632564905562095,0.16542040085461546,-0.35143518355470094,-0.24942887722144275,0.31143315479288947,-0.07260105020216542,0.0,0.05281732189063856,3.79765053063646,4566.4688905975845
Fletcher Loyer,-1.8603851231820916,-1.836259619765284,-0.024125503416807567,-1.638991133389518,-0.013994265556806551,-0.18327422081895955,0.04285634114173198,0.0062337766142448875,-0.07321562117278443,0.0,-0.2642503309343056,3.730501951012499,7284.394589569454
Braden Smith,-1.8609952712341928,-1.6029054735091997,-0.2580897977249931,-1.5312364505104026,0.17386198279548554,-0.2455310057942825,-0.24965442250008052,0.07662573994343475,-0.0850611151683473,0.0,-0.08010439822370952,3.7130938255182593,8565.890630850741
Christian Hammond,-1.8655202794127885,-2.0062301493658703,0.14070986995308166,-1.7298081490899941,0.06849033678568861,-0.3449123370615646,0.2353841961237083,0.0018921152503284244,-0.0965664414209551,0.0,-0.37109632644650264,3.857854279654212,3390.1093381706296
Aziz Bandaogo,-1.8693877303878175,-2.253812830524741,0.3844251001369235,-1.8414249124857545,-0.11141686106654394,-0.3009710569724424,0.5176861458376169,-0.01857927165935907,-0.1146817740413343,0.0,-0.5456489637396797,3.8519869191060723,3485.601199923974
Julian Reese,-1.8698243438138715,-2.1345607894184946,0.26473644560462306,-1.978960810929626,-0.1670196700994733,0.01141969161060502,0.27523480138051337,0.07241296530587021,-0.08291132108176053,0.0,-0.1660983342647586,3.823244617189136,3984.412908098522
Juslin Bodo Bodo,-1.87060453334981,-1.8791001683369517,0.008495634987141648,-1.8578548529828671,-0.20929498421760628,0.1880496688635218,0.38248236905744126,-0.2707470950388966,-0.10323963903140301,0.0,-0.39523204942438406,3.954221915229711,2394.9856478285383
Keshon Gilbert,-1.871399502873094,-2.087168024479627,0.2157685216065329,-1.7253377094450963,-0.18727630684169436,-0.17455400819283612,-0.08116585028724604,0.38565071655274097,-0.08871634465896203,0.0,-0.0648959431407515,3.8232240917690334,3988.5770028579213
Nate Bittle,-1.8774100742425655,-2.1210086814992404,0.24359860725667487,-1.7488952723633984,-0.08626871980789813,-0.2858446893279437,0.3842624438738349,-0.04888130345539142,-0.09178253316176858,0.0,-0.5127772457530019,3.7923827960790573,4706.072804442571
Thijs De Ridder,-1.8799904060765424,-1.8160328999605166,-0.0639575061160259,-1.980498366249928,0.04468014783415364,0.11978531845525786,0.11306490999480745,-0.1034451958909338,-0.07357722021989954,0.0,-0.012556949821421845,3.906155204338551,2838.221635588937
Joseph Pinion,-1.88066063331777,-1.7715884441818253,-0.10907218913594474,-1.7805733884010413,0.004964693574587065,0.00402025064462902,-0.08463956880173062,0.061399164292181646,-0.08583178462639576,0.0,-0.015447676114998032,3.7735419927032674,5262.771289646505
Tyon Grant-Foster,-1.8868998117102322,-1.8906188000856532,0.00371898837542102,-1.931575039794352,0.046566563511086234,-0.005610323802387351,-0.12080328618218394,0.21895621730102335,-0.09443394274341839,0.0,0.16547851426630383,3.7774801463336454,5141.406664873395
Aidan Burke,-1.8874182379406799,-1.9261158294521803,0.038697591511500457,-1.6467747322357744,0.03542550562524263,-0.3147666028416485,0.09201311229749642,0.026959083087106817,-0.08027460387310278,0.0,-0.33265661800240187,3.8772357376710636,3123.6746325604504
Tyrese Proctor,-1.8904232776430998,-1.8213364653531872,-0.06908681228991276,-1.6244630789668926,0.018584266823334694,-0.21545765320962934,0.06460140252816404,-0.045148272753259194,-0.0885399420648176,0.0,-0.33056160120437145,3.824144049934102,3969.7050425920615
Jackson Holcombe,-1.8929098575199483,-1.8810429601065655,-0.011866897413382885,-1.563596887846789,-0.026893533751511517,-0.290552538508265,-0.04279102415503144,0.11570777329938295,-0.08478364655773439,0.0,-0.28652194551812793,3.8285867294545106,3897.4131015264165
Drayton Jones,-1.8988186089379098,-2.283771409192846,0.38495280025493617,-1.8744403942676486,-0.21469339953340405,-0.1946376153917933,0.347453785415777,0.14907942320765707,-0.1115804083684979,0.0,-0.37183200008603823,3.822617414821945,3979.486588554989
Eric Dailey Jr.,-1.8992274689691453,-1.6805984286513926,-0.21862904031775265,-1.6218819043265418,0.1520346178982157,-0.2107511422230665,-0.06549618457927892,-0.0634581934868637,-0.08967466225161001,0.0,-0.21184938006332452,3.779837412295079,5050.00078716651
Tuongthach Gatkek,-1.9011041552300991,-2.011904791131564,0.11080063590146508,-1.884905770590915,-0.1406272390066131,0.013628218465963682,-0.08269923987630956,0.2845389652317485,-0.09103908945397385,0.0,0.06650085523712523,3.830849430202616,3846.7548022296014
Treysen Eaglestaff,-1.901537082303419,-2.102361391604907,0.20082430930148784,-1.8757358874751655,-0.04087358975465513,-0.18575191437508626,0.3585730162885301,-0.07404296763313294,-0.08370573935390932,0.0,-0.3843742111167836,3.744771404254499,6447.201328511104
Kon Knueppel,-1.9036788151771702,-1.9134001636619087,0.00972134848473849,-1.5862099409291264,-0.011259051039179263,-0.31593117169360296,0.062098156845850405,0.025215691590357317,-0.07759249995146923,0.0,-0.3795670310938941,3.9822381980060784,2210.18258448336
MJ Collins Jr.,-1.9048974007259727,-1.7336071957677301,-0.17129020495824254,-1.6684328951006075,0.0915073580833829,-0.1566816587505055,-0.2923770901423615,0.2184375563529191,-0.09735067116880013,0.0,0.055912584516996364,3.745545056119942,6379.332529023915
Ian Schieffelin,-1.905749158791813,-1.9392368854581108,0.03348772666629794,-1.7278873151726872,0.00944069217719079,-0.2207902624626144,0.14835991378661106,-0.05198701451659289,-0.06288517260372023,0.0,-0.3262217574057367,3.831523844083905,3823.9460818370508
Isaiah Evans,-1.9062941822775354,-1.5771254523284086,-0.3291687299491268,-1.7739392074019056,-0.1370307070855281,0.3338444621590252,-0.17953594912639081,-0.08312373641175577,-0.06650904441098027,0.0,0.047180974250761065,3.8158464713879257,4134.2968416830845
Juwan Gary,-1.9063161797343546,-1.736499487370745,-0.16981669236360958,-1.757073336258175,-0.02886967595897627,0.04944352484640624,-0.18043486729891317,0.10164894844996306,-0.09103077351465946,0.0,0.03119202382273356,3.8474825992337767,3543.4629502181915
Solomon Washington,-1.9063484990114836,-1.7007358929519798,-0.20561260605950393,-2.018214537773848,-0.057607000964931876,0.3750856457868005,-0.05426727263904901,-0.06845669820013253,-0.0828886352203224,0.0,0.16613331140141369,3.7866316551213908,4831.363344403235
Filip Borovicanin,-1.9098967088430183,-1.882804548181002,-0.027092160662016182,-1.6362319542351984,0.0034046907831904727,-0.24997728472899405,0.080421688584572,-0.03816389409304553,-0.06934995515354264,0.0,-0.35408644319239174,3.7829993183913575,4954.874994362679
David N'Guessan,-1.9100920002320114,-2.1530795173242003,0.24298751709218896,-1.7006460190512673,-0.11681816110326233,-0.33561533716967074,0.27788123377978513,0.06384894166563834,-0.09874265835323452,0.0,-0.4873272149605293,3.850409849386645,3507.1331771680198
Tahaad Pettiford,-1.911002577182908,-1.5428730178834973,-0.3681295592994108,-1.6935883272402639,0.12890567481035392,0.02180963454641277,-0.2807544978105869,0.026617980064672864,-0.1139930415534968,0.0,0.06334024786794276,3.771517144993257,5345.968907840532
Alex Condon,-1.9168049620124599,-1.9051892986075336,-0.011615663404926202,-1.6742071476450564,-0.11562849799920882,-0.11535365296326833,0.14878384309124426,-0.06490442909105154,-0.09549507740511892,0.0,-0.3913816574586476,3.754635160737673,6025.2943778307545
Jaylen Carey,-1.9194403033548653,-2.1647139494002428,0.24527364604537744,-2.1045093209911685,-0.14090174745938622,0.08069711905031218,0.30916550394929543,0.03981055657565054,-0.10370241447956852,0.0,-0.12409648631299201,3.8263222625753532,3904.0526242633564
Kadary Richmond,-1.9216922849948708,-2.085843427341148,0.16415114234627723,-1.727444113756308,-0.033628100178861864,-0.32477121340597803,0.0807949543453047,0.16369289642438042,-0.0803367084234079,0.0,-0.27504312558386734,3.7979926738808616,4554.3308726742125
Shulga,-1.9219765421329937,-1.951940247008129,0.029963704875135333,-1.7437411424095115,-0.11268541595373276,-0.09551368864488491,0.0461811709461194,0.047561669717598315,-0.06377913578858238,0.0,-0.22441657066960174,3.7989303000925694,4542.239037296851
Kam Williams,-1.922161838007397,-1.925138533715064,0.0029766957076668016,-1.7745140102197836,-0.01649680708900214,-0.13412771640627819,0.15355990428205502,-0.03176917040303137,-0.11881403817135684,0.0,-0.30120773206966855,3.8656935268647366,3284.868403305979
Nelly Junior Joseph,-1.9279567325480071,-2.1870798026539084,0.2591230701059013,-1.9822754243040386,-0.12771514823470534,-0.07708923011516489,0.12552209930983615,0.22452578725058617,-0.09092481645452102,0.0,-0.07120340755380508,3.793434050050052,4672.059438581624
Johann Grunloh,-1.9279600859875858,-1.9378698280368671,0.009909742049281398,-2.0854397285479496,-0.10704707848461417,0.25461697899569646,0.09637746500134514,0.013555010918276586,-0.10002273387034033,0.0,0.06110217755901853,3.9989003078545915,2131.6314904025267
John Blackwell,-1.9294272365847163,-1.6894740478182249,-0.23995318876649133,-1.728891007225196,0.06515856755696983,-0.025741608149998763,-0.06712335949332293,-0.08075155562249002,-0.09207827365067836,0.0,-0.13341286986619733,3.743998790485248,6469.133893821567
Moustapha Thiam,-1.934399603426322,-2.1406868418910943,0.2062872384647722,-1.9807152391350025,-0.049408362224861946,-0.11056324053122984,0.29711610004000455,0.001406606596949106,-0.09223546817218148,0.0,-0.2508004643313242,3.799311794632621,4525.886291310604
Patrick Ngongba II,-1.9357067019291354,-2.171153736491716,0.23544703456258043,-1.660429112691137,-0.1681441188024971,-0.342580504998082,0.24119340780602816,0.05979700694471235,-0.06554338018816008,0.0,-0.5164709970440269,3.918497267021982,2709.8709738057805
Tyler Johnson,-1.940344989210167,-2.023044536845584,0.0826995476354171,-1.706982658076462,-0.05546746709920963,-0.26059441166991226,0.14500321592116672,0.0369437851573947,-0.09924745344314433,0.0,-0.3783655470548715,3.9160114325817372,2711.72047075887
Nijel Pack,-1.9420397541629617,-1.8327406195739393,-0.1092991345890225,-1.7177725624658682,0.08985302102545639,-0.20482107813352765,0.09526927661283224,-0.11157204849044858,-0.09299636271140617,0.0,-0.319536468309926,3.750268389870398,6189.370410690763
Baba Miller,-1.9460146189690026,-1.8297760726386327,-0.11623854633036984,-1.7331070109112254,-0.02363511358539544,-0.07303394814201197,0.029880361990278215,-0.07249037374407699,-0.07362853457657106,0.0,-0.24278797004805547,3.751572091230294,6136.1890833403595
Cayden Boozer,-1.946191046812293,-1.9730909291134466,0.02689988230115363,-1.67221182933191,-0.13019518779736425,-0.17068391198417254,0.19657096157978526,-0.0737152223326762,-0.09595585694595543,0.0,-0.47055017906016844,3.9282086340320275,2616.6221990125587
Augustas Marciulionis,-1.9466040422022544,-1.9150349602403949,-0.03156908196185937,-1.7212925869077411,-0.03396755767904283,-0.15977481565361096,0.03012319845405853,0.018442874458959216,-0.08013515487487712,0.0,-0.25543465374857166,3.8266072578199863,3920.4758743677294
Aniwaniwa Tait-Jones,-1.9475221603181976,-1.8787619981831059,-0.0687601621350918,-1.497753861112547,-0.012287525933612764,-0.36872061113694615,-0.08379184462536926,0.10138553718894702,-0.08635385469866956,0.0,-0.36597645458028144,3.889606783066566,2975.3115680017427
Kingston Flemings,-1.9493260785687097,-1.7238839113464401,-0.22544216722226953,-1.6263937619526745,0.12046128557450542,-0.21795143496827113,-0.12421269942236884,-0.019433606153896145,-0.08179586164600455,0.0,-0.1987196171936664,3.856626880512525,3423.527399610917
Amarri Monroe,-1.9512686095028953,-2.1050808781512473,0.15381226864835212,-1.8613903788009487,-0.14184752205579565,-0.10184297729450326,0.10133528294282501,0.13131532993118333,-0.07883834422565622,0.0,-0.1912135136447718,3.744424403577201,6462.279669254502
Jurian Dixon,-1.9552215869700968,-1.93413830389105,-0.02108328307904682,-1.8020076701427052,-0.003998929323733552,-0.12813170442461136,-0.011462687073722444,0.085995387081611,-0.09561598308693538,0.0,-0.14175122975366927,3.7724537869687715,5323.405371673813
Rienk Mast,-1.955989380227038,-2.231340611180909,0.2753512309538707,-1.8890410909415287,-0.06373912811093202,-0.27856039212844824,0.4991326752937185,-0.14190320029762243,-0.08187824404222539,0.0,-0.5660809645792281,3.7796156420457834,5050.143872326771
Boogie Fland,-1.9566534631103134,-1.8153759699512428,-0.14127749315907057,-1.6792519109787614,0.016786179282152314,-0.15291023825463362,-0.23617198626486718,0.15325142358153798,-0.05835693047574136,0.0,-0.041229565866684685,3.7973623863721,4582.756591790872
Hannes Steinbach,-1.9588598361591467,-1.816762702568525,-0.14209713359062193,-1.6573116533977104,0.01056071944635223,-0.17001176861716666,0.03234335153908996,-0.08532287852119796,-0.08911760660851392,0.0,-0.3338915343005263,3.882445701379548,3077.2241381122267
Michael Osei-Bonsu,-1.9606190459808748,-1.9119244138284155,-0.04869463215245923,-1.7670645938802607,-0.20297570063600628,0.05811588068785134,-0.07635048389004917,0.09990091710432136,-0.07224506536673142,0.0,-0.117203968210565,3.8244997826575435,3961.1374583082797
Chaze Harris,-1.9607278299364688,-1.9852184191969724,0.024490589260503598,-1.7080345570165383,0.04148946130636455,-0.3186733234867986,0.10826935436877794,0.014124383192427967,-0.0979031483007023,0.0,-0.36096262728870837,3.889789767899829,2980.783411127485
Anton Watson,-1.9610449948970083,-1.745675132695692,-0.21536986220131624,-1.6648979594988143,-0.03286065201040361,-0.047916521186474326,-0.00755798566349597,-0.12184784584951852,-0.08596403068830175,0.0,-0.28858904973469823,3.9473072346320577,2457.1069240057086
Derin Saran,-1.9617862577577034,-2.1551750020803024,0.19338874432259898,-2.1495332553557995,-0.06261714952909515,0.056975402804592234,0.22177674416133397,0.05764871618185402,-0.08603671602058902,0.0,-0.034029746563237914,3.8239837320721803,3972.5733202225924
Adrian Wooley,-1.9633001950168605,-1.8798075955570117,-0.08349259945984876,-1.728067860581376,-0.14834463762222433,-0.003395097353411314,0.09629522057773121,-0.09362454053435454,-0.08616327950322543,0.0,-0.3315275550132156,3.795345105403991,4608.402669160907
Isaiah Lewis,-1.9634459265064717,-2.367820393754189,0.40437446724771725,-1.848959312873085,-0.1736613409634215,-0.3451997399176821,0.3566257727633151,0.13374226384886298,-0.08599356936446084,0.0,-0.47111238639670144,3.830027351986143,3852.9367664319248
Isaiah Jones,-1.9667907804109634,-2.047768047281501,0.0809772668705376,-1.7315602727262884,-0.11002169895407528,-0.2061860756011372,-0.09751518567585665,0.2574191170292476,-0.07892666448285332,0.0,-0.13771532200881823,3.824171663596515,3951.246301088274
Cam Manyawu,-1.9672526888382216,-2.215302608644115,0.24804991980589342,-1.85572546159624,-0.20754820938373286,-0.15202893766414238,0.12419903452917358,0.17920282655360617,-0.05535194127688635,0.0,-0.2357262617711554,3.8346594323503584,3755.313574549542
Chad Baker,-1.9680800970823804,-1.884011471183128,-0.08406862589925253,-1.65699817581411,-0.06735854203899413,-0.15965475333002382,-0.14182667539169008,0.16301886950606195,-0.1052608200136244,0.0,-0.16925524587658042,3.8160485525682977,4163.116906506666
Donovan Atwell,-1.9716399934127842,-1.7823321017492133,-0.18930789166357082,-1.6835971344100427,0.04673641962940345,-0.1454713869685741,-0.149502635002489,0.03888296864598852,-0.07868822530707034,0.0,-0.13854022400025245,3.7467422564965647,6362.978299650187
Zach Edey,-1.971696254974895,-1.787553287774612,-0.18414296720028298,-1.797610078371178,-0.13951028018794248,0.14956707078450837,0.21224244219267507,-0.3123325231594615,-0.08405288623349658,0.0,-0.38632861879639213,3.927419871341575,2628.1694167921514
Connor Withers,-1.9744687444562328,-2.085736495594238,0.11126775113800505,-1.8531487351650153,-0.11617750921297165,-0.1164102512162512,0.1663617321464218,0.037843459168245774,-0.09293744017666253,0.0,-0.2876817414376396,3.8383763215496955,3720.431995790717
Will Richard,-1.9751974747972842,-1.9204472461061517,-0.05475022869113258,-1.7272851919480394,-0.020151471622992162,-0.17301058253512008,0.02191277532393543,0.027455817481733535,-0.10411882149680154,0.0,-0.26982505817318025,3.783932308012069,4938.249827114516
Hamed Olayinka,-1.9800280857109205,-2.148464837963199,0.1684367522522785,-1.92288226047494,-0.3560663896676205,0.13048381217936134,0.09513972983302221,0.1835182241219078,-0.11022120170265147,0.0,-0.15228555506900282,3.8383771862157636,3702.2372077839386
Drake Allen,-1.9805692524153937,-1.910318453693026,-0.07025079872236778,-1.756398518482631,0.001516701032721085,-0.15543663624311604,-0.1749296238966226,0.19902045034577667,-0.09434162517152186,0.0,-0.04924111003614015,3.755772770716558,5937.329696410379
Cayden Vasko,-1.9813658254749158,-1.9949350712552387,0.013569245780323008,-1.7343670503085407,0.04604083668220585,-0.3066088576289039,0.06482900670412162,0.02659389056135704,-0.07785365148515565,0.0,-0.3118277818704967,3.760182294753787,5741.374429763848
Sion James,-1.9825273460289679,-2.0296107258398646,0.047083379810896664,-1.5493835791899613,0.047148853919761785,-0.5273760005696648,0.14758409941415396,-0.0035438792461701257,-0.09695684035708718,0.0,-0.5807278662531603,3.7935489381959164,4656.661116719299
Alex Ducas,-1.983405587435749,-2.158340174076963,0.17493458664121403,-1.8698215876415187,-0.05662508760620456,-0.2318934988292395,0.18215912170781567,0.07559166003387024,-0.08281619510047188,0.0,-0.29574312150204574,3.9749122302750495,2255.7006684816643
Dillon Hunter,-1.98352508554197,-2.1809482624539482,0.19742317691197822,-1.517860647931481,0.00736193786939085,-0.6704495523918579,0.16541034324431725,0.14199633430671407,-0.10998350063905313,0.0,-0.6310747808548061,3.785144302796824,4874.4214861462015
Armani Mighty,-1.9849677520532234,-2.073551667734572,0.08858391568134838,-1.61937258166745,-0.165333558394255,-0.2888455276728666,0.308496213949083,-0.1106973696714299,-0.10921492859630472,0.0,-0.6740913843348562,3.86440740115562,3312.065050207133
Sharron Young,-1.9886893237589953,-2.0365559734705925,0.04786664971159714,-1.6936588132926806,-0.08970420792325641,-0.25319295225465555,-0.04321333565889174,0.1726049484687777,-0.08152496309828881,0.0,-0.25181717480742305,3.8739438303772884,3177.9074275329895
Malik Mack,-1.9919079404395812,-1.9325706355196286,-0.059337304919952594,-1.7815564742491563,-0.013770223992236347,-0.13724393727823592,0.11279199330974143,-0.046110412162910085,-0.12601888606678394,0.0,-0.3231434595001663,3.7491439938237923,6268.564248477675
Barry Dunning Jr.,-1.992856422933294,-2.063990382523518,0.07113395959022423,-1.8252603891219432,0.05302071322348731,-0.29175070662506214,0.060756738101702124,0.09732769363198568,-0.08695047214346358,0.0,-0.22835277191305273,3.7851604208260587,4891.879151662626
Terrance Arceneaux,-1.9954581515467378,-1.927147400938749,-0.06831075060798866,-1.7887111256502226,-0.08227969332805694,-0.056156581960469576,-0.18946458982534842,0.1918830148365869,-0.07072917561922715,0.0,-0.01728243607116678,3.8557138659371843,3417.1597513321813
Chrishawn Christmas,-1.9958442088688826,-2.4534606096181486,0.45761640074926596,-1.8386107164164347,-0.17289250590508584,-0.4419573872966282,0.42334630198332024,0.12085897238792559,-0.08658887362197981,0.0,-0.5805797944357682,3.763643566713441,5601.241343610763
Eric Dibami,-1.9958756989061452,-2.4937885454730924,0.49791284656694706,-2.009605996644775,-0.12474650946961782,-0.35943603935869994,0.4150098654125801,0.16690490493164153,-0.0840019237772746,0.0,-0.40127956767395084,3.916046461136008,2729.0279483330937
Kyan Evans,-1.9959103949723027,-2.316402344673358,0.3204919497010551,-1.7199378842120912,-0.054590148312708656,-0.5418743121485581,0.3776450670408792,0.01453975822043227,-0.07169287556025637,0.0,-0.6536175778010909,3.825892204980971,3938.5145413840814
Donovan Dent,-1.9967685885323587,-1.9244746589897326,-0.07229392954262626,-1.615302513355658,0.12956946274656062,-0.4387416083806353,-0.016499664563053296,0.057311281839725114,-0.11310554681929808,0.0,-0.36496641061364765,3.722136047633948,7827.953583002747
JT Toppin,-1.9989477535290119,-1.6208094850807768,-0.37813826844823517,-1.9930628943439714,0.15082342980100705,0.22142997946218756,-0.35252409925522704,0.02257381996113754,-0.048187989154145704,0.0,0.3466392400701865,3.768178874749159,5460.750062464886
Kashie Natt,-1.9990252594233977,-1.7719038990144678,-0.22712136040892994,-1.6473068829809028,-0.005522546889700858,-0.11907446914386399,-0.1796474980028635,0.03573422592275133,-0.08320808832881776,0.0,-0.1720708784396313,3.8975170290770107,2892.6095634424933
Anthony Robinson II,-2.0001277355824163,-2.0527630468602815,0.05263531127786519,-1.737821902181797,-0.08030583196854993,-0.23463531270993476,-0.2171123598548586,0.3625308058799146,-0.0927831347471908,0.0,-0.045193473545760865,3.7994675532863056,4501.945308286749
Luke Moore,-2.0001664418261633,-2.348925294875735,0.3487588530495717,-1.8107227025911188,-0.09420411078694402,-0.4439984814976719,0.2432022366593023,0.19672253333734105,-0.09116591694707162,0.0,-0.43264597589434645,3.9030853506304575,2843.5054707547188
Guillermo Diaz Graham,-2.0015694311682943,-2.0288143030212282,0.027244871852933977,-1.7325855054553965,0.037820186674513034,-0.334048984240345,-0.0017269643644256538,0.10998592558174924,-0.08101408936438961,0.0,-0.2672569613484723,3.826290112446384,3929.6606288264165
Tyrone Riley IV,-2.002598797756867,-1.8073468744133234,-0.1952519233435437,-1.7647018217903658,0.06571642859799223,-0.1083614812209499,-0.1174824558400469,0.013873781041273792,-0.09164324854477057,0.0,-0.12041452012645446,3.791632349354697,4703.391956581615
Dillan Shaw,-2.003511274592246,-1.9905817756992987,-0.012929498892947172,-1.8300810251510673,-0.030327941985176687,-0.1301728085630547,0.09723827028543697,-0.01978722672342339,-0.09038054245496074,0.0,-0.27066851972661554,3.927223219054492,2620.0391959229732
Jamal Fuller,-2.0053045810383567,-2.234031203214409,0.22872662217605222,-1.8085282138954537,-0.1054681710453357,-0.3200348182736195,0.2218088531704836,0.09772688024058568,-0.09080911123501707,0.0,-0.41858522031338663,3.7747887664019415,5240.570989739473
Delrecco Gillespie,-2.0069973985820124,-1.8723281850337892,-0.13466921354822325,-1.9229042624969244,0.010770863655718693,0.039805213807416584,-0.05318650649641593,0.014274876760463046,-0.09575758381227038,0.0,-0.03090662958867206,3.7749123986171367,5207.909858285373
Sam Hoiberg,-2.0079836505259787,-2.275425835394354,0.26744218486837534,-1.6939069798821917,3.85821190081459e-05,-0.5815574376311701,0.21361855181586198,0.10797662730873478,-0.05415299425622145,0.0,-0.5276952224596486,3.755120918274245,5938.665326671673
Brody Whitaker,-2.0096340621987028,-1.9068442942317096,-0.10278976796699325,-1.630536786340907,-0.045403008983951915,-0.2309044989068507,0.006964206803680817,-0.0012058678784469534,-0.10854810689222712,0.0,-0.38606148266147666,3.967922908709427,2308.3100280788667
Makaih Williams,-2.0099876200111044,-2.2325876351884735,0.2226000151773691,-1.8696527076386902,-0.14207322499967062,-0.2208617025501126,0.23198104155488752,0.06712604986040757,-0.07650707623792602,0.0,-0.3723159539273016,3.771401678796512,5340.892122233981
Jack Doumbia Jr.,-2.0114239043424353,-2.211083989725607,0.19966008538317204,-1.8453267600676937,-0.026492702017808345,-0.33926452764010534,0.16757187980981259,0.12818067621173723,-0.09609247063837777,0.0,-0.33366902408455423,3.8150743224232615,4136.522846782989
Trevian Carson,-2.012748633268791,-1.8193297912202562,-0.1934188420485346,-1.724689456237967,0.09661747194452397,-0.19125780692681305,-0.22159007519464452,0.1061632831011072,-0.07799204995499727,0.0,-0.06646910183617914,3.862182719135634,3344.281339437709
Jadrian Tracey,-2.013115309706584,-2.0340901904426625,0.020974880736078783,-1.6561069817667189,0.004180256283132289,-0.38216346495907594,0.14721449042391477,-0.02288371951974679,-0.10335589016808919,0.0,-0.5042228183637796,3.7823390677213706,4994.751461951547
Magoon Gwath,-2.0141204245432256,-2.341988706639243,0.32786828209601715,-2.1462581039800535,-0.1971353323806626,0.0014047297214735965,0.49021094902518614,-0.03334017517817422,-0.1290024917509948,0.0,-0.35807326958835806,3.9317757917450153,2580.7119561665163
Jamichael Davis,-2.022859991901934,-2.1559021584700218,0.1330421665680877,-1.9006830585921282,0.04946957388238915,-0.30468867376028275,0.1060467241361207,0.14030369017611438,-0.11330824774414737,0.0,-0.2282236574459266,3.7991483496764,4510.794107572215
Aaron McBride,-2.023850729248929,-2.0925186703246657,0.06866794107573646,-1.8506880967061297,-0.1220237368807939,-0.11980683673774217,0.06932665771041946,0.06794572425053957,-0.06860444088522258,0.0,-0.24248929025321908,3.840895547116476,3665.3956322762647
Yanic Konan Niederhäuser,-2.0251566203326306,-2.3206045296520386,0.2954479093194081,-1.9046472109705759,-0.10961587223307069,-0.3063414464483916,0.4259697938426227,-0.01947070101163046,-0.11105118351158413,0.0,-0.5464792032046769,3.997785256133503,2128.5678277314328
Martin Somerville,-2.0257543919539858,-2.015973673592205,-0.00978071836178089,-1.7717615763772518,0.04224433263743321,-0.2864564298523863,-0.001203860053008543,0.10293362992606467,-0.11151048823483702,0.0,-0.25278895552372543,3.7949865598554244,4613.674843187642
P.J. Haggerty,-2.027977675292591,-2.0672967575335752,0.03931908224098417,-1.6020433318305816,-0.10974176101516445,-0.35551166468782935,-0.01306349736185719,0.16766702952602697,-0.11528444992318561,0.0,-0.4128708461001524,3.7293623877225035,7315.840093447559
Brayden Burries,-2.029666053569159,-1.8101946345494073,-0.2194714190197516,-1.4298121814868936,0.09107293416691353,-0.4714553872294273,-0.08380505191809917,-0.06412335381391131,-0.0715430132877411,0.0,-0.5160488201641662,3.8379698876134745,3726.130347307295
Ahmad Robinson,-2.03008410508833,-2.200942222145059,0.1708581170567292,-1.841171501528168,-0.06262057105198043,-0.2971501495649107,0.15871846930980138,0.08621363412688046,-0.07407398637995262,0.0,-0.34763107286996325,3.7822259534329654,4967.086409908471
Parsa Fallah,-2.0314381805285078,-2.248831295975219,0.21739311544671108,-1.701834858016955,-0.1449876050173402,-0.40200883294092377,0.30534735512475464,0.020369184789209682,-0.10832342446725324,0.0,-0.6349506776363074,3.794979839598906,4618.738916131797
Rob Dockery,-2.031516110218269,-2.0701756639547306,0.038659553736461794,-1.7791272805181224,-0.28855619068240396,-0.0024921927542041478,-0.00669117624547888,0.13861481871823697,-0.0932640887362963,0.0,-0.24569765345466743,3.935432693744648,2545.4548723104
Ben Vander Wal,-2.032524910134588,-1.881292880096008,-0.15123203003858005,-1.7434372101999598,-0.11878082216717839,-0.01907484772886986,-0.09145438999999794,0.03955153765212563,-0.09932917769070773,0.0,-0.19763330993463035,3.769155975276568,5387.790683035798
Mahmoud Fofana,-2.0349667866147807,-2.0950354029129175,0.06006861629813695,-1.7529108452384365,-0.2016447982826179,-0.1404797593918628,0.14519651872676242,0.03624537810312356,-0.12137328053174903,0.0,-0.42725246010310614,3.755687332199869,5930.686322963797
Ryan Kalambay,-2.0360488015729805,-2.2372999009681367,0.20125109939515595,-1.7922918457794896,-0.23118236409820375,-0.21382569109044364,0.39547631325499144,-0.08761784114998589,-0.10660737270984962,0.0,-0.6392332690484829,3.896121154083095,2916.9899271614267
Malik Reneau,-2.0373771721916274,-1.9367983352122986,-0.10057883697932896,-1.6281932575658038,-0.1402167558458461,-0.16838832180064872,-0.0103737647123322,-0.022181289910677013,-0.06802378235631974,0.0,-0.39881014991349156,3.760358663483319,5752.189634001652
Wade Taylor IV,-2.038570069093018,-2.0161355302089885,-0.02243453888402934,-1.755089746104171,-0.07032064297042301,-0.19072514113439454,-0.1379759718077891,0.1997155538569643,-0.08417412093320455,0.0,-0.1455043511810578,3.8114833129054047,4221.811293715178
Marcus Hill,-2.041132529870974,-2.2140032134004546,0.1728706835294807,-1.7312961876404147,0.004079520832871136,-0.48678654659291093,0.16455404020730757,0.10484492704909237,-0.09652828372691923,0.0,-0.47439038243786663,3.770144832937745,5361.478162459662
Jeremy Roach,-2.044346948715092,-2.048580331090356,0.004233382375264175,-1.8024411249965875,0.025226043085914113,-0.2713652491796826,0.04038271135054894,0.061204834694669724,-0.09735416366995449,0.0,-0.2822885350690532,3.817656472930325,4094.571496850575
Godslove Nwabude,-2.045320545921785,-2.1345951365590174,0.0892745906372324,-1.9650302251916543,-0.11248636266522222,-0.05707854870214096,0.2450076825123867,-0.03453657873571108,-0.1211965131394432,0.0,-0.32529800324251745,4.013641519886534,2020.4801956990675
Tre'Von Spillers,-2.0459713756344065,-2.0541389337686073,0.008167558134201003,-1.907820325404129,-0.029612789099570658,-0.1167058192649073,0.16787066854431876,-0.09173437062839854,-0.06796873978171922,0.0,-0.3060217187745957,3.751298429374625,6141.943207176815
BJ Davis,-2.046108829578823,-1.8721156043424132,-0.17399322523640962,-1.7825920693817534,-0.049217640757188236,-0.040305894203471526,-0.10528281971672893,0.0438951360958634,-0.11260554161554409,0.0,-0.15823394048034045,3.838927495996537,3702.55903568041
Victor Panov,-2.048584048570489,-2.3532701536074705,0.30468610503698135,-1.7258861683458113,-0.21785186547519272,-0.40953211978646636,0.3797163233179732,-0.0008038948438853638,-0.07422632343710651,0.0,-0.7024142035426509,3.830769645498257,3841.8812570871382
Jonas Aidoo,-2.0527761277426504,-2.1315289180265955,0.07875279028394522,-1.8871957774572055,-0.1299336461278945,-0.11439949444149544,0.2669291641151966,-0.11304122933544636,-0.07513514449580505,0.0,-0.43250951440064134,3.9023703821632743,2860.5635204879636
Killyan Toure,-2.053795554142373,-2.139376493707032,0.08558093956465933,-1.7905154587433665,-0.1522623684722794,-0.19659866649138602,-0.114938133782293,0.2923877649292197,-0.09186869158226736,0.0,-0.14834196161671304,3.9043422960389313,2819.9709156457047
Quadir Copeland,-2.054092932200128,-2.078727117132893,0.02463418493276473,-1.4854920378856056,-0.10413555763111974,-0.48909952161616754,-0.06797096741981223,0.18619335641689175,-0.09358820406431478,0.0,-0.5006299268947103,3.771752994192895,5329.475447090421
Coleman Hawkins,-2.054361228052141,-1.8146612300555347,-0.23969999799660607,-1.7434769657008549,0.04665698156440801,-0.11784124591908773,-0.09262838939444212,-0.05194454784775279,-0.09512706075441117,0.0,-0.21825587295684368,3.808210544276002,4309.5558731674255
Devan Cambridge,-2.055616695950667,-2.1651961553078234,0.1095794593571566,-1.8874061197758405,-0.025581541283233755,-0.2522084942487492,0.11865475909466117,0.10437069013075431,-0.11344598986825888,0.0,-0.28686533526948754,3.868030502176993,3250.001868022332
Amari Williams,-2.0567427237324196,-2.2076375381881577,0.15089481445573805,-1.736987694372406,-0.1156196266410427,-0.355030217174709,0.39096147830830885,-0.15993435012120608,-0.08013231373136472,0.0,-0.7107165076683225,3.865738461815834,3296.309453399731
Nolan Minessale,-2.057366982513447,-2.0852505782111046,0.0278835956976575,-1.6360491011410583,0.12636686798176017,-0.5755683450518065,0.026647538199673804,0.11817567384294261,-0.11693961634495892,0.0,-0.44796541957206265,3.783819367651132,4933.818363619577
Kanye Clary,-2.0625813020892685,-1.9971017470248134,-0.06547955506445513,-1.7266614000352611,0.19309439113633547,-0.4635347381258876,-0.013141328366396254,0.06403778800618257,-0.11637601470424144,0.0,-0.322778573687611,3.803842902152328,4385.665291315288
Collin Murray-Boyles,-2.063413129687042,-2.2012129752103733,0.13779984552333122,-1.7258288942436628,-0.2197314004662711,-0.2556526805004393,0.30726314770063357,-0.08102941170550437,-0.08843389047179798,0.0,-0.6448473831440128,3.944704940109743,2463.9551114061424
Alex Cotton,-2.0637657146170656,-1.9009761530703189,-0.16278956154674662,-1.8371549189059289,0.08127643171057469,-0.14509766587496475,-0.055821769062539495,0.003024642849190351,-0.10999243533339746,0.0,-0.1707890266485972,3.916561943715624,2719.9275191076
Dominique Daniels Jr.,-2.0640942888791636,-1.8337374902913584,-0.23035679858780503,-1.880081805917961,0.13352112930357318,-0.08717681367697072,-0.025618029224389716,-0.11393176369431687,-0.09080700566909844,0.0,-0.15839445373681285,3.7522846540988155,6079.291362530669
Dallin Hall,-2.064631638326137,-1.9372572043133105,-0.1273744340128269,-1.778924184879427,0.07434473265348762,-0.232677752087371,-0.100847191857792,0.031136179898761773,-0.057663422053796654,0.0,-0.18486026158891825,3.7517986721446634,6135.708885320717
Brandon Maclin,-2.0649418487874103,-2.095732465550955,0.03079061676354468,-1.861381996787156,-0.08636748396735175,-0.14798298479644734,0.010523018262898809,0.10950425617549342,-0.08923665767484755,0.0,-0.2140828702631532,3.8351920322500765,3708.9670694683355
Kellen Pickett,-2.0652970949260885,-2.1836794189025217,0.11838232397643325,-1.976822109976694,-0.1964819331892746,-0.010375375736553116,0.18419502430885926,0.04320722951626481,-0.10901992984869083,0.0,-0.2726700092582537,3.946294602109653,2478.803006005852
Cooper Schwieger,-2.0655767420802316,-2.0089105492555146,-0.056666192824716966,-2.0256448335683293,0.02114040636720982,-0.004406122054395056,0.08772963333623185,-0.03587422112187527,-0.10852160503907354,0.0,-0.12766154184813405,3.7748786867643336,5206.621956534624
Hunter Dickinson,-2.0656035333669673,-1.9335447537385955,-0.1320587796283718,-1.6439423120470933,0.01091523798266808,-0.30051767967417015,0.21936704545996066,-0.29065326680581643,-0.060772558282516015,0.0,-0.6410282667798346,3.7948536681784373,4637.682656553336
Tyler Perkins,-2.065758427397861,-1.8238993617253334,-0.24185906567252743,-1.7898242305743748,0.059722428040484304,-0.09379755919144289,-0.21976111357118755,0.05074886155391409,-0.07284681365525397,0.0,-0.05617308325229847,3.766838678442047,5494.043595105625
Bennett Stirtz,-2.0669810836799463,-2.0057604128026405,-0.06122067087730587,-1.3884414529101141,0.03531569447027738,-0.6526346543628039,-0.2900072859321321,0.29651922507378337,-0.06773261001895714,0.0,-0.38853234483770027,3.753794996022344,6011.304023519835
Walter Clayton Jr.,-2.0671831825133467,-2.044776961157803,-0.02240622135554364,-1.6599026229646705,-0.06826672214316819,-0.316607616049964,0.15636548834211816,-0.0761071038087634,-0.1026646058888984,0.0,-0.563646047890794,3.784430348347511,4936.403026911585
Karson Templin,-2.070227159683666,-1.8284926685304002,-0.24173449115326576,-1.8327179663846316,0.03470236528033091,-0.030477067426099347,-0.1679274528612228,0.023611449605857995,-0.09741848789790095,0.0,-0.06958174043781139,3.855032417118137,3433.3413636489986
Elliot Cadeau,-2.0709426127618404,-1.9285286187604544,-0.14241399400138588,-1.4737982774460816,-0.012963266920322375,-0.4417670743940504,-0.0640317095447297,0.020319111785707153,-0.09870139624236333,0.0,-0.5331126257710289,3.7422646600477814,6589.107565540744
Malik Dia,-2.0713700350328406,-2.4235413369984187,0.35217130196557833,-1.9082347872731873,0.06324479029807603,-0.5785513400233072,0.32938558593969414,0.12821347614089515,-0.10542776011501095,0.0,-0.49252083369934696,3.782283198157063,4984.239339155256
Sencire Harris,-2.0715978595392754,-2.2168544741137146,0.14525661457443917,-1.9078088099635229,0.012190025981294789,-0.32123569013148656,-0.11664730971602016,0.3685301267135116,-0.10662620242305228,0.0,-0.047141739859732426,3.8547132712672902,3423.7147277950903
Matt Hodge,-2.072258843879505,-1.9874146445697967,-0.08484419930970862,-1.8578043326081193,-0.11071408566712877,-0.01889622629454868,0.015555773838312636,-0.012111878059020545,-0.0882880950890007,0.0,-0.23001028510969868,3.9790536114006594,2249.17985955862
Samet Yigitoglu,-2.072467764898839,-2.147647240940672,0.07517947604183296,-1.8406722334552652,-0.08264638438269696,-0.2243286231027097,0.1623578887900209,-0.02253224362737681,-0.0646461691208111,0.0,-0.3941534202335946,3.797711116800449,4556.159130884849
Colin Porter,-2.072580379006358,-2.222820807974345,0.15024042896798662,-1.7847597103935753,0.11925826302436776,-0.5573193606051371,0.03341359623817319,0.21412214268268662,-0.09729530995287318,0.0,-0.3212342648509559,3.735313964337168,6948.425627676601
Melih Tunca,-2.0736345293978893,-1.8651623657099243,-0.2084721636879651,-1.6646791702133683,-0.03450283286495262,-0.16598036263160354,-0.23282325941184084,0.14121650735474817,-0.11686541163087241,0.0,-0.1761320997726804,3.999688382200405,2091.5440976374557
Braden Hausen,-2.0766559266039515,-2.0499789603872314,-0.026676966216720083,-2.0865629079473,0.061452255290733976,-0.02486830773066534,0.1611267255433364,-0.07441044440498092,-0.11339324735507557,0.0,-0.15121974419998785,3.9567641286083255,2382.175216883392
Zhuric Phelps,-2.0768868929502338,-1.9916620877400366,-0.08522480521019736,-1.8836811257454162,-0.07763887131943803,-0.030342090675182398,-0.055931536082209576,0.04399195901344552,-0.0732852281414333,0.0,-0.13727423112260823,3.8320758975632803,3820.779382199472
Max Weisbrod,-2.0778061713662055,-2.261458563087403,0.18365239172119785,-1.764590958308965,0.04221150879692692,-0.5390791135753652,0.42471972371306754,-0.14240234447415057,-0.09866498751771914,0.0,-0.737934936770308,3.822924385583761,3980.0144058148494
Federiko Federiko,-2.078519917795414,-2.0142045672836053,-0.0643153505118087,-1.837970856227018,-0.07491674611926996,-0.10131696493731757,-0.14510895979984584,0.1651922628896216,-0.08439865360158447,0.0,-0.09544010176855039,3.852620187615268,3433.7695828405635
Ebuka Okorie,-2.0797435595565545,-1.6774621440380646,-0.40228141551849,-1.8620209941951418,0.20440544967100532,-0.019846599513928087,-0.4068983404416435,0.1006271769455375,-0.09601025202238393,0.0,0.1891757750802308,3.8677517449517738,3268.9689952278727
TJ Bamba,-2.0802399520051282,-2.009471600680951,-0.070768351324177,-1.8526860376726686,0.05059369457691562,-0.20737925758519826,-0.061892939194323815,0.0864715214448959,-0.09534693357474908,0.0,-0.16566097513813582,3.8254453979663086,3936.696158694712
Kobe MaGee,-2.0809776824361146,-1.9213509170113057,-0.1596267654248087,-1.7980522486736241,0.010934544192387152,-0.13423321253006865,-0.10024117698290269,0.04811020121828907,-0.10749578966019509,0.0,-0.1826842567795875,3.792364186389021,4710.19586770372
Trey McKenney,-2.08178648117756,-1.8078645279310528,-0.2739219532465072,-1.702863955266996,-0.11081594368085455,0.005815371016797577,-0.22835199599656358,0.01580591087882552,-0.06137586812876913,0.0,-0.15057052991400058,3.9089015372351237,2813.8228892349935
Henry Coleman III,-2.08297378670136,-2.148209729742208,0.06523594304084812,-1.8404455053591837,-0.05179764658621093,-0.2559665777968134,0.012082654515129687,0.13019631719588587,-0.07704302867016743,0.0,-0.25461093585730593,3.853399839969462,3436.405591835858
Trey Kaufman-Renn,-2.0843246252904986,-1.7419440062474205,-0.34238061904307804,-1.5737138341852404,0.043588219350429086,-0.2118183914126093,-0.19618460184540637,-0.058203850046863695,-0.08799216715080797,0.0,-0.3144261892598519,3.7560240492087535,5950.49160016061
Chaney Johnson,-2.0869099179077617,-2.0262120143944826,-0.060697903513279125,-1.8671313921915496,-0.0034827462200852644,-0.15559787598284786,-0.01225575028682424,0.039850416188118284,-0.08829256941457317,0.0,-0.20752277542938802,3.959081739856051,2374.8751801973685
Oumar Ballo,-2.0869799348957434,-2.1694102364016126,0.08243030150586939,-1.7604989762762984,-0.289709891362008,-0.11920136876330584,0.2069689582803338,-0.03833677509877559,-0.08620188167568882,0.0,-0.5334499168997782,3.824537953728009,3950.8849142014287
Miles Byrd,-2.0873636911128157,-2.0262355598794604,-0.061128131233355296,-1.7779683214934736,-0.10917942901788495,-0.13908780936810183,-0.12261078118407803,0.1456762478467609,-0.08419359789603816,0.0,-0.18678458843526408,3.778160798267673,5117.877108249466
Trey Campbell,-2.0875018221222,-2.356297709791958,0.2687958876697579,-1.949199424641755,0.006257674165591642,-0.4133559593157948,0.2189323915306174,0.1328817941189366,-0.08301829797979607,0.0,-0.35723478901106265,3.7336279617553245,7054.228927825046
Isaiah Gray,-2.0890506365336554,-2.3298065869664293,0.2407559504327737,-1.6859445176666077,-0.14622544819147637,-0.49763662110834533,0.17753166273055498,0.17116265801379774,-0.107938370311579,0.0,-0.580637781597603,3.887315780898881,3012.3527583958785
Pryce Sandfort,-2.0903929126413177,-1.508863760916889,-0.5815291517244285,-1.526174031249044,0.13622628189289854,-0.11891601156074344,-0.5562143028977733,0.04791452326131723,-0.07322937208797238,0.0,-0.00800457849450005,3.7722492990504444,5300.486430125269
Mikey Lewis,-2.090813279771349,-1.905589739022379,-0.1852235407489701,-1.876484791211944,-0.0807418420616458,0.05163689425121065,-0.21489204258249606,0.09843097701369444,-0.06876247518016848,0.0,0.0005635540230908148,3.8523046680388977,3499.532053112818
Brandon Jennings,-2.092390571962666,-2.147304734425511,0.05491416246284522,-1.871541857945338,0.03058507010628647,-0.3063479465864597,-0.0451486140741284,0.18317006096560354,-0.08310728442862991,0.0,-0.1757000999431996,3.8459814607556764,3575.8297768329585
Ivan Kharchenkov,-2.0926728003872133,-1.9240294325880198,-0.16864336779919348,-1.8011006366214195,0.007142449391869005,-0.13007124535846942,0.015101528002305242,-0.08314440204676345,-0.10060049375473529,0.0,-0.30667369176809917,3.8468753693319497,3572.7761605705273
Derik Queen,-2.092701906363,-2.223198040004856,0.13049613364185556,-1.5938211896285797,-0.12977031012035847,-0.4996065402559176,0.12426827733440671,0.08374191728295208,-0.07751406097550323,0.0,-0.6231489940688273,4.000131717760229,2110.6419774533106
German Plotnikov,-2.093327827076027,-2.096491797620283,0.003163970544255948,-1.7996339087314654,-0.10269906266484638,-0.19415882622397107,0.3634940421598539,-0.26089983430372077,-0.09943023731187721,0.0,-0.6571879605044154,3.7651808753874283,5564.244047706119
Mostapha El Moutaouakkil,-2.0937513545657964,-2.288035268932912,0.19428391436711565,-1.8501221620740662,-0.05964056848021594,-0.37827253837862995,0.11715606991745309,0.18575962179687913,-0.10863177734721655,0.0,-0.3607852624091833,3.8056308580050993,4341.218143994968
Braden Huff,-2.0985061768670605,-1.8866219400798598,-0.2118842367872009,-1.6814787712586137,0.04261740939951611,-0.2477605782207623,-0.10097384018598299,-0.02377696925576514,-0.08713342734545276,0.0,-0.3160535654224641,3.886102523162976,3039.287791281051
Rashaud Marshall,-2.099352672476595,-2.205758759572185,0.10640608709559024,-1.7290919247993686,-0.14327633590778027,-0.33339049886503613,0.15625838299328543,0.03465604846103276,-0.08450834435872795,0.0,-0.5265191306705116,3.834579543009422,3766.927751731113
Kwame Evans Jr.,-2.101373409101244,-2.1754072548841568,0.07403384578291268,-1.8319061172278666,-0.05225085468670555,-0.29125028296958455,0.06926003176728301,0.06758839141054226,-0.0628145773949126,0.0,-0.3387273236406604,3.788505468553881,4797.166314057562
Nordin Kapic,-2.1024196172882044,-2.535377132397094,0.4329575151088898,-1.8623996679241583,-0.04767258909452732,-0.6253048753784085,0.36545115118993465,0.14982645928277663,-0.08232009536382143,0.0,-0.6054711005539807,3.9784003294445958,2223.780655352831
Sean Craig,-2.1045861063767752,-1.8851704688346238,-0.21941563754215138,-1.6991943930281603,0.05970315437733753,-0.24567923018380106,-0.17931406839574093,0.05533989875590939,-0.09544146790231983,0.0,-0.22607764495287397,3.777074085275211,5121.625372379762
Josh Holloway,-2.1047790839324536,-2.002020193723667,-0.1027588902087869,-1.6672078359516476,-0.17431009745743475,-0.1605022603145846,-0.30543969977965624,0.29113615956082495,-0.0884553499899556,0.0,-0.13213154820115,3.85013202551105,3491.2152605553165
Adrian Baldwin Jr.,-2.1051416834863077,-2.2234634096425374,0.11832172615622982,-1.5434981052104102,-0.2084675273547948,-0.47149777707733237,-0.21165798694364774,0.4176794434684846,-0.08769973036860707,0.0,-0.34998559133224966,3.7966471132757893,4580.464836145944
Duke Brennan,-2.1077978383436626,-2.1433026434861087,0.03550480514244603,-1.847203588444323,-0.1680264610064778,-0.12807259403530802,0.026958744245710875,0.09080370069879015,-0.082257639802055,0.0,-0.28755299414505064,3.76518110948054,5568.675114249217
Sebastian Hartmann,-2.109937430476792,-2.158496427444879,0.04855899696808712,-1.7599818410952048,-0.1058261062092423,-0.2926884801404317,0.0862479607269786,0.0576331431550505,-0.09532210691394198,0.0,-0.43620355010856543,3.930435113444209,2587.424341586081
Preston Edmead,-2.110461897835581,-1.9838781329569724,-0.1265837648786085,-1.7317358907194806,-0.07078173874082686,-0.18136050349666466,0.17948885191446662,-0.1919748618054978,-0.11409775498757731,0.0,-0.5582148590305667,3.857490367454384,3405.6722413381513
Mayar Wol,-2.114075859209505,-2.049936457095237,-0.064139402114268,-1.8284174780953533,0.019385836752996766,-0.24090481575288053,-0.03176341105883285,0.09041923251040695,-0.1227952235658421,0.0,-0.2538949700553189,3.8513170884368795,3508.9969419974204
Labaron Philon Jr.,-2.114872555105141,-1.7854279435830545,-0.3294446115220867,-1.5986882395586735,0.08788402760075342,-0.27462373162513454,-0.17486934865486325,-0.050164250887796115,-0.10441101197942733,0.0,-0.34131496689160457,3.7719172561296936,5318.515904573188
Elijah Hawkins,-2.11490559700875,-2.027905368732868,-0.08700022827588215,-1.7756868989989238,-0.04748068410499154,-0.20473778562895242,-0.1914735763967157,0.1959274816829251,-0.09145413356209155,0.0,-0.14774512161311043,3.8021008061669086,4445.798272569136
Elyjah Freeman,-2.1160998348545657,-2.148624895034774,0.03252506018020869,-1.7192296189863447,-0.17791584179977327,-0.25147943424865593,0.09720456492407548,0.04305422929777139,-0.10773373404163818,0.0,-0.494074780792296,3.8821438550172247,3076.7425016147454
Josh Jones,-2.1165715191576053,-2.4495785993197865,0.3330070801621812,-1.6577826335941204,-0.2912441875107484,-0.5005517782149178,0.2975328774918863,0.13230151064330994,-0.09682730797301502,0.0,-0.7563217630553711,3.8964745128009026,2903.673028423261
RayJ Dennis,-2.1178532637377523,-2.01028591552359,-0.1075673482141623,-1.6106737468901526,-0.08603440205528101,-0.31357776657815606,0.024764316492905003,-0.03816054696222201,-0.0941711177448453,0.0,-0.5319438333405043,3.8986682425291437,2880.491095329903
Nigel James Jr.,-2.1198028719735738,-1.9971634151392879,-0.12263945683428601,-1.8864737355211412,0.11102391220760338,-0.22171359182575,-0.04167808734204442,0.03191682154465672,-0.1128781910368983,0.0,-0.19165104911038822,3.904586871456222,2846.998579461172
Garfield Turner,-2.119959898672722,-1.8579977339863332,-0.2619621646863891,-1.891711365662648,-0.03790493901770861,0.07161857069402366,0.0565465197995938,-0.22904353471614983,-0.08946514976983307,0.0,-0.2847950528096678,3.9438193662035896,2472.1712825847953
Omier,-2.1222025912422446,-2.0477435280995033,-0.07445906314274132,-1.883535380497263,-0.22805087266372767,0.06384272506148769,-0.11334767132583556,0.13039661110701198,-0.09150800292391774,0.0,-0.12531953941914575,3.8006208529038132,4474.9377462744305
Braden Frager,-2.1231238062818267,-1.9731339571686277,-0.14998984911319882,-1.4570469887381656,-0.15154703302275324,-0.3645399354077087,-0.009455156840953216,-0.03741693451394457,-0.10311775775830102,0.0,-0.6566216607027074,3.960641081803016,2347.816870730659
Sterling Young,-2.1265821315184503,-2.0652434099372416,-0.061338721581208566,-1.6459443008976031,-0.19541106461409188,-0.22388804442554663,0.10124799717906086,-0.05243158444156536,-0.11015513431870406,0.0,-0.5818858277999079,3.849659179264907,3512.651129641255
Hepburn,-2.126609773643427,-2.1289941464961117,0.002384372852684863,-1.745087336894125,0.06067645581912859,-0.4445832654211153,-0.09096862781306941,0.17555029740478748,-0.0821972967390332,0.0,-0.2905538089362325,3.7848419300974894,4891.13021907889
James Scott,-2.1275545026083935,-2.127816120769557,0.000261618161163768,-1.9351635654775423,-0.35997548081691216,0.16732292552489736,0.12828347992458833,-0.036739963055745554,-0.091281898707679,0.0,-0.32067441705543936,3.8161530053373545,4131.341596202642
Aaron Scott,-2.127781961058453,-1.9289966013887914,-0.19878535966966152,-1.9056034031354558,-0.07588818297726499,0.05249498472392955,-0.3236042338173163,0.2283162401984223,-0.10349736605076754,0.0,0.10142567589431933,3.826295280733515,3925.8097873673587
Thomas Dowd,-2.1278183081857036,-2.0103425567799333,-0.11747575140577028,-1.8804627100410085,-0.08693849474290734,-0.04294135199601745,-0.038334828125843545,0.004588435404184341,-0.08372935868411108,0.0,-0.2090207700188515,3.7536482779415232,6026.316106909923
Duke Miles,-2.128914290007369,-1.885080355940652,-0.24383393406671722,-1.5865393651515938,0.05054031617089075,-0.34908130695994904,-0.40413544883585995,0.21685919505008824,-0.05655768028094551,0.0,-0.13823947601991554,3.7630294653027123,5652.4351924394305
Jaeden Zackery,-2.129280433371082,-2.125478854061571,-0.003801579309511291,-1.6711626182826635,-0.10553786157814844,-0.3487783742007589,-0.11143861343606987,0.21390496106428178,-0.1062679269377232,0.0,-0.3466792016523488,3.7841483301422505,4917.457418057273
Alvaro Folgueiras,-2.1301456011850313,-2.100118134556729,-0.0300274666283023,-1.6875110804334228,-0.08252195343635008,-0.33008510068695596,-0.018172107765757395,0.06164829847607961,-0.07350365733862452,0.0,-0.4244624129858509,3.795013542516382,4621.452319675727
Nick Anderson,-2.1308752259953505,-2.082935328798882,-0.04793989719646859,-1.8092459347712078,-0.010399920771565457,-0.26328947325610863,0.16508722350113392,-0.10458628710988935,-0.10844083358771316,0.0,-0.48671651472527666,4.014879723527556,2016.9068408338871
Aidan Kehoe,-2.1316263073548227,-2.5308614702813745,0.3992351629265518,-1.9620412477991074,-0.28350068001835155,-0.28531954246391567,0.6746329076165102,-0.19875940952211654,-0.07663833516784181,0.0,-0.8442179671722255,3.7715037609570756,5318.007199539668
Cooper Flagg,-2.13181891274471,-2.1529714019655075,0.021152489220797377,-1.704802566485312,-0.09072552656085388,-0.3574433089193415,0.18536960304143346,-0.07910104780135743,-0.08511606601927865,0.0,-0.6123859493008315,4.002503032079908,2092.6300740934407
Tyrin Lawrence,-2.1319606024959254,-2.1388845510093697,0.006923948513444342,-1.812776211900949,-0.19008820762861114,-0.13602013147980946,0.06724979203777481,0.05183700066757416,-0.11216284419190463,0.0,-0.38643418263275114,3.8497877480654235,3515.2239745273846
Eric Mahaffey,-2.1320195749071007,-1.921547012419468,-0.2104725624876326,-1.529348047540972,-0.2639671377903401,-0.12823182708815595,-0.24886199060995434,0.09594951730882001,-0.05756008918649826,0.0,-0.35380953675617427,3.958105683115698,2366.431475000526
Aden Holloway,-2.1331189488926134,-1.7890257162095977,-0.34409323268301556,-1.5949683835891202,0.07730217410953077,-0.2713595067300083,-0.01954263410515611,-0.19505074997676297,-0.12949984860109648,0.0,-0.5186079311983369,3.7772826406809314,5149.653773674228
Pharaoh Compton,-2.1340943528813443,-2.1348117134171543,0.0007173605358098412,-1.8498324794218315,-0.10825139305651511,-0.1767278409388075,-0.01251377913124807,0.11007818639316055,-0.09684704672610264,0.0,-0.2717480943282647,3.9994768600524346,2121.429768885172
Dame Sarr,-2.134660827499818,-2.129014551899608,-0.0056462756002095965,-1.9384078162646128,-0.10535874622260047,-0.08524798941239459,0.031428782171886493,0.03248178403836624,-0.06955684181046233,0.0,-0.22768179340709116,3.921300722889748,2663.1748226380632
Leroy Blyden Jr.,-2.1369624755694976,-2.1174852781218307,-0.01947719744766703,-1.6631584078552237,-0.03541915559650555,-0.41890771467010157,0.014900180468013113,0.06313012626042744,-0.09750750417610758,0.0,-0.48870424818228725,3.849419537260054,3527.776701504886
Nick Davidson,-2.137692519358461,-1.9979949744561725,-0.13969754490228875,-1.8366969499322467,0.07690078260758015,-0.2381988071315057,-0.013991399180391162,-0.03142433110150558,-0.094281814620392,0.0,-0.28700417024582314,3.760874346149376,5729.7384673338875
J'Wan Roberts,-2.1379546233200593,-1.851568814565041,-0.28638580875501835,-1.7217146585802041,-0.023701501243499845,-0.10615265474133717,-0.1869893423594396,-0.008369832105864103,-0.09102663428971464,0.0,-0.22925062238041577,3.823859709811443,3974.5549219406025
Joshua Dent,-2.1396358957256614,-1.9328705026452497,-0.20676539308041153,-1.8085275642638612,0.01199143382398074,-0.13633437220536931,-0.0900187440209374,-0.038009167680587146,-0.07873748137888698,0.0,-0.2410895874408627,3.8455328566948808,3592.767633215357
Jemel Jones,-2.1406710635423236,-1.8764297192473134,-0.2642413442950104,-1.7468170333315962,-0.05850579691761344,-0.07110688899810363,-0.028487048858936492,-0.12134854328438999,-0.11440575215168393,0.0,-0.36536698135179096,3.8078046034061344,4320.84787074612
Myles Rigsby,-2.1407411376295613,-2.361593180044296,0.2208520424147346,-1.940302952312642,-0.16008244286261705,-0.26120778486903695,0.10492127125746598,0.22532257969329747,-0.10939180853602887,0.0,-0.30535945657438546,3.805492110334615,4374.082904879386
Chris Lockett Jr.,-2.141404952470082,-1.9656039477508063,-0.1758010047192756,-1.7754292033608392,-0.010394125348727828,-0.1797806190412392,-0.13513560097004412,0.042786059155677056,-0.08345146290490853,0.0,-0.2308401481391985,3.921438734281857,2667.2733519148915
Otega Oweh,-2.1423270249275013,-2.036757249365808,-0.10556977556169315,-1.721414847847365,0.001222202893065294,-0.31656460441150863,-0.045490782238724436,0.028184003736575813,-0.08826299705954453,0.0,-0.37542139484141207,3.7382361647953117,6814.105944599622
Jaylin Henderson,-2.14263960115895,-1.916593386635881,-0.2260462145230691,-1.8347061827895965,-0.12243748480749407,0.04055028096120955,-0.22177888305568827,0.08063519319184179,-0.08490252465922264,0.0,-0.08615453531366538,3.7544578473018393,6005.914764984676
Cam Spencer,-2.143271387094915,-1.9266460977735935,-0.21662528932132175,-1.756655135984794,0.023201595919039808,-0.19319255770783927,-0.25520272397631094,0.11876498158088092,-0.08018754692589171,0.0,-0.13141352713381027,3.9047732471739884,2834.7343360258383
Zoom Diallo,-2.1442761231364877,-1.879506492266985,-0.2647696308695025,-1.7618487031796977,0.06955908691966872,-0.18721687600695608,0.09098596780312906,-0.26020773887957516,-0.09554785979305641,0.0,-0.4734133877599189,3.806689824451867,4323.41198079155
Babacar Faye,-2.1446497931091373,-2.2643283051810688,0.11967851207193156,-1.786024867576161,-0.31891182073636526,-0.15939161686854225,0.14323353582174558,0.0752443295263456,-0.09879935327615963,0.0,-0.5018584613547216,4.011757235013547,2023.467921406268
Skyy Clark,-2.1462692120379274,-2.150282978166611,0.0040137661286837045,-1.5562704372678793,-0.017364006517213898,-0.5766485343815179,-0.21463651489610786,0.30034311955861215,-0.08169283853382059,0.0,-0.37536225987394023,3.776258117582601,5157.282803018699
Trazarien White,-2.1463200891875616,-2.183274344521597,0.03695425533403554,-1.8295637203471227,-0.06119716109960349,-0.292513463074871,-0.05393715756623796,0.17104352971502676,-0.08015211681475326,0.0,-0.26281921127420105,3.8405614116729763,3655.390579474055
Brigham Rogers,-2.147944730486718,-2.580942503681424,0.4329977731947059,-1.7624439767763642,-0.4233242679037437,-0.39517425900131564,0.42483101052280603,0.10043563307124537,-0.09226887039934553,0.0,-0.8103317642331594,3.835243879608584,3705.3220632859316
Jahmai Mashack,-2.148424841502361,-2.16081930326637,0.012394461764008824,-1.8574911110547874,-0.07176207682204452,-0.231566115389538,-0.04543357740286885,0.12349780237710778,-0.0656697632102301,0.0,-0.24550015304470485,3.874958760150658,3162.6037813418693
Isaiah Gaines,-2.148474519235321,-2.0402332292352527,-0.10824129000006848,-1.8316919099424251,-0.10704284867003354,-0.10149847062279438,-0.08224639971795134,0.0621612991539289,-0.08815618943604604,0.0,-0.2345362095749451,3.831650796009291,3808.983514250459
Andersson Garcia,-2.1486075045213346,-1.6415012346701365,-0.5071062698511981,-1.9262247241530903,-0.06392210901017502,0.3486455984931288,-0.4889100074374428,0.05190114454966005,-0.07009740696341532,0.0,0.2665272270691985,3.8592502226473155,3365.148175580249
Triston Wilson,-2.148800818704914,-1.987681440213082,-0.16111937849183233,-1.6049393812169457,-0.19293227341729724,-0.18980978557883893,-0.09180627478039965,0.017127941726491708,-0.0864410454379244,0.0,-0.45205516270756885,3.8534405003605614,3469.450270682588
Caleb Wilson,-2.1501328499676466,-1.963751726581665,-0.18638112338598137,-1.8385462973059223,-0.020693920318092224,-0.10451150895765049,-0.05652602582085087,-0.024616599507473143,-0.10523849805765736,0.0,-0.2550605268408732,3.9747188566433755,2269.251795524193
Kylan Boswell,-2.1526433485953635,-2.023007244950903,-0.12963610364446082,-1.7435550716985886,0.05922326401424341,-0.33867543726655747,-0.0043743910505344985,-0.03497462508002229,-0.09028708751390405,0.0,-0.40471388584624046,3.746237583000752,6389.365675651285
Evan Mahaffey,-2.152769401867906,-2.0355812500126356,-0.11718815185527086,-1.55288566908667,-0.027002461652391174,-0.4556931192735743,-0.17517863773303277,0.15459976130784167,-0.09660927543007976,0.0,-0.4247050950482036,3.770985196555415,5344.665086403162
Armelo Boone,-2.155780231465449,-1.9482011354325168,-0.20757909603293223,-2.041650263199062,0.06646950013657599,0.026979627629969027,-0.06691754466109229,-0.04133132839556377,-0.09933022297627618,0.0,-0.047212423605294936,3.974381465908802,2244.2505965913633
Deyton Albury,-2.157749016923887,-2.3279994740038785,0.17025045707999123,-1.5646413237782495,-0.1296258922543765,-0.6337322579712525,0.16755007753735152,0.10273811215185177,-0.10003773260921209,0.0,-0.7606577706829893,3.8226807072305595,3974.4549773509107
Jordan Riley,-2.1580715447604284,-1.9687079162411676,-0.18936362851926086,-1.8874423348591487,0.1592518119978183,-0.24051739337983727,-0.12348827557073999,0.024095969226707342,-0.0899713221752282,0.0,-0.14714093433053982,3.734992993775511,6982.469345382269
Boopie Miller,-2.1595455525095595,-1.8037745626639459,-0.3557709898456134,-1.7615119546253313,0.09627763387229676,-0.13854024191091152,-0.25690977319010416,0.0013529501808664107,-0.10021416683637563,0.0,-0.141123824694124,3.7319907766109255,7168.671071328108
Sam Silverstein,-2.161126418958178,-2.211648914542642,0.05052249558446392,-1.9366131299440803,-0.16015078265686153,-0.11488500194170004,-0.19908922463233453,0.3494190154733845,-0.09980729525658605,0.0,-0.025424064381763145,3.8043327741960287,4367.047196541719
Aly Khalifa,-2.161786997329639,-2.227334239332911,0.06554724200327208,-1.8177040120428614,-0.04604409476655566,-0.36358613252349425,0.141414746750399,-0.0016739913682516233,-0.07419351337887528,0.0,-0.48549773203717683,3.8850187781057888,3034.917751169628
Malachi Moreno,-2.1624794141583514,-2.09403201224532,-0.06844740191303118,-1.6913140484759177,-0.224261558264032,-0.17845640550537067,0.1682313021184847,-0.14582165110233494,-0.09085705292918093,0.0,-0.6393966678009185,3.9437843912020325,2498.9955244608036
Deshaun Jackson Jr.,-2.1640130869935357,-2.0334993324137383,-0.13051375457979744,-1.8050651986725812,-0.051308227679617555,-0.17712590606153972,-0.015833940150628334,-0.029424772765821373,-0.08525504166334774,0.0,-0.3431139481703264,3.923186383130536,2652.773111943723
Jackson Fields,-2.16430609125413,-2.093003549517551,-0.07130254173657898,-1.8253698482597998,-0.07476554727770708,-0.19286815398004414,0.014748644118120158,0.030088771534948364,-0.1161399573896475,0.0,-0.35368488711245033,3.911854202614915,2764.389489755479
Dre Davis,-2.165545026764276,-2.073329151452932,-0.09221587531134366,-1.798541330567528,-0.166649403575228,-0.10813841731017615,-0.0924197072805591,0.06910731874683407,-0.06890348677761864,0.0,-0.27458398891618874,3.8453922702429604,3575.9617164804117
Arnas Sakenis,-2.165756314971599,-2.454865521536361,0.28910920656476224,-2.1005095282818824,-0.10698241089544865,-0.24737358235903004,0.4571138423479001,-0.08283478793229032,-0.0851698478508475,0.0,-0.5223606290376165,3.893121594231624,2962.709770092327
Latrell Wrightsell Jr.,-2.1672348706674995,-1.9404543317041352,-0.22678053896336436,-1.7707287319949738,0.0009326668113264214,-0.17065826652048793,-0.2271160271971595,0.07444375404328296,-0.07410826580948782,0.0,-0.16939011147536637,3.786404517238595,4851.560210457695
Pearson Carmichael,-2.1680320229782883,-2.1446388687591176,-0.023393154219170695,-1.76466188837102,-0.007818362649271021,-0.3721586177388269,0.14344998939943243,-0.06413955368836201,-0.10270358993024112,0.0,-0.546820124006701,3.945682359998967,2469.9304321698974
Keonte Jones,-2.169568161432632,-2.33136123820044,0.16179307676780805,-1.9761088960043998,-0.2074351452745931,-0.14781719692144696,0.01217576290492517,0.2106573441057639,-0.06104003024288102,0.0,-0.2056350283331572,3.7402616169551424,6675.369041167897
Vince Iwuchukwu,-2.170061680451473,-2.384162964439539,0.21410128398806577,-1.929824548255511,-0.16946527213391765,-0.2848731440501101,0.33065885617962754,-0.02072515042859873,-0.09583242176296304,0.0,-0.5708959883755895,3.905172058208867,2838.7776304194836
Paulius Murauskas,-2.170478090228916,-1.7611046411853017,-0.4093734490436141,-1.7690674807302378,-0.0453112988699724,0.05327413841490858,-0.2426227071045728,-0.10048184390111506,-0.0662688980379263,0.0,-0.15878790239410517,3.7893302055645255,4784.820858284251
Franck Kepnang,-2.173037284039336,-2.266036847577594,0.09299956353825829,-1.8842797012067347,-0.26537060763237375,-0.11638653873848581,0.1592150695298391,0.03551312500453972,-0.10172863099612055,0.0,-0.4479726523624404,3.904280238022787,2846.0176947968694
Lajae Jones,-2.173987809518816,-1.9741349887601638,-0.1998528207586519,-1.834237509337325,0.09809466747792733,-0.23799214690076603,-0.1584305719610179,0.03908937324567212,-0.08051162204330611,0.0,-0.1813197282204727,3.779917583948378,5040.271868210907
Terri Miller Jr.,-2.174901545788626,-2.3910700237142044,0.21616847792557828,-1.9796182837062126,-0.08811535076395467,-0.32333638924403746,0.07934536989814878,0.21929941071216516,-0.08247630268473569,0.0,-0.27462863198056264,3.8094640805638442,4315.457783065493
Davion Hill,-2.1753663486986503,-1.8851345155674974,-0.2902318331311527,-1.8066578421987582,0.11806608517775558,-0.19654275854649483,-0.2577042295228595,0.07108507735137562,-0.10361268095966883,0.0,-0.11100427697703247,3.9535442230915168,2403.337451449681
Jaden Akins,-2.1755627466557947,-2.1111304075394948,-0.06443233911630002,-1.8354022485125685,-0.024829568122171658,-0.25089859090475464,-0.02256831515941138,0.0472479064085001,-0.08911193036538874,0.0,-0.3175921829838149,3.828727923750356,3870.3582964483794
Rahsool Diggins,-2.177674145530555,-2.0969702290818115,-0.08070391644874318,-1.924943021833932,-0.14476672597943727,-0.02726048126844194,-0.0900689220957755,0.11807920032424518,-0.10871419467721287,0.0,-0.16266220160084688,3.842797649931593,3635.8136211363353
Jaden Clayton,-2.178238617893573,-2.382061534374686,0.20382291648111295,-1.6744748545979318,-0.021316246971854413,-0.6862704328048997,0.17865948764910322,0.10126509911711681,-0.07610167028510707,0.0,-0.6824232509447444,3.7383594636917157,6786.771302126176
TJ Madlock,-2.179512398224024,-2.4183301785513853,0.23881778032736126,-2.1218518307029557,-0.016735772601012083,-0.27974257524741747,0.3540643156988533,-0.0002442504419991609,-0.11500228492949291,0.0,-0.4117248832199216,3.8144008362611097,4151.4299503753045
Melvin Council Jr.,-2.17971431779066,-1.946047768462321,-0.23366654932833897,-1.7852795445321739,0.23034041489553375,-0.3911086388256807,-0.06896158452533563,-0.08739993561081077,-0.07730502919219256,0.0,-0.3254731887331503,3.7313794955326265,7207.810825699834
Chance McMillian,-2.180300946697674,-1.87381015948723,-0.30649078721044404,-1.4676930563146688,-0.03915230572128092,-0.36696479745128024,-0.027443152104135726,-0.15520007331641628,-0.12384756178989204,0.0,-0.6851647382788695,3.8218596325200167,4001.1038158034476
Miles Heide,-2.1808309920782056,-2.4705285391682428,0.2896975470900371,-1.8861659976171337,-0.2042222368646577,-0.3801403046864517,0.29693050441487423,0.08032055814284927,-0.0875535154676864,0.0,-0.5915954988759465,3.883322087934958,3065.802646109706
Dominic Parolin,-2.181180795390496,-2.2388673293218853,0.05768653393138938,-1.8634687698280004,-0.0754275086077998,-0.2999710508860852,0.12296226841323032,0.010423750923578001,-0.07569948540541895,0.0,-0.44067429397572594,3.8721786017839466,3175.6565666783313
Derek Simpson,-2.184063935554861,-2.2564624862381786,0.07239855068331763,-2.059458599217983,0.020625009117829024,-0.21762889613802455,-0.07111148113331439,0.22033643672304085,-0.07682640490640882,0.0,-0.053493855203563506,3.7334868491336555,7085.227303389749
Teagan Moore,-2.184284823192904,-1.845723066179039,-0.33856175701386515,-1.471514372050091,-0.13803810102869946,-0.2361705931002485,-0.1668563081365103,-0.07747619433998655,-0.09422925453736827,0.0,-0.5459141430063028,3.884245574556738,3034.1649953988785
Danny Wolf,-2.1845938090328434,-2.268434569824741,0.08384076079189721,-1.810831993871308,-0.11567005055144919,-0.34193252540198343,0.24194856059118985,-0.0695620317624465,-0.08854576803684612,0.0,-0.6157103757527252,3.8532738609371027,3475.0904619774956
Amare Bynum,-2.1848428745322352,-1.9796238690394592,-0.2052190054927759,-1.6247593561703613,-0.11217301793035349,-0.24269149493874434,-0.1093419239550118,-0.009221037730704013,-0.0866560438070601,0.0,-0.45074159440686196,3.9029995986134263,2842.2687828662247
Carlos Stewart,-2.1873712196567636,-2.1268054408288855,-0.06056577882787814,-1.7403051407173187,-0.08039586974421177,-0.3061044303673552,-0.005277786838277065,0.03575806502750625,-0.09104605701710733,0.0,-0.441788292101168,3.8799196251601153,3109.651426218319
Brett Decker Jr.,-2.1876242294910186,-1.949322057249078,-0.23830217224194056,-1.5642673684648238,0.1769277293646761,-0.56198241814893,-0.025843396418490427,-0.10329608623488312,-0.10916268958856701,0.0,-0.597513464607704,3.842924952474904,3628.430977816434
Gavin Walsh,-2.187683241129925,-2.239507939758073,0.051824698628147564,-1.8272898034218052,-0.08259118009649886,-0.32962695623976856,0.26146523675534816,-0.12040291389361184,-0.08923762423358875,0.0,-0.621858674463468,3.8471111314165274,3549.9323746329146
Kory Mincy,-2.1880177047941642,-1.9166275020647734,-0.2713902027293908,-1.5202399257504169,0.039426780772821635,-0.4358143570871782,-0.19616268761653133,0.022290172451175955,-0.09751768756403544,0.0,-0.471615091427216,3.7623556726849463,5660.9100244876045
Khamari McGriff,-2.1883623813259954,-2.009596594919821,-0.17876578640617408,-1.6053373270046618,-0.1460866221533618,-0.2581726457617973,-0.03465825268727679,-0.03489872956076072,-0.10920880415813655,0.0,-0.5483668016340564,3.8435294488727214,3607.2993424351453
Walter Brown,-2.1885065079101285,-2.157866084868921,-0.030640423041207426,-1.7713296086335768,-0.11135270906656665,-0.27518376716877757,0.2253222030721177,-0.12642285546394041,-0.1295397706493847,0.0,-0.6424991023486694,3.9988250676138155,2109.809387526523
Moussa Cisse,-2.1885770254833337,-2.195835830311779,0.00725880482844532,-1.9190305827885623,-0.2318738018358317,-0.04493144568738544,0.10284234377804802,-0.012409143706378273,-0.08317439524322442,0.0,-0.3723887864728198,3.9334305534596554,2563.0526508416506
Christian Coleman,-2.189301207787259,-1.7134911009284544,-0.47581010685880437,-1.6829084742795133,0.019726706892801787,-0.05030933354174294,-0.18735530705558162,-0.17326179465462033,-0.11519300514860242,0.0,-0.31903742645216393,3.763019320171754,5619.903870014999
Paul Otieno,-2.190533434117631,-2.209340104960571,0.01880667084294002,-1.9601190440477456,-0.2745291604744893,0.0253080995616638,0.283151633245984,-0.1603633053842589,-0.10398165701878512,0.0,-0.5135660233158695,3.7732127645779725,5241.878360219305
Riley Kugel,-2.1906736333785317,-1.875258267951549,-0.3154153654269825,-1.8259456110108614,-0.017186081968778327,-0.032126574971909405,-0.3270597394699541,0.0913627382411599,-0.07971836419818831,0.0,-0.03766828289771615,3.7622174699744435,5688.846908662694
Nolan Hickman,-2.1907993549847506,-2.031472886890221,-0.15932646809452958,-1.6258401986019684,0.007493028894114351,-0.41312571718236735,-0.13781054669699716,0.06869628528964522,-0.09021220668717764,0.0,-0.4271486096857854,3.796064771295967,4595.94571914818
Mason Falslev,-2.1919612883320703,-2.170446769650629,-0.02151451868144097,-1.5696893585643128,-0.0346157892453158,-0.5661416218410005,-0.15070713940309982,0.21224799952407938,-0.08305537880242053,0.0,-0.4715647903646575,3.7385319952851357,6769.432109181182
AJ Smith,-2.1921713271113057,-2.0428686914492893,-0.14930263566201651,-1.7183642834318391,-0.039293396755785415,-0.285211011261665,-0.27039354344439503,0.18978117359438598,-0.06869026581200748,0.0,-0.20341350023507188,3.819655768053669,4033.872496858403
Jordan Gainey,-2.1927559769008016,-2.0170347732425156,-0.17572120365828614,-1.6625405398727986,-0.05321483600626313,-0.3012793973634536,-0.07756272525384766,0.004366679119470432,-0.10252515752390891,0.0,-0.4526527117741552,3.8257938866091505,3932.9501303514903
Igor Milicic Jr.,-2.1927806772983143,-2.1830809160398568,-0.009699761258457368,-1.749487712204239,-0.18069822799928886,-0.2528949758363288,0.1543305796583644,-0.06145977186319854,-0.10257056905362322,0.0,-0.5976235447524394,3.869859435835514,3234.765620269327
Allen Mukeba,-2.1929098177244213,-2.215769482289223,0.022859664564802,-1.9521740775582295,-0.09302858309446617,-0.1705668216365273,0.1229997858345866,0.0026964509280857085,-0.1028365721978703,0.0,-0.363735526000778,3.801858061831075,4442.616473801174
Jacari Lane,-2.193475952501995,-1.8158815942547495,-0.3775943582472453,-1.7039101997661827,0.20390250663153014,-0.3158739011200969,-0.29017359493165357,-0.0061011606401152885,-0.08131960267547644,0.0,-0.19939215780415848,3.7620330664204866,5678.753488642624
Chris Cenac Jr.,-2.195232397775833,-2.07643659510454,-0.11879580267129293,-1.7849763542590593,-0.031157464345964864,-0.2603027764995156,-0.041128628832655334,0.026391651955285034,-0.10405882579392263,0.0,-0.3691274146841181,3.928001094398282,2620.5122094603576
Jaden Alexander,-2.1957598336153388,-1.788271015378739,-0.4074888182366,-1.893033834423553,0.022108590211578072,0.08265422883323614,-0.48291180369203174,0.1534940479262988,-0.07807106247086705,0.0,0.18018580450024602,3.9513099495029653,2418.9561196371324
Jake West,-2.196659923898554,-2.199690601282669,0.0030306773841148743,-1.8575376391126042,0.013032739493047424,-0.35518570166311203,0.09757113218894387,-0.007316036178653992,-0.087224418626175,0.0,-0.4366934169748936,4.0022897894873495,2098.313902290667
O'Mar Stanley,-2.1970311064150163,-1.9772081512065383,-0.21982295520847783,-1.8114465829864042,-0.12777154588549752,-0.03799002233463655,-0.10009420374728678,-0.028818522348168195,-0.09091022911302285,0.0,-0.2854903196813251,3.92387776626051,2636.466966021737
Ja'Sean Jackson,-2.19832249801899,-2.0598795086624375,-0.1384429893565528,-1.7106573976978026,-0.06846951267424721,-0.2807525982903878,-0.1588203405176425,0.1058239517886573,-0.08544660062756762,0.0,-0.32884475980354533,3.886735690061894,3029.3457669074987
Dedan Thomas Jr.,-2.1983848454487136,-1.8026858738310518,-0.395698971617662,-1.6235817090723839,0.11796642682662167,-0.2970705915852896,-0.35061778553020395,0.04151804531126778,-0.08659923139872581,0.0,-0.22418535084612595,3.8132821630306095,4207.781609747526
Lamont Butler,-2.1988915735797385,-1.9765005827250786,-0.22239099085466013,-1.792935429835031,-0.020560034498151553,-0.1630051183918958,-0.3479364538751878,0.21003873149039012,-0.08449326846986246,0.0,-0.05801968986951969,3.846329985113174,3581.9937913354297
Boogie Ellis,-2.1989735444557446,-2.097670260442256,-0.10130328401348844,-1.7448787149630136,0.02344316477869615,-0.3762347102579386,-0.0300419325116148,0.023214509739592118,-0.09447586124146576,0.0,-0.42405289698111603,3.9432781180622904,2494.2797283647224
Michael Belle,-2.1998895752034167,-1.9134631170067486,-0.2864264581966679,-1.6810736589446358,-6.995235537729516e-05,-0.2323195057067355,-0.2849503777032917,0.08645262217032729,-0.08792870266370348,0.0,-0.233865538555489,3.829241466998317,3855.1515930392206
Jalen Washington,-2.2011690498250704,-2.268912009338527,0.0677429595134566,-1.8407124591152988,-0.18538242169316504,-0.2428171285300631,0.14821873043374534,0.013800334308067722,-0.09427610522835644,0.0,-0.5086753211435169,3.831270647585505,3828.78419392891
Marcus Millender,-2.2016277562243665,-1.9930324012988203,-0.2085953549255461,-1.610711092283142,0.027923014380036915,-0.41024432339571504,-0.1392527508277232,0.04083043461231793,-0.11017303871014084,0.0,-0.451663913113501,3.7561744640824912,5911.130006734979
Tucker DeVries,-2.2018944122932536,-2.07325378736666,-0.12864062492659353,-1.6219158165830367,0.06979507884710917,-0.5211330496307327,-0.10356605431174365,0.06896845655759387,-0.09404302717244375,0.0,-0.47641254139847344,3.7477373607693254,6301.7411847586445
Arturo Dean,-2.202477235699228,-2.244790932913576,0.04231369721434751,-1.7522181743610745,0.006562424726989868,-0.49913518327949125,-0.2938097747632329,0.4427117940892039,-0.10658832211162352,0.0,-0.15644928657492096,3.844118975439845,3608.8755725210513
KJ Simpson,-2.204111216044381,-2.1607118525087463,-0.04339936353563496,-1.733600075665287,-0.17028573299820882,-0.25682604384525054,-0.017633292181383098,0.05942057966508102,-0.08518665101933288,0.0,-0.4528778481977112,3.9219222666962064,2666.3634707484
Jayden Pierre,-2.204390965769371,-2.0533901359994244,-0.15100082976994678,-1.6835151982614063,-0.013804420028268594,-0.35607051770974973,-0.04907254339837208,-0.012176685629007603,-0.0897516007425671,0.0,-0.471803224109593,3.7412385831709387,6627.315865218268
Lawson Lovering,-2.2055126877807765,-2.3860409540411767,0.1805282662604003,-2.0146943962425747,-0.1300166361513153,-0.24132992164728637,0.2731864160601406,-0.01674295139307424,-0.07591519840666605,0.0,-0.464004707598342,3.9300551421716916,2589.4145749811805
Massamba Diop,-2.2067960692504136,-2.0494370196598757,-0.1573590495905381,-2.0345967075529843,-0.10506704248179696,0.09022673037490536,-0.20155590171524806,0.13826082228978742,-0.09406397016507745,0.0,0.029356540017818372,3.8876002689514424,3022.3656521632524
John Tonje,-2.2071416077988975,-2.297505381267454,0.0903637734685566,-1.6325663098137246,-0.1361125713855181,-0.5288265000682114,0.2915013100578937,-0.10820205399647845,-0.09293548259285865,0.0,-0.8660766080430666,3.8530504170803126,3464.109868337371
Nana Owusu-Anane,-2.2079732753194854,-2.3239082262482738,0.1159349509287884,-1.8484861003702882,-0.1652406516681182,-0.31018147420986764,-0.04206409965229202,0.23114740516990354,-0.07314835458882311,0.0,-0.3174230752969054,3.776577034105186,5161.877508576385
Ja'Vier Francis,-2.2088281941755943,-2.262639277577887,0.053811083402292584,-1.9224457015211145,-0.211612503639415,-0.12858107241735767,0.06265266943034864,0.07087701363480053,-0.07971859966285659,0.0,-0.34903516208482877,3.987500130009941,2179.4761104332256
BJ Kolly,-2.2091702572542617,-2.7983875035249146,0.5892172462706531,-2.167959820443486,-0.4131042356012893,-0.21732344748013951,0.7005138903294722,-0.007571517474202039,-0.10372512658461708,0.0,-0.7417243271402479,3.9278889295794364,2611.3827804823873
Trey Autry,-2.2100530976564663,-2.1423962971648174,-0.067656800491649,-1.8434779943066582,-0.05746707410990441,-0.24145122874825475,0.07320434790845798,-0.019458280867074004,-0.12140286753303298,0.0,-0.4397794512582662,3.7703217795957573,5382.658566313075
Luke Wilson,-2.2101413055526846,-2.111703575303691,-0.09843773024899401,-2.067352526582774,-0.14786795777815998,0.10351690905724331,0.25916501005937465,-0.252430041841933,-0.10517269846643564,0.0,-0.4019537890292853,3.8867155798552497,3034.7715539691935
Jayden Ndjigue,-2.2105800540022376,-2.130408698722913,-0.08017135527932456,-1.7938946810372305,-0.2244461686295847,-0.1120678490560974,-0.17888673504588287,0.1645829586660594,-0.0658675788995011,0.0,-0.2377986379191238,3.7755807147057925,5180.821214570966
Justin Hohn,-2.2110195638968917,-2.3650556294546035,0.15403606555771163,-1.8213901861714268,-0.19470998989761942,-0.34895545338555717,0.2621921675362431,-0.006544186409178143,-0.10161191556935331,0.0,-0.651821545261708,3.821928491638941,4007.6901345612137
Keshad Johnson,-2.211264080603962,-2.224830380333924,0.013566299729961984,-1.7783610084818526,-0.17972478671138215,-0.2667445851406893,0.0772161549068564,0.021399763005413977,-0.0850496181823084,0.0,-0.510119227028966,3.9740992526696557,2261.487735745416
Evan Chatman,-2.2124079795741616,-2.311426404605017,0.09901842503085531,-2.038866003960994,0.039049071035667654,-0.31160947167969066,0.16310150213253838,0.020268652642219623,-0.08435172974390268,0.0,-0.336643477745706,3.912572068324201,2750.5329340739463
Tre Mitchell,-2.212441531156,-2.0308355129936833,-0.18160601816231692,-1.616872466502353,-0.035694051101845314,-0.37826899538948505,-0.1601700009286186,0.07530404905006433,-0.09674006628376262,0.0,-0.4353990637250287,4.013620939160659,2030.2276267532975
Enrique Freeman,-2.2126714015005646,-2.09127599428407,-0.12139540721649425,-1.8293601544941522,-0.034031607983806944,-0.22788423180611087,0.04879045648965108,-0.08776402485814505,-0.08242183884800028,0.0,-0.43210170349606314,3.938368408101377,2527.9276661542995
Devin Brown,-2.212840251630827,-2.4324872275875147,0.21964697595668758,-1.9884966571278966,-0.07368040687136486,-0.370310163588253,0.14036818555052633,0.17147051269775884,-0.09219172229159754,0.0,-0.3647117800534566,3.9727129818463975,2269.5877407894104
Justin Archer,-2.21286540062801,-2.049977015916771,-0.16288838471123895,-1.90299561035041,-0.15657680422277306,0.009595398656412124,0.04052240554696396,-0.0893339425278568,-0.1140768477303461,0.0,-0.3503921958245638,3.9770842805147026,2234.996097684618
Trevon Brazile,-2.2146798331632946,-2.0841673213062877,-0.1305125118570069,-1.770351118958568,0.0622809839070563,-0.376097186254776,0.06937432291886558,-0.09223761749053672,-0.10764921728533576,0.0,-0.5137030371235921,3.750844197784206,6176.3322286976845
J'Vonne Hadley,-2.215129872223623,-2.0982218213643096,-0.11690805085931316,-1.492422899890179,-0.07687044145256638,-0.5289284800215642,-0.010048785477958067,-0.008892452548114008,-0.09796681283324109,0.0,-0.7126581868554857,3.731438747623399,7184.060597665519
Isaac McKneely,-2.2158721334641185,-2.143676189526231,-0.07219594393788764,-1.696276562103895,0.03389470722489399,-0.4812943346472297,-0.08029048750626944,0.08705130806308303,-0.07895676449470124,0.0,-0.43930508385395395,3.7406787064771585,6660.485530615653
Carter Bjerke,-2.219179972662435,-2.1182041198747736,-0.1009758527876616,-1.5950376430301307,0.03565093402684946,-0.5588174108714921,-0.1051664783927575,0.0807304134206501,-0.07653978781555419,0.0,-0.5189758512395466,3.804867019906267,4384.9133029500845
John Broom,-2.2192694439005596,-2.1712294691795533,-0.04803997472100614,-1.8610638533107342,0.08306281743874405,-0.3932284333075629,0.11668021813049767,-0.05696083559512967,-0.10775935725637414,0.0,-0.47488580872032266,3.893857362342669,2929.6484165209276
Tye Dorset,-2.2194069486464336,-2.3426781922648807,0.12327124361844724,-1.8070669084053521,0.06980275185087395,-0.6054140357104028,0.040102778075843504,0.2113564353402035,-0.1281879697975998,0.0,-0.4524428183169251,3.809678830963767,4270.892730628264
David Joplin,-2.219672360730749,-2.0666835363448213,-0.15298882438592762,-1.798537700638409,-0.013959174224563803,-0.2541866614818489,0.050206897820805785,-0.1097041947428668,-0.0934915274638666,0.0,-0.47134155791314614,3.8267250429430058,3912.667807657439
David Green,-2.2197106891281426,-2.140950529220595,-0.0787601599075475,-1.7129869923355012,0.009764185949608928,-0.43772772283470274,0.18682861094010195,-0.1725563563035796,-0.09303241454406985,0.0,-0.6935523077327432,3.780276798825036,5072.203742237685
Carson Towt,-2.2211387610584006,-2.0661859347866485,-0.15495282627175216,-1.930214734591484,-0.07043222889455523,-0.06553897130060926,0.00862201512136429,-0.09718086853281213,-0.06639397286030432,0.0,-0.29954604158828096,3.764868684201421,5555.239957599053
Phillip Russell,-2.222044247775684,-2.0734832702142456,-0.1485609775614383,-1.694996513506491,-0.12258419414412575,-0.25590256256362887,-0.20688662276809971,0.16572526722573563,-0.10739962201907421,0.0,-0.32016111150109317,3.8503154776922552,3522.65433414404
Tahlan Pettway,-2.222174565669516,-1.758197598173115,-0.4639769674964008,-1.9150430242222607,0.007234566954189253,0.1496108590949562,-0.4340805494099932,0.0438548241411212,-0.07375124222752882,0.0,0.12694900796273784,4.009795155510216,2048.492689338702
Roddy Gayle Jr.,-2.2225609487572173,-2.2187438598905116,-0.003817088866705745,-1.7919480893006854,-0.207050503362791,-0.21974526722703516,0.06711127716771015,0.024908630913748106,-0.095836996948164,0.0,-0.49772413662424203,3.7509211742371824,6163.570190779966
Corey Camper Jr.,-2.2231345953378097,-2.2943039575935256,0.07116936225571584,-1.7176734355903094,-0.08041465247553703,-0.496215869527679,0.07651846150584585,0.08575558950827603,-0.09110468875840604,0.0,-0.581979621253346,3.751074163332159,6132.248126082034
Jalen Pitre,-2.2240927972982574,-2.2533436094400843,0.02925081214182694,-1.8100562981569455,-0.20614680549663508,-0.23714050578650375,0.015185972912974743,0.10084524843508649,-0.0867804092062343,0.0,-0.42922247205428665,3.8942800717808255,2937.1920951304346
Elijah Mahi,-2.224959571182156,-1.9835232865885242,-0.24143628459363164,-1.691507488812265,-0.12019404549268956,-0.17182175228356972,-0.23051497859549047,0.07097403528270665,-0.08189534128084783,0.0,-0.3029371037744005,3.7961307476513544,4587.775636515019
Xavier Edmonds,-2.2253586374186147,-2.089267269017483,-0.13609136840113167,-1.7793583834001632,-0.1744352510663283,-0.13547363455099148,-0.2150620468655875,0.163185245798075,-0.08421456733361918,0.0,-0.23093820715286395,3.9602047037171815,2392.8962975719633
Xaivian Lee,-2.225546100939247,-2.3969622018752226,0.17141610093597537,-1.8966165750231339,-0.047738482866649556,-0.45260714398543905,0.1492906998222936,0.09199451954447443,-0.06986911843079266,0.0,-0.47822022573840683,3.751687763944013,6122.06416638183
Efton Reid III,-2.225688753209666,-2.3751920658668007,0.14950331265713446,-1.6553770931774332,-0.24951973415234593,-0.47029523853702154,0.19365295540600813,0.057461227221384,-0.10161086997025771,0.0,-0.7639646154382411,3.893641086685479,2949.6860874342083
Bryson Tiller,-2.2263521055192443,-2.3666065592266987,0.14025445370745415,-1.9003926887505371,-0.1778382944654128,-0.2883755760107486,0.43950388993837064,-0.21311879066308886,-0.08613064556782761,0.0,-0.7654633067070779,3.920615046822041,2691.668925847498
Femi Odukale,-2.228781537755907,-2.5220125198658487,0.2932309821099417,-1.9629703559908918,-0.21418248296500803,-0.34485968090994884,0.24683101083747783,0.15164805967055003,-0.10524808839808616,0.0,-0.512642192602493,3.8432826555908903,3614.4634118591366
Rafael Castro,-2.229820062559073,-1.982850854172829,-0.2469692083862441,-1.8699200777646037,-0.2527369968508779,0.13980622044265267,-0.31406645380293674,0.16168746761971006,-0.09459022220301742,0.0,-0.0458335309915326,3.787604976354067,4819.670292521001
Micah Peavy,-2.2309519746324544,-2.391138667565262,0.1601866929328075,-1.9478565406866253,-0.17037808822260625,-0.2729040386560303,0.006041698062919765,0.24483752244954357,-0.09069252757965587,0.0,-0.28913713200874885,3.8096147034676666,4270.1915503199525
Luke Flynn,-2.2312944365382417,-2.0491877505826928,-0.18210668595554902,-2.0853136412517403,-0.076208280165076,0.11233417083412334,0.004338318090627125,-0.09685420592106689,-0.08959079812510927,0.0,-0.15031911337712883,3.9062224629040676,2806.764920458052
Lassina Traore,-2.2319719370048796,-1.8101776337450164,-0.4217943032598631,-1.9706489109709602,-0.14166712549195642,0.30213840271790016,-0.22279513894359165,-0.12310213877125935,-0.0758970255450121,0.0,-0.038527887090327714,3.8683411742470635,3241.5606658420147
Dailyn Swain,-2.2320544660308554,-2.15314572977031,-0.07890873626054565,-1.362729559801989,-0.17214821495840174,-0.6182679550099189,0.05921157200488425,-0.05867131745989453,-0.07944899080553537,0.0,-0.9285364782337505,3.752107542847544,6091.521557569924
Robert McCray V,-2.2328964945589282,-2.0288864986766315,-0.20400999588229687,-1.6265560508862649,-0.16632135154519936,-0.23600909624516717,-0.19563604015994218,0.06852500646893284,-0.07689896219128753,0.0,-0.4107044035127212,3.7595704425725076,5773.605021438355
Matas Deniusas,-2.2340483254659063,-2.247772586358171,0.013724260892264376,-1.84460354400883,-0.09651106705325042,-0.3066579752960902,0.05394605348909165,0.06581535297875385,-0.10603714557558112,0.0,-0.4433908349461679,3.9844977241385244,2200.1382221568538
Elijah Price,-2.2345573287954017,-2.1144471691495417,-0.12011015964586007,-1.8602529682120352,-0.034567125207620675,-0.21962707572988557,-0.04597451667500341,0.005361098342720846,-0.07949674131357751,0.0,-0.32832984390836284,3.779004682398256,5071.711301740772
Maki Johnson,-2.234924360961663,-2.1585969049225304,-0.07632745603913277,-1.8165087373245503,-0.040944908827222154,-0.30114325877075776,-0.007901173299470265,0.029980543547724378,-0.09840682628738688,0.0,-0.4105144503376424,3.8418333914111336,3647.3309567199403
Thomas Haugh,-2.236125600123484,-1.7205917953400773,-0.5155338047834069,-1.8604792564369994,0.08493024766526186,0.05495721343166027,-0.43674101412579325,-0.025422449152168188,-0.05337034150544546,0.0,0.06109467043930849,3.7507473172347208,6192.066804275751
Carlous Williams,-2.2367221783919717,-1.9440405108959284,-0.2926816674960431,-1.8257235409072996,-0.08773386078967348,-0.03058310919895557,-0.2415716765300282,0.02074280296628543,-0.07185279393230029,0.0,-0.1694269609546439,3.824125230520146,3958.55907816714
Luke Goode,-2.2375494646291756,-2.0935774230214883,-0.1439720416076875,-1.8467778622222752,0.09653779328186557,-0.34333735408107857,0.005257427212849386,-0.03934204858345074,-0.10988742023708616,0.0,-0.3960290296197499,3.909963716083669,2776.3703208609427
Sincere Parker,-2.2376895326774995,-1.9969034189512638,-0.24078611372623557,-1.8104729314924566,0.05025321366454569,-0.23668370112335294,-0.15164340585322544,0.007859134163972242,-0.09700184203698237,0.0,-0.27557319533181734,3.833574220627024,3778.204374739089
Nique Clifford,-2.2382509198231912,-2.2003786794084976,-0.03787224041469378,-1.7284372683267462,-0.10260328997992081,-0.36933812110183056,0.029245822778428354,0.021502056299687947,-0.08862011949281008,0.0,-0.5390594742748736,3.796642191096632,4577.232126728339
Kenny Noland,-2.239647769299414,-2.007016456619913,-0.23263131267950107,-1.7427248793038546,-0.11847602001871695,-0.14581555729734175,-0.150769578339207,0.01709808618164263,-0.09895982052193669,0.0,-0.34615331165635277,3.7667026702720987,5477.125404934515
Dane Erikstrup,-2.240864528656064,-1.9867136794498323,-0.25415084920623177,-1.7034431644906831,-0.25943939745530986,-0.02383111750383954,-0.2264143151977322,0.057850011585053374,-0.08558654559355293,0.0,-0.31100704896764897,3.9177893885010944,2707.383079570035
Jordan Leaks,-2.2430729591622147,-2.094097551814081,-0.1489754073481334,-1.713238662238703,-0.1688901108783146,-0.21196877869706388,-0.14913158587732495,0.06875129266873206,-0.0685951141395405,0.0,-0.38070271104618697,3.9301790452714984,2587.5580500491033
Jaden Brownell,-2.2446488748150717,-2.149413741287265,-0.09523513352780666,-1.7623178905575492,-0.01891989441969283,-0.36817595631002303,0.003441574612217835,0.008874137220658607,-0.1075508453606831,0.0,-0.48577255886974036,3.9534226054173343,2421.3098563816366
CJ Brown,-2.2449892645317404,-2.050990723295488,-0.19399854123625254,-1.7245743303818581,0.06395067257773282,-0.3903670654913625,-0.202525128845704,0.10645627327329307,-0.09792968566384161,0.0,-0.3178898053041782,3.8095721794961426,4245.5125764283985
Troy Glover II,-2.245552531376174,-2.1581197427273215,-0.08743278864885248,-1.9629362174630745,-0.04931909868963963,-0.14586442657460785,-0.10380112671540187,0.10000997465893899,-0.0836416365923896,0.0,-0.1788151871976981,3.9859833354027274,2199.891326939136
Nicholas Boyd,-2.2458937460846906,-2.032407634537403,-0.2134861115472876,-1.6480525658117782,0.0540333182497984,-0.43838838697542326,-0.11532944343871088,-0.01326633198751867,-0.08489033612105806,0.0,-0.4825117368342016,3.742833785695075,6538.242520037508
Noah Ross,-2.2460441804953613,-1.895985769278425,-0.3500584112169362,-1.7659016134241303,-0.05435413641557185,-0.0757300194387227,-0.0060611062430808715,-0.26434138367019666,-0.07965592130365867,0.0,-0.4740814608281499,3.780454515969491,5027.2153903902945
Noah Freidel,-2.246740806253472,-2.0921434157547614,-0.15459739049871044,-1.8413941610262383,0.005983974843552259,-0.25673322957207545,-0.05523541963613987,-0.0005544099609257336,-0.09880756090164483,0.0,-0.3501112255910937,3.9842324857542333,2193.998266205107
Chase Forte,-2.246982561190818,-2.2253409983916104,-0.021641562799207426,-1.9677592112577749,0.08880125883244894,-0.34638304596628455,-0.06203605324290745,0.14832566888913779,-0.10793117844543776,0.0,-0.2171872966901356,3.781314566017649,4998.223185552993
Carson Cooper,-2.247347519016928,-2.109863204328154,-0.1374843146887737,-1.8130179104794228,-0.18124229371541847,-0.11560300013331276,0.0037040217006062415,-0.08529900114012824,-0.05588933524925171,0.0,-0.4380336302381112,3.7924318500755785,4700.48705790226
Jordan Scott,-2.248001892140771,-1.9367874980125819,-0.31121439412818924,-1.8663170916777538,0.0749759080219208,-0.14544631435674876,-0.20040181810022423,-0.030817234660383004,-0.07999534136758202,0.0,-0.18128298236279297,3.9940995586592525,2147.661658680823
RJ Luis,-2.2481145697909635,-1.8681767790861938,-0.37993779070476974,-1.9578245853073364,-0.04005239010817377,0.1297001963293164,-0.42496092865523905,0.1397654296215618,-0.09474229167109252,0.0,0.1346709441716119,3.8698125533697265,3241.4407224850465
Michael Jacobs,-2.2484861489203127,-2.1548243215703566,-0.09366182734995603,-1.7211466420746726,0.040817439935456556,-0.47449511943114087,-0.04101386418875563,0.07091017284624043,-0.12355813600744082,0.0,-0.4863256426568847,3.7973975347464064,4559.7561907860545
Alvaro Cardenas,-2.248749341449149,-2.0275182829329657,-0.2212310585161836,-1.7589092055676137,-0.015596384836525895,-0.2530126925288261,-0.08573924420824192,-0.037483478413598045,-0.09800833589434364,0.0,-0.4041008916732937,3.7924132715190484,4686.871983122926
Jevin Muniz,-2.2493755752096587,-2.183079880202868,-0.06629569500679061,-1.7863839976204052,-0.10217614232853246,-0.29451974025393046,0.010095749847086721,0.03073932717259964,-0.10713077202647697,0.0,-0.47308732743634024,3.7364064523920324,6892.736419534578
Christoph Tilly,-2.2496169457073325,-2.1282481336878742,-0.12136881201945844,-1.5152586411637867,-0.03377883438103485,-0.579210658143053,0.0340468123080806,-0.0634832150397953,-0.09193240928774374,0.0,-0.7684051168516267,3.7907338582186814,4722.666734615206
Jacob Crews,-2.250331456645292,-1.9062724813854843,-0.34405897525980766,-1.745240313839529,0.2045723953619375,-0.36560456290789306,-0.09437904037322309,-0.16049046911218923,-0.08918946577439532,0.0,-0.4107121024325401,3.8150904253041444,4147.22191741155
Darrion Williams,-2.2504819066280453,-2.128370160125321,-0.1221117465027243,-1.755976631034483,0.11588408746197582,-0.48827761655281343,0.0091788094354186,-0.04731498743092647,-0.08397556850721644,0.0,-0.5036840850289805,3.736775372924728,6873.686172563758
Tey Barbour,-2.2509848297507506,-2.0210062982657315,-0.22997853148501893,-1.6825213071015919,-0.036137414647374744,-0.302347576516765,-0.013809751303683004,-0.11483366629474348,-0.10133511388659244,0.0,-0.5546537713454757,3.853409085513908,3460.6608666276106
Harry Wessels,-2.2511289545809037,-2.123698277560674,-0.12743067702022975,-1.8877595201415827,-0.14564703750275745,-0.09029171991633378,0.13826847894950978,-0.1696326148511447,-0.09606654111859483,0.0,-0.5016379133888308,3.913648863068416,2751.150356367356
Ben Gregg,-2.2514420952022163,-1.8185579244611279,-0.4328841707410884,-1.6664900206931137,-0.06284358268837298,-0.08922432107964129,-0.26513648767547954,-0.07912833111198045,-0.0886193519536285,0.0,-0.3198155868336232,3.909298304891463,2773.579065477901
Jordan Ross,-2.252626864551647,-2.2930628052072883,0.0404359406556412,-1.8567264388156148,-0.008530961755558841,-0.4278054046361146,0.08996189831063073,0.03128320494302243,-0.08080916259801196,0.0,-0.48586232404666296,3.826614120592103,3925.3638307616493
Silas Demary Jr.,-2.2535312129931233,-1.9938875070819466,-0.2596437059111767,-1.7181579713101842,0.00851953448102416,-0.2842490702527868,-0.31965914765027165,0.14706953585509752,-0.08705409411600257,0.0,-0.21571409403266767,3.7449095604233085,6453.022957222076
Myles Corey,-2.2535996250793464,-2.253536065299265,-6.355978008150409e-05,-1.659868244582439,-0.1770059799516205,-0.4166618407652054,-0.013513986943052725,0.09925828846537013,-0.08580786130239891,0.0,-0.5802173935538547,3.818029051817044,4091.995509002717
Andrew Holifield,-2.254164975260791,-1.9818993600045884,-0.27226561525620274,-2.07177179912292,0.03697201242021281,0.05290042669811856,-0.1047138059920531,-0.08620259915786432,-0.08134921010628532,0.0,-0.07767937014581827,3.8079842046907078,4306.698916100293
Ben Gold,-2.254662412359724,-2.131449501418624,-0.12321291094109986,-1.8681235580552018,0.008235100878246693,-0.27156104424166894,-0.15542510543620974,0.142865386998698,-0.11065319250358811,0.0,-0.23111374886831237,3.777516205282146,5135.04214896398
Pharrel Payne,-2.2565473051132736,-2.2730281267439474,0.016480821630673673,-1.8524219710832193,-0.3624373624353779,-0.058168793225350235,0.09468633295843576,0.011516186700452222,-0.08972169802821431,0.0,-0.4988116669884902,3.8594521487027427,3387.324393076595
Clifford Omoruyi,-2.2589293482506836,-2.3433542701617185,0.08442492191103505,-1.9097441450575963,-0.22363458071652903,-0.20997554438759317,0.1719828318966634,-0.0011624089278044758,-0.08639550105782388,0.0,-0.5211680350897506,3.83821537417692,3712.6475226994435
Sean Logan,-2.2594079605274247,-2.2809768235025234,0.021568862975098718,-2.0559375508276414,-0.2062473888441758,-0.01879188383070629,0.19441389909663143,-0.06080421651014929,-0.11204081961138343,0.0,-0.3978843087964148,3.9815416339309246,2196.147751053484
Corey Washington,-2.2602571519177683,-1.6421941794073593,-0.6180629725104088,-1.646971312857223,0.02840502062228839,-0.023627887172424755,-0.45899484481658775,-0.06680959055414223,-0.09225853713967881,0.0,-0.15429099424395742,3.7557243532893025,5939.347481713345
Lance Williams,-2.260314047866236,-2.4353477993018497,0.17503375143561378,-1.9938718831707647,-0.04329694058509209,-0.3981789755459929,0.25073829440211026,0.04030277305487763,-0.1160073160213741,0.0,-0.5171804590975815,3.811011154418146,4234.693345741962
Braxton Stacker,-2.261046167867426,-2.39796751873922,0.136921350871794,-1.916558868404568,-0.1353404391915055,-0.3460682111431461,0.06164429069861066,0.15431919524181328,-0.07904213506862995,0.0,-0.4061315901614683,3.8196128009284394,4035.9107514604048
Tristen Newton,-2.261867933035976,-1.9757619571957963,-0.28610597584017966,-1.7058229134513538,-0.10728616180728386,-0.16265288193715854,-0.18097918577486338,-0.01833056457434913,-0.08679622549096716,0.0,-0.37506583380975866,3.900329316773993,2887.7648820058507
Blake Buchanan,-2.2621001306492086,-2.0591733980583524,-0.20292673259085625,-1.8660163092491227,0.02710857482197307,-0.22026566363120273,-0.034635885966318225,-0.045975588210363696,-0.12231525841417434,0.0,-0.3614479354337677,3.803905151008889,4380.398690489716
Tyler Kolek,-2.2628938786915134,-2.278682507151177,0.01578862845966371,-1.633426244879567,-0.1533517286535937,-0.4919045336180161,-0.12255114195641093,0.24639384118116317,-0.10805407076508854,0.0,-0.5069164918555352,3.927993805984505,2616.3498356502405
K.J. Adams Jr.,-2.2634376482056107,-2.3430595718082494,0.07962192360263873,-1.7501169932634966,-0.19180172846975868,-0.40114085007499434,0.09286554235679045,0.07469409786635944,-0.08793771662051117,0.0,-0.6061861972989048,3.8200620163808883,4054.898522314269
Pablo Tamba,-2.2639605428781335,-1.9808747586428022,-0.2830857842353315,-1.7493838292509831,0.07847195961343223,-0.3099628890052512,-0.21433580357084137,0.03078955546836483,-0.09953953613285492,0.0,-0.3002409100563091,3.7878451118187595,4815.0919721319515
Ring Malith,-2.26450851699654,-2.2552052859785627,-0.009303231017977115,-1.9690924908010907,-0.021989740944333813,-0.26412305423313803,0.019060967023379893,0.07307386156753021,-0.10143805960888722,0.0,-0.3144769932188288,3.9189906517788264,2705.905598743186
Aidan Cammann,-2.2645635005781766,-1.954231384293062,-0.31033211628511453,-1.6752222966205625,-0.06945817721761875,-0.20955091045488064,-0.24521814227032152,0.02357359023600822,-0.08868756425080122,0.0,-0.3441230616872924,3.8660224938819643,3288.1804987134583
Dajuan Harris Jr.,-2.2650364990682954,-2.193679749172942,-0.07135674989535357,-1.7628255193074647,-0.04023352796955215,-0.3906207018959253,-0.09204324667419128,0.08665062065124929,-0.06596412387241157,0.0,-0.41016773308663973,3.7795036374013553,5079.984703547872
Ofri Naveh,-2.2663178544673865,-2.618769572483522,0.3524517180161355,-1.8945593685348276,-0.23926058559026764,-0.4849496183584265,0.4181115069642586,0.027552865482298503,-0.0932126544304216,0.0,-0.7898699928968173,3.870092048874828,3220.674533113922
Jalen Tot,-2.267230994119978,-1.9963990180880404,-0.2708319760319377,-1.852617139593037,-0.023436812390262962,-0.12034506610474044,0.004908788259401886,-0.16203451998801444,-0.11370624430332517,0.0,-0.419522642786343,3.9803284666418883,2227.2263742162286
Abdul Momoh,-2.2686349079352963,-2.265404971720697,-0.0032299362145992855,-1.9425147920964867,-0.24240219129403845,-0.08048798833017162,-0.04373276392204184,0.1304758733773441,-0.08997304566990154,0.0,-0.2823873519167675,3.801042975122147,4468.65682076453
Jean Aranguren,-2.2689102226480418,-2.3495505886317543,0.08064036598371253,-1.7138439345125387,-0.17890991408962728,-0.45679674002958837,0.11436404284819679,0.0643834016422127,-0.09810707850669696,0.0,-0.6694303309837,3.7710390515113748,5337.556314408592
Trey Simpson,-2.2702418380216653,-1.8045460301085194,-0.4656958079131458,-1.786973032675415,-0.07170852486759244,0.054135527434487796,-0.2348443318529539,-0.12005100333470278,-0.11080047272548911,0.0,-0.24842447349329655,3.908859422910236,2799.324817711914
Caden Powell,-2.2708426444222223,-2.0527168218006695,-0.21812582262155275,-1.7868241616696499,0.027997944019809456,-0.2938906041508293,-0.02940014092839527,-0.09714231776164742,-0.09158336393151006,0.0,-0.4546183418241773,3.784822848590871,4906.867492033629
Isaiah Malone,-2.2712121203264584,-2.4723384237262747,0.20112630339981624,-2.0773693209199044,-0.22313622777040035,-0.17183287503596972,0.41855415316174305,-0.11670530842212958,-0.10072254133979723,0.0,-0.6123969525682968,3.9800061175543306,2231.09348676363
Keeyan Itejere,-2.2718436258123202,-2.236702639407213,-0.0351409864051071,-1.9310745958579876,-0.22020220847839012,-0.08542583507083545,-0.1376073725631775,0.21521122394245415,-0.11274483778438374,0.0,-0.20316165739115516,3.778859160271977,5084.552558259269
John Christofilis,-2.272801447014071,-2.1537075041620146,-0.1190939428520565,-1.8292250293255006,0.031083242492966595,-0.3555657173294805,-0.019781667392846147,-0.011951299706769086,-0.08736097575244127,0.0,-0.42379475029572433,3.806097326160144,4350.955348157339
Coen Carr,-2.272857289612621,-1.962207879659966,-0.3106494099526549,-1.7265064383092699,-0.05173756905680382,-0.18396387229389227,-0.07471223930804499,-0.12496603157430983,-0.11097113907030008,0.0,-0.471638611995306,3.7867417473638105,4872.5202555569895
Paris Dawson,-2.2739696539271383,-2.138756843300006,-0.13521281062713203,-1.8866896782551592,-0.1356442151841573,-0.11642294986068952,-0.12673423067014578,0.08766470981378466,-0.09614328977077093,0.0,-0.2605457450018331,3.8767701945000534,3138.6648924141364
Tom Mark,-2.2748303615546903,-2.071704038630614,-0.2031263229240764,-1.8534539233446614,-0.09132992209906916,-0.12692019318688308,-0.12052819260581804,0.018511622661773697,-0.10110975298003205,0.0,-0.3008482456042106,3.853224631314674,3451.6568320812635
Isaac Asuma,-2.275142888532402,-1.947800763665373,-0.3273421248670293,-1.7269319238270597,0.02228803408090868,-0.2431568739192218,-0.26350836511504916,0.02802693849375809,-0.09186069824573825,0.0,-0.2847025995902933,3.799573978049976,4501.383368507983
Jamal West Jr.,-2.275501951078826,-2.1305315664815145,-0.1449703845973117,-1.8744633954350076,0.07064771471608416,-0.32671588576259125,0.12238732004856911,-0.16197086506797748,-0.10538683957790336,0.0,-0.523425875692388,3.763963027218115,5593.20509978912
Jordan Derkack,-2.2756341756112612,-2.2885822066524044,0.012948031041143282,-1.8527710155837782,-0.138422120368083,-0.2973890707005429,-0.31288334650104727,0.41959340043547744,-0.09376202289328689,0.0,-0.10997981352643532,3.775438040361206,5190.505566992169
David Jones,-2.276450591556134,-2.1092315978579665,-0.16721899369816723,-1.8926840562756935,-0.07642316882609154,-0.14012437275618145,-0.09812418615906499,0.03560107256747619,-0.10469588010657842,0.0,-0.2856423491213752,3.9564161334731183,2395.1784057487102
Chandler Cuthrell,-2.276654101307502,-2.126749855067068,-0.1499042462404339,-1.7215828961821784,-0.040733251783094615,-0.3644337071017947,0.033677115959259596,-0.07279832289481121,-0.11078303930488231,0.0,-0.5887483210845827,3.8005069032769185,4464.310626325987
Torey Alston,-2.2769082402242287,-2.154038467254858,-0.12286977296937097,-1.798832542111093,-0.2156341678400635,-0.13957175730370158,0.05243780382837959,-0.0960306370308453,-0.07927693976690527,0.0,-0.5305135019415157,3.8196791186598236,4054.4003519050384
Justice Ajogbor,-2.278278387423786,-2.603584211472386,0.32530582404859987,-2.0011130327547524,-0.199950253743042,-0.4025209249745914,0.789050041290332,-0.3467414182864478,-0.11700279895528429,0.0,-1.0662153959593654,3.7836113602881056,4920.091879167687
Ethan Potter,-2.278329168360063,-2.0517781174448118,-0.22655105091525113,-1.646816381715431,0.014961769623329263,-0.4199235053527099,0.04572608939149769,-0.2006092981267178,-0.07166784218003104,0.0,-0.6772388760361295,3.7888958151726064,4779.717968972296
PJ Eason,-2.2786830613792817,-2.3861312713450293,0.10744820996574764,-1.9461042770939372,-0.15523664419396827,-0.28479035005712366,0.23364633808535096,-0.02404359515484667,-0.10215453296475666,0.0,-0.5662251223706952,3.835442527315431,3735.540003006067
Jordan Mizell,-2.2792450800376516,-2.5957997227567655,0.31655464271911404,-1.944972981088552,-0.30759687434802413,-0.3432298673201893,-0.1247048064211323,0.5320999381269577,-0.09084048898671133,0.0,-0.20956729252796708,3.821986340047606,3978.7349756942654
Ileri Ayo-Faleye,-2.280912468943318,-2.1466824811365823,-0.13422998780673523,-1.755103239776234,-0.08682185401121684,-0.30475738734913127,0.08417429505954033,-0.12188155603055781,-0.09652272683571773,0.0,-0.6099835242266236,3.899702097611111,2888.247039265956
Blue Cain,-2.2817169944523363,-1.9228013472929253,-0.3589156471594111,-1.4884127194418288,-0.11365028889725372,-0.3207383389538426,-0.21139584244147663,-0.0423113647267327,-0.10520843999120176,0.0,-0.5819084325690308,3.765770756458392,5547.124117300355
Andy Stefonowicz,-2.282084127584003,-2.2029630018414816,-0.07912112574252156,-1.713622813013641,-0.17541341940913435,-0.3139267694187061,0.06410343059318369,-0.05834192557007053,-0.08488263076563471,0.0,-0.6325647451635458,3.813110047152177,4196.726054380751
Devin Carter,-2.282110643348808,-2.2760425881896706,-0.006068055159137026,-1.8393298237882392,-0.09821184838933747,-0.33850091601209387,0.05269850664959952,0.04510708071154805,-0.1038736425202846,0.0,-0.4954793262101679,3.94426245144963,2482.938299658904
Jaiden Glover-Toscano,-2.2828150060215835,-1.9025407969900052,-0.3802742090315781,-1.6175972144975237,-0.1459170136102619,-0.13902656888221965,0.041428633254518954,-0.3097284283812541,-0.11197441390484299,0.0,-0.7066464247785785,3.8524692019144338,3479.258588152573
Tyler Tanner,-2.283904261530949,-1.986699206754094,-0.29720505477685494,-1.7450705992093534,0.16241633300370067,-0.4040449405484414,-0.4038981657230515,0.1706135852363309,-0.06392047429013438,0.0,-0.1349354965985442,3.780019064960804,5053.539077948082
Marcus Foster,-2.284670734438476,-2.1604420236750985,-0.1242287107633776,-1.8664152865572994,-0.0056916271737177115,-0.28833510994408146,-0.00905427398081271,-0.01954201041686878,-0.0956324263656961,0.0,-0.40920117390036403,3.8300544764369016,3832.643557671428
Asa Thomas,-2.284778792575465,-2.241151724366568,-0.043627068208896974,-1.7719316106867042,-0.15949323887200936,-0.30972687480785416,0.24197207369981355,-0.17870793149714917,-0.10689121041156135,0.0,-0.754819255588574,3.9821487588131874,2216.389911397464
Danilo Dožic,-2.2866656220812627,-2.1984413323533865,-0.08822428972787626,-1.7944636482580896,-0.02886072203946921,-0.3751169620558278,0.1848223402823811,-0.15283373441551706,-0.12021289559474028,0.0,-0.6770243141055543,3.841533833813351,3642.941277949347
Frank Mitchell,-2.2874573988508073,-1.9248384464163752,-0.3626189524344322,-1.8801812058531209,-0.11499310356339672,0.07033586300014216,-0.10112099360155774,-0.17606814166778834,-0.08542981716508616,0.0,-0.306155199396129,3.7738271531038374,5259.701195443386
Bryant Selebangue,-2.287973263842887,-2.2203038033875635,-0.06766946045532356,-1.9771588533740387,-0.07590539419117032,-0.16723955582235445,-0.03982636742120266,0.05502318497079245,-0.08286627800491335,0.0,-0.2709880430476457,3.9129893241091804,2735.3423342629085
Josh Lee,-2.2886744821171146,-2.0530288418429388,-0.23564564027417578,-1.4806199664235755,0.03464356822121298,-0.6070524436405764,-0.33590743900958064,0.1927595479751039,-0.09249774923969901,0.0,-0.4721470766839586,3.9900436923370703,2147.948767821811
Jadon Jones,-2.2892294370740736,-1.9576091498492438,-0.3316202872248297,-1.857289363390828,0.06156994642445332,-0.16188973288286895,-0.31721425425418026,0.07779453494278765,-0.0922005679134371,0.0,-0.11472581942906508,3.80187199568772,4435.534365594165
Bent Leuchten,-2.2899199122401734,-2.1100545631345504,-0.1798653491056231,-1.759506123155202,-0.09642841816391516,-0.2541200218154333,0.05162788165094134,-0.15571970206952201,-0.07577352868704243,0.0,-0.582041670735913,3.8863025639502435,3034.4374231529337
Tyson Walker,-2.2908094034753996,-2.149426503637124,-0.1413828998382756,-1.8118798782939916,0.06403576423858531,-0.40158238958171766,-0.044795109340965256,0.00042352105992750355,-0.09701131155723784,0.0,-0.4341344158404427,3.9392548668819733,2524.1667135459165
Jayden Nunn,-2.2918310278571123,-2.0821177338574297,-0.20971329399968275,-1.7670440705789972,-0.15313890652982964,-0.16193475674860275,-0.30684192244062464,0.1974332575101916,-0.10030462906924972,0.0,-0.2179450348374905,3.8185899176136515,4065.0919981542906
Alex Tew,-2.292697180891025,-2.370269099753017,0.07757191886199226,-1.9750769183020762,-0.08118650213989932,-0.31400567931104156,0.014611057251896598,0.15949049356537373,-0.09652963195527807,0.0,-0.3322313198408452,3.949053743856466,2426.6176041748586
Donovan Clay,-2.292772697247263,-2.324275041455094,0.031502344207831365,-1.8553388850478338,-0.10046167651195335,-0.36847447989530685,0.27695419510506214,-0.14165118947675664,-0.10380066142047413,0.0,-0.714388007304491,3.962008668376897,2348.683600149948
Corey Chest,-2.295423482064254,-2.2343532082835242,-0.06107027378072971,-2.0565039683651265,-0.1317550781182827,-0.046094161800115274,-0.030780452251058965,0.08395429209528443,-0.11424411362495518,0.0,-0.2081390614480687,3.9710131235021193,2282.2840328127463
Lok Wur,-2.296760629399835,-2.0852877068901514,-0.21147292250968358,-1.894886722778465,-0.07066211427018368,-0.11973886984150278,-0.22837509388457305,0.12234935090134053,-0.10544717952645105,0.0,-0.173498812736797,3.9663041158568735,2319.151527587108
Payton Sandfort,-2.296856716494583,-1.7041224816349096,-0.5927342348596731,-1.7256486641123545,0.13468053584393647,-0.1131543533664916,-0.47883473446337294,-0.01429257704237949,-0.09960692335392077,0.0,-0.09237331791885539,3.8168712388855424,4110.008558889013
Christian Shumate,-2.297094030339233,-2.177981022851933,-0.11911300748729975,-1.9839249263348075,-0.11207533523700859,-0.08198076128011705,-0.05649019553872747,0.032382093290568736,-0.09500490523914101,0.0,-0.2566789084656979,3.8218471000983185,4004.706623945858
John Camden,-2.2976352166805083,-1.8947821701646974,-0.4028530465158109,-1.4967311578694522,0.1326865884982899,-0.5307376007935352,-0.31055113248262894,0.0032550081190586416,-0.09555692215224058,0.0,-0.4903529263284272,3.7586928266521995,5792.2242932584795
Jorge Diaz Graham,-2.2980868628808313,-2.0275015670387995,-0.27058529584203184,-1.8647935871560235,-0.05008759372225639,-0.11262038616051945,-0.14504074423263874,-0.02220544705847622,-0.10333910455091688,0.0,-0.28825253149216895,3.9508445893881623,2421.8228509056207
Freddy Hicks,-2.2985958125059684,-2.1726721916970644,-0.12592362080890424,-1.8634775458075137,-0.05173864857544529,-0.2574559973141054,-0.36671217869541606,0.3179556810739783,-0.07716712318746649,0.0,-0.06840608800303888,3.805200637275488,4357.71709179113
Zack Austin,-2.298743224685307,-2.184461193334364,-0.11428203135094306,-1.8823994065330931,-0.028608473429385328,-0.2734533133718853,0.0021262072697255663,-0.012635360343830448,-0.10377287827683818,0.0,-0.41847002542193923,3.82811151961213,3887.8641534613457
Adlan Elamin,-2.299287085582925,-2.0485618882334222,-0.2507251973495026,-1.8426122264121891,-0.10869330197935938,-0.0972563598418737,-0.2277814617839316,0.07916820978978614,-0.10211194535535711,0.0,-0.22889339738680406,3.9986271076995576,2109.27535185793
Nate Kingz,-2.3005506303883165,-2.1322823019647625,-0.16826832842355383,-1.8154353173945947,-0.02568698738963987,-0.29115999718052776,0.01961789153269744,-0.06666596559367798,-0.12122025436257328,0.0,-0.5047332045264189,3.799591401852522,4512.581141264028
Carlos Hart,-2.3006619380133952,-2.3597956553064634,0.05913371729306824,-1.8736219667984977,-0.09948364585664651,-0.386690042651319,0.05946981152127595,0.10328939632819914,-0.10362549055640685,0.0,-0.48650978273617324,3.9503138571759964,2421.5455808280385
Taj DeGourville,-2.3009829808309044,-2.257184807181904,-0.04379817364900049,-1.86401584028699,-0.016394674939799098,-0.37677429195511486,-0.12259785158698949,0.15669171496316323,-0.07789203702517422,0.0,-0.31436928895692495,3.8814815662372033,3097.5905158625305
Basheer Jihad,-2.3011134825698463,-2.342619210808373,0.0415057282385268,-1.789694931127757,-0.04922462316090084,-0.503699656519715,0.13189639190946278,0.006292456096602075,-0.09668311976753804,0.0,-0.6433149433515518,3.850871899225025,3500.337437981809
Martel Williams,-2.30140885172046,-2.328256760805124,0.026847909084664237,-1.7506335608402808,-0.16508604032890822,-0.41253715963593474,0.20696627612073915,-0.09423010285389398,-0.08588826418218093,0.0,-0.7577415670009178,3.8020251263852494,4433.028014751721
Stevie Mitchell,-2.301859784657937,-2.225471461647359,-0.07638832301057785,-1.6497928843105056,-0.026133607510748808,-0.5495449698261046,-0.2727299566459085,0.2897880022192364,-0.09344636858390576,0.0,-0.3793369437015227,3.842187998840615,3622.9660627309086
Luke Haupt,-2.303296737451543,-1.9627309652923122,-0.3405657721592308,-1.8188829007610412,-0.045119996115066396,-0.09872806841620463,-0.2912407824823615,0.02007872221645278,-0.06940371189332209,0.0,-0.19317305420814035,3.8671946091380076,3248.900817905125
Rodney Rice,-2.3045380882894984,-2.074833905006147,-0.22970418328335163,-1.7983228192417062,0.11338354173987081,-0.38989462750431136,-0.2718122820978041,0.11819857539248879,-0.07609047657803629,0.0,-0.23440298694998807,3.9040246125473574,2848.732960602715
Kobe Johnson,-2.3048560980785027,-2.258641983247954,-0.0462141148305488,-1.7442284784675233,-0.23903368986416204,-0.2753798149162689,-0.26210368102274245,0.31424015737479905,-0.09835059118260539,0.0,-0.2985239385882372,3.8317255221621322,3816.0952869120115
Fred King,-2.305455440471538,-1.8561592986110627,-0.44929614186047556,-1.8472330476049934,-0.15661678212384617,0.14769053111777697,-0.050603200679540494,-0.2875118221853923,-0.1111811189955428,0.0,-0.40761919218700426,3.871884187678366,3217.8414556853313
Jaylani Darden,-2.305992011776424,-2.1598160257980616,-0.1461759859783624,-1.8112134758717622,-0.09469219650471153,-0.2539103534215881,-0.22104337703446997,0.14960272209500153,-0.07473533103889396,0.0,-0.273735158870192,3.9389505163714205,2519.8040049688766
Jahvon Quinerly,-2.307571496282697,-2.138526795323337,-0.1690447009593597,-1.7190317673285416,-0.15364565731088073,-0.265849370683915,-0.07417648488049772,0.011331614012107763,-0.10619983009096975,0.0,-0.5143632440736577,3.9435183987389313,2489.904382279707
Dan Skillings Jr.,-2.3078002332274528,-1.9337153732484595,-0.37408485997899316,-1.872425627607944,-0.053088885663852003,-0.008200859976663477,-0.3234119576020922,0.04674902082916177,-0.09742192320606276,0.0,-0.11196264801741647,3.7805385866799157,5036.908328184092
Armando Bacot,-2.308838273214342,-2.1777460363333794,-0.1310922368809627,-1.9834325013188432,-0.050014243438334216,-0.1442992915762022,0.06199459366420157,-0.12662531661753648,-0.06646151392762778,0.0,-0.3874003655597007,3.9107682836885624,2773.697391543731
Antwone Woolfolk,-2.308915179085504,-2.248452744047905,-0.06046243503759889,-1.9015923849626384,-0.18153474925008464,-0.16532560983518219,-0.3105392872857171,0.32859764113158507,-0.07852078888346685,0.0,-0.09678350683714858,3.8089637890336476,4265.653334457596
Chase Ross,-2.3089410049372914,-2.522009031949597,0.21306802701230554,-1.7846866867251754,-0.021757167553764417,-0.715565177670657,0.12034007812923553,0.18926711728520865,-0.0965391684021386,0.0,-0.6445943963413514,3.7442043418729662,6466.807337566779
Ahmet Jonovic,-2.3092354967966173,-2.337591153965869,0.028355657169251702,-1.7225654328958195,-0.14811663127790697,-0.46690908979214285,0.4035251560218772,-0.26340369066664315,-0.11176580818598236,0.0,-0.9901952199226753,3.8379575287204872,3703.284840608979
Marcus Domask,-2.309741929051465,-2.0697987473211152,-0.23994318173034976,-1.664084847063949,-0.04659207417449049,-0.35912182608267545,-0.051303185201322044,-0.1001577432485287,-0.088482253280499,0.0,-0.5943538967861935,3.8974933361073028,2902.030379547739
Gabe Madsen,-2.310994739548422,-2.0488786321381345,-0.2621161074102876,-1.7002407024745798,-0.10341487092462263,-0.24522305873893227,-0.053158652912452475,-0.10846153495137399,-0.10049591954646113,0.0,-0.55759538416139,3.819490014214209,4053.590503787741
Taryn Todd,-2.3115364611474916,-2.1017987488844203,-0.20973771226307142,-2.023466714049762,-0.041984808789832656,-0.03634722604482582,0.10185233884565181,-0.20093456103630242,-0.11065549007242083,0.0,-0.38992208594338174,3.8668356069897545,3277.743986177744
Kenny Pohto,-2.311556693620693,-2.1410779135876794,-0.1704787800330132,-1.8048269310971037,-0.20498162500400555,-0.13126935748657026,-0.13896657802781087,0.04633836495224547,-0.07785056695744781,0.0,-0.36776318449577816,3.8744617906312815,3181.894381539297
Felix Okpara,-2.3135863062185664,-2.012409557380827,-0.30117674883773926,-1.8960660840465282,-0.09499870111119554,-0.021344772223103603,-0.022516443950945764,-0.19347636700305862,-0.08518393788373489,0.0,-0.39500377822109267,3.7594252551525145,5790.7872143467375
Tajuan Simpkins,-2.314972783169471,-2.0987075022164317,-0.21626528095303935,-1.7775503263272483,-0.08524176390828048,-0.23591541198090274,-0.10077685291662619,-0.00064653772701731,-0.11484189030939584,0.0,-0.43664560392559637,3.8351901752879174,3773.193640806694
Gray,-2.316009141788454,-2.2609505122437183,-0.05505862954473578,-1.6660242147837854,-0.0012465209114509157,-0.593679776548482,-0.137945486693636,0.17288087648304032,-0.08999401933414011,0.0,-0.5120394403110328,3.867951710311933,3240.266910703106
Muneer Newton,-2.3163158994018573,-2.004675716540394,-0.31164018286146355,-1.9204911207629132,0.03803676797536257,-0.12222136375284309,-0.0669361001793829,-0.13878239856387203,-0.1059216841182086,0.0,-0.32888867845956116,3.82346114515966,3963.0879813913616
Patton Pinkins,-2.316868735027435,-1.8618794702975068,-0.454989264729928,-1.827804922940917,0.043129150689722284,-0.07720369804631211,-0.3095683685306908,-0.04686277118146492,-0.0985581250177723,0.0,-0.17949544355582703,3.9253406281526466,2643.28052306899
DaRon Holmes II,-2.3170075209818273,-2.3380791500474425,0.021071629065615202,-1.8673815389062174,-0.14389999029711364,-0.32679762084411135,0.26134571281551966,-0.13702727159979752,-0.10324681215010693,0.0,-0.7109716948911294,3.9392169986261467,2523.717095485572
Andrija Grbovic,-2.3170895889885537,-2.105314251039526,-0.21177533794902756,-1.7881135439571543,-0.11265834196754837,-0.2045423651148231,-0.213634816580153,0.11518830374138403,-0.1133288251102586,0.0,-0.315341228451246,4.017905630498913,2003.0496067564131
Dian Wright-Forde,-2.317229280029501,-2.226854464388717,-0.0903748156407841,-1.739683401189673,-0.11266900300485544,-0.3745020601941887,-0.0651722074090475,0.09457911334113792,-0.11978172157287452,0.0,-0.5123736714307807,3.8905888670697886,2977.6061233542605
Michael O'Connell,-2.317266753089647,-2.2322416715137963,-0.08502508157585094,-1.7952711386821019,-0.054144986958709965,-0.38282554587298423,-0.06060510900167021,0.06444080318282344,-0.08886077575700417,0.0,-0.46139050540587495,3.823566373289075,3971.1117553833774
Kadin Shedrick,-2.317295943514584,-2.095855843940605,-0.22144009957397862,-1.8253383413406405,0.0055686763606883904,-0.2760861789606532,-0.12166961842481383,-0.00018348503276519046,-0.0995869961163996,0.0,-0.3702879837491296,3.892829401568159,2962.1361367926684
Jabez Jenkins,-2.3174750117571303,-2.5656448712373545,0.24816985948022408,-1.6611295979570566,-0.3415181450002721,-0.562997128280026,0.41423639269664325,-0.06322321955358869,-0.10284331366283052,0.0,-1.0705818064967174,3.961018573549412,2327.1889836619166
Steven Ashworth,-2.3175626975935404,-1.9858803583276698,-0.33168233926587065,-1.4846940735816296,-0.09321170359941887,-0.40797458114662133,-0.008244279468776372,-0.23634136271857129,-0.087096697078523,0.0,-0.8246243445431345,3.780782651494537,5049.139693975165
Trevan Leonhardt,-2.3178093444670953,-2.3002134307921875,-0.017595913674907843,-1.8219822142317286,-0.3086116530529705,-0.1696195635074888,-0.24682254698938844,0.29123699099468947,-0.06201035768020888,0.0,-0.2490045832459787,3.761833753838096,5707.694856140506
Alijah Martin,-2.319841954971907,-2.0940963712206355,-0.22574558375127146,-1.8067392486288532,-0.06429763367137357,-0.22305948892040853,-0.16716713334828093,0.016707441327841854,-0.07528589173083239,0.0,-0.3459355729947726,3.790923378941708,4738.703833845527
Posh Alexander,-2.320228571211511,-2.378518600432475,0.05829002922096391,-1.8368308242775775,-0.19333673082709987,-0.3483510453277974,-0.06109791300163908,0.19794365375236136,-0.07855571152975838,0.0,-0.4222998339322943,3.8548473797414853,3445.261205738446
Jakari Spence,-2.320764824166345,-2.4542647483080033,0.13349992414165837,-1.7438298362852305,-0.15907079289684545,-0.5513641191259272,0.04064149297070796,0.19232869575726888,-0.09947026458631847,0.0,-0.6175764808518223,3.8646003567806906,3296.933843420383
Amani Lyles,-2.3211703301008924,-2.0309342304410514,-0.290236099659841,-1.9154176569354693,-0.0074702674978795736,-0.10804630600770249,-0.19474023846676453,-0.003992966232987852,-0.09150289496008861,0.0,-0.21101243469865852,3.8053462117403276,4366.011100079624
Dion Brown,-2.3226921504493845,-2.0945588019258246,-0.22813334852356,-1.6201487174406466,-0.14454865228640623,-0.3298614321987714,0.022394003351671965,-0.17085431674454127,-0.07967303513069068,0.0,-0.7249374363604095,3.761235311999214,5703.868495460415
Michael Houge,-2.3229181544801394,-1.9280997898085677,-0.39481836467157183,-1.9416849652994255,-0.07383010559600045,0.08741528108685848,-0.042416925087474355,-0.21764922468250866,-0.13475221490158884,0.0,-0.3388162640932395,3.8095490570709964,4268.60963162973
Adam Miller,-2.323566429488065,-2.3078152266495175,-0.015751202838547432,-1.8515351989322533,-0.0008084304018836641,-0.45547159731538045,-0.05299703543197226,0.10912044591588257,-0.07187461332245774,0.0,-0.41903419512383927,3.7684967125440183,5440.773430532443
Khaden Bennett,-2.323777650041982,-2.1314305162641203,-0.19234713377786156,-1.797779833715865,-0.12622342921641747,-0.2074272533318376,-0.23211534260467376,0.1250282553254119,-0.0852600464985997,0.0,-0.2938824737214428,3.800262330267197,4470.7182154576385
Ra'Heim Moss,-2.325296581736646,-2.4676513444094965,0.14235476267285022,-1.8289791895706977,-0.1334367906362246,-0.5052353642025741,0.23167809964995323,0.005254443534645742,-0.09457778051174875,0.0,-0.7279954918159017,3.8707442385494706,3200.6473403715963
Reece Beekman,-2.3262121064113384,-2.236783446879676,-0.08942865953166235,-1.860227968445295,0.024986666535808916,-0.40154214497019003,-0.15454981625164083,0.1472141465716645,-0.08209298985168603,0.0,-0.3114343217144026,3.947784008769664,2454.436293101809
Chris Fields Jr.,-2.326277972203787,-2.1905255086131685,-0.1357524635906182,-1.8569777712714581,-0.23094531398277912,-0.102602423358931,-0.07931419170757237,0.052280341019345006,-0.10871861290239083,0.0,-0.3899860092247559,3.907896310022794,2796.5867634778015
Mekhi Cooper,-2.3269861818036524,-2.376326753519563,0.0493405717159105,-1.7407778120199262,-0.26047459542850504,-0.37507434607113155,0.04387295435480809,0.0930799351708918,-0.0876123178097894,0.0,-0.6300813241385341,3.9123679276829,2742.79318714937
Antwan Burnett,-2.3270623589722987,-2.220108773483608,-0.10695358548869083,-2.019815066129664,-0.2203957248361607,0.020102017482216683,-0.053351346553557055,0.041652276831716045,-0.09525451576684982,0.0,-0.2538959462890778,3.8304956819393863,3836.8093982506416
Bangot Dak,-2.330133086355701,-2.0917411915249504,-0.23839189483075057,-1.8230994453927147,-0.12803910704156507,-0.14060263909067028,-0.043346753505595914,-0.07035190472276412,-0.12469323660239054,0.0,-0.46368688745738995,3.8191774881321563,4066.031658663376
Tate Laczkowski,-2.3322980903355996,-2.486270281167333,0.15397219083173352,-2.0720724143383573,-0.07248442130013898,-0.34171344552883687,0.2868021420660296,-0.04830020629768572,-0.08452974493661038,0.0,-0.5470278180632719,3.9538233575578814,2392.533078677739
Steven Crowl,-2.332749837579892,-2.287585056511793,-0.04516478106809883,-1.7325163481949166,-0.05593520960886021,-0.4991334987080162,0.2065040507657252,-0.1734998270797787,-0.07816900475404533,0.0,-0.8067375401507004,3.813224731722097,4166.198178927138
Garwey Dual,-2.332952939424404,-2.2082509521486786,-0.12470198727572566,-1.8376822345538553,-0.11363648357045988,-0.25693223402436316,-0.4227716634482163,0.3914670678257869,-0.09339739165329623,0.0,-0.07249904142233236,3.794155949923903,4627.623833593472
Tyson Degenhart,-2.333644338956483,-2.0278917825566785,-0.3057525563998045,-1.6461905169004039,-0.02835803245606397,-0.35334323320021077,-0.2785233914679453,0.04143963986507923,-0.06866880479693842,0.0,-0.4089304305881339,3.787790557019284,4807.5359758340965
Brandon Stroud,-2.334262152423401,-2.2553273823954156,-0.07893477002798538,-1.9822908044113146,-0.15922755732377905,-0.11380902066032206,-0.09845956013238183,0.11950942237291381,-0.09998463226851736,0.0,-0.25351178787970463,3.8729072621509935,3182.441171702194
Finley Bizjack,-2.3343495631364792,-2.0008548622823765,-0.33349470085410254,-1.601545572227649,-0.0484562122999499,-0.35085307775477753,0.05049930813567283,-0.28972250516857667,-0.09427150382119868,0.0,-0.7833032990445027,3.7676914889492377,5450.4881558215075
Zed Key,-2.336175037159223,-1.974922995891434,-0.361252041267789,-1.8118405618875022,-0.19454078817321274,0.03145835416928089,-0.21478566325220833,-0.03323827021304827,-0.11322810780253237,0.0,-0.30954881201951245,3.947330608040678,2446.057836090121
Maliq Brown,-2.3362230304946023,-2.278638066564705,-0.05758496392989759,-1.754601872441968,-0.17669556545514434,-0.3473406286675925,-0.27094539677188106,0.28568737538533906,-0.07232694254335559,0.0,-0.31067576128075336,3.793258956614865,4659.799269501753
Honor Huff,-2.3365807108942014,-2.0810428485577668,-0.2555378623364346,-1.5536258153826548,-0.11613198854087797,-0.411285044634234,-0.0791423209602099,-0.07970938273894,-0.0966861586372847,0.0,-0.7038125745513367,3.719389096190221,8026.737469883761
Matt Knowling,-2.3373251058243887,-2.2341148037619414,-0.10321030206244737,-1.6918859005731819,-0.12583121435186456,-0.4163976888368949,-0.07814080698624132,0.0652828906757072,-0.09035238575191325,0.0,-0.5672983982649655,3.9258207246969254,2635.36725536837
Jack Collins,-2.3380796354592315,-2.0609283326359438,-0.27715130282328754,-1.8867069157126026,-0.14186947295733385,-0.03235194396600727,-0.3076983982982383,0.1274419330796713,-0.09689483760472052,0.0,-0.14367432144839032,3.7279657075716184,7414.467585212096
Tarris Reed Jr.,-2.338106113678092,-1.944609720038883,-0.39349639363920896,-1.718244579000638,-0.18323144151913234,-0.04313369951911272,-0.18909345228252622,-0.10431115794625441,-0.10009178341042835,0.0,-0.4307680823949278,3.7716019688587896,5347.950078179976
Nate Heise,-2.339787987217316,-2.1055007879467253,-0.23428719927059105,-1.6222242011171448,-0.1237517483490361,-0.35952483848054434,-0.23205418450634618,0.07646951534736451,-0.07870253011160937,0.0,-0.4855096015938253,3.751118454667918,6110.757800149415
Donovan Oday,-2.340140484603788,-2.0144110662015633,-0.325729418402225,-1.572494275910805,0.05456141044377555,-0.49647820073453386,-0.2729221956060639,0.04619109163018553,-0.09899831442634666,0.0,-0.49472401308691943,3.761611965042193,5698.584431401223
Simeon Wilcher,-2.3410125942577205,-2.1558366585091453,-0.18517593574857505,-1.8204756138689504,-0.18191143407598617,-0.15344961056420864,-0.14147205961485237,0.028935765049917586,-0.07263964118364025,0.0,-0.37906492077391746,3.815763841526692,4127.703407727854
Tomislav Ivisic,-2.341997627289518,-2.1905402481137775,-0.15145737917574054,-1.8242734087605548,-0.12803013871350288,-0.2382367006397198,0.08576684751410346,-0.1761586575316077,-0.061065569158236306,0.0,-0.6034910660430667,3.8171292345913392,4126.87579105262
Sean Smith,-2.3427800939659678,-1.9625775533781114,-0.3802025405878566,-1.83312882012751,0.03093368915999753,-0.16038242241059908,-0.30070379077964554,-0.0013091286956119913,-0.07818962111259903,0.0,-0.20894748305881256,3.809491234167967,4277.653333532441
Joel Soriano,-2.342965123992305,-2.0154549949929867,-0.3275101289993181,-1.9584695878452398,-0.11095906151240131,0.05397365436465451,-0.16544452283006766,-0.06563072379388364,-0.09643488237536682,0.0,-0.21905101331699728,3.9902044385157103,2166.408925010922
Moulaye Sissoko,-2.3434776751401847,-2.18881041322623,-0.1546672619139549,-1.725021288885269,-0.23272636706188135,-0.23106275727907935,0.03344418409571903,-0.11126681378844157,-0.07684463222123239,0.0,-0.6519005703506346,3.948707720617779,2433.048670183901
Tyrel Morgan,-2.34351153928122,-1.9302586278739853,-0.41325291140723475,-1.8521491469946796,-0.011408668710357034,-0.0667008121689488,-0.18636343394153682,-0.1130744330761983,-0.11381504438949966,0.0,-0.3049989583450038,3.9989490419108527,2116.011317788664
Jakub Necas,-2.3437871143320317,-2.3733623917973294,0.029575277465297978,-1.8001276722064796,-0.283014497455215,-0.2902202221356349,-0.047241402968821455,0.16104315195817545,-0.08422647152405602,0.0,-0.49641803915673055,3.824621870000904,3945.2626377184197
Lateef Patrick,-2.3438433033747073,-2.0056196153826513,-0.33822368799205593,-1.6978172648338403,-0.018630016921514864,-0.2891723336272962,-0.12964773879369884,-0.11877876617619114,-0.08979718302216594,0.0,-0.5163782997471682,3.9027434646796118,2859.0927870717533
Austin Crowley,-2.343874727339824,-2.3324047378990134,-0.011469989440810527,-1.8166461523180808,-0.13533570208475,-0.3804228834961827,-0.05028578203035816,0.12841546251096017,-0.08959966992141254,0.0,-0.4769427929913851,3.9663695803144408,2321.558818905283
Myles Che,-2.345277409091006,-2.5622183820809963,0.21694097298999054,-1.8664824134390614,-0.30840595533214077,-0.3873300133097942,0.32922098293305835,-0.01680305920687631,-0.0954769507361915,0.0,-0.8080159785850027,3.9194682166995785,2703.2981492840618
Sheldon Williams,-2.346089012424644,-2.047851448177732,-0.29823756424691217,-1.5752764902852028,-0.010302451203087648,-0.4622725066894414,-0.13861297376057535,-0.07954498329777132,-0.08007960718856552,0.0,-0.6321995483788659,3.882402340420849,3060.151513850116
Nikolas Khamenia,-2.3474457594018405,-2.178467340517024,-0.1689784188848166,-1.9036495943281881,-0.04728010022614357,-0.22753764596269216,0.014486530859517899,-0.10244755265884312,-0.08101739708549138,0.0,-0.45828269593317017,3.9783813164722455,2243.436494506038
Woody Newton,-2.348110045970548,-2.1475841222661325,-0.20052592370441558,-1.8129975063592052,0.00925770101292081,-0.3438443169198482,-0.103575933954143,-0.0033512101450912796,-0.0935987796051813,0.0,-0.4315366056572,3.9509978851251852,2421.2848001132634
Rich Smith,-2.348695626279814,-2.2162930771591913,-0.13240254912062255,-1.7485589656982992,-0.23400839899661457,-0.23372571246427765,-0.30996557794188423,0.2646767060224987,-0.08711367720123703,0.0,-0.29017108263963054,3.8141893033810956,4150.583584550053
Styles Phipps,-2.3487445052222777,-2.2385552537520534,-0.1101892514702243,-1.8351630820921043,-0.23432586253285542,-0.16906630912709375,-0.08411441731823,0.07101117549005076,-0.09708600964204507,0.0,-0.42946700581194347,3.843932779948766,3602.8867230485366
Isaac Johnson,-2.3507404692936515,-2.17412449404722,-0.17661597524643144,-1.8366472465477544,-0.25627884430445225,-0.08119840319501342,-0.05422053314690478,-0.027211657547967165,-0.09518378455155949,0.0,-0.4598726895989923,3.8603807957374654,3388.1446256631407
Michael Marcus Jr.,-2.3517400617416597,-2.3900709148890473,0.03833085314738764,-2.079569668619687,-0.13161329831984395,-0.1788879479495164,0.19741983693814869,-0.08037399538764423,-0.07871498840311682,0.0,-0.4695902300601214,3.928009414659177,2616.858561004624
Jamir Watkins,-2.3521513832732133,-2.5030944449408015,0.15094306166758809,-1.7886887353902285,-0.21440572266374847,-0.4999999868868245,0.02641718580327046,0.22703694742782568,-0.10251107156350804,0.0,-0.5898798336862553,3.8377367827103064,3721.588436848392
Carl Daughtery Jr.,-2.352563446231981,-2.3229200087365705,-0.029643437495410582,-2.0919626027333553,-0.051576367580960875,-0.1793810384222539,0.021634420971361257,0.06462231070672772,-0.11590016917349956,0.0,-0.2822352644699866,3.8222739115108406,3994.350869833846
Josh Reed,-2.3528756964564987,-2.2513090827873574,-0.10156661366914116,-1.827307315463958,-0.10121623928816181,-0.32278552803523763,-0.10128768026464047,0.11394737623422035,-0.11422630963872105,0.0,-0.42428070072790014,3.8343055426488686,3764.4239312234336
RJ Johnson,-2.3543788689908167,-2.1538473478641484,-0.2005315211266685,-1.8264094447402732,0.027726783048846404,-0.35516468617272146,-0.11229051834201326,0.005103015035506989,-0.09334401782016222,0.0,-0.4156789059085303,3.8436578508548296,3603.2962257352174
Frankquon Sherman,-2.354609659114164,-2.1796320660268127,-0.1749775930873514,-1.8373684657103257,-0.12726618066211434,-0.2149974196543725,-0.04199132131907002,-0.061796277916772446,-0.07118999385150894,0.0,-0.4752498720847682,3.809930549253787,4256.196553494272
Lazar Djokovic,-2.355832095032548,-2.355209188471374,-0.000622906561174072,-1.7932125188770112,-0.25391293483706934,-0.3080837347572937,0.1919701149204185,-0.11456902758460813,-0.07802399389698443,0.0,-0.7545896910759555,3.7884503276219963,4811.961158540533
Declan Wucherpfennig,-2.357092900184619,-1.9758655337980862,-0.38122736638653265,-1.849530820936122,-0.068487614322833,-0.057847098539131,-0.251913205131307,-0.03297837793235779,-0.09633578332286785,0.0,-0.2556488741171897,3.875008410944003,3155.7570002293705
Sam Vinson,-2.3573612137973714,-2.436827738182585,0.07946652438521354,-1.9046097637341852,-0.05616631189270674,-0.4760516625556929,-0.05002590866586054,0.2315778423040756,-0.10208540925300152,0.0,-0.4027255413973256,3.8414616423774333,3648.100673863843
Gytis Nemeiksa,-2.357773868857657,-2.204855933960834,-0.15291793489682287,-1.8533795553669083,-0.11766843704471416,-0.2338079415492113,0.05168009596065737,-0.11163595444905743,-0.09296207640842281,0.0,-0.5560744094514057,3.796683815999756,4571.062533680142
Christian Harmon,-2.3597744898695256,-2.0041422026557627,-0.35563228721376294,-1.7482567892170482,-0.08308066220774153,-0.17280475123097305,-0.01147724504015224,-0.25775787098677216,-0.08639717118683853,0.0,-0.6000404556123253,3.904976271023642,2831.08988470742
Jeremiah Davis,-2.3605144171230164,-2.2607382238509794,-0.09977619327203702,-1.7335118158840903,-0.10739049765961803,-0.4198359103072711,0.14616563078284517,-0.14242946563606404,-0.10351235841881815,0.0,-0.7731682320217713,3.9575017912360475,2369.7608794017115
Kyle Evans,-2.360631412305851,-2.1100707381167148,-0.2505606741891363,-1.9478659743556241,-0.06727822518314654,-0.09492653857794431,-0.1043415781370442,-0.05319458015270928,-0.09302451589938279,0.0,-0.3084238598131829,3.8163489684090948,4135.610970354774
Jalen Haynes,-2.360982399773848,-2.502224005596348,0.14124160582249956,-1.8184031291571559,-0.13891991548868388,-0.5449009609505083,0.125708624265904,0.12072151739339979,-0.10518853583680422,0.0,-0.6682878948825967,4.013633502777886,2023.3341817835394
Julian Larry,-2.361522550464057,-2.1561072783218207,-0.20541527214223626,-1.605288241382936,-0.06807521902222691,-0.4827438179166579,-0.12534118973145159,0.007980374701382895,-0.08805445711216757,0.0,-0.6308931193496694,3.818392052136014,4063.986516755109
Daimion Collins,-2.3621812301753216,-2.314306945662389,-0.047874284512932325,-2.1402081844719985,-0.3417394829565221,0.16764072176613132,0.29952545950417653,-0.22804923665146795,-0.1193505073656409,0.0,-0.5214985052074996,3.892771589125784,2946.6340749215783
Javon Small,-2.3631737849569974,-2.2965372780390054,-0.0666365069179918,-1.7031211129262704,-0.07518567506072325,-0.5182304900520117,0.021540522333485135,-0.0009169743610510372,-0.0872600548904259,0.0,-0.681593194364212,3.8325193940727575,3814.6453218566776
Jordan McCullum,-2.363588693665293,-2.2904674283711692,-0.07312126529412367,-1.7731119238226873,-0.15035421028448695,-0.367001294263995,-0.24867779003214913,0.2501446892833378,-0.07458816454531232,0.0,-0.34179897981045654,3.989205458588553,2159.250485477656
Omaha Biliew,-2.363677805990554,-2.2975862819297284,-0.06609152406082536,-1.7781117780709197,-0.04104017466007551,-0.478434329198733,-0.08527640139512821,0.12608278861637548,-0.10689791128207263,0.0,-0.5002896265245057,3.9448641507019486,2464.3800610415665
Arlandus Keyes,-2.364799058308336,-2.4528668850484783,0.08806782674014225,-1.8356695095555318,-0.18045151656828032,-0.43674585892466633,0.17375987705267082,0.026880223316970903,-0.11257227362949947,0.0,-0.7028894258054752,3.830217974223853,3843.434659048009
VonCameron Davis,-2.367103649322728,-2.3111890234459276,-0.05591462587680085,-1.9499742436141636,-0.08307923413635361,-0.27813554569541066,0.04362384207298209,0.011164667399064049,-0.11070313534884699,0.0,-0.46075324778154725,3.83925349658745,3684.6621949225146
N'famara Dabo,-2.367192493249998,-2.3274998047078417,-0.03969268854215613,-2.132354124542005,-0.24536957188967232,0.050223891723835457,0.2271019125357987,-0.16737000671338798,-0.09942459436456685,0.0,-0.4619402812437917,3.9295844879959083,2578.836750231876
Dylan Darling,-2.367659177061575,-2.2641463303716636,-0.10351284668991118,-1.7442292812837927,-0.0675860765988639,-0.45233097248900717,-0.2366006359661711,0.21234267089572542,-0.0792548816194655,0.0,-0.3868292598116111,3.810675067518493,4262.2022271747755
Antonio Reeves,-2.3677862564116925,-1.926465745392113,-0.44132051101957964,-1.7551740244292053,0.01568507589202567,-0.18697679685493346,-0.26549311280119264,-0.1038042513544217,-0.07202314686396531,0.0,-0.34711911918129484,3.9311291118957117,2598.9949123802235
Zach Martini,-2.3698466047328615,-2.1513447346958796,-0.21850187003698204,-1.7235256981454543,-0.01479480112177281,-0.41302423542865246,0.029002841815179314,-0.14991974304453087,-0.09758496880763048,0.0,-0.6753237484025867,3.982576688871548,2201.977703942882
Cameron Fens,-2.3701933285553354,-2.0332450736758996,-0.3369482548794357,-1.8792823229844096,-0.19674680463614472,0.04278405394465462,-0.07112183695660734,-0.1676994501179374,-0.09812696780489097,0.0,-0.4197891686143185,3.858736621101436,3391.070302304788
Reece Robinson,-2.3706496986359404,-2.2542825200705203,-0.11636717856541993,-1.8696740837838255,-0.15980206010526446,-0.2248063761814306,-0.2022367764597946,0.16900780803560225,-0.08313821014122759,0.0,-0.2987388383923204,3.896732251348849,2911.528320343966
Logan Carey,-2.370850033293241,-2.4355107085871612,0.06466067529392033,-1.8335436185579193,-0.2273599140957397,-0.3746071759335019,-0.009542188236457805,0.1826419099039913,-0.10843904637361315,0.0,-0.5277642264988633,3.8854449929100747,3041.9087447967204
Owen Aquino,-2.3710695518296743,-2.2970112405197094,-0.07405831130996485,-1.781637972206907,-0.10044023396469123,-0.4149330343481113,0.03678718599188857,-0.020028901263074675,-0.09081659603877874,0.0,-0.626218765614656,3.796492269517517,4568.959594370747
Melvyn Ebonkoli,-2.371704783994386,-2.3115985327968565,-0.06010625119752985,-1.8440117462691057,-0.19738004009008753,-0.2702067464376634,-0.14210128871832295,0.1560377510202426,-0.07404271349944949,0.0,-0.3855917490069578,3.8317607551002366,3817.8029449315245
Joe Charles,-2.371727606235981,-2.1730999971612506,-0.19862760907473015,-1.7851787472900214,-0.047043462815558934,-0.3408777870556703,-0.14706062726325286,0.03606480093099225,-0.08763178274246952,0.0,-0.4394882316827065,3.8429272522485167,3623.3938622142855
Gabe Pickens,-2.3728415844213346,-2.4437489324658825,0.07090734804454805,-1.7497178650846577,-0.25221835119113073,-0.4418127161900941,0.14744017437313472,0.03440032322768356,-0.11093314955627022,0.0,-0.7705638937098115,3.9401127733897976,2498.1753344777026
Anton Bonke,-2.37301341218327,-2.1036995559288565,-0.26931385625441334,-1.8933427734084536,-0.1995658256857443,-0.010790956834658472,-0.009831011998544859,-0.15538739150007647,-0.104095452755792,0.0,-0.4698396267762712,3.9218240027187306,2662.6172107150423
Kennard Davis Jr.,-2.373479691921867,-2.227400446994148,-0.146079244927719,-1.8883985435685904,-0.05875117947215307,-0.2802507239534048,0.12113304737655517,-0.14731952308795226,-0.11989276921632191,0.0,-0.606214195729832,3.764838342608249,5568.424131409567
Silas Sunday,-2.3734818806371187,-2.188042142437507,-0.18543973819961201,-1.7743511607590152,-0.12470063107572306,-0.28899035060276856,0.05982359273479587,-0.15614160772578128,-0.08912172320862662,0.0,-0.6589543126128995,3.870884378263259,3231.612165668644
Tidjiane Dioumassi,-2.374043820281206,-2.050827092207894,-0.3232167280733118,-1.7032089114075695,-0.1435622854646221,-0.20405589533570248,-0.35296944065702196,0.12130820030092623,-0.09155548771721607,0.0,-0.31786546821661443,3.840967535009582,3654.2598507665753
Jaylen Washington,-2.3748629799273164,-1.9061719485044004,-0.4686910314229158,-1.6590536095435509,0.023513581247408794,-0.2706319202082583,-0.4210885447266654,0.035840814931468706,-0.08344330162771905,0.0,-0.2947208256570999,3.865652998151711,3279.392923364476
Kanaan Carlyle,-2.3749425849360284,-2.343460233977431,-0.031482350958597194,-1.7702750306293122,-0.14889196683141298,-0.4242932365167059,0.08071919748044565,-0.019913970633703093,-0.09228757780533975,0.0,-0.6853867517871617,3.8139229607403653,4168.250783613585
JaKobe Coles,-2.3751623941375546,-2.2408518641839006,-0.1343105299536539,-1.8119222505703727,-0.11889066852259454,-0.3100389450909334,-0.03504658121657239,-0.0018504715724419751,-0.09741347716463954,0.0,-0.5281935623506094,3.871178701931017,3229.081797739974
Matthew Murrell,-2.3756472843965213,-1.974996781774097,-0.40065050262242413,-1.566747487142062,0.03958608226793811,-0.44783537689997316,-0.3971469511397999,0.09328691494415509,-0.0967904664267793,0.0,-0.4117528461146593,3.8086061583835003,4285.6436606027055
Josiah Lake II,-2.3770050186858787,-2.1869416852799777,-0.19006333340590087,-1.5922890054885586,-0.05363391733321306,-0.5410187624582063,-0.05458218732715553,-0.03063671197530344,-0.10484443410344191,0.0,-0.7301338258701648,3.7756369423812433,5194.409678919568
Malik Thomas,-2.3771903878226834,-1.9495306165792377,-0.42765977124344595,-1.7638974161755239,-0.08614925673808656,-0.0994839436656273,-0.2923662308768163,-0.04044712103773405,-0.0948464193288956,0.0,-0.3209267407703435,3.7695171067586437,5412.229526868305
Jace Whiting,-2.3783362272279485,-2.2681776865700813,-0.1101585406578672,-1.583643578465087,-0.13275755912525772,-0.5517765489797365,-0.044309187429069696,0.024387583811579794,-0.0902369370403773,0.0,-0.7503834613337917,3.902395036578195,2848.627666065172
Eduardo Klafke,-2.3784692488853265,-2.1306874967803386,-0.24778175210498787,-1.7102370612901807,-0.0861097514265131,-0.3343406840636447,-0.13566671457837087,-0.03718858222055674,-0.07492645530606028,0.0,-0.5325654730167748,3.9866565758910393,2173.6952361850153
Reyne Smith,-2.3787360162277302,-1.7053153235903085,-0.6734206926374217,-1.7170398236965156,0.048559197336054544,-0.036834697229847335,-0.7040501274515969,0.09893553022531068,-0.0683060954111354,0.0,0.04235393492038249,3.817904459951504,4090.111142764302
KJ Lewis,-2.3787984390404158,-2.0368280231961395,-0.34197041584427623,-1.775099980952644,-0.06116597593217109,-0.2005620663113244,-0.3328390799331802,0.08178492303188933,-0.09091625894298541,0.0,-0.2708593781545916,3.7761057503519426,5193.414003920798
Elijah Lewis,-2.378803443004123,-2.5212402455537775,0.14243680254965446,-1.7591330152840141,-0.2827516906880069,-0.47935553958175653,0.22689429886252754,-0.00317479760419484,-0.08128269870867824,0.0,-0.8465647265826364,3.83831101844208,3708.8886596801112
Denzel Aberdeen,-2.3801930219087284,-1.922995757473584,-0.4571972644351442,-1.8217155723536096,0.05118291777708331,-0.1524631028970579,-0.45017657832492625,0.06603675193102543,-0.07305743804124337,0.0,-0.10830087123019252,3.7729773155470943,5304.834086174347
Ryan Conwell,-2.3807613111054224,-2.0551355859099854,-0.32562572519543725,-1.5101657924179173,-0.10447638007094968,-0.44049341342111836,-0.34340793305897604,0.08816816598128635,-0.07038595811774756,0.0,-0.5271875856285293,3.7284775938224817,7362.859710938848
Javon Bennett,-2.381381968354831,-2.134627000672041,-0.24675496768279004,-1.6850828979415227,0.03294478982081342,-0.48248889255133215,-0.3008742642205692,0.15596674177473918,-0.10184744523696003,0.0,-0.39542480619273956,3.7279281880083626,7419.70619664401
Kowacie Reeves Jr.,-2.382953394489203,-2.269707904566507,-0.11324548992269631,-1.8142169158568269,-0.0700078498368542,-0.3854831388728258,0.18996360316812255,-0.1645940458772696,-0.13861504721354925,0.0,-0.7587000818004989,3.7909697036809407,4725.767223700516
Layne Taylor,-2.38359374392304,-2.2078756228276313,-0.17571812109540882,-1.8802508401091236,-0.06800805932124092,-0.2596167233972667,-0.1294422163473783,0.046171001726826866,-0.0924469064748574,0.0,-0.37390068746653815,3.8416940666900823,3650.897350922159
Jared Billups,-2.3837690774545885,-2.5397365418327746,0.1559674643781862,-1.741210085815628,-0.2735188079727491,-0.5250076480443973,0.18894767637251053,0.036129459318580276,-0.0691096713129046,0.0,-0.8315066680114707,3.8394387574002584,3672.539458319581
Max Abmas,-2.3841891355490397,-1.9708616121206635,-0.4133275234283761,-1.8126989282796606,-0.004010464433090388,-0.1541522194079123,-0.20948018974628324,-0.11610168458234633,-0.0877456490997465,0.0,-0.3620100175230955,3.8983175881141796,2908.171210632143
Keyshawn Hall,-2.3842663602671914,-1.7953130453164419,-0.5889533149507498,-1.6138746488124476,-0.16353826679583222,-0.01790012970816196,-0.40804676916241833,-0.08524712768367543,-0.09565941810465595,0.0,-0.36234494229232556,3.7364614825318156,6894.055480910438
Sallis,-2.3846002837410913,-2.10781096038788,-0.2767893233532112,-1.7302536175739225,-0.050445509765655844,-0.3271118330483018,-0.18035021823810388,0.003744305437518622,-0.10018341055262596,0.0,-0.47399644792906503,3.8127477310836615,4200.847544121888
Sananda Fru,-2.384902220427424,-2.2476257653653944,-0.1372764550620298,-1.9069514905052212,-0.25695442812617786,-0.08371984673399524,0.12650806955035798,-0.16192060431646582,-0.10186392029592195,0.0,-0.6044587994725609,3.951021261985945,2420.292148195902
Ilias Kamardine,-2.385604892732686,-2.0073823065676724,-0.3782225861650137,-1.7952042981982588,0.20498267182066154,-0.4171606801900751,-0.15197815316293556,-0.10748636381080742,-0.11875806919127076,0.0,-0.43842244137149167,3.8665908623728074,3275.368747165909
Steven Jamerson II,-2.385619784074029,-2.2390353549748783,-0.14658442909915065,-1.9765760697007229,-0.35884842375073656,0.09638913847658093,-0.1345382190956952,0.08346055248684653,-0.095506762490302,0.0,-0.2745054952776111,3.8562868708255507,3398.648199333694
Aaron Estrada,-2.385633534027552,-2.032350584787468,-0.3532829492400841,-1.6549417798491897,-0.042587607438580755,-0.3348211974996974,-0.32796750586884826,0.07912585063973351,-0.10444129401096931,0.0,-0.402724248309514,3.8909619624027223,2979.9015455708977
Christian Jones,-2.386677854069209,-2.2425115649865934,-0.14416628908261536,-1.7555777065683023,0.018980897781720435,-0.5059147562000118,-0.06520022769348588,0.0022805104841915197,-0.08124657187332099,0.0,-0.5658999198074208,3.8061562648595038,4332.817338612318
Rytis Petraitis,-2.387142506573733,-1.9619948558759972,-0.42514765069773597,-1.7344728974658825,-0.019017444425362767,-0.20850451398475192,-0.4030954707441555,0.07506424241658619,-0.09711642237016659,0.0,-0.24957413836369507,3.84576341077178,3577.090962687334
Trey Galloway,-2.3875436444502043,-2.152379234162034,-0.23516441028817026,-1.495925988669422,-0.037497349782664446,-0.6189558957099474,-0.07643322311393458,-0.06509063682673658,-0.09364055034749912,0.0,-0.8151844326668474,3.829769499901155,3850.2395871001454
Meleek Thomas,-2.3892378347098355,-1.4146873773209303,-0.9745504573889051,-1.7036614955700617,0.13710226873499282,0.15187184951413857,-0.9394614974776,0.029676966733289456,-0.06476592664459459,0.0,0.25388515833782627,3.847830705338266,3567.2202122567714
Eian Elmer,-2.389623813873851,-2.178685837280801,-0.21093797659304972,-1.6317284150210911,-0.0906699871254292,-0.45628743513428033,-0.11051368462128008,-0.019864550017839204,-0.08055974195393042,0.0,-0.6473817142314792,3.7632537805582262,5631.633139870566
Mekhi Lowery,-2.3902072453316734,-1.8727477689306098,-0.5174594764010636,-1.874073079018263,-0.08374180309833856,0.0850671131859918,-0.5235056961316427,0.07866094888238134,-0.0726147291518023,0.0,0.007371529818232289,3.803794414505996,4395.258547681306
Jaylen Petty,-2.3917149517725815,-2.3728341027503213,-0.01888084902226042,-1.7801681176673612,-0.013029745517484703,-0.579636239565475,0.07360796780903256,0.022594687163100757,-0.11508350399439374,0.0,-0.6851548019142527,3.894485143248842,2943.5468278253397
Noah Williamson,-2.39270234260564,-2.3466294587944185,-0.046072883811221474,-1.8803532836011239,-0.18317902183131354,-0.28309715336198105,0.19322082512489291,-0.12634071899259236,-0.11295298994352203,0.0,-0.7055698841294089,3.8483478032694753,3529.861099813005
Solo Ball,-2.3928182142995094,-2.090300716269857,-0.3025174980296525,-1.9104630696823315,-0.1326012175368042,-0.04723642905072101,-0.2103741721276275,-0.004291191117298268,-0.08785213478472677,0.0,-0.2719809724895502,3.7649659721353474,5603.898814673623
Keishon Porter,-2.394877194983264,-2.339685147999875,-0.055192046983389004,-1.9044997746043557,-0.2042210511089619,-0.23096432228655722,-0.036785933811221694,0.10038680240510178,-0.11879291557726909,0.0,-0.45359148656768644,3.8627871666411275,3315.3953868937624
Filip Brankovic,-2.3951819778203847,-2.144240586041872,-0.25094139177851293,-1.8179106709548487,0.03244555392937687,-0.3587754690163998,0.04067632163308488,-0.20363015023553172,-0.08798756317606607,0.0,-0.6179476284986207,3.9739101951153213,2277.3723667796567
KC Ugwuakazi,-2.3967255572134194,-2.1589279100272734,-0.2377976471861462,-2.0379229987745724,-0.2699528569473094,0.14894794569460867,-0.28166037943315503,0.13511255851722778,-0.09124982627021895,0.0,-0.07714217900569191,3.8993113805300608,2879.1591239164936
Hassan Diarra,-2.3968951631795714,-1.7520248086951884,-0.6448703544843829,-1.5636861914287796,-0.10804734288018425,-0.08029127438622452,-0.5904016259833209,0.013461554938946449,-0.0679302834400084,0.0,-0.2428073457674707,3.869370554563898,3257.2671077616224
David Thomas,-2.3972017220836928,-2.214496118034803,-0.18270560404889008,-1.7426502157464168,-0.004015074752464626,-0.4678308275359214,-0.06645028928848068,-0.0035070333668050097,-0.11274828139360439,0.0,-0.5881012170487955,3.8939829142341718,2921.226154266508
Conor Enright,-2.398379056068795,-2.2325717072056337,-0.16580734886316134,-1.575342120874752,-0.1271725509297867,-0.530057035401095,-0.104099721529675,0.019915088363140487,-0.08162271569662682,0.0,-0.718937213664368,3.7694200714323483,5366.60239611418
Garrison Keeslar,-2.3987266386221346,-1.9835675126036347,-0.4151591260185001,-1.7587677079492883,0.010404999644227142,-0.23520480429857377,-0.4344596620719066,0.09764132139144893,-0.0783407853380424,0.0,-0.2054992686009401,4.008510008382283,2049.0328625149805
Sean Newman Jr.,-2.3988011225835764,-1.9617511064839677,-0.4370500160996086,-1.626575583690293,0.061057102851136774,-0.3962326256448114,-0.33277040983480755,-0.018602339719919224,-0.08567726654488182,0.0,-0.4394551290584756,3.804733754527306,4398.942323782107
Greg Jones,-2.3989799239875067,-2.32347376971203,-0.07550615427547655,-1.7422605358976606,-0.11507433150062335,-0.46613890231374605,0.013637231276423578,0.011073991414952147,-0.10021737696685228,0.0,-0.6703566193662696,3.778865844816139,5059.144605290185
Koree Cotton,-2.399119690174988,-2.43222978036098,0.03311009018599172,-1.6890917833484411,-0.1747540973978732,-0.5683838996146656,0.1058872127845929,0.009971000801439187,-0.08274812340004037,0.0,-0.8159151196111399,3.790930321894046,4722.65931235529
Kentrell Pullian,-2.399214603566756,-2.2338397346289915,-0.16537486893776437,-1.868603553173963,-0.14763405335669724,-0.21760212809833143,-0.10470477701236908,0.04412634775156189,-0.1047964396769572,0.0,-0.42590627338042397,3.8533935420264878,3460.918097410497
Tyshawn Archie,-2.3996148697644952,-2.0946000873505026,-0.3050147824139925,-1.9714386713075025,0.11948935896792529,-0.24265077501092533,-0.42936875857826723,0.226044799682849,-0.10169082351857422,0.0,0.0011925601212747217,3.806896351700245,4345.4790122888235
Derek Dixon,-2.3997448427133405,-2.0573533434426308,-0.34239149927070983,-1.7595416160513686,0.07877026517160918,-0.37658199256287134,0.09777259438003161,-0.32434171564479386,-0.11582237800594757,0.0,-0.7379758210420035,3.9774934510244204,2240.946717781624
Goldin,-2.401226588954761,-2.274387410637498,-0.1268391783172625,-1.8348550195577789,-0.3110969681518156,-0.128435422927904,0.07086239689257645,-0.11224845603996497,-0.08545311916987398,0.0,-0.6372339662895585,3.8252796691496007,3948.807324186932
Aiden Argabright,-2.401671304370088,-2.214873898286992,-0.18679740608309603,-1.829284068550833,0.045752352090170756,-0.4313421818263303,-0.19868602801325186,0.11662382736158536,-0.10473520543142954,0.0,-0.3737012078060037,3.9750148174832662,2259.6648204760013
Terrence Edwards,-2.4028383353015528,-2.128061090161169,-0.27477724514038393,-1.6366685521052537,-0.09283939707764328,-0.39855314097827194,-0.21463809462301997,0.010408728187846453,-0.07054787870521038,0.0,-0.5515316885732792,3.8000163886054765,4489.946652654522
Justin Pippen,-2.404145552415642,-2.443827441027629,0.03968188861198686,-1.7189605548032842,-0.01695913047930725,-0.7079077557450373,0.024734863468423463,0.1024215026259809,-0.0874744774824175,0.0,-0.7099198610807812,3.8549039397573903,3428.7477989061053
JJ Wheat,-2.405072832748651,-2.395169969484877,-0.009902863263773987,-2.069388013294964,0.04966244617330051,-0.3754444023632136,0.12208683418406452,-0.04290394630004046,-0.08908575114779804,0.0,-0.4577716536377516,3.9674644423911,2299.1701980468106
Dain Dainja,-2.4059158880194302,-2.2660085317756886,-0.13990735624374173,-1.944909647569103,-0.33673939663783153,0.01564051243124559,-0.03300328480893944,-0.015205894253631266,-0.09169817718117103,0.0,-0.42800295564138824,3.9067675358700122,2817.744228138771
Corneilous Williams,-2.407118948585666,-2.0902745055840835,-0.31684444300158277,-2.0280102081040066,-0.17480523442224197,0.11254093694216538,-0.14534675492003502,-0.07518189000770024,-0.09631579807384746,0.0,-0.23376198556162428,3.8092048137557994,4271.453403656877
Darius Johnson,-2.4072600111436504,-2.1501979444092187,-0.25706206673443155,-1.9049286489248256,0.0019283041098535625,-0.24719759959424675,-0.4061077713525234,0.2408010181612156,-0.09175531354312375,0.0,-0.09622359086630133,3.7914002953508943,4723.758136483484
Preston Fowler,-2.408162263393068,-2.062579836548732,-0.34558242684433604,-1.6742172599145357,-0.0787456997669158,-0.30961687686728023,0.05972046725144742,-0.3214705483453185,-0.08383234575046494,0.0,-0.7936654707299795,3.974096153662937,2259.3809269995345
Willie Williams,-2.408944899115376,-2.232754984509746,-0.17618991460563005,-2.186706227703843,-0.21050520762884162,0.16445645082293858,-0.02342011504376451,-0.086193117712116,-0.06657668184974955,0.0,-0.1988185563677686,3.8286477514877264,3852.6228988471767
Tony Perkins,-2.4089507568046034,-1.9544856455170185,-0.45446511128758493,-1.6206618608434686,0.008516778995453195,-0.3423405636690032,-0.4510917474479616,0.07495585416984774,-0.07832921800947107,0.0,-0.33719714851317334,3.833239778667638,3788.93983188494
Jayden Hastings,-2.409628418418096,-2.140478467814566,-0.26914995060352986,-1.956940924899871,-0.2049856835162952,0.021448140601600107,-0.31506257776203933,0.10587060323973194,-0.05995797608122248,0.0,-0.13762491575618563,3.9069267929958786,2800.1368583075955
Jae'Coby Osborne,-2.4104884001045885,-1.9131865508885595,-0.497301849216029,-1.7505768713279717,-0.005158286799969464,-0.15745139276061826,-0.41670261982952445,0.005733819027438497,-0.086333048413943,0.0,-0.24320890894709224,3.9326540908370724,2566.4743774347485
DeShawn Harris-Smith,-2.410502873801965,-2.2272185935123,-0.18328428028966545,-1.7299226353078279,-0.0933708376903032,-0.40392512051416857,-0.15146703425056995,0.06318257188121615,-0.09499981792031165,0.0,-0.5291132042435672,3.9584236025017234,2370.0330239571895
Tay Mosher,-2.410696925895003,-2.460181774878259,0.049484848983255864,-1.6552682176933926,-0.19565618746909955,-0.6092573697157666,-0.028720626379375558,0.1947908053824927,-0.11658533001986127,0.0,-0.7267080818222347,3.9620161062117867,2351.224903459565
Rayshon Harrison,-2.4107100614855823,-2.3008655919245156,-0.10984446956106692,-1.8312178757096473,-0.04033016119621338,-0.42931755501865454,0.008270122881780417,-0.024659557899623367,-0.09345503454322396,0.0,-0.5877623086577153,3.7899650911438205,4772.610052151531
Gabe Oldham,-2.411152042994567,-2.2871820614176483,-0.12396998157691881,-2.02010770683977,-0.21071296121200916,-0.05636139336586926,0.04166113597782062,-0.07296690269733591,-0.09266421485740352,0.0,-0.43270547213261784,3.9482869386143737,2435.602859888839
Dug McDaniel,-2.4115400214137788,-2.1976540815006227,-0.2138859399131559,-1.8814095529459287,-0.05334526638062037,-0.26289926217407356,-0.3183308700528247,0.17896207937383038,-0.0745171492341616,0.0,-0.21179959841502516,3.730555086741025,7238.929624128006
Dae Dae Grant,-2.4121833740231264,-2.2633577859818876,-0.14882558804123863,-1.877014398379451,-0.05772586005073577,-0.32861752755170087,-0.0370106152140004,-0.009560988651684851,-0.10225398417555337,0.0,-0.4981583604296749,3.916710729215964,2711.5327037867696
Baboucarr Njie,-2.4134914681584183,-2.0451230871135966,-0.3683683810448215,-1.9675298592772883,-0.03601878917134407,-0.04157443866496402,-0.3120856316857986,0.08038302281283027,-0.1366657721718532,0.0,-0.133875977195331,3.8924971959150483,2949.9635407718374
Terry McMorris,-2.414101069453539,-2.0505000801305293,-0.36360098932300966,-1.7411611334641406,0.06425266086941661,-0.3735916075358055,-0.4432015227565117,0.16796603858767542,-0.08836550515417338,0.0,-0.22973841323288685,3.9644073884970537,2314.422659562999
Achor Achor,-2.41455187202732,-2.369135561429891,-0.045416310597428955,-1.7096780651623478,-0.1864217400817143,-0.47303575618582877,0.02041598844861381,0.020489814470025125,-0.08632211351606789,0.0,-0.7252897953135857,3.8695999585804475,3230.9112474741687
Brandon Murray,-2.4145981786447828,-2.0873908588953514,-0.32720731974943124,-1.794642930523674,-0.09734954256317836,-0.1953983858084989,-0.23930280792622127,0.015424461570125766,-0.10332897339333576,0.0,-0.3806524401948872,3.8878939159545087,3021.6927379453628
D.J. Wagner,-2.4146381628200158,-2.0402560775793273,-0.3743820852406884,-1.857267088469567,0.009211499923749616,-0.19220048903351006,-0.30813642869807356,0.03129588386840915,-0.09754154041102395,0.0,-0.24923464565237524,3.755270055017715,5961.591896530035
Kuluel Mading,-2.4160372244382033,-2.2011366277981406,-0.21490059664006284,-1.811212743637873,-0.10864383843799807,-0.28128004572226917,-0.05709740667640989,-0.03807372859052981,-0.11972946137312315,0.0,-0.5477270741239202,3.9390499778307073,2514.987449342925
Jason Fontenet II,-2.4166081046699426,-2.1730586557495557,-0.24354944892038669,-1.831016412395874,-0.05857093405813747,-0.28347130929554426,-0.12522936106885085,-0.025944807142172482,-0.09237528070936335,0.0,-0.4603623312052176,3.8910672408077605,2970.0817936127514
Xavier Brown,-2.4166337656057704,-2.058988599241865,-0.3576451663639054,-1.6761224759681248,-0.015866658913732512,-0.3669994643600077,-0.3118834982203349,0.04081081180810771,-0.0865724799516782,0.0,-0.4286277914173107,3.898490163939079,2886.3772594430093
Gabe McGlothan,-2.417643382001999,-2.2805103939069884,-0.13713298809501073,-1.7908233231255404,-0.1350501439222742,-0.3546369268591737,0.08556028275909877,-0.14202417671464682,-0.08066909413946269,0.0,-0.7123803416355574,3.9381482474292753,2531.8023305624884
Will Heimbrodt,-2.417818336180338,-2.288315526012946,-0.12950281016739204,-1.7927789266194425,-0.06983794615459052,-0.4256986532389128,-0.15324091298932951,0.09675307545075251,-0.07301497262881504,0.0,-0.4717984965715659,3.84102425044071,3671.5641985152306
Ben Middlebrooks,-2.4186842538887445,-2.0089204121430706,-0.4097638417456737,-1.8934979209077007,0.0035719342683077637,-0.11899442550367767,-0.4607283520806963,0.14387420620431382,-0.09290969586929118,0.0,-0.06445798090034727,3.966038680857914,2304.430447825983
Michael Imariagbe,-2.418876599290713,-1.9580484789242663,-0.4608281203664467,-1.7654044645997142,-0.1375673890371661,-0.05507662528738605,-0.22751317092037554,-0.13254553841046388,-0.10076941103560733,0.0,-0.42595896377062337,3.804327008903294,4390.2397669177935
Aaron Bradshaw,-2.4190472855011067,-2.0806303413932703,-0.33841694410783646,-2.0070852573197637,-0.26367184851018566,0.1901267644366792,-0.2903016889585215,0.04904489387537861,-0.09716014902469358,0.0,-0.12166033922282143,3.9024816647658844,2850.135794019594
Scotty Washington,-2.4196956442083066,-2.1376452970326176,-0.2820503471756891,-1.6630039925192746,-0.04919077275512146,-0.42545053175822156,-0.2692620523369367,0.06995116844342031,-0.08273946328217274,0.0,-0.48742959935209546,3.780756626685848,5029.212494601001
Djahi Binet,-2.4207604208713374,-2.5488313626809807,0.12807094180964315,-2.030547442922078,-0.29333371166102634,-0.22495020809787628,0.3002678390389377,-0.07472240001482583,-0.09747449721446874,0.0,-0.6904808169881973,3.791772052395905,4683.817203068018
Isaac Jones,-2.421420170087988,-2.177920209602181,-0.24349996048580727,-1.6196020796734834,-0.11974515894962676,-0.43857297097907055,-0.04998136484327409,-0.1029936183915828,-0.09052497725095038,0.0,-0.7518367255712306,4.01116940394432,2042.2429887926269
Peter Kramer,-2.4230376941412377,-2.304165851707629,-0.11887184243360864,-1.7314635577033497,-0.04021573792615046,-0.5324865560781287,-0.05817156286581371,0.049917741440211605,-0.11061802100800654,0.0,-0.6334025735720741,4.0022593809953,2089.030309662791
Essam Mostafa,-2.4231796911292776,-2.017402893032675,-0.4057767980966023,-1.9863365668272688,-0.08076345615798403,0.04969712995257758,-0.216675909124043,-0.08560001603135349,-0.10350087294120582,0.0,-0.22016721517796575,3.884692426674541,3044.4398569451614
Oswin Erhunmwunse,-2.42328153866206,-1.9227847976216068,-0.5004967410404533,-1.8944289542384831,-0.09131427318245036,0.06295842979932664,-0.07943931400991511,-0.342585068941901,-0.07847235808863715,0.0,-0.44941327041366186,3.833497623403626,3779.935880246272
Sebastian Williams-Adams,-2.42429589390391,-2.3156277643944647,-0.10866812950944517,-1.958306761150587,-0.13393590927587218,-0.22338509396800543,0.025170514084116413,-0.018924059926510056,-0.11491458366705153,0.0,-0.4911596468374392,3.8837077067083494,3046.873405702554
Zane Nelson,-2.424631042569666,-1.9117905726904176,-0.5128404698792486,-1.8516638674716843,0.08107869146705726,-0.14120539668579057,-0.3025591641440668,-0.12208273971952142,-0.08819856601566034,0.0,-0.2704080109539151,3.9679408139159085,2299.1027307193654
Bobby Durkin,-2.4250460071621576,-2.2952326306773543,-0.12981337648480318,-1.8712173416580615,0.0008606594669066936,-0.42487594848619936,-0.03806427785894034,-0.002651545801511085,-0.08909755282435175,0.0,-0.5157643876451554,3.751402855688538,6121.948397186543
Trey Robinson,-2.42530968301212,-2.2110341260788813,-0.21427555693323874,-1.7772531874044915,-0.1416626217804544,-0.2921183168939353,-0.25736366365269553,0.13758439651765975,-0.09449628979820296,0.0,-0.39069283195493293,3.828504721801097,3871.476911903285
Desmond Claude,-2.425336563634658,-2.00321809297688,-0.4221184706577784,-1.619000841708038,-0.030268518030805297,-0.35394873323803655,-0.3709445519880359,0.03874713359210931,-0.08992105226185179,0.0,-0.4353911699385844,3.7812828049176397,4999.0488261251085
Matt Cross,-2.4255078328820714,-2.1396141176295185,-0.28589371525255286,-1.7287464043778367,-0.20182473406219736,-0.20904297918948433,-0.1666008031949393,-0.0112998192861377,-0.10799309277147583,0.0,-0.5301606253092952,3.835098922955586,3751.3701754044127
Cian Medley,-2.4255795867977428,-2.181610118107903,-0.2439694686898398,-1.713404342214098,-0.1653130732779485,-0.30289270261585655,-0.08257586704473358,-0.08074634633396924,-0.08064725531113698,0.0,-0.6295993775389113,3.749533691630341,6212.0250901203635
Jaylen Peterson,-2.425644185834699,-2.023798873828033,-0.4018453120066662,-1.9796813489909026,-0.022499160108338717,-0.021618364728791417,-0.22576842730813396,-0.07657571184149216,-0.0995011728570401,0.0,-0.22019440953566238,3.8124308546425225,4195.710174301486
Jerrell Colbert,-2.426186313860802,-1.97454584744862,-0.45164046641218214,-1.9969134446663597,-0.13483765331514658,0.15720525053288648,-0.3907445343656465,0.04100470021956945,-0.10190063226610516,0.0,-0.03852833482879581,3.904161850386413,2841.1955320439183
Tyrese Hunter,-2.4267635537991636,-2.3557401625386585,-0.07102339126050525,-1.7067579153489865,-0.17591063362057946,-0.4730716135690924,-0.13870008163281544,0.16708989051791448,-0.09941320014560429,0.0,-0.5813055568173616,3.790091198763237,4760.580053070353
Justice Shoats,-2.4274910591056638,-2.007949811998172,-0.419541247107492,-1.757491457379817,-0.04527560283586016,-0.20518275178249468,-0.22397373720221286,-0.0990189913562337,-0.09654851854904546,0.0,-0.446025864523634,3.763036774187547,5643.0656317483135
Tylik Weeks,-2.4279471618748936,-2.2351116844678636,-0.19283547740703,-1.7355410122628543,-0.11580660304810673,-0.38376406915690287,-0.14772548069325353,0.030359102944398225,-0.0754690996581747,0.0,-0.5446806689187861,3.8548130020245686,3441.2622972410045
Julius Mims,-2.4281996177911678,-2.186704935118227,-0.24149468267294075,-1.802572662339213,-0.12451815181092288,-0.2596141209680911,0.11198177898727046,-0.2609933712349071,-0.09248309042530409,0.0,-0.7376087344392251,3.7949252211213618,4611.174313855097
Jack Clark,-2.4283575601173792,-2.138486949250355,-0.2898706108670239,-1.8932384130574378,-0.039470502043986166,-0.2057780341489314,-0.17349602133543618,-0.034793111571729284,-0.08158147795985848,0.0,-0.36162312572450533,3.85298325958497,3472.494894370248
Lamar Wilkerson,-2.430338705849054,-2.132683350373907,-0.2976553554751475,-1.6560785845464088,-0.025060240701103242,-0.4515445251263949,-0.26862274641299705,0.05754867999008309,-0.08658128905223354,0.0,-0.5056373748896485,3.740919368258895,6630.271704279265
William Kyle III,-2.430883288523027,-2.126196064038489,-0.3046872244845379,-1.9790026827391778,-0.11023243153042785,-0.03696094976888337,-0.36516885207873856,0.17800865291411452,-0.11752702531991384,0.0,-0.08671175370511051,3.7844888968088126,4919.172007091789
Jalen Jackson,-2.4314710295794395,-1.9801678113099992,-0.4513032182694403,-1.5477242034006813,-0.08967147356927939,-0.3427721343400385,-0.6595754413519187,0.31674160280491415,-0.10846937972243577,0.0,-0.22417138482683951,3.82118225588919,4019.8066894297226
Cameron Carr,-2.4316707621695506,-1.788812466804844,-0.6428582953647065,-1.5956686973811416,0.048401672817187325,-0.24154544224088983,-0.4882248512120826,-0.06820581392723625,-0.08642763022538771,0.0,-0.3477772135763265,3.8406359760792546,3664.938160021393
Mika Adams-Woods,-2.4318567303243404,-2.1525181187988642,-0.27933861152547607,-1.6401577547382677,-0.015227466241548498,-0.4971328978190478,-0.2499003531729822,0.04917161131638695,-0.07860986966888082,0.0,-0.5417986224130902,3.9457994004991295,2471.460592214427
Rylan Griffen,-2.432288032256512,-1.9762727499377468,-0.4560152823187652,-1.8849746855106464,0.067154350244573,-0.15845241467167337,-0.24380689758342866,-0.0899508998974704,-0.12225748483786615,0.0,-0.3035064491624369,3.7660296087075067,5530.167097658592
Dionte Bostick,-2.432754974337725,-2.441570367595988,0.00881539325826304,-1.9760251492010712,-0.05873643499888187,-0.40680878339603493,0.16475471781872653,-0.05379376198937259,-0.10214556257109089,0.0,-0.6214845429553802,3.871875429435192,3198.996114371274
Kaia Isaac,-2.4327581744766404,-2.2687861268442258,-0.16397204763241457,-1.633645401486751,-0.1173358673461321,-0.5178048580113428,-0.22577941346073022,0.13270386559206662,-0.07089649976375097,0.0,-0.5733333595291593,3.937875927751289,2549.3618035155832
Jayden Taylor,-2.4328172278636413,-2.3935278604803063,-0.039289367383334814,-1.8614353385492421,-0.1385943654287354,-0.39349815650232833,-0.026376855498814744,0.101694537542497,-0.11460704942701706,0.0,-0.5450050338155837,3.816638516337937,4120.754271460619
Meechie Johnson,-2.4342328701534655,-2.203299932035934,-0.2309329381175314,-1.9008458606143042,0.08441691279449842,-0.38687098421612864,-0.027920552605008142,-0.09923360772021016,-0.10377877779231309,0.0,-0.5054664569341535,3.764196704815647,5576.304828506094
Finley Woodward,-2.434575984832544,-2.043816120467395,-0.39075986436514953,-1.78958461509515,-0.038838802789136484,-0.2153927025831086,-0.25095752953974143,-0.036779125025009955,-0.10302320980039811,0.0,-0.3940338401976532,3.872808358017262,3177.259859381449
Dok Muordar,-2.4347923219456464,-2.4803045779672397,0.04551225602159342,-1.996952882145438,-0.29711540054991836,-0.18623629527188357,0.18730067403181838,-0.024892881234082655,-0.11689553677614231,0.0,-0.6251401138320268,4.0195739021698165,2001.8270907726035
Davion Sykes,-2.434801023333094,-2.536802446572299,0.10200142323920486,-1.7066019804861214,-0.31435039585666036,-0.5158500702295175,-0.007110965420204729,0.20156585158078058,-0.092453462921371,0.0,-0.7210880774267683,3.82506941975675,3920.121168679236
D.J. Jeffries,-2.4348200455241957,-2.304263178721501,-0.13055686680269482,-1.8293589670870594,-0.19305684863241582,-0.28184736300202573,-0.03905647571972387,-0.020965889727289903,-0.07053450135568104,0.0,-0.5664046027174124,3.9772445266283607,2235.7922649102734
Daniel Batcho,-2.435177832802082,-2.32905208682833,-0.10612574597375156,-1.8497587892751106,-0.2622613645623453,-0.21703193299087453,0.16303051200710972,-0.16860550880672398,-0.1005507491741373,0.0,-0.7484495555340811,3.8776138129459095,3141.064645815318
Micah Handlogten,-2.4353294667087577,-1.8624838512110287,-0.5728456154977292,-1.88569531507727,-0.15058238433410406,0.17379384820034516,-0.35133628629791613,-0.144720053158129,-0.0767892760416841,0.0,-0.19829786533357202,3.8540199482621285,3459.8290932063865
Jao Ituka,-2.4362017584151587,-2.274828283528341,-0.16137347488681741,-1.8108264912187146,-0.11924788777466194,-0.3447539045349647,0.09901851578082177,-0.15421161610871903,-0.10618037455892015,0.0,-0.7243937829772659,3.9868525608459207,2187.5264628996
Jizzle James,-2.4371700543811654,-2.0169917261391324,-0.42017832824203327,-1.8925260008451972,0.10258143406274667,-0.22704715935668168,-0.31484639113306945,-0.03384823488357758,-0.07148370222538622,0.0,-0.2297976624028988,3.794568968398634,4644.99846746929
Santiago Vescovi,-2.4371747450890484,-2.3111632011629624,-0.1260115439260862,-1.8180194676179389,-0.09635300711593257,-0.39679072642909097,-0.2588490704346948,0.22403894559408125,-0.09120141908547265,0.0,-0.3603062070364149,3.9510331728800723,2427.476231267114
Ryan Nembhard,-2.437589447133022,-2.116816131074442,-0.32077331605857995,-1.6206518677840862,-0.05192140591321412,-0.4442428573771419,-0.23935131340720855,0.003967025500398305,-0.08538902815176966,0.0,-0.5775862659417274,3.773396078228618,5268.427299629739
Caden Wilkins,-2.4380612653139804,-2.5089619398846543,0.07090067457067406,-1.6841505235688998,-0.15555365992906436,-0.66925775638669,0.32598260481259655,-0.13850918350952424,-0.11657274673239826,0.0,-1.079893346557677,4.0208613673766855,2009.4368995630552
Brock Wisne,-2.4402986383757916,-2.1102752072520747,-0.3300234311237167,-1.7622930277468387,-0.1250681597675246,-0.22291401973771133,-0.1777854542625586,-0.08919389521624828,-0.06304408164490985,0.0,-0.500220156366394,3.7498349880633484,6193.344885124565
Abou Ousmane,-2.440691786928458,-2.3630741340111197,-0.07761765291733835,-1.9395191490362877,-0.17043548138242182,-0.25311950359241037,-0.08362472691168082,0.08998457215792202,-0.08397749816357955,0.0,-0.4175479109804897,3.8636574831549555,3306.2235482267006
Darlinstone Dubar,-2.4414096207928893,-2.2809930323877485,-0.16041658840514078,-1.9002192546140044,0.08164627720114614,-0.4624200549748903,-0.09680519188586983,0.035072106177071335,-0.0986835026963423,0.0,-0.4443851742930151,3.884123154411353,3054.60595960316
Zaakir Williamson,-2.4414604597719523,-2.2852982648102036,-0.1561621949617488,-1.8843941050318993,-0.2994675699532646,-0.10143658982503967,0.035750589522784204,-0.098156788804978,-0.093755995679555,0.0,-0.5928169442628373,3.902192872979048,2862.6794923565303
Johnny Kinziger,-2.4417166998206463,-2.2995792569687885,-0.1421374428518577,-1.8197051097646244,0.008080393016377169,-0.48795454022054124,-0.002391070050234978,-0.05374639709565163,-0.0859999757059711,0.0,-0.6196205200057868,3.744636375107958,6448.750355513951
Patrick McCaffery,-2.4422874383994424,-1.9388517868734096,-0.5034356515260329,-1.7302247366318644,0.02528733216230869,-0.23391438240385376,-0.16096930781068597,-0.2249871881167697,-0.11747915559857722,0.0,-0.551093393956892,3.8328197976877436,3795.637674583869
David Terrell Jr.,-2.442558399420783,-2.234935894246643,-0.20762250517413985,-1.6997160936560523,0.06497961538541935,-0.6001994159760103,-0.30147290151077316,0.18041569248580472,-0.08656529614917141,0.0,-0.44136940425395776,3.7595683108495694,5756.757666825291
Robert Wright III,-2.4431754486661186,-1.7204046576831353,-0.7227707909829832,-1.7415160411326587,0.1237370764735019,-0.10262569302397861,-0.6972242235390724,0.06187962202692482,-0.08742618947083572,0.0,-0.004435183994387609,3.7650023433951127,5571.096645926287
Josh Dix,-2.444156851790014,-2.274802422243998,-0.1693544295460159,-1.5987347946250658,0.057156983461269684,-0.733224611080202,-0.011777016315113187,-0.07272484527497604,-0.08485256795592667,0.0,-0.833645040849835,3.740591140621675,6653.691801628906
Daniel Johnson,-2.444828833756392,-2.1025251474748523,-0.34230368628153984,-2.058408063914329,0.029995128860270392,-0.0741122124207938,-0.43497395799295446,0.15865941996272787,-0.06598914825131322,0.0,0.04855318815089124,3.862083894742026,3326.821558272288
Marquel Sutton,-2.4449115408666366,-2.0023602008531505,-0.4425513400134862,-1.7933745704705608,-0.05453034305362996,-0.15445528732895952,-0.2195133212668856,-0.13004081806366352,-0.09299720068293711,0.0,-0.4320236491291901,3.7365464278752003,6883.209706516978
Fidelis Okereke,-2.44575763009401,-2.4273463225358576,-0.01841130755815229,-1.942847198290257,-0.3156203691612628,-0.1688787550843378,-0.01722607344422078,0.11051756036794669,-0.1117027944818782,0.0,-0.4856843583595321,3.9225225970908633,2664.4892837620982
Chansey Willis Jr.,-2.4466184898335115,-2.1779212249492135,-0.2686972648842979,-1.8866660746835588,-0.06869125905911544,-0.22256389120653916,-0.19200160735667715,0.01401775300169214,-0.09071341052931292,0.0,-0.3679508077932754,4.011532766255472,2037.4104787991687
Josh Cohen,-2.446919598524254,-2.2264164540141502,-0.2205031445101036,-1.7226846967421074,-0.17356146628533717,-0.3301702909867055,-0.20486386587827432,0.08979011511397303,-0.1054293937458023,0.0,-0.5193710359038719,3.8989551494417753,2884.8173287762247
Japhet Medor,-2.447103106604067,-2.189322149034619,-0.25778095756944797,-1.720276211861262,-0.22058006945020403,-0.24846586772315313,-0.2006407813498421,0.04360859401155952,-0.10074877023116541,0.0,-0.5261861133929631,3.8453292520161844,3577.463824425806
Jayden Brown,-2.4483739485274056,-2.524994378295895,0.07662042976848922,-1.8607668179490875,-0.15721731001021935,-0.507010250336588,0.2349634694162328,-0.0573170694330732,-0.1010259702146704,0.0,-0.822570599994551,3.889589871132471,2997.799567995481
Malachi Palmer,-2.4486379603363018,-2.2809719033965883,-0.16766605693971348,-1.5883642063534051,-0.1159004982968634,-0.5767071987463198,-0.1978688561369068,0.14252358218979888,-0.11232078299260558,0.0,-0.66240489784599,3.9910800005492812,2145.8512567743483
Dre Bullock,-2.448736048648343,-2.0669197975229823,-0.3818162511253606,-1.7959437537746237,-0.07927995809737813,-0.1916960856509805,-0.4584301552695633,0.15547620621741712,-0.07886230207321436,0.0,-0.19436213960415588,3.7634671140955076,5619.742925627948
Mario Saint-Supery,-2.448851811316581,-2.012719232193594,-0.4361325791229872,-1.8728979752544026,-0.1743602452933721,0.03453898835418073,-0.5388566734322214,0.16977702676262918,-0.06705293245339497,0.0,-0.03709716262995716,3.939154138231502,2531.472659502695
Duke Deen,-2.4490066862378272,-2.350611110992552,-0.09839557524527563,-1.7056117606502297,-0.14728946914699143,-0.4977098811953309,-0.05556713058555385,0.0650248095695885,-0.10785325422931029,0.0,-0.6878277950020442,3.8027438887025884,4451.593007848257
Ethan Elliott,-2.449482910887825,-2.5212958449113874,0.07181293402356248,-2.109792243302108,-0.09729199672137402,-0.3142116048879054,0.1646401824298288,-0.012900541799668985,-0.07992670660659734,0.0,-0.5043308500155457,3.90319536941554,2853.199214464573
Jalen Celestine,-2.450987603193821,-2.064580161005572,-0.38640744218824913,-1.7279577981403227,0.0558099400494029,-0.3924323029146519,-0.274327097012268,-0.035912020423543634,-0.07616832475243752,0.0,-0.4487027080412302,3.7820848612428484,4979.267394254703
Matt Balanc,-2.451557109025438,-2.2669303423975964,-0.18462676662784167,-1.9243837618664998,-0.03389963360145229,-0.3086469469296444,-0.0475529495785203,-0.02508098000867212,-0.11199283704064925,0.0,-0.47962039758041797,3.935549483296242,2542.891279086005
Kobe Stewart,-2.452389749105036,-2.316995327647835,-0.13539442145720104,-1.8162473312032785,-0.12597895902216083,-0.37476903742239537,-0.12030863977770795,0.07731187121381852,-0.09239765289331162,0.0,-0.5158337781240493,3.83288911086909,3786.587053179309
Kimani Hamilton,-2.4525160723371373,-2.0174585733276995,-0.4350574990094379,-1.7550196717877784,-0.033828388564061285,-0.22861051297585966,-0.5024160169257943,0.1634397977718672,-0.09608127985551086,0.0,-0.1950803836235646,3.7508427170577745,6165.916688462014
Day Day Thomas,-2.45273532948582,-2.345038024308355,-0.1076973051774649,-1.8032244438513627,-0.10008544798992211,-0.4417281324670701,-0.3436010059865454,0.3048247170685727,-0.06892101625949221,0.0,-0.3059098796479117,3.762408222400234,5681.855628329893
Nate Johnson,-2.4527893345895353,-2.339878257049765,-0.11291107753976998,-2.02777123165126,-0.1283027395329304,-0.1838042858655744,0.019923419662760122,-0.028677346494487388,-0.10415715070804271,0.0,-0.44494152260103487,3.9496452095170858,2428.041455927073
Baylor Scheierman,-2.4538483254052927,-2.1398919546580215,-0.313956370747271,-1.8052879697379545,0.012811645076813316,-0.34741562999688025,-0.056115325272184546,-0.17063194534029702,-0.08720910013478941,0.0,-0.5924450303951534,3.8832041730579503,3074.086329667454
Babatunde Durodola,-2.455638258089019,-2.083532478764636,-0.37210577932438316,-1.864285074815983,-0.11392153615403267,-0.10532586779462011,-0.2482580736211264,-0.021613661680988792,-0.10223404402226802,0.0,-0.3430951096519096,3.918403684541159,2692.5877948269535
Rollie Worster,-2.455928487267607,-2.117897896432134,-0.3380305908354729,-1.6911930998518896,-0.13348258057151274,-0.2932222160087319,-0.18479713929859914,-0.06326925206896941,-0.08996419946790432,0.0,-0.5799382481171184,3.868852172514941,3242.633975423458
CJ Huntley,-2.456950245049422,-2.404519793614417,-0.05243045143500512,-1.9813081077920371,-0.11721513318435622,-0.30599655263802383,0.1232462881256613,-0.0885295989238651,-0.08714714063680132,0.0,-0.5988884253830464,3.857275911839178,3408.1800019031534
Jaemyn Brakefield,-2.45724587785509,-2.146316585917799,-0.310929291937291,-1.7414134055451675,0.008639416813209982,-0.4135425971858413,-0.19941324006921035,-0.014264595499324323,-0.09725145636875636,0.0,-0.516419232240712,3.836232857940979,3742.586056305414
Jaland Lowe,-2.4574464871571333,-1.9189301631173685,-0.5385163240397646,-1.7707785268755905,0.015486431798502398,-0.16363806804028053,-0.4754096502006933,0.030869603762944647,-0.09397627760201588,0.0,-0.21125831008084936,3.8502551195348693,3522.8486460807894
Isaiah Stevens,-2.4575522956350913,-2.1085374426685486,-0.34901485296654283,-1.6387450910140577,0.047145656614625386,-0.5169380082691163,-0.2660558825654699,0.002238542757225459,-0.08519751315829836,0.0,-0.5527513220555638,3.915454980749868,2724.982677569854
Casey Simmons,-2.4578189747037182,-2.143764128099955,-0.31405484660376304,-1.9787361883106085,-0.03322004379014065,-0.13180789599920617,-0.06697243217513965,-0.14810207488583507,-0.09898033954278834,0.0,-0.4121103542179702,3.8032755728870495,4448.160099293932
Donta Scott,-2.4578950102087576,-2.2713396584468435,-0.1865553517619139,-1.739669029937368,-0.06535650803245431,-0.46631412047702114,-0.021909876985083954,-0.07542951397244513,-0.08921596080438483,0.0,-0.6963161032863054,3.9484477731902268,2442.852712787204
Matas Vokietaitis,-2.45799376138049,-2.1089873290581362,-0.3490064323223535,-1.6829431538783508,-0.2299617531736406,-0.19608242200614467,0.0902305842538671,-0.34301589104832386,-0.09622112552789672,0.0,-0.8652811917560058,3.824316615442536,3953.500639803453
Bradey Henige,-2.4585736203808053,-2.406697183598607,-0.05187643678219839,-1.8604721645545772,-0.06773479945333413,-0.47849021959069554,0.02225473880723783,0.0025572768339197083,-0.07668845242335592,0.0,-0.6203561946334659,3.941107997481922,2488.701206876207
DJ Dudley,-2.459303564314043,-2.276159225236559,-0.18314433907748362,-1.9403155315190028,-0.18560234515856086,-0.15024134855899512,-0.056799829376982414,-0.02075420195900994,-0.10559030774149127,0.0,-0.46218820341805716,3.894321939066473,2952.90470923696
Isaiah Johnson,-2.4594244823380547,-1.9464151368955225,-0.5130093454425322,-1.638226716389105,0.16177189483941273,-0.46996031534582994,-0.5324872225896253,0.09389245420754369,-0.07441457706045053,0.0,-0.28871054335932406,3.883052476652635,3065.8467480813915
A.J. Staton-McCray,-2.459900103137432,-2.2355331024410785,-0.22436700069635374,-1.9240922056065852,-0.10470305619998416,-0.20673784063450917,-0.3867412687297214,0.2502508815150746,-0.08787661348170689,0.0,-0.14906662880112564,3.7754502390563807,5209.374614884238
Taj Manning,-2.4599246278556666,-2.3319109867807053,-0.12801364107496147,-2.100761912433932,-0.13066809491605622,-0.10048097943071704,0.15370207487815046,-0.1678694426044513,-0.11384627334866063,0.0,-0.5128647902998852,3.995769987673348,2118.990058938365
Darius Burford,-2.460103183483834,-2.3293110428425567,-0.13079214064127723,-1.8005044264159173,-0.09747432897168662,-0.4313322874549529,0.0035180859498167294,-0.024113739428991393,-0.11019648716210256,0.0,-0.6631168430177334,3.866978821097187,3267.653886834418
Richard Goods,-2.46078192612322,-2.3930389860659442,-0.06774294005727606,-1.8516897947078383,-0.13562995604516487,-0.405719235312941,-0.04512695446938125,0.05648539065102973,-0.07910137623892453,0.0,-0.5639651769460007,3.885935651704311,3019.8098878301616
Jerome Brewer Jr.,-2.4610405512060347,-2.621199168862086,0.16015861765605116,-1.851868232883086,-0.13573289071411107,-0.6335980452648886,0.26402066587723594,-0.012988800138432288,-0.09087324808275249,0.0,-0.8731929842001844,3.918221969813766,2689.7179264647357
LJ Hackman,-2.4616935626596623,-2.2163058186659272,-0.24538774399373525,-1.8374263713543537,0.08687673176322486,-0.4657561790747984,-0.2373285538825844,0.0674633292971425,-0.07552251940829337,0.0,-0.3869386374227244,3.9863952204770436,2168.918269748646
Tyler Wahl,-2.4620606208041425,-2.2254819977238096,-0.23657862308033306,-1.7844426185149127,-0.15476916283305264,-0.28627021637584427,-0.1779890617651681,0.019742137685151442,-0.07833169900031638,0.0,-0.49962894052406187,3.958814997012498,2354.161640826163
Andrej Jakimovski,-2.462222742979567,-2.208268013487343,-0.25395472949222375,-1.9050892195059583,-0.020182577543561675,-0.28299621643782324,-0.16482447190083727,-0.01742326401108349,-0.07170699358030302,0.0,-0.39230905157277146,3.824360661522303,3964.1434129048876
Jimmy Oladokun Jr.,-2.462548909593804,-2.180987946807308,-0.2815609627864958,-2.109930585896003,-0.010699649175229697,-0.06035771173607529,-0.11006256467614134,-0.05226931300663729,-0.11922908510371716,0.0,-0.24255575902165943,3.9240574556019006,2633.3702870841526
Tristan da Silva,-2.463424124923235,-2.232435329691315,-0.23098879523192006,-1.776291422637109,-0.14934374302266945,-0.30680016403153665,-0.14327061563192905,0.0033499391074968132,-0.09106811870748784,0.0,-0.5438620866541971,3.922707612199341,2660.446020566602
Isaiah Coleman,-2.4634746591604153,-2.337599628291668,-0.12587503086874718,-1.894595912364842,-0.2943723940818438,-0.14863132184498234,-0.08576369193038247,0.05950221771509362,-0.09961355665345832,0.0,-0.48311505486519085,3.7955564848144427,4591.3284262208
Justin McBride,-2.463683297219256,-2.1285405711407286,-0.3351427260785275,-1.6812501483083309,-0.09890435663294085,-0.34838606619945683,-0.0067779395305779255,-0.20967002723746406,-0.11869475931048554,0.0,-0.7756552093803473,3.8359429736472093,3752.299772559715
Trey Miller,-2.4643686299422143,-2.4120713698325105,-0.05229726010970363,-1.7808849150151576,-0.0603134396388514,-0.5708730151785013,-0.04691677796577309,0.10005619742458402,-0.10543667956851456,0.0,-0.6365669369612832,3.9019709097527224,2854.15317588111
Tarence Guinyard,-2.4645429117825683,-1.9708529203397704,-0.49368999144279796,-1.6665992219917412,0.05141005758343681,-0.35566375593146626,-0.38987037336678476,-0.0046976822985359545,-0.09912193577747724,0.0,-0.40807331642404265,3.7971549487952725,4548.198336797097
Jayden Ross,-2.464732958369435,-1.9776776196881967,-0.4870553386812385,-1.7201805645410224,-0.10000229671522452,-0.15749475843194966,-0.4436446558225501,0.01699917584845617,-0.06040985870714463,0.0,-0.3009077380058627,3.921807024949174,2663.392421391477
Kyle Cuffe Jr.,-2.4647615464225927,-1.9479198956400225,-0.5168416507825702,-1.8719129087127275,-0.0910778817694087,0.015070894842113713,-0.33569731852128404,-0.07749726268745395,-0.10364706957383223,0.0,-0.2571513191885812,3.925444877943296,2633.505918207269
Keion Brooks Jr.,-2.4662849541003338,-2.0622509630256425,-0.4040339910746915,-1.6972423305240558,-0.06852104592091689,-0.2964875865806697,-0.16234618841367038,-0.14095818241446945,-0.1007296202465517,0.0,-0.6066964351626078,3.9277507975509938,2616.3351285372923
Marcell McCreary,-2.4663403481894566,-2.2697547988318587,-0.19658554935759795,-1.707822802224824,-0.1115574083107657,-0.4503745882962687,-0.030037195901977176,-0.06497290677293766,-0.10157544668268312,0.0,-0.7284803500626552,3.8006195723904668,4466.178157160008
Matt Able,-2.4666635858006476,-1.9586058033471891,-0.5080577824534585,-1.899179185682998,0.06354500348970338,-0.12297162115389437,-0.4973722847340793,0.10690313581887745,-0.11758863353825666,0.0,-0.0701121153835702,3.9829368417092845,2194.914487016332
Pharrell Boyogueno,-2.46670503010763,-2.254139968911735,-0.2125650611958948,-1.8530372347375563,-0.0739926758339778,-0.327110058340201,-0.17344571546832593,0.06572362251415226,-0.10484296824172114,0.0,-0.44022207990174766,3.9811440895164,2211.16157599832
Casey Morsell,-2.466770092447499,-1.9875984414735264,-0.4791716509739727,-1.8236582001893284,0.052152997775681914,-0.21609323905987968,-0.5124298330602624,0.1218384283229278,-0.08858024623663813,0.0,-0.1306820591979081,3.895135493672481,2920.5901143082656
Brody Robinson,-2.4676562563864124,-2.1017255057034827,-0.36593075068292974,-1.802202185294973,0.11145741646810908,-0.41098073687661874,-0.2393496443067608,0.0011066472342431827,-0.12768775361041212,0.0,-0.4261044267846786,3.768765027478173,5426.224499839862
Ariel Bland,-2.4688253764646895,-2.2349452865815578,-0.2338800898831316,-1.9837028481721253,-0.2945515293201612,0.04330909091072843,0.12666111401874525,-0.2661064385231862,-0.09443476537869064,0.0,-0.6117836423113097,3.875632261061019,3155.145226232048
Damarion Dennis,-2.468854614867346,-1.9868765787534395,-0.4819780361139062,-1.6821812913990077,0.03667550050238513,-0.34137078785681696,-0.490869828582785,0.10002408716685918,-0.09113229469798038,0.0,-0.2958034948855531,3.8547301352916468,3436.127380862591
Eduardo Andre,-2.469078671176642,-2.7356812429355797,0.26660257175893753,-1.8797385868872662,-0.38559383370599865,-0.47034882234231445,0.30381518630701865,0.07598180010886385,-0.11319441465694499,0.0,-0.8931552705963943,4.014543083270427,2010.5446101043003
Kade Sebastian,-2.4697558305129634,-2.294999913413724,-0.1747559170992394,-1.619529913601399,-0.18570958301025786,-0.4897604168020671,-0.18681673468035992,0.07902518742557141,-0.0669643698444509,0.0,-0.6634091822312045,4.0041553691426675,2061.0313242319353
Micah Robinson,-2.4699940680647643,-1.9283745823560046,-0.5416194857087595,-1.9128417419712131,0.04716471599215316,-0.06269755637694457,-0.5990376842277239,0.14886543181134476,-0.09144723329238046,0.0,0.04188535813417289,3.8376884065489945,3698.9241603080236
Trevin Knell,-2.4704339679612493,-2.1265868988042538,-0.3438470691569955,-1.6205559007383081,-0.0292394829903187,-0.4767915150756269,-0.2104973707790006,-0.0691673764151155,-0.06418232196287935,0.0,-0.6393806964439405,3.926784794810967,2626.6345498846663
Jacob Huggins,-2.4705047639429485,-2.257715925690091,-0.21278883825285771,-1.8622982407404653,-0.028041842465199557,-0.367375842484426,0.05443708968130134,-0.1732133991973399,-0.09401252873681915,0.0,-0.6626436128837847,3.9852418108458236,2173.7770240940313
Sam Lewis,-2.471153222825374,-2.10885515375615,-0.3622980690692238,-1.795683816946078,-0.14533354140462718,-0.16783779540544486,-0.21035295381355523,-0.07293654515091788,-0.07900857010475071,0.0,-0.4651164520657406,3.7808624333749217,5028.826928036457
Bo Montgomery,-2.4712297817081526,-1.9694515411535,-0.5017782405546523,-1.7666608558414991,0.06735687842573154,-0.27014756373773247,-0.24417498823776135,-0.14296084501122566,-0.11464240730566526,0.0,-0.46039393762889186,3.8554266393113505,3434.975322794054
Jaquan Carlos,-2.471241224681276,-2.384234865684073,-0.0870063589972029,-1.6699386402523706,-0.1825068817309551,-0.5317893437007472,-0.13350117610646955,0.1447467127025366,-0.09825189559326995,0.0,-0.6678014083224356,3.817228420034882,4105.154227631515
Elijah Davis,-2.471564937658075,-2.4197157533800935,-0.05184918427798136,-2.0294896149932784,0.13713286508645167,-0.5273590034732667,0.08063462048979686,-0.022644068061539575,-0.10983973670623864,0.0,-0.5227099431545932,3.899646830954742,2887.277869770347
Dishon Jackson,-2.4716269701063336,-2.376335851565506,-0.09529111854082756,-1.8595415339769432,-0.17090234885128305,-0.34589196873728034,0.2145119886452438,-0.20602847605900823,-0.10377463112706312,0.0,-0.8265974247746347,3.9752802858575573,2257.3978997297404
Cam Amboree,-2.471860563132439,-2.359460800638749,-0.11239976249368973,-1.9602096919915835,-0.064404303058819,-0.33484680558834634,-0.2145798308908835,0.19281171522896093,-0.09063164683176715,0.0,-0.29707104024997155,3.832747234520343,3795.062358704605
Tyler Nickel,-2.4720446595656616,-1.814845932916302,-0.6571987266493594,-1.7587067703436365,0.12635027131652066,-0.18248943388918615,-0.5403085669456769,-0.016304373152055657,-0.1005857865516269,0.0,-0.17302932227634804,3.75299458879348,6078.100334113975
Dylan Grant,-2.4720989782617426,-2.128412479532283,-0.34368649872945956,-1.939018841541149,-0.2009333368598279,0.01153969886869377,-0.3201346847481634,0.07044841948028852,-0.09400023346158468,0.0,-0.21294545197243028,3.87343431908357,3168.915101838621
Juke Harris,-2.4721552871070775,-2.131160012429834,-0.34099527467724333,-1.6597959574020194,-0.05208327429054789,-0.4192807807372669,-0.23152408203134206,-0.016122685422435015,-0.09334850722346628,0.0,-0.5808352476737161,3.7882211683964946,4803.893711949975
John Mobley Jr.,-2.472239083863456,-2.0103270688960926,-0.46191201496736334,-1.710129326672494,0.011492556356966166,-0.31169029858056474,-0.33651127412803994,-0.02113352409226943,-0.10426721674705394,0.0,-0.4255984830629219,3.7947953055067383,4627.301813357391
Noah Meeusen,-2.4728512838223544,-2.1256703616864385,-0.347180922135916,-1.8023202520098311,-0.13372420963499942,-0.18962590004160784,-0.3446704220005613,0.09148776911329873,-0.09399826924865337,0.0,-0.3258606098119619,3.93250144587856,2571.9422287654907
Larry Johnson,-2.473076908196072,-2.113069385826539,-0.3600075223695329,-1.805233843190177,0.016937412396495988,-0.32477295503285797,-0.5551905034341695,0.26140531809670653,-0.06622233703206987,0.0,-0.11265256157172532,3.9403361492740716,2524.016839441535
Adam Hinton,-2.4731199155148036,-2.051898586090474,-0.42122132942432977,-1.6116168044697963,0.08308344818416835,-0.523365229804846,-0.23869020631832727,-0.07067110624754729,-0.11186001685845522,0.0,-0.6228129047266802,3.898468510578927,2898.6279353633827
Ante Brzovic,-2.473218918127622,-2.259824732063178,-0.21339418606444388,-1.7533455992959641,-0.10752812189804237,-0.39895101086917156,-0.02704874064184537,-0.09401425074417219,-0.09233119467842632,0.0,-0.6928245781898125,3.8489797754466117,3524.1704906505456
Avery Thomas II,-2.4741284505976626,-2.0656837197720015,-0.40844473082566113,-1.9447389471654484,0.11983153935480467,-0.24077631196135757,-0.399181009462183,0.0755778860725006,-0.08484160743597871,0.0,-0.130208493970031,3.95248674897609,2414.76955107555
Neoklis Avdalas,-2.4749400137786624,-2.343732683416671,-0.1312073303619914,-1.7609181208215072,-0.08936626894761548,-0.49344829364754794,0.00012383022179873748,-0.030521264043817158,-0.10080989653997298,0.0,-0.7141457231789535,3.8956512113490755,2929.2269303873645
Dovydas Butka,-2.4749524056609746,-2.346901751780454,-0.1280506538805209,-1.6602645444216926,-0.37584460975299533,-0.31079259760576594,0.19419241046654923,-0.22536392116678003,-0.0968791431802901,0.0,-1.0088802717058314,3.777969939749638,5089.723574072157
Tae Davis,-2.475782123780253,-2.0829348067469646,-0.3928473170332881,-1.6035088094883259,-0.19530455573708352,-0.2841214415215551,-0.13203346723497678,-0.17794183196302488,-0.08287201783528647,0.0,-0.74023984705695,3.7441110347005866,6454.901932581399
Doctor Bradley,-2.475930820085578,-2.3011115218266003,-0.17481929825897782,-1.9791570397819092,-0.08171381334207206,-0.24024066870261918,-0.12388530880009385,0.04813626589670772,-0.09907025535559169,0.0,-0.3728884715035752,4.004961605694011,2076.362574802094
Obi Agbim,-2.476027119696426,-2.2175290546767106,-0.25849806501971534,-1.7740819913850887,-0.011730866904198056,-0.431716196387424,-0.2078142222092273,0.05009097265312715,-0.10077481546361518,0.0,-0.49413090610211,3.7755919527264328,5181.909310511591
Ian Smikle,-2.4760905344840443,-2.392982053527386,-0.08310848095665829,-2.0589986870441352,-0.13187462813151685,-0.20210873835173404,0.107904432395872,-0.09591058648942677,-0.09510232686310352,0.0,-0.5249962798357811,3.915664477700857,2712.783479688222
Noah Amenhauser,-2.4761842645757612,-2.300638985158696,-0.17554527941706516,-1.8385265521862006,-0.21083676983078348,-0.2512756631417117,0.20488484100119542,-0.2445197813192816,-0.13591033909897898,0.0,-0.8425425533907557,3.974556082151904,2255.455545571289
Tayshawn Comer,-2.476406299645931,-2.2986683409301323,-0.17773795871579895,-1.8745749741876818,-0.04469651023180318,-0.37939685651064725,-0.007892758370944053,-0.061988801834372415,-0.10785639851048247,0.0,-0.5939385670873053,3.7435424241757373,6528.975946815923
Filip Radakovic,-2.4766295377965255,-2.227323433656265,-0.2493061041402608,-1.9056907716841045,-0.23747967676679305,-0.08415298520536735,-0.24744655904763357,0.0699366564955817,-0.07179620158820893,0.0,-0.3234922070647876,3.9075714228060057,2794.0047259367416
TJ Cope,-2.477002058380142,-2.283172794287633,-0.1938292640925093,-1.6346281293264873,-0.3024217182872959,-0.3461229466738499,0.08962935535195127,-0.1459544105797408,-0.13750420886471978,0.0,-0.9320032844056064,4.004162034107264,2079.283942353164
Zach Anderson,-2.4785607249382764,-2.2542114659628547,-0.22434925897542185,-1.666509632796619,-0.12191416773176503,-0.46578766543447064,-0.0929613667738361,-0.03686835548165602,-0.09451953671992974,0.0,-0.7190897253678215,3.8708043889625,3215.5262050338606
Sam Donald,-2.4785693880280504,-2.128109073550103,-0.3504603144779471,-1.5765960771927912,-0.10154337395985055,-0.4499696223974615,-0.23485020553997688,0.004088161927069706,-0.11969827086503998,0.0,-0.6671231052952824,3.9866949768064024,2174.955172941087
Austin Rapp,-2.4787468117875915,-2.4221995241427714,-0.05654728764482007,-1.7394918731718647,-0.04643952167517379,-0.6362681292957328,0.0362203197419122,-0.018833615231474678,-0.07393399215525759,0.0,-0.775475258357639,3.8249242868811097,3936.0841262705826
CJ Anthony,-2.4792911583418555,-2.2474807365654295,-0.23181042177642597,-1.6469267311731886,-0.11298369641523466,-0.4875703089770061,-0.14261951065384082,0.008100243533043616,-0.09729115465562875,0.0,-0.689744916514826,3.8871690014261167,3012.8313851078965
Jahmere Tripp,-2.479462645258495,-2.2750777857617166,-0.20438485949677837,-1.7443515419581974,-0.18894537992544874,-0.3417808638780704,-0.30866857121657854,0.14802419740324155,-0.04374048568344137,0.0,-0.42644253208371896,3.8521586742972733,3489.34116121514
Obinna Anochili-Killen,-2.4794682452684054,-2.268246669073503,-0.21122157619490273,-1.922450174550397,0.0033077119640127772,-0.3491042064871185,-0.08828318523108108,-0.02417879183951096,-0.09875959912431068,0.0,-0.4687348854869273,3.843770906341561,3640.0111385102646
Michael Gray Jr.,-2.4796042221088244,-1.9608729507353422,-0.5187312713734822,-1.901383975858604,0.13930245041225708,-0.19879142528899535,-0.3075984939505455,-0.10676641328981887,-0.1043663641331179,0.0,-0.270621752299675,3.7838514270430816,4920.063460712978
Cory Wells,-2.480061814392386,-2.484147146027909,0.004085331635522826,-1.9754459927868593,-0.13242068711134639,-0.37628046612970345,0.10480775902394357,0.011227262492649992,-0.11194968988107074,0.0,-0.6094235806294706,3.7910358571676372,4726.842009950929
Andrija Bukumirovic,-2.480498105401591,-1.8831204255829435,-0.5973776798186475,-1.6702499120871899,-0.05349969546276084,-0.15937081803299258,-0.4924014138788745,-0.008156718644039357,-0.09681954729573373,0.0,-0.3178467794355265,3.8788041072985853,3118.0185837063937
Mark Sears,-2.480709421332384,-2.0757677663647973,-0.4049416549675868,-1.6487711291583584,-0.1402261576763697,-0.28677047953006896,-0.2654518347398207,-0.055484413979334846,-0.08400540624843122,0.0,-0.5664864574342048,3.7616678084765285,5697.941163566649
Scooter Williams,-2.4810021138361433,-2.270576275427801,-0.2104258384083424,-1.8993440946186548,-0.12503716388384764,-0.24619501692529847,-0.1616632769216595,0.06675442515275792,-0.11551698663944082,0.0,-0.419994742295829,3.877548544786013,3134.112544504548
Micah Parrish,-2.4817578544429977,-2.292366359401172,-0.18939149504182565,-1.783456327149,-0.15057556329205304,-0.35833446896011867,-0.2730605897077193,0.18158864965370577,-0.09791955498781213,0.0,-0.425240937586278,3.8159290837248028,4134.959279245505
Titas Sargiunas,-2.4832108765937777,-2.2156801944533218,-0.26753068214045606,-1.8774896707993955,-0.14038611225918585,-0.1978044113947403,-0.17486731808563144,0.005139584533172384,-0.09780294858799699,0.0,-0.43085388770875077,3.9015940723528897,2854.437288884783
Brian Moore Jr.,-2.4837144215321807,-1.9008133416317443,-0.5829010799004362,-1.657628605717253,0.012460009119821175,-0.25564474503431267,-0.3825505761396104,-0.0947752565630073,-0.10557524719781844,0.0,-0.44353523967531727,3.761348571150233,5719.143011568128
Ezra Ausar,-2.483849575212298,-2.3006656529432177,-0.1831839222690805,-1.8831480233348248,-0.20107086310900538,-0.21644676649938732,-0.13337255606459147,0.0334446292378206,-0.08325599544230963,0.0,-0.4673289958128817,3.7609985890488558,5718.7412913691405
Timoty van der Knaap,-2.483947407417691,-2.254345986981613,-0.22960142043607756,-1.9949028924337802,-0.2117353567810753,-0.047707737766757796,0.02033122725254044,-0.14718695035713442,-0.10274569733148359,0.0,-0.5093757422364511,3.9400643204233994,2500.311632663968
Billy Richmond III,-2.484171533917661,-2.208701476427805,-0.2754700574898561,-1.8759583751586801,-0.1419708791821903,-0.19077222208693412,-0.08061164717174779,-0.1104277556067681,-0.08443065471134022,0.0,-0.5276015115872328,3.8008237144402286,4489.908246974519
Mady Sissoko,-2.484338407310518,-2.1966350108680386,-0.28770339644247933,-1.775249334846314,-0.09193984947325048,-0.3294458265484739,-0.02459830577963229,-0.18190390262660114,-0.0812011880362459,0.0,-0.6844907666845714,3.909165890353887,2781.7528892067235
Jarin Stevenson,-2.4846341454492102,-2.052477494615309,-0.4321566508339014,-1.6092666654054353,-0.07055996814045842,-0.3726508610694151,-0.08793401983790694,-0.2614017868057733,-0.08282084419022118,0.0,-0.787433460205868,3.7873926246946072,4814.179452191299
Jaylin Sellers,-2.4850674896831197,-2.143250232854958,-0.3418172568281619,-1.5940968298291547,-0.14647522078933595,-0.4026781822364677,-0.19676243424550083,-0.0528113805168447,-0.09224344206581636,0.0,-0.6942082256084646,3.7709177863677352,5348.23362357106
Oso Ighodaro,-2.485428003673807,-2.2979017509057447,-0.1875262527680621,-1.7466694226151414,-0.13335156634705092,-0.4178807619435524,-0.18620498535078656,0.08546235589001316,-0.0867836233072887,0.0,-0.5525535957078789,3.931153064707998,2582.5482967466974
Caden Diggs,-2.4854583558018724,-2.3952274718826425,-0.09023088391922982,-1.7234296131798732,-0.033910996533937754,-0.6378868621688316,0.09376011125535466,-0.09918990460871131,-0.08480109056587316,0.0,-0.8557888538773538,3.897177989246904,2906.898724860208
Yaphet Moundi,-2.4860002208397547,-2.6175312729874802,0.13153105214772565,-1.7908007902066168,-0.478614128578781,-0.34811635420208265,0.013087725111999182,0.2208052622506965,-0.10236193521497002,0.0,-0.7082871557451372,3.9767590203664884,2237.151562961728
Kyrone Alexander,-2.486442346610076,-2.52574567594349,0.039303329333414225,-2.0275132567607006,-0.2278863756647871,-0.2703460435180025,0.2703671558861618,-0.12442026767792624,-0.10664355887482131,0.0,-0.7292962457355372,3.9283781955783006,2606.9858229005285
Zvonimir Ivisic,-2.4870523707081102,-2.186482057753554,-0.30057031295455605,-1.697557331752481,-0.17378724358403858,-0.3151374824170345,-0.07806466996526396,-0.1253897534382294,-0.09711588955106269,0.0,-0.7114303689903652,3.857882384964603,3398.523321886776
Stephen Giwa,-2.48712246686067,-2.4389390381901803,-0.04818342867048972,-2.093526771660878,-0.20732014377598662,-0.13809212275331545,0.09305314947784571,-0.056986980448074334,-0.0842495977002611,0.0,-0.48664884467763747,3.871428951590198,3189.0035261137523
Justin Wright,-2.4873764332107284,-2.2877887411316062,-0.19958769207912203,-1.599366949072865,-0.09815303194835598,-0.5902687601103854,-0.06083698036729479,-0.0417501124444009,-0.09700059926742634,0.0,-0.8271725037705686,3.780426621276889,5061.493242511666
Parker Jones,-2.4877019540506815,-2.2887085133306786,-0.19899344072000297,-1.715565899741571,-0.09756001198186683,-0.47558260160724064,-0.05926819294856689,-0.024238295871789613,-0.11548695189964646,0.0,-0.7128678613605435,3.9954347654217433,2124.369519846792
Tounde Yessoufou,-2.488595498039802,-2.047096030049776,-0.44149946799002626,-1.834056024828794,-0.08547077672638538,-0.12756922849459645,-0.3791219339745099,0.018141141373370334,-0.08051867538888668,0.0,-0.27541753923649814,3.855919177258744,3423.8291562648214
Chris Hodges,-2.4904165846240067,-2.357243233401693,-0.13317335122231344,-2.0900448180494497,-0.14427503945692274,-0.12292337589532065,0.01306049114188168,-0.05888456161024834,-0.08734928075394678,0.0,-0.41343225771643854,3.9865530273150536,2183.6509628086533
Kam Woods,-2.4907120409919643,-2.258128844497824,-0.23258319649414055,-1.8425627539886882,-0.10317863958645812,-0.3123874509226775,-0.15924852186130067,0.04489002398971653,-0.1182246986225564,0.0,-0.4889007651419755,3.7889006237505347,4793.539508682666
Malachi Smith,-2.4908578335993106,-2.3581883346943977,-0.1326694989049127,-1.729659018893035,-0.12201940304262408,-0.5065099127587388,-0.09729280512522487,0.058315709168617835,-0.09369240294830566,0.0,-0.6639060095810507,3.805671225904708,4358.542379825721
Jimmie Williams,-2.4909218799685475,-2.201363409153671,-0.2895584708148764,-1.7847660797034495,-0.031753095598536896,-0.38484423385168487,-0.24490853000476265,0.04804577079550354,-0.09269571160561726,0.0,-0.4612472702603355,3.824474575586583,3944.798144316762
Stephon Payne,-2.491584522152385,-2.136474144670897,-0.3551103774814883,-1.944063704740645,-0.05606509190550693,-0.1363453480247449,-0.4149631319917162,0.1472955897500131,-0.08744283523978526,0.0,-0.132557685420024,3.8165247230012747,4112.532373344211
Bensley Joseph,-2.491837625411187,-2.3642108896243745,-0.12762673578681258,-1.7967640467315809,-0.22159313341767678,-0.3458537094751169,-0.03741313522255957,0.0009760193011059126,-0.09118961986535892,0.0,-0.6576604434570467,3.832820465830831,3784.5620478246883
Babacar Diallo,-2.492199287924585,-2.157739190256889,-0.33446009766769547,-1.8244370903710967,-0.1479998324907223,-0.18530226739507033,-0.37597759255810603,0.13423239563841508,-0.09271490074800448,0.0,-0.29178460499538206,3.9174271279845017,2711.639288042634
Bryce Thompson,-2.49229276726698,-2.5765435356853894,0.08425076841840946,-1.8330183587272453,-0.2820228959056236,-0.4615022810525208,0.0376902294240502,0.11882111229063624,-0.07226057329627698,0.0,-0.6969646379637852,3.8379769527840275,3706.0922004689155
Joe Anderson,-2.4923837701881193,-2.028718114071277,-0.46366565611684224,-1.6222179661067693,0.11554843202917225,-0.5220485799936798,-0.36324334657044693,-0.004753250233618764,-0.09566905931277653,0.0,-0.5069224575109028,3.8591505899797993,3371.431370025903
Tayton Conerway,-2.4923970580466057,-2.108932904319458,-0.383464153727148,-1.677183778456313,-0.25746426145462153,-0.1742848644085233,-0.44919999201597294,0.13627839555689006,-0.07054255726806509,0.0,-0.3660132875743199,3.803611485447116,4403.15656920043
Ryan Prather Jr.,-2.493169698996037,-1.9706544714679437,-0.5225152275280935,-1.6559762399193436,-0.1856494543632323,-0.12902877718536776,-0.44483519885974004,0.009410161489831717,-0.08709019015818519,0.0,-0.3923582602169536,3.787507202804892,4810.1042584756
Josh Oduro,-2.493607795313446,-2.5650932727158637,0.0714854774024174,-1.8779142409879959,-0.21196187591633844,-0.47521715581152935,0.25500928167378756,-0.09946647094400275,-0.08405733332736742,0.0,-0.8707028359992379,3.962507929728241,2347.2992331508894
Drew Steffe,-2.4939786251628986,-2.374587191995782,-0.11939143316711642,-1.798855365821392,-0.10520028882538032,-0.4705315373490099,0.006087201817342791,-0.05800447369760857,-0.06747416128685065,0.0,-0.7012104611588494,3.7949365894036338,4616.497334105905
Cormac Ryan,-2.494006760884512,-2.1482403778577495,-0.3457663830267626,-1.788081498679734,-0.02176112559578272,-0.33839775358223273,-0.11802308086124924,-0.14494579355663578,-0.08279750860887758,0.0,-0.5879021813435289,3.926160388530868,2625.755659152572
LJ Wells,-2.4940947696251725,-2.378806789267643,-0.1152879803575292,-1.7398879419205717,-0.17916551516025414,-0.45975333218681713,-0.21137086105574338,0.1883260340966507,-0.09224315339843651,0.0,-0.542835966648857,3.764027536156192,5605.205453117599
David Dixon,-2.495234764128963,-2.272717286847387,-0.22251747728157623,-1.822981918623211,-0.23112739156337828,-0.21860797666079762,-0.2980831622037231,0.17134104681493886,-0.09577536189279198,0.0,-0.37416968330202904,3.807311940504451,4300.307466468997
Carter Gilmore,-2.4952705693861064,-2.149230335006884,-0.34604023437922204,-1.7560283140314317,-0.07849013556880746,-0.3147118854066452,-0.22490337509451303,-0.025301098243630332,-0.09583576104107874,0.0,-0.5143388802601617,3.9815728430470596,2195.3241314379784
Tuburu Naivalurua,-2.4952929091929206,-2.1844579800156514,-0.3108349291772693,-1.6760409577376425,-0.1908938293278567,-0.3175231929501524,-0.06403517786462282,-0.1276420793101954,-0.11915767200245106,0.0,-0.7552167735906555,3.7639134210939478,5600.078219811961
Toyaz Solomon,-2.495890276541255,-1.936898618685159,-0.5589916578560958,-1.699068896556245,-0.01457835563625054,-0.22325136649266322,-0.48066912354782604,-0.002580096552884062,-0.07574243775538574,0.0,-0.3161522564371836,3.7596842618414046,5797.042314593757
Nick Ellington,-2.4961010050572554,-2.3607367776380412,-0.1353642274192141,-2.0818831947310126,-0.21603776553838527,-0.06281581736864356,-0.131172732583077,0.06724301991049284,-0.07143451474662996,0.0,-0.28304507774316595,3.831527614050365,3825.7137000130792
Marcus Adams Jr.,-2.497054616086296,-2.0330057434146864,-0.4640488726716098,-1.720219381760484,-0.01623579155131169,-0.2965505701028909,-0.41746273289726216,0.01662148467621452,-0.06320762445056222,0.0,-0.3593725014285503,3.955518571335071,2389.878206028874
Christian Anderson,-2.4972310603548697,-1.811030625138797,-0.6862004352160724,-1.5564517802067146,-0.003175092461230572,-0.25140375247085184,-0.4729016297304428,-0.13265997009428854,-0.08063883539134106,0.0,-0.467877650417712,3.7614997390207288,5708.042107919837
Jordan Jones,-2.497880824454654,-2.5843887666653127,0.08650794221065866,-1.7280112908766747,-0.04952070179725512,-0.8068567739913828,0.1405169058447675,0.03636004464768203,-0.09036900828179087,0.0,-0.9103864394227467,3.9054748004542925,2830.725188334992
Jamari McDowell,-2.497883384378589,-2.090824588415018,-0.40705879596357075,-1.838837333857722,-0.041569612253470056,-0.21041764230382612,-0.11099968352376627,-0.1818881607214784,-0.11417095171832606,0.0,-0.5480463669971006,4.015456783555168,2032.5114970945206
Cash Chavis,-2.498104043019743,-2.297405615642066,-0.20069842737767707,-1.850861534871825,-0.05724749403959492,-0.38929658673064627,-0.21413469491797132,0.11754935957336654,-0.1041130920330723,0.0,-0.43310781322994696,3.926693715575903,2615.373971569441
Berke Buyuktuncel,-2.4986162244655685,-2.789122344411836,0.2905061199462674,-2.093732212693026,-0.2756821774401462,-0.41970795427866364,0.1849441377639467,0.1753147519729429,-0.06975276979062217,0.0,-0.5898281495364891,3.8159907845585246,4114.8860291571655
Bubu Benjamin,-2.499027405262706,-2.473635380901753,-0.02539202436095299,-1.6024853602653129,-0.3642333054452893,-0.506916715191151,-0.016041106800023353,0.09830846113998559,-0.10765937870091523,0.0,-0.88050093819737,3.807535780679338,4289.115344911839
Simon Hildebrandt,-2.4992574258964355,-2.388679310984929,-0.11057811491150618,-1.625766327109326,-0.11646815915653955,-0.6464448247190636,0.1021629517676027,-0.11108130432026889,-0.10165976235884,0.0,-0.975654050554712,4.002900901715718,2085.9228056381944
Ken Evans Jr.,-2.5002672469999068,-2.2881412206283525,-0.21212602637155453,-1.9741103356667158,-0.04595152575132758,-0.26807935921030923,-0.10340570320949133,-0.007129736932357814,-0.1015905862297054,0.0,-0.4227512081237,3.818183272959311,4063.3108411780186
Dwon Odom,-2.5004802398949337,-2.1899680966086374,-0.31051214328629606,-1.6526830449440806,-0.09376833242103325,-0.44351671924352376,-0.09815168970951926,-0.09917256808482527,-0.11318788549195155,0.0,-0.7496455052413339,3.8200711163709853,4030.0912650707833
Darius Acuff Jr.,-2.5013305601347717,-1.6510100800020844,-0.8503204801326872,-1.6790222603861313,0.08343925302246052,-0.05542707263841362,-0.7346661294042999,-0.009980516507253331,-0.10567383422113412,0.0,-0.08764217034434055,3.8236711765935505,3983.993516661019
Jordan Wright,-2.50182154551593,-2.252784473211018,-0.2490370723049118,-1.8066419060238672,-0.11273864483853982,-0.3334039223486109,-0.2712338563089649,0.11186400350244674,-0.08966721949839362,0.0,-0.4239457831830976,3.937873218857393,2519.836242678367
Javan Simmons,-2.5021832837773355,-1.8802074112027087,-0.6219758725746269,-1.7229879522117395,0.04367421680851369,-0.2008936757994828,-0.4331738391195338,-0.08037328719640206,-0.10842874625869116,0.0,-0.34602149244606234,3.7619523146314684,5674.901039645696
Harold Woods,-2.5037547544898766,-2.190966708998867,-0.3127880454910093,-1.853493069824098,-0.2595021664957365,-0.07797147267903282,-0.1164680763252916,-0.08587434377547906,-0.11044562539023864,0.0,-0.533793608340487,3.7654889362987523,5531.682324970261
Jakobi Heady,-2.503948309785944,-2.1949986984683107,-0.308949611317633,-1.7731057870443496,-0.13438099254043762,-0.2875119188835237,-0.2734379155562865,0.0760393167741667,-0.1115510125355132,0.0,-0.4574046071853078,3.737312794933465,6859.166871718269
Ronnie DeGray III,-2.5040239626909715,-2.090659539751997,-0.4133644229389746,-2.0284854394224987,0.0038295807523812397,-0.06600368108187954,-0.31858356671024834,-0.004430378517624914,-0.09035047771110132,0.0,-0.15695495655822453,3.979926079842567,2221.2002024751146
Joshua DeCady,-2.5042910581165883,-2.1519229792876593,-0.3523680788289292,-1.94365246407411,0.0185417175114021,-0.22681223272495174,-0.2851393306189314,0.03175463058721739,-0.09898337879721521,0.0,-0.27549926342354747,3.9227782090971197,2658.4005936652525
Jaylin Stewart,-2.5044381473464083,-2.2175049628422725,-0.28693318450413574,-1.6516942494030689,-0.12496899331141514,-0.4408417201277886,-0.12075539315303185,-0.08205966244854286,-0.08411812890256101,0.0,-0.7319885047903076,3.8935181210178222,2950.311297078844
Ugonna Onyenso,-2.5045077532912496,-2.2734583539969915,-0.23104939929425822,-2.090559969034949,-0.14379550590516088,-0.03910287905688159,-0.047886813003948425,-0.08596438794634507,-0.0971981983439647,0.0,-0.36606097125235226,3.887533983344216,3009.3406769356584
Jefferson De La Cruz Monegro,-2.505593630030748,-2.2850873453045923,-0.22050628472615597,-1.7916027311027591,-0.07226324671131477,-0.42122136749051853,-0.17393959744990573,0.05580868547180087,-0.10237537274805113,0.0,-0.5400513014780836,3.750857448778574,6141.217615727497
Demarcus Sharp,-2.506114354117374,-2.2033124570851657,-0.30280189703220817,-1.8843298921007385,0.039205725157883065,-0.35818829014231,-0.2501401890148713,0.05339379156089841,-0.10605549957823526,0.0,-0.37164427300176384,4.013343536234852,2030.491298719142
Tobe Awaka,-2.5065436753722246,-1.971755936312627,-0.5347877390595975,-1.7106615606554696,-0.090118475517852,-0.17097590013930553,-0.43108934866460497,-0.03540975899597621,-0.06828863139901634,0.0,-0.36479276605215005,3.7903318946906897,4744.236236459166
Jahsean Corbett,-2.5069088732653073,-2.297440023763919,-0.2094688495013881,-1.9872609457973849,-0.12065795833152483,-0.18952111963500956,-0.14833736463812236,0.05800062877745643,-0.11913211364072218,0.0,-0.37131056282980013,3.8360060148059834,3731.1664351321333
Kenyon Giles,-2.508077430446922,-2.179709757625422,-0.3283676728215004,-1.8471651569228262,-0.05625436414945163,-0.2762902365531441,-0.24077906552862188,-0.002099801896738168,-0.08548880539614036,0.0,-0.42013320799547427,3.731541733922844,7194.351371138771
Bryce Harris,-2.5087570383401907,-2.228693940110689,-0.2800630982295017,-1.7903599383626692,-0.26595035571075876,-0.17238364603726158,-0.28087061428955507,0.0980155714389622,-0.09720805537890884,0.0,-0.43752648568796704,3.7625930482887044,5655.727016005589
Bol Dengdit,-2.509646907024171,-2.443484491630908,-0.06616241539326262,-1.984468526273731,-0.22279790783515216,-0.23621805752202485,0.1326849674732712,-0.10749659628480895,-0.09135078658172485,0.0,-0.6578633482237108,3.801480130584605,4442.946256718018
Kanon Catchings,-2.509826735503601,-1.949760022238665,-0.5600667132649358,-1.7854378711456889,-0.05159981657857059,-0.11272233451440572,-0.6754585600345018,0.2039393442203051,-0.08854749745073924,0.0,-0.04893030432341046,3.8663182299374523,3304.1894118954647
NJ Benson,-2.5100450180821032,-2.182197699426444,-0.3278473186556595,-1.908089651824608,-0.18102908889262337,-0.09307895870921229,-0.13516527057332522,-0.10560996335039251,-0.08707208473194175,0.0,-0.46679009568416996,3.8053823553930743,4286.4854152149655
AJ Bates,-2.5105733847644336,-2.061376081004803,-0.4491973037596307,-1.7683639959372002,-0.025112308160853247,-0.2678997769067496,-0.24777235948973952,-0.10907988710707536,-0.09234505716281577,0.0,-0.49443702933749395,3.812598949425194,4214.886580638342
Luka Toews,-2.5107701788378525,-2.4039532837558957,-0.10681689508195678,-1.9025240386933286,-0.2557730839775293,-0.2456561610850374,0.12410770751039246,-0.13055856455863168,-0.10036603803371756,0.0,-0.732353847654916,3.9947422141673026,2132.1097762974737
Leonardo Bettiol,-2.512157646760702,-2.3896361576614473,-0.12252148909925466,-1.4890699110882368,-0.2626061546386934,-0.6379600919345171,-0.17485031093421666,0.14047259046457058,-0.08814376862960858,0.0,-0.8482374247382485,3.769565509881278,5400.373580652455
Rondel Walker,-2.512723110957219,-2.3374755612752693,-0.17524754968194928,-1.8918148285488747,-0.14355177547838324,-0.30210895724801157,-0.23451890436550799,0.14419099992737427,-0.08491964524381557,0.0,-0.38638937804283613,3.933938636321329,2545.1147200917144
Amarion Dickerson,-2.5127872777996374,-2.252197879958017,-0.2605893978416205,-1.7006121520897266,-0.21380328893435369,-0.33778243893393656,-0.17075689698738117,0.021321906479061847,-0.1111544073333012,0.0,-0.6414182287225296,3.9701882363585486,2293.4003926240557
Joel Foxwell,-2.5134169068572394,-2.1516059592057597,-0.36181094765147964,-1.868582585520644,-0.10292258432231803,-0.18010078936279783,-0.2371376651187791,-0.032590611342028224,-0.09208267119067232,0.0,-0.4076966562178164,3.8374224329737143,3728.277201399586
Nathan Claerbaut,-2.5138834902869083,-2.1312277933361923,-0.38265569695071594,-1.577454155421643,-0.13116548935489425,-0.422608148559655,-0.3485906260648225,0.047529722971003885,-0.08159479385689734,0.0,-0.5878387088004428,3.9257666470293904,2634.895084590393
Ring Nyeri,-2.514061464769171,-2.2834130745367047,-0.2306483902324662,-1.9307746110887847,-0.13366623989314044,-0.2189722235547794,-0.0841335549953871,-0.046056860202271704,-0.1004579750348074,0.0,-0.49915329868499897,3.8610413862540094,3338.250245947709
Jerrell Bellamy,-2.5144367803293295,-2.31436136823758,-0.20007541209174956,-1.7634967039361638,-0.3350072058582003,-0.21585745844321552,0.003914481999815478,-0.09291222835857053,-0.1110776657329945,0.0,-0.7548545583929809,3.9762017901414506,2242.1438443585557
Dayvion McKnight,-2.5152908591099052,-2.1906005232114985,-0.3246903358984068,-1.771718224205887,0.036674471413171206,-0.4555567704187825,-0.26006497069205803,0.02022039271169654,-0.08484575791804533,0.0,-0.48350766421196006,3.7836164820769693,4939.613674252776
Nick Kern Jr.,-2.515312565829033,-2.1919508288892295,-0.32336173693980386,-1.6526055786353766,-0.17925333498846102,-0.36009191526539197,-0.3414305005158649,0.10585863216902178,-0.08778986859296073,0.0,-0.5212764866777919,3.8864180202146277,3029.705217526004
Devin Williams,-2.51560271366902,-2.3678522699678375,-0.14775044370118273,-1.8535362094487429,-0.1726876571505673,-0.3416284033685276,0.12239775237880268,-0.176069631847326,-0.09407856423265944,0.0,-0.7844642565990804,3.952396590990765,2429.633309239486
D.J. Burns Jr.,-2.515744197079362,-2.25168390433769,-0.2640602927416721,-1.569797962353112,-0.04007274142697867,-0.6418132005575996,-0.08170572820141608,-0.0915810019232765,-0.09077356261697947,0.0,-0.8642405065248342,3.990582070456118,2169.673210081284
Dylan Williamson,-2.515909994974916,-1.9609363039198846,-0.5549736910550315,-1.9160502914078261,0.048062582427021217,-0.0929485949390797,-0.31035550022936265,-0.1537828022610032,-0.09083538856466568,0.0,-0.28950420333772736,3.7499665529909683,6204.870760264519
Jaylen Crocker-Johnson,-2.516284424417059,-2.2202218255481174,-0.29606259886894176,-1.7259556105450804,-0.20077544593987148,-0.2934907690631657,-0.08406682229631207,-0.13891303935617663,-0.07308273721645306,0.0,-0.7062619915756668,3.804026393136174,4390.614359329631
Brandon Rush,-2.517242009897961,-2.3782603089631262,-0.13898170093483508,-1.904745994797639,0.002805302704040835,-0.47631961686952806,0.019076061956355472,-0.05795543215794034,-0.10010233073325021,0.0,-0.6315720770566778,4.015426484086255,2021.278231138574
Jaylen Blakes,-2.5172543274267416,-2.1815936097749367,-0.335660717651805,-1.8968597818893909,-0.07477177077632349,-0.20996205710922206,-0.4542482891208014,0.2093852698254203,-0.0907976983564239,0.0,-0.16614625641654918,3.948517574434122,2451.0892181169957
Nick Dorn,-2.5176658573332693,-2.093284102499085,-0.42438175483418417,-1.6696833074218493,-0.10005615035267452,-0.32354464472456124,-0.14390177123406594,-0.16911632075337163,-0.11136366284674656,0.0,-0.704080778677354,3.817749881135716,4091.476088267585
Jaylin Hunter,-2.5180560413942645,-2.1663955374265367,-0.35166050396772786,-1.8277133519311048,-0.07691430105780343,-0.26176788443762844,-0.2742044704130574,0.019232471165702508,-0.09668850472037296,0.0,-0.4161382190501023,3.9386168502816346,2520.8978438153626
Matthew Mors,-2.518112437457861,-2.2510355545584515,-0.2670768828994093,-1.7948381168052796,-0.15866091527044546,-0.2975365224827262,-0.0579030730241209,-0.12017210617689617,-0.0890017036983922,0.0,-0.66537124762846,3.782594417848336,4966.183598682033
Greg Tribble,-2.5181141147553716,-2.3540647654224864,-0.16404934933288523,-1.7114456302107397,-0.12133773740724246,-0.5212813978045042,-0.07241766556652146,7.905839112803958e-05,-0.0917107421574918,0.0,-0.7342508189781104,3.987725962446508,2175.011581679501
Will Berg,-2.5187783028135486,-2.0897580282127013,-0.42902027460084746,-1.7758893631546726,-0.20637767025917383,-0.10749099479885493,-0.16935120532942904,-0.19352065218143782,-0.06614841708998061,0.0,-0.5735377343294472,3.930879896677674,2600.7815085394386
Tavion Banks,-2.51879568650001,-2.08795492424039,-0.4308407622596201,-1.8051864484560827,-0.07330565564611202,-0.20946282013819498,-0.5409095709100954,0.1784055560900247,-0.06833674743954946,0.0,-0.17269966713383172,3.8468835594138797,3554.106966752952
Ronnie Harrison,-2.518871526839392,-2.4639341054918398,-0.0549374213475521,-1.840340415517239,-0.3733644841763901,-0.25022920579821084,0.0217880554906259,0.04519367897956811,-0.12191915581774611,0.0,-0.7003191668127791,3.886293820578789,3018.732307746789
Sean Stewart,-2.5190834012956493,-2.1318001103507926,-0.3872832909448568,-1.7414330881979336,-0.12660196706246124,-0.2637650550903977,-0.25532604249706375,-0.017581386881547333,-0.11437586156624574,0.0,-0.522324270600652,3.854881386942156,3420.0860095207354
Jordan Pope,-2.519196822213366,-2.180876878936339,-0.33831994327702714,-1.7961207014812972,0.04076688121215813,-0.4255230586671999,-0.19612585793194198,-0.05024347190202815,-0.09195061344305698,0.0,-0.5269502628001269,3.73630175613335,6911.413927057863
Keanu Dawes,-2.5195398132821483,-1.8895318105412908,-0.6300080027408577,-1.756055322209,-0.04330542195783571,-0.09017106637445493,-0.34814854670961415,-0.18191055090275574,-0.09994890512848781,0.0,-0.4153359443635342,3.785374417056296,4857.935428445678
Noah Feddersen,-2.51961224900926,-2.169526414119692,-0.35008583488956757,-1.729387751817213,-0.11444965243508987,-0.32568900986738913,-0.1564967843033756,-0.09887051251134578,-0.09471853807484622,0.0,-0.633727712888671,3.7990834480627798,4498.213716925002
Kylin Green,-2.519640700265595,-2.3044922374968744,-0.21514846276872066,-1.9276143869462734,-0.0362112670768612,-0.34066658347373985,-0.19221956833800852,0.08907858840684649,-0.11200748283755863,0.0,-0.39980674498131324,3.8341366404394837,3795.0069762059356
Aubin Gateretse,-2.5198825483712044,-2.2648054702877642,-0.2550770780834403,-1.709984453484771,-0.18999688769893602,-0.3648241291040575,-0.05971692998296668,-0.10399848902814801,-0.09136165907232563,0.0,-0.7501811649034671,3.985369899731116,2194.0367660931347
Markus Burton,-2.5200110345395696,-2.2474061919670065,-0.27260484257256307,-1.725109111101403,-0.06028482802064239,-0.4620122528449612,-0.22253027080369742,0.04406651894075585,-0.09414109070962151,0.0,-0.5723716526344692,3.8358905877068072,3727.113702732469
Chris Howell,-2.522848972253699,-2.5821762731724283,0.05932730091872898,-1.814145148400896,-0.1267371754968993,-0.641293949274633,-0.09838106861227908,0.24401341891195696,-0.0863050493809489,0.0,-0.6103227552405244,3.8874375557805267,3004.370861557473
Kevin McCullar Jr.,-2.523079884653322,-2.3445417913468987,-0.17853809330642312,-1.744810693514498,-0.09664830074740174,-0.5030827970849989,-0.1891228338031346,0.09021833017483055,-0.07963358967811905,0.0,-0.5891463573356892,3.965573204252139,2324.7334127784225
DJ Burns,-2.523345325119444,-1.9400985695107114,-0.5832467556087328,-1.7370329459600373,-0.00814708184281035,-0.19491854170786355,-0.4279166130722882,-0.07427733789184124,-0.0810528046446034,0.0,-0.35839576608711854,3.9853515252595986,2189.288949857833
Jestin Porter,-2.5238131604345972,-2.4050723398538185,-0.11874082058077877,-1.7791836455014922,-0.007138462442980498,-0.6187502319093459,-0.07763634367389366,0.03755052303524871,-0.07865499994213382,0.0,-0.6669931712592114,3.74485409934701,6438.879965130413
RJ Felton,-2.524477937118001,-2.232646764415812,-0.2918311727021894,-1.8855834486901284,-0.11854921753269788,-0.2285140981929855,-0.20398358718265502,0.004275220773579086,-0.09212280629311344,0.0,-0.4349109012452177,3.8024931764879186,4429.805752491118
Kyler Filewich,-2.5244836231637926,-2.1562462440055428,-0.36823737915824967,-1.7069148045068425,-0.03335713019582981,-0.4159743093028706,-0.0842886807834462,-0.20178185354400863,-0.08216684483079482,0.0,-0.7332801378735039,3.8793227323082244,3110.3798156060657
Kyle Filipowski,-2.5245118807471587,-2.1768930080647975,-0.3476188726823612,-1.849372666674741,-0.16542660457355501,-0.16209373681650163,-0.2476964455925329,-0.005391885449461925,-0.0945305416403664,0.0,-0.427442768479885,4.018123855627514,2009.9847803464586
Dji Bailey,-2.5247142599609207,-2.2262198505554336,-0.2984944094054869,-1.8070892765518303,-0.08139091532729785,-0.3377396586763056,-0.22465643101337956,0.0149908968125044,-0.08882887520461169,0.0,-0.4929685523957108,3.860610817209427,3353.89991521683
Lance Jones,-2.524866368096926,-2.5409833516757523,0.01611698357882628,-1.8916231390352671,-0.2251988289192459,-0.4241613837212394,0.006849741635372331,0.09012052354367922,-0.08085328160022527,0.0,-0.6400929706970314,3.9470395564122214,2461.398110734036
Neal Quinn,-2.5250004979239815,-2.469399130748115,-0.0556013671758666,-1.7980169390944194,-0.07349881024703743,-0.5978833814066581,0.14448555379091355,-0.10327927614148942,-0.09680764482529072,0.0,-0.8714691126204757,4.018536294973367,2001.8640638956203
Tylan Pope,-2.5252442832754958,-1.903437206143365,-0.6218070771321307,-1.7660357583689437,-0.1273638982123038,-0.01003754956211761,-0.47584522780809047,-0.04741442927508534,-0.09854742004895492,0.0,-0.28336329709846164,3.9725085215116644,2280.144854358767
Jaquel Morris,-2.525383433580648,-2.4885133771518357,-0.03687005642881214,-1.9782059531034701,-0.36470858702607745,-0.14559883702228793,0.03083586150422224,0.0674714287044956,-0.13517734663752998,0.0,-0.5780133419813998,3.941265842580952,2487.536619080808
Caleb Foster,-2.5257938976972314,-2.115284353547577,-0.4105095441496545,-1.5910627069555103,-0.03115484663932261,-0.493066799952744,-0.33107221952753446,-0.028014192192601324,-0.05142313242951872,0.0,-0.6036589712141867,3.8179001705947755,4090.54930894887
Dylan Arnett,-2.525996365843528,-2.235896123877115,-0.29010024196641293,-1.932014738187865,-0.03698406479449309,-0.26689732089475704,-0.291363866538218,0.08660808221449628,-0.08534445764269122,0.0,-0.3026177611174451,3.7745880512607317,5224.918799194588
Dola Adebayo,-2.5263410930174457,-2.3325680287013553,-0.1937730643160904,-1.630310480138796,-0.17466501978550503,-0.5275925287770542,-0.20965100876728826,0.11634138249594561,-0.10046343804474775,0.0,-0.6863796041113615,3.8356819234352386,3746.5175503755
Gavin Griffiths,-2.5264922867446047,-2.3496848378552095,-0.1768074488893951,-2.097166119395678,-0.027956513699817886,-0.2245622047597138,-0.10794105246423302,0.014158226463059212,-0.08302462288822127,0.0,-0.32138511488469373,3.8507711346578053,3494.9875444349445
MJ Thomas,-2.5267756139927258,-2.026155655311294,-0.5006199586814317,-1.8035930982639612,-0.10166253772274235,-0.12090001932459055,-0.2981109735191817,-0.08419712294279569,-0.11831186221945428,0.0,-0.4250715422095829,3.811527511804132,4209.982658508197
Cris Carroll,-2.52696225695299,-2.621430560637281,0.09446830368429104,-1.7261460675271703,-0.18520770668744083,-0.71007678642267,0.09447039114119882,0.09671258081539477,-0.09671466827230255,0.0,-0.8952865805670186,3.810482154932289,4242.809034083677
Zeke Mayo,-2.5273375157115074,-2.4401084002638136,-0.08722911544769377,-1.7387239354323312,-0.19750790732957862,-0.5038765575019037,0.04648167262369862,-0.06902144784069336,-0.06468934023069903,0.0,-0.8350952529028749,3.7884143125142695,4807.699445438
Quentin Jones,-2.5273724345132056,-2.4550460969687182,-0.0723263375444872,-1.9537459734187077,-0.024261822578896003,-0.4770383009711146,-0.009147226421853394,0.039845573742443394,-0.1030246848650772,0.0,-0.5644792346726444,3.7502691594135427,6176.339901189342
Amari Allen,-2.527880866630979,-1.8851298294132675,-0.6427510372177114,-1.709568728725279,0.02303121744353842,-0.19859231813152695,-0.3047156531524036,-0.24729800545820477,-0.0907373786071031,0.0,-0.5135964847532963,3.8907498104144826,2986.249236229521
Tre Coleman,-2.5281653467613885,-2.272229491915041,-0.2559358548463474,-1.649451215287987,-0.11359676208227434,-0.5091815145447794,-0.3272534409241045,0.14611130074847092,-0.0747937146707138,0.0,-0.5514606905492967,3.8479846002638665,3549.681602071848
Darius Maddox,-2.5283198698346654,-2.2318481690290377,-0.2964717008056279,-1.909339893555318,-0.10596724374771863,-0.21654103172600078,-0.17258764504945584,-0.020954659576354347,-0.1029293961798177,0.0,-0.4463923312298914,3.8343826322853944,3767.6466225769727
Jaquan Johnson,-2.528617857127697,-2.046828088826088,-0.48178976830160913,-1.7299451158171624,0.06812194332630161,-0.3850049163352271,-0.4416956445852216,0.035516847603494286,-0.0756109713198818,0.0,-0.356977096725313,3.8075218675290285,4321.462535265952
Caleb Grill,-2.5290664755084156,-2.00134684911349,-0.5277196263949255,-1.681972038633691,-0.020998066404833232,-0.29837674407496584,-0.5667220783729432,0.13527385949726134,-0.09627140751924364,0.0,-0.2803723585017814,3.9230907607843952,2647.4224986359377
Nick Pringle,-2.529527257892441,-2.3582306363376566,-0.1712966215547843,-1.8075567578404061,-0.17070612739435875,-0.37996775110289166,-0.08982919632364611,-0.017283255482378426,-0.06418416974875979,0.0,-0.6321413037283887,3.8036324492185853,4391.81436985783
Jake Fiegen,-2.5295491876751752,-1.9166991070805466,-0.6128500805946284,-1.5716811571762346,-0.033293706946724344,-0.3117242429575876,-0.43323681915827494,-0.11052264065395417,-0.0690906207823993,0.0,-0.5246312113406655,3.820066967880331,4034.4007386531557
Tevin Smith,-2.5297803342128247,-2.124304371743222,-0.40547596246960277,-1.7767254406776118,-0.18017314003290305,-0.16740579103270709,-0.3996292358308,0.09469726721870747,-0.10054399385751024,0.0,-0.35342565770441287,3.8356529118988245,3752.6242588665864
Will Allen,-2.530186119493277,-2.5848965040576664,0.054710384564389314,-1.9488754954942984,-0.30073883397483614,-0.33528217458853193,-0.057064820747596,0.1948242231563392,-0.0830490178443539,0.0,-0.5242458032513828,3.9514849211117116,2420.275206586097
Mekhi Mason,-2.5304950075845207,-2.047673519608731,-0.4828214879757897,-1.667119735010411,0.010186893624565374,-0.39074067822288516,-0.4013042704452572,0.01775794206431104,-0.09927515959484354,0.0,-0.4620710021288523,3.7681930700310216,5431.4458868411575
Mawot Mag,-2.530784180087522,-2.27432376423635,-0.2564604158511717,-1.681586015700469,-0.21954831682321485,-0.3731894317126663,-0.1271660333438494,-0.046202533867284776,-0.08309184864003749,0.0,-0.7220321310432034,3.9670562240794545,2310.323976445315
Cameron Tyson,-2.5316003085658747,-2.3182645265384703,-0.2133357820274044,-1.9786072868433124,-0.03519966428923285,-0.304457575405925,-0.07798482569934517,-0.03796166254487318,-0.09738929378318606,0.0,-0.4750081960232171,3.937168231202396,2534.609166831574
Tyler Bilodeau,-2.5317842553040517,-2.1921500382199572,-0.33963421708409447,-1.6413604045005292,-0.11113652139656492,-0.43965311232286297,-0.42227966135029293,0.17022405193132858,-0.08757860766513013,0.0,-0.46814418945322944,3.7584811612387665,5826.69152467974
Tramon Mark,-2.532101877889751,-1.7566386220224097,-0.7754632558673415,-1.849363990940712,0.10453941424438562,-0.011814045326083433,-0.5635204051892968,-0.12258991679728024,-0.08935293388076451,0.0,-0.11921748175974256,3.7418628475280364,6592.742050756087
Bryce Cofield,-2.5322845622943286,-2.1331185377010513,-0.3991660245932773,-1.8577341763465467,-0.15084823325238286,-0.12453612810212195,-0.4052861620719447,0.0856362473611463,-0.07951610988247895,0.0,-0.2692642238758375,3.9464539626433535,2449.3403384593635
Brooklyn Hicks,-2.5325807153940705,-2.339336475809102,-0.19324423958496814,-1.8933400040635022,-0.22995917190603737,-0.21603729983956263,-0.06490142671728566,-0.05211524374212462,-0.07622756912555786,0.0,-0.5743392846132824,3.826293358097253,3912.0631597877214
Pedulla,-2.5341813342986153,-2.2274794530154565,-0.30670188128315895,-1.7955589666093512,0.06393404735000083,-0.4958545337561059,-0.3406153853598249,0.11020041952829218,-0.07628691545162626,0.0,-0.3980069823294391,3.8000050194051944,4484.466236284987
Devin Tillis,-2.535055432071823,-2.137362798281612,-0.39769263379021114,-1.571848536812032,-0.11067916950037103,-0.45483509196920896,-0.11966122418404918,-0.1931381045431153,-0.08489330506304665,0.0,-0.8435456710757419,3.780803868540395,5045.260270182077
Terrance Jones,-2.5351692781981265,-2.227914387085238,-0.3072548911128887,-1.959736260598595,-0.062355814816155875,-0.20582231167048692,-0.28125468188566516,0.0722167217970767,-0.09821693102430022,0.0,-0.2941783357138663,3.80325238299675,4401.976020603277
Andrew Ball,-2.5357225362510163,-2.159322838875943,-0.37639969737507334,-1.796962937127303,-0.04405309823517217,-0.31830680351346763,-0.41953368579356154,0.15270983539609093,-0.10957584697760275,0.0,-0.3192259133301516,3.889241573134667,3010.316028080167
Carter Welling,-2.5361137871551,-2.3563232902479054,-0.17979049690719462,-1.7660540692028437,-0.1611859023751556,-0.42908331866990607,-0.005546059176778972,-0.09889616243217658,-0.07534827529823906,0.0,-0.7645136587754773,3.8292173160697622,3870.523585782535
Tru Washington,-2.5369475277843376,-2.161883988309621,-0.3750635394747166,-1.9118659629717478,-0.11898900394617362,-0.13102902139169947,-0.4665160398320512,0.1528306946391804,-0.06137819428184575,0.0,-0.15856552498053844,3.7735886041263886,5265.758116357605
Sam Hines Jr.,-2.537253748425421,-2.267299548788288,-0.2699541996371327,-1.8248527891453081,-0.1459479526232313,-0.2964988070197485,-0.22402229111696748,0.0352537466173372,-0.08118565513750244,0.0,-0.488378668163145,3.858472175794413,3371.842312861226
Kevair Kennedy,-2.537377878732532,-2.3378005879941846,-0.19957729073834715,-1.8046833705235132,-0.0053032174110933805,-0.5278140000595781,-0.15151112924007604,0.05768846971378755,-0.10575463121205866,0.0,-0.5811833789689427,3.8573538198198274,3406.6863264714934
Charles Pride,-2.538326560475631,-2.186563840644286,-0.35176271983134455,-1.8755767924548332,-0.16796601489793353,-0.14302103329151916,-0.29233738485635496,0.035150956705238184,-0.09457629168022777,0.0,-0.37041238316444225,3.95736017584974,2375.5015655515326
James Okonkwo,-2.538556472510786,-2.3204272872967873,-0.21812918521399854,-1.9281823075520674,-0.1049884678412076,-0.2872565119035121,-0.0021167235153873865,-0.1192709360012525,-0.09674152569735865,0.0,-0.6082574414433308,3.8638144811838626,3300.4645082411635
Jan Vide,-2.5395664525927555,-2.2017933761069424,-0.3377730764858132,-1.8560103390645184,-0.0645670791785222,-0.2812159578639015,-0.13182265224582373,-0.10647725075457501,-0.09947317348541442,0.0,-0.5517334612824132,3.8448459158982993,3593.199117477576
Ryan Cornish,-2.5398955690561222,-2.3069430409570058,-0.23295252809911648,-1.8534096691893522,-0.17561852808513012,-0.27791484368252334,-0.24572692567103321,0.10712431494393193,-0.0943499173720152,0.0,-0.44075897419573673,3.8498947630718487,3511.5856091536957
Ashton Williamson,-2.5400151099169084,-2.455368024077301,-0.0846470858396073,-1.9633529945269814,-0.0982607160640049,-0.3937543134863148,-0.2771894280310003,0.2919595547950473,-0.09941721260365434,0.0,-0.2994726873589267,3.864671783752796,3294.160297774647
Tama Isaac,-2.54125847940571,-2.577817383759135,0.03655890435342529,-1.7794585735119681,-0.20523046440753553,-0.5931283458396317,0.3901607971140465,-0.23097656773299527,-0.12262532502762594,0.0,-1.1519607030077885,3.896099268983966,2933.9757665748452
Enoch Cheeks,-2.5418494528931372,-2.2767556677957677,-0.26509378509736975,-1.8017156386718027,-0.16090406147628522,-0.3141359676476795,-0.10182557442812062,-0.07072505923383374,-0.09254315143541539,0.0,-0.6383082397932138,3.8042265235828134,4381.534478810067
Jimmy Clark III,-2.5419087089002916,-2.4045666586937675,-0.137342050206524,-1.7790532255034135,-0.21030871533487788,-0.4152047178554759,-0.11604411723974728,0.08224247946752267,-0.1035404124342994,0.0,-0.6468113661571304,3.990833192900375,2159.154906258361
Pelle Larsson,-2.543183374659033,-2.1679275072327795,-0.3752558674262537,-1.533268880665988,-0.2014065578403086,-0.4332520687264831,-0.3675377167012447,0.07644691577450852,-0.08416506649951752,0.0,-0.6423767772918008,3.930869457056442,2590.435635022624
Kamron Hobbs,-2.543443125726233,-2.2527948906526776,-0.2906482350735554,-1.9013580506993162,-0.13833296163792477,-0.2131038783154367,-0.22573189277693206,0.05822820900747394,-0.1231445513040973,0.0,-0.41635318224998485,3.83843118226958,3703.368026893508
Adrian McIntyre,-2.544329928859187,-2.2026860582343586,-0.34164387062482837,-1.826915718949902,0.017666642792755066,-0.3934369820772115,-0.3792715003997026,0.12984227783958927,-0.09221464806471508,0.0,-0.33814270950958225,3.954753132010969,2385.6361961190446
Johnell Davis,-2.5445855846014696,-2.3901510559895773,-0.15443452861189227,-1.8035754201299987,-0.10039958147042151,-0.48617605438915695,-0.17845942488391975,0.1049505060780637,-0.08092560980603622,0.0,-0.5625507395875511,3.797539236306498,4560.153429720909
Tyson Brown,-2.5449969560805576,-2.699271173409291,0.15427421732873325,-1.8010583709206656,-0.3882736795513453,-0.5099391229372802,0.22312481334172962,0.03501825620688115,-0.1038688522198775,0.0,-0.9670633985016218,3.7947432777480654,4595.733305496935
Raysean Seamster,-2.545268977665293,-2.226902677705196,-0.31836629996009685,-1.6807425675266665,-0.25765422812559846,-0.28850588205293104,-0.243611003739774,0.005364492358941278,-0.08011978857926409,0.0,-0.6209154063988522,3.81449776086823,4156.830575831261
Isaiah Shaw,-2.5455978722910224,-2.39703226450409,-0.14856560778693245,-1.8640287448736765,-0.0467146002290344,-0.48628891940137886,-0.11341385097272189,0.08637880426643976,-0.12153056108065032,0.0,-0.5681552764446238,3.9203252390886982,2670.4070185716637
Modestas Kancleris,-2.5456910145671117,-2.2762896005509115,-0.2694014140162004,-1.8676513794607938,-0.13366481082482376,-0.27497341026529387,-0.08940592224819677,-0.0883747713703222,-0.09162072039768143,0.0,-0.5886337128581212,3.9867419324500815,2176.3454772850555
Sadraque NgaNga,-2.545923198882728,-2.1072250922071167,-0.4386981066756112,-1.8742691027140799,-0.20770042243599096,-0.025255567057045847,-0.08404410776486815,-0.24512979503920745,-0.1095242038715356,0.0,-0.5876099884037799,3.8616915880860168,3320.6760644559017
Shakeel Moore,-2.5459340757856084,-2.4066760215768053,-0.13925805420880308,-1.729694195405584,-0.20628100975571972,-0.47070081641550154,-0.2178188628590253,0.15355172433276065,-0.07499091568253843,0.0,-0.5984210175209991,3.933595669558711,2562.678924571427
Brayden O'Connor,-2.5460336931269154,-2.2582482392819703,-0.2877854538449452,-1.8318883429936892,-0.21397279256789942,-0.21238710372038155,-0.23970644270213476,0.029074251046023014,-0.07715326218883346,0.0,-0.4744389074310914,3.849106738834759,3525.0879220850056
Connor Essegian,-2.5460864423729115,-2.2800885667801696,-0.26599787559274185,-1.7400003190680766,0.022179994388490054,-0.562268242100583,-0.14411903899484035,-0.023867149315095162,-0.09801168728280633,0.0,-0.6619670843099944,3.908205430570267,2788.998040746632
Desmond Watson,-2.547529074752963,-2.3943278445530773,-0.15320123019988552,-1.7801757149584772,-0.21092502634190477,-0.40322710325269545,-0.09930092783385058,0.03065302538467872,-0.08455332775071367,0.0,-0.6680524319606351,3.80230854077158,4446.666231584495
Ishan Sharma,-2.5476819019894275,-1.9975200306352534,-0.5501618713541739,-1.5682497110399582,-0.06952978870391653,-0.35974053089137853,-0.34574861197688145,-0.13825057676918392,-0.06616268260810852,0.0,-0.6336835789725875,3.8821817902480844,3070.6514816483946
Elijah Malone,-2.5480979545939837,-2.493705019471149,-0.05439293512283471,-1.7847387856258328,-0.40644128269864327,-0.302524951146673,0.08071455003677286,-0.03726003362624491,-0.09784745153336266,0.0,-0.8440737190049237,3.9505691621586774,2428.6859845739477
Jovan Blacksher Jr.,-2.5482055059313473,-2.199821665175702,-0.3483838407556452,-2.137014965266326,-0.018509758900288054,-0.04429694100908749,-0.25015345431538605,-0.008916539768592663,-0.0893138466716665,0.0,-0.1610370863496347,3.9051681493428663,2829.177208822601
Dwayne Koroma,-2.548429100093096,-2.3943090197364905,-0.15412008035660546,-1.6855512678701285,-0.1967174405563377,-0.5120403113100245,-0.08667340966218134,0.0264463528453011,-0.0938930235397252,0.0,-0.7762044225607863,3.9447734117919393,2468.6303320576526
Rashaun Agee,-2.5484509777813975,-2.1822211571054706,-0.366229820675927,-1.7244477344317128,-0.198477858312781,-0.25929556436097667,-0.29257984918609037,-0.002726325195871279,-0.07092364629396535,0.0,-0.5314233941635943,3.7653610219849063,5573.621848715677
Jayden Johnson,-2.5487876736353297,-2.402153741026702,-0.14663393260862762,-1.6802239504076093,-0.24354838844224147,-0.47838140217685104,-0.38747255940072134,0.3263462211297422,-0.0855075943376485,0.0,-0.48109116382699874,3.8446951868766424,3613.4754997605332
Ta'lon Cooper,-2.549112232946753,-2.299981511047922,-0.24913072189883112,-1.9152629947519115,-0.055519349182925476,-0.3291991671130849,-0.061839985303468736,-0.10124726660019576,-0.08604346999516661,0.0,-0.5720092528913728,3.925414212256752,2634.879194400736
Reggie Hill,-2.5494006164671865,-2.307113759769135,-0.24228685669805156,-1.9644897145221265,-0.17490531685842226,-0.16771872838858592,-0.08872477253780742,-0.07887419469182845,-0.0746878894684157,0.0,-0.4961861294072523,3.9562921980538723,2386.120127006011
Robert Vaihola,-2.5495910989687838,-2.0472358246283484,-0.5023552743404354,-1.8809172480615153,-0.05233973299019436,-0.11397884357663873,-0.39395373203024303,-0.02990565044657542,-0.07849589186361695,0.0,-0.27472011887702547,3.9585907542663006,2372.5642605918974
Davion Everett,-2.5496530786153997,-2.0099225397456313,-0.5397305388697684,-1.7668276881251295,-0.09493322988961407,-0.1481616217308877,-0.5782267384603287,0.1313258889221612,-0.09282968933160096,0.0,-0.2045986520299415,3.946556184397654,2440.593313864385
Jack Campion,-2.550105654551032,-2.193379311528868,-0.3567263430221641,-1.67979352286897,0.05089601007264252,-0.5644817987325403,-0.30513843397025064,0.045378153300709226,-0.09696606235262267,0.0,-0.5651736977118113,3.965651022943836,2326.7722431887505
Nick Jourdain,-2.550212223097564,-2.110733686502812,-0.4394785365947519,-1.8216497983325888,-0.21387703312019016,-0.07520685505003294,-0.31138501072842995,-0.02578995657726941,-0.10230356928905257,0.0,-0.41717741403654507,3.8532864541157594,3464.577628900558
Matthew Cleveland,-2.5504304876270227,-2.18510176081575,-0.36532872681127293,-1.709578822023728,-0.1271603146632944,-0.3483626241287274,-0.1653953735170252,-0.06808863346515714,-0.13184471982909055,0.0,-0.6754562920862694,3.8248547619122846,3944.008963505929
Aaron Nkrumah,-2.5507463870373046,-2.192524058772105,-0.3582223282651995,-1.8025162938788715,-0.15385880383953127,-0.23614896105370256,-0.5507626073699317,0.26752783746149145,-0.07498755835675931,0.0,-0.1974674857885017,3.807342585740325,4308.258224928737
C.J. O'Hara,-2.5507526154654467,-2.1375775858294888,-0.4131750296359578,-1.7408714121920281,-0.055024213387794424,-0.34168196024966624,-0.16251777160477676,-0.1592991910818424,-0.09135806694933862,0.0,-0.6473634316686416,3.831631291713848,3815.926933388113
Kareem Thomas,-2.551042159218854,-2.431471451496063,-0.11957070772279098,-1.7972332532494708,-0.30290093733916834,-0.3313372609074237,0.16420207316841806,-0.16577529481476666,-0.11799748607644238,0.0,-0.918010979137801,3.9541132438237163,2407.08603964921
Niko Rocak,-2.5511516480763055,-2.6371007518900447,0.08594910381373902,-1.7643428886193138,-0.3737680246638808,-0.49898983860684987,-0.14370670924778695,0.2850962781755102,-0.05544046511398424,0.0,-0.6431020502092047,3.7860686121195135,4870.746446290526
Justin Bufford,-2.551751331643988,-2.3188648309922995,-0.23288650065168892,-1.9699368657852232,-0.040674314617802354,-0.3082536505892738,-0.049915967275863116,-0.08505469038982343,-0.09791584298600238,0.0,-0.531898498582902,3.8523270609174354,3477.2072292837875
Paul McNeil Jr.,-2.552033802195706,-1.9511114596170143,-0.600922342578692,-1.7558953299000721,0.13579679312413945,-0.3310129228410815,-0.509358383708296,-0.004672845731240716,-0.08689111313915537,0.0,-0.28678008858733817,3.866682082950114,3287.100302363035
Terence Harcum,-2.5521027357102457,-2.1477311102753496,-0.40437162543489613,-1.956054039230183,-0.05436191502688867,-0.13731515601827804,-0.3333962415511731,0.017249232787309637,-0.08822461667103265,0.0,-0.2626524549288897,3.833740290181655,3793.715427641774
Darrion Trammell,-2.5521087264746374,-2.239208207254698,-0.3129005192199394,-1.7457967850077134,-0.056435103971844244,-0.4369763182751404,-0.25072273084714647,0.024663152352228046,-0.08684094072502097,0.0,-0.5555892106197775,3.9583452842224407,2384.104879424803
Jake Wahlin,-2.552416237061168,-2.2105299803709575,-0.34188625669021033,-1.7881997546822062,-0.13580078314336178,-0.2865294425453893,-0.10865071392293957,-0.13620890704499042,-0.09702663572228032,0.0,-0.6555657684560219,3.84317140123294,3609.3305317867357
Justin Vander Baan,-2.552871665552853,-2.669448974043542,0.1165773084906888,-1.8961962604357154,-0.1730537499324136,-0.600198963675413,0.36213981326679034,-0.1522513199173609,-0.09331118485874064,0.0,-1.0188152183839283,3.9136290802949953,2752.8149449371294
Jalen Warley,-2.5529323483080937,-2.125301523287467,-0.4276308250206266,-1.8382106554055797,-0.08774778371759309,-0.19934308416429414,-0.5712795205572977,0.21088776826799646,-0.0672390727313254,0.0,-0.14344217234521614,3.810819558709527,4230.93326105551
Vyctorius Miller,-2.553100034265426,-2.4234772403132547,-0.1296227939521714,-1.7138346997881533,-0.13109738005713203,-0.5785451604679696,-0.08924977409833018,0.05830959680434333,-0.09868261665818456,0.0,-0.7500155603789428,3.845593640457043,3574.2650322846903
Jaden Schutt,-2.5535255189147783,-2.049772931505122,-0.5037525874096564,-1.672372097257018,-0.16135360724845513,-0.2160472269996489,-0.34654690610761096,-0.06703552324288788,-0.09017015805915762,0.0,-0.5346065155501495,3.8295960029061074,3856.187967158182
Jalen Bridges,-2.5541356363167598,-2.2673074169133742,-0.2868282194033853,-1.9200614656630437,-0.017282157231196776,-0.32996379401913367,-0.17857572176267095,-0.00998500318496967,-0.0982674944557447,0.0,-0.45549844889104474,3.9520334465313023,2401.8791913479963
Ajay Mitchell,-2.5541391089891023,-2.2106404400458195,-0.343498668943283,-1.5977530038559828,-0.03445940327972999,-0.5784280329101066,-0.21445384114657806,-0.03690056633869604,-0.09214426145800893,0.0,-0.7419322639865414,3.9608308153203846,2358.7850436848166
Ishmael Leggett,-2.554572295748023,-2.465709625469049,-0.08886267027897407,-1.949448324881397,-0.17296809262497917,-0.3432932079626728,-0.07151427448631203,0.0658687506274627,-0.08321714642012473,0.0,-0.5336096963803141,3.8102201117929093,4257.270665359967
Kobe Knox,-2.554694660159047,-2.3939434477270503,-0.1607512124319968,-1.7019520654842741,-0.10695300875510329,-0.5850383734876727,-0.003110947390906782,-0.06318869692856599,-0.09445156811252403,0.0,-0.8496316472838661,3.7552064043165174,5938.25806349322
Karter Knox,-2.554702178398063,-2.3659651047364267,-0.188737073661636,-1.7420997958324467,-0.03889316917751881,-0.5849721397264616,-0.022869832318999528,-0.06699054941023559,-0.09887669193240088,0.0,-0.7897325502466169,3.8791289611686435,3118.047206636187
Jalen Cox,-2.5551279323810356,-2.3660017667223823,-0.1891261656586533,-1.6040985031653787,0.10608930923281695,-0.8679925727898208,-0.16603025888146022,0.0533945085552838,-0.07649041533247689,0.0,-0.7849991703341969,3.762387818677149,5645.054314042529
Hosana Kitenge,-2.5551940926014827,-2.366830706700982,-0.18836338590050056,-1.7708868375260036,-0.237313618054689,-0.35863025112028935,-0.13123604677616763,0.027676543004689885,-0.08480388212902282,0.0,-0.6530712082993112,3.8939406293930743,2956.118922213127
Eli King,-2.555314073559831,-1.996427070250689,-0.5588870033091424,-1.855949052453664,0.11172056865487512,-0.25219858645190024,-0.5737798102467124,0.11177950954548924,-0.09688670260791916,0.0,-0.12558521085945507,3.7497279189439374,6193.124570094815
Alex Chaikin,-2.555574820337579,-2.383881086749061,-0.17169373358851833,-1.7652767064678125,-0.04585923791273708,-0.5727451423685114,0.10593532942439421,-0.16232447208757728,-0.11530459092533527,0.0,-0.896233443294161,3.812685820136816,4209.47483675061
Austin Williford,-2.5566546694039403,-2.3090815008004437,-0.24757316860349643,-2.057273845375972,-0.07361580985414277,-0.17819184557032947,-0.06762262592875767,-0.07338986700149457,-0.10656067567324419,0.0,-0.431758198099211,3.9026345126760034,2840.4247799582186
Tyrece Radford,-2.557025474571212,-2.1635608256996495,-0.3934646488715624,-1.8167691282321778,-0.032590855831973076,-0.31420084163549844,-0.23456934034096072,-0.04671101904395977,-0.11218428948664197,0.0,-0.5056870059980733,3.922290722924063,2651.437194725405
Shemarri Allen,-2.5572632231628503,-2.367379070975997,-0.18988415218685298,-1.9296834672716379,-0.10976063984191303,-0.327934963862446,-0.3723606931415848,0.25642121114007244,-0.0739446701853406,0.0,-0.25521906274962725,4.011897819571191,2038.863541047062
Brent Bland,-2.557307484022747,-2.165328763720554,-0.3919787203021929,-2.1313965870428735,-0.06593301312809739,0.03200083645041696,-0.5001026334697686,0.20284412101261637,-0.09472020784504069,0.0,0.07419173648989526,3.819691647885471,4049.805798803654
Andrew Carr,-2.5576380036844046,-2.030377963586033,-0.5272600400983717,-1.6201348375145843,-0.022166755537034427,-0.3880763705344143,-0.38213293748246935,-0.07922775923196962,-0.06589934338393269,0.0,-0.5553702286873511,3.809985489602071,4256.541463809401
Dani Pounds,-2.5579337213556013,-2.234234953379818,-0.32369876797578323,-1.7430995631539845,-0.013769387788312631,-0.47736600243752086,-0.21850313656598136,0.004434747975820899,-0.10963037938562278,0.0,-0.5963310216356354,3.948787469616542,2435.269602507786
Seth Hubbard,-2.5580153229291196,-2.0094975937747988,-0.548517729154321,-1.7309403281927722,0.006192880975397441,-0.2847501465574239,-0.3278997100133447,-0.11017352280184589,-0.11044449633913034,0.0,-0.4991752847230027,3.8318458084519267,3818.024518683612
Niels Lane,-2.558037450650886,-2.4898661511269577,-0.06817129952392825,-1.742579724756255,-0.2366332408076459,-0.5106531855630566,0.08504280697711819,-0.05410242763013589,-0.09911167887091055,0.0,-0.9005005328717489,3.878400001636699,3112.9308603165664
Reggie Prudhomme,-2.558240009200243,-2.3928058923633833,-0.16543411683685946,-1.7719312540050862,-0.06644853030974533,-0.5544261080485516,0.10293493258639441,-0.17043405097909717,-0.0979349984441567,0.0,-0.8892436877815508,3.9822444383660915,2195.7914233377405
Cam Morris III,-2.5583192652066487,-2.3144113379121243,-0.2439079272945243,-1.6002452696089982,-0.3204150261972989,-0.3937510421058273,-0.0747165967815766,-0.07451000134802009,-0.09468132916492758,0.0,-0.8833573988160738,3.7801283603394515,5046.3735884702855
Eric Gaines,-2.558366640518827,-2.3495497058727737,-0.208816934646053,-1.8064732593610375,-0.25712726425515137,-0.2859491822565849,-0.22649614641924443,0.10201140197363157,-0.08433219020044014,0.0,-0.5253972347385448,3.9097197238954364,2787.7749518555274
Lase Olalere,-2.5588583914843244,-2.3429898117424326,-0.21586857974189183,-1.9062131985047774,-0.22265577047915505,-0.2141208427585004,0.06666799950547053,-0.18277591033082824,-0.09976066891653412,0.0,-0.7193131924850179,4.005379731376382,2068.368296268294
Will Johnston,-2.5589547965313626,-2.0074393648106605,-0.5515154317207023,-1.7576252017878127,0.09103504251425826,-0.3408492055371062,-0.2502931599774826,-0.20552573082263126,-0.09569654092058842,0.0,-0.5510364347660676,3.749435219515555,6224.90300573865
Belal El Shakery,-2.559353029521064,-2.2856009388343006,-0.2737520906867636,-1.8346196834676163,-0.024469312535557453,-0.42651194283112664,-0.11007649900341104,-0.07727904787219401,-0.08639654381115852,0.0,-0.6146568470500366,3.903747219297295,2844.369927550487
KeShawn Murphy,-2.5610859490895983,-2.024120562535542,-0.536965386554056,-1.8173523333140584,-0.018136397520055192,-0.18863183170142822,-0.4900866954090677,0.04154427328950243,-0.08842296443449071,0.0,-0.2536469203664717,3.8182323282527677,4072.378251041595
Barrington Hargress,-2.5611272658598656,-2.0270113408589956,-0.5341159250008702,-1.7059121315283303,0.21722998020409262,-0.5383291895347581,-0.37857400312105555,-0.06609840087382249,-0.08944352100599215,0.0,-0.47664113121048013,3.73956984378995,6698.014740922964
Nikolaos Chitikoudis,-2.561551767638414,-2.3967409454591198,-0.16481082217929408,-2.212396899042003,-0.13101076829436983,-0.05333327812274691,0.005113789507483202,-0.07771462214231625,-0.09220998954446102,0.0,-0.354268658103894,3.7925162839241535,4666.775276943745
JT Pettigrew,-2.5621025823715082,-2.2495940104792944,-0.3125085718922138,-2.026396661237873,-0.08938832390683615,-0.13380902533458555,-0.19443472918911037,-0.025342408562994682,-0.09273143414010876,0.0,-0.34127119194452515,3.929229018428699,2599.436809404305
Mason Nicholson,-2.5621639509238436,-2.1962548620837445,-0.3659090888400992,-1.895968641100101,-0.10585555301873271,-0.19443066796491054,0.020028424053450733,-0.29824101213688664,-0.08769650075666327,0.0,-0.6862237338771932,3.9632989945916446,2337.5904870379018
Bryson Dawkins,-2.562793832437762,-2.3042639885532927,-0.25852984388446937,-1.8366251454063134,-0.1876680054272209,-0.27997083771975867,-0.15238138457463868,-0.003950680547799734,-0.10219777876203096,0.0,-0.5737873024568103,3.799223361723485,4507.134153362127
Jonah Hinton,-2.5630318614164533,-2.664405335260521,0.10137347384406777,-1.9828416055873452,-0.3190509663637401,-0.3625127633094359,0.15442696853317006,0.032583075673025694,-0.085636570362128,0.0,-0.7346172243622784,3.8002437157005375,4488.20301267582
TJ Hurley,-2.563369552141413,-2.1982921580212618,-0.36507739412015117,-1.7126148447727927,0.011859598334714117,-0.49753691158318314,-0.023920441979520368,-0.23969809087631305,-0.10145886126431776,0.0,-0.8268342653890999,3.7576921401294516,5861.020211865235
Keyshaun Langley,-2.563877217856278,-2.2797040539432314,-0.2841731639130466,-1.8388316917354166,-0.10747212758512195,-0.33340023462269275,-0.23616676563531408,0.04977059967467648,-0.097776997952409,0.0,-0.48887876048554724,4.006709452191289,2062.1705320318833
Jordan King,-2.564011221792563,-2.377760614908179,-0.18625060688438366,-1.8347211070046654,-0.04866573114593106,-0.4943737767575823,-0.026181226345019737,-0.06541456733551322,-0.0946548132038507,0.0,-0.7031088884428773,3.9273012372317333,2615.46518066484
Pierre Crockrell II,-2.565014220963631,-2.2466849438097523,-0.3183292771538788,-1.6768563007141404,-0.1349913175449916,-0.43483732555062027,-0.27632815726798843,0.0371739901199694,-0.0791751100058598,0.0,-0.6118297629815024,3.9935560390380123,2143.5373549663923
Austin Maurer,-2.565069471670664,-2.4022949204319817,-0.16277455123868234,-1.955579733403996,-0.16991829118678606,-0.27679689584119943,-0.17368299917013869,0.09228522683336546,-0.08137677890190913,0.0,-0.43580673909652917,4.015514874921916,2034.45757549037
Dylan James,-2.5654868728983478,-2.3022704118424597,-0.2632164610558881,-2.024901354342966,-0.10413209618027287,-0.17323696131922095,-0.2917187746727855,0.10667033867862685,-0.07816802506172943,0.0,-0.2488667438825964,3.8978861868284174,2879.925757638409
Blake Harper,-2.565718178685337,-2.1633079985426193,-0.40241018014271757,-1.7964392958705253,-0.1341899369328916,-0.23267876573920263,-0.038778365240126955,-0.2537296626804669,-0.1099021522221237,0.0,-0.7305005175746849,3.819548040830844,4059.844383967028
Jameer Nelson,-2.5662544763290565,-2.22515265189661,-0.3411018244324466,-1.6781056847207656,-0.1341180745758555,-0.41292889259998916,-0.35581326545237424,0.09934866019930305,-0.0846372191793754,0.0,-0.5323355261559171,3.966493543887109,2318.5464012749003
Vaughn Weems,-2.5676551379176518,-2.0510490981268705,-0.5166060397907815,-1.7777618132979027,-0.0371938621441881,-0.2360934226847798,-0.4768730081506211,0.040509399832887566,-0.08024243147304788,0.0,-0.3130203164691282,3.9356886707441046,2550.372913871779
Mason Miller,-2.5678518350384323,-1.9571683168996636,-0.6106835181387686,-1.6971872658884697,0.022841992625751373,-0.2828230436369453,-0.37308653773534284,-0.14632877940043892,-0.0912682010029868,0.0,-0.49757803141461965,3.8252916799564733,3940.951181177339
Zaire Williams,-2.5679530556474237,-2.2652292143264297,-0.30272384132099406,-1.8535020875643047,-0.07877665876546118,-0.33295046799666367,-0.37689942281833305,0.16600456306997552,-0.0918289815726365,0.0,-0.3375515452647858,3.777609730016621,5119.73858948918
Danilo Jovanovich,-2.567965371759737,-2.16642521837442,-0.40154015338531673,-1.870657978220447,-0.012413334053532149,-0.28335390610044076,-0.3264476503727186,0.004085249102640728,-0.07917775211523888,0.0,-0.37085974316657105,3.9996354736767357,2095.79199609463
Jeff Woodward,-2.568512267512301,-2.4393315381524476,-0.1291807293598532,-1.774084685748777,-0.26522359869592677,-0.40002325370774383,0.25693644245841274,-0.27578848446634224,-0.1103286873519237,0.0,-1.0513640242219364,3.9057993490104703,2812.680812065786
Trevian Tennyson,-2.5687410538175146,-2.1692640014418565,-0.3994770523756582,-1.7421584164840274,-0.04895210578396059,-0.3781534791738683,-0.3822358877575165,0.07666083480067429,-0.09390199941881604,0.0,-0.44434674957597065,3.980525152417727,2228.659192182863
Angelo Ciaravino,-2.568794968582465,-2.0409799421377275,-0.5278150264447373,-1.8734755302665445,-0.1637829954140574,-0.0037214164571259256,-0.3637172858767879,-0.06826859352398884,-0.09582914704396059,0.0,-0.3316021524391327,3.9140273218139816,2734.6009014614992
Devontae Blanton,-2.5692281840935483,-2.000286125936841,-0.5689420581567071,-1.8665603909007857,0.007065108572759327,-0.14079084360881472,-0.5250865758424299,0.05762969727822698,-0.10148517959250418,0.0,-0.1775812173503326,3.8102923665217134,4260.887986857776
Brenton Knapper,-2.5694094011511743,-2.0728068651723435,-0.49660253597883086,-1.5971634497394003,-0.1773116248582859,-0.2983317905746573,-0.5082041730772513,0.09079255321807167,-0.07919091611965126,0.0,-0.46404177833452276,3.8336952499638524,3791.0050769660193
Nakavieon White,-2.5696591612881075,-2.3043011962332085,-0.26535796505489884,-1.8165722968228986,-0.08545312654120639,-0.4022757728691035,-0.1317391315813745,-0.014369427920073785,-0.11924940555345057,0.0,-0.6213477328838342,3.8424117231368395,3621.4112335051714
JJ Harper,-2.5710230284385602,-2.4520711545909792,-0.11895187384758113,-1.7663096637786673,-0.035441392848892056,-0.6503200979634196,-0.048735198446090866,0.049188735861710714,-0.11940541126320098,0.0,-0.7559781662138019,3.9253909317689932,2620.7700413956472
George Marshall,-2.5714993306444316,-2.190473023610281,-0.38102630703415036,-1.776495275809359,-0.019713933119157034,-0.3942638146817652,-0.24930302607467103,-0.044526291685303254,-0.08719698927417606,0.0,-0.5457010287604015,3.839000869578951,3691.3163520709895
Koren Johnson,-2.571573852175582,-2.0356625270143347,-0.5359113251612473,-1.66617923535965,-0.011703684533740544,-0.35777960712094387,-0.4728212975181626,0.04618516341775958,-0.10927519106084424,0.0,-0.4325733192977691,3.988274269605801,2172.236077838118
Tate McCubbin,-2.5724872775851733,-2.1183583146617497,-0.4541289629234236,-1.9536703532808453,0.021417992658375407,-0.18610595403927976,-0.441236071533176,0.05647192912626392,-0.0693648205165115,0.0,-0.17758085277115193,3.8259706957824577,3913.284456870915
Mark Lavrenov,-2.572632406677624,-2.5020341808595967,-0.0705982258180274,-2.0426230920973465,-0.1351095281088754,-0.324301560653375,0.1069533199276792,-0.08867797101431152,-0.08887357473139508,0.0,-0.6369626345079571,3.9301074219810173,2586.2527925419695
Urban Klavzar,-2.5729726311081476,-1.9976977780648073,-0.5752748530433404,-1.6547047784243396,-0.08195074189391255,-0.2610422577465553,-0.3301241113608062,-0.1805884500037319,-0.06456229167880219,0.0,-0.588143741323002,3.9048483836271672,2849.583686358168
Brock Felder,-2.5735131347153017,-2.2740308837776624,-0.2994822509376392,-2.0139741936288615,-0.10122935443744989,-0.158827335711351,-0.059993088216304946,-0.1436693072081645,-0.09581985551316972,0.0,-0.49954585287013514,3.9562500966728384,2383.347778283004
Uriah Tenette,-2.573700891838957,-2.1220501521809716,-0.4516507396579854,-1.8761836308664916,0.023255890653973627,-0.26912241196845343,-0.562656918001101,0.16566055710720237,-0.05465437876408684,0.0,-0.1348603429713643,3.875942891329067,3143.9462070568657
Alphonzo Billups III,-2.5748705041027993,-2.3995189028122232,-0.1753516012905761,-1.9714250266964846,-0.04277733445889448,-0.38531654165684415,-0.3718270993718913,0.2909962135641784,-0.09452071548286319,0.0,-0.23161837803442342,3.895808293711169,2923.37168015181
James Jones,-2.574945715731782,-2.21543494024986,-0.3595107754819221,-1.9603714991281458,-0.03139194957534891,-0.2236714915463651,-0.10502533313780565,-0.15759813138106638,-0.09688731096305009,0.0,-0.5095488834658304,3.9325660817716797,2569.626786585805
Davonte Davis,-2.575257190231778,-2.342285102277246,-0.232972087954532,-1.7146933443504047,-0.10894858986148019,-0.5186431680653615,-0.2564199592324396,0.11935738047208114,-0.09590950919417353,0.0,-0.604143886648934,3.8772693390274324,3135.182420003427
Xzayvier Brown,-2.5752741758258098,-2.0734806296451342,-0.5017935461806754,-1.8061553905523868,0.04613449965705277,-0.3134597387498004,-0.3231836969774475,-0.07721491682489985,-0.10139493237832804,0.0,-0.4459350882959755,3.733621252942497,7077.022813765261
Greedy Williams,-2.575574432890001,-2.2473948889571087,-0.3281795439328926,-1.838003676560968,-0.12497769115565427,-0.2844135212404864,-0.25946948877549814,0.010839786503994628,-0.07954984166138913,0.0,-0.47810126755353516,3.784968193034936,4894.804288847297
Brendan Hausen,-2.576253471443971,-2.152230033418596,-0.42402343802537457,-1.816117072833469,0.021771758052942736,-0.35788471863806975,-0.13044742733574344,-0.18538244281582233,-0.10819356787380882,0.0,-0.6296889712747582,3.8830364437211573,3089.0561667995544
Noel Coleman,-2.577100752370279,-2.2721404775692386,-0.3049602748010404,-1.7287055559616293,-0.11202238913249035,-0.43141253247511885,-0.13998094866117133,-0.06992288488472427,-0.09505644125514479,0.0,-0.7084142477474783,3.956712747678227,2387.795993437804
Kelton Talford,-2.577251488174574,-1.9871646057425534,-0.5900868824320207,-1.5905786829522546,-0.18880463059288288,-0.2077812921974159,-0.4617531765410405,-0.03533075072515409,-0.0930029551658261,0.0,-0.524919628681279,3.833282297303501,3788.084845417881
Chase Johnston,-2.5777488914995175,-2.270634331400178,-0.30711456009933985,-1.9678791162892924,0.04021366472420443,-0.34296887983508983,-0.347530988957779,0.14029301622043897,-0.09987658736199981,0.0,-0.2623387862524463,3.8141171377924894,4160.112866487179
Mikey Williams,-2.5777622447230946,-2.1950103636284806,-0.3827518810946141,-1.844054357956621,-0.12043072561482356,-0.23052528005703585,-0.20262800147720406,-0.06979758349195876,-0.1103262961254513,0.0,-0.5310798852892695,3.8991536699707323,2883.007057283062
Rob Perry,-2.57783475612595,-2.445265986428638,-0.13256876969731204,-1.796260685781396,-0.06468329361904755,-0.5843220070281941,0.04723980451884646,-0.08249183950209017,-0.09731673471406833,0.0,-0.8288138748634002,3.98927732718894,2170.03021087083
Brennan Rigsby Jr.,-2.5786009151290217,-2.240834469299087,-0.3377664458299344,-1.9639888597282857,-0.01026897572360752,-0.2665766338471941,-0.18886954967164488,-0.043098998574553786,-0.10579789758373573,0.0,-0.4257425057290911,3.8213593193544613,4017.0472066449215
Jalin Anderson,-2.5787587849328824,-2.0812305067702126,-0.4975282781626696,-1.7873071727692398,-0.1364418253208023,-0.15748150868017075,-0.5079516470123423,0.10498781253747053,-0.0945644436877978,0.0,-0.2834999651513003,3.8207916917474787,4020.7485806269206
Leo Torbor,-2.5793422233991965,-2.755803360277286,0.1764611368780896,-1.989222582204655,-0.22376511408461636,-0.5428156639880147,0.10315040027683853,0.16914177566192837,-0.09583103906067728,0.0,-0.6932700414713799,3.9262373561221753,2614.598230605564
Theo Seng,-2.5795136724518555,-2.255610980272844,-0.3239026921790116,-1.8974896996862423,0.00044443045286213234,-0.35856571103946405,-0.2734570058391488,0.035567955394574705,-0.08601364173443751,0.0,-0.40856696692646477,3.8307282580388526,3820.8783471629754
Logan Kinsey,-2.580238178261741,-2.005761788196269,-0.5744763900654722,-1.6465702781203229,0.11133729183104313,-0.4705288019069889,-0.2746465300099662,-0.1945526642830085,-0.1052771957724976,0.0,-0.6590213701314519,3.9023625450916253,2843.5404131875775
Bradyn Hubbard,-2.580279609241288,-2.421071230191154,-0.15920837905013385,-1.9229688384998593,-0.14183948719759346,-0.35626290449370135,-0.3935229855871749,0.28721986526882637,-0.0529052587317853,0.0,-0.2637877851542537,3.815317440938093,4132.800540505126
Jackson Shelstad,-2.5803971905720697,-2.070008291131234,-0.5103888994408359,-1.781511053258868,-0.11908611828165153,-0.16941111959071425,-0.4542305075459959,0.026245289550489714,-0.08240368144532963,0.0,-0.3446556297672057,3.7928641741271023,4689.372228146557
Jahari Long,-2.581888614475096,-2.040555767793981,-0.5413328466811147,-1.7393987149630135,-0.03626720860492383,-0.26488984422604406,-0.3152701818539249,-0.14508913358142167,-0.08097353124576812,0.0,-0.5272197176581577,3.8186896684757854,4073.706953014819
Nate Martin,-2.581972709288444,-2.244004039710155,-0.3379686695782889,-2.0428666036793213,-0.04306195899446458,-0.15807547703636915,-0.12715096965301348,-0.12456758956521924,-0.08625011036005618,0.0,-0.41195513595610916,3.845355854042001,3598.3412850303366
Earl Timberlake,-2.582299939831299,-2.4422897589791246,-0.1400101808521742,-1.9100097714402804,-0.14134586051953457,-0.39093412701930924,0.04754489609206525,-0.1021067526551512,-0.08544832428908826,0.0,-0.7198350644830832,3.7981498018866797,4553.995826623161
Malevy Leons,-2.5827675515028266,-2.2580974075008324,-0.32467014400199407,-1.823245165224018,-0.2022128080908358,-0.2326394341859786,-0.30316076107308687,0.06680528486668966,-0.08831466779559685,0.0,-0.45636162520572154,3.937359661648402,2543.266552319157
Jaelen House,-2.582992954856067,-2.2312936555141496,-0.3516992993419173,-1.67024546554907,-0.11407739592969267,-0.4469707940353871,-0.33783449243621344,0.08304950153557056,-0.09691430844127442,0.0,-0.5749129968707837,3.945338045489596,2472.1159713074812
Dante Censori-Hercules,-2.5835230908987636,-2.290043287899009,-0.29347980299975485,-1.8563601204829294,-0.04638588240620742,-0.38729728500987215,-0.18795153450961677,-0.009757082559457841,-0.09577118593068025,0.0,-0.5392114359062177,3.9987501561139505,2114.289747532136
Josh Smith,-2.58360137902133,-2.235405271987104,-0.34819610703422604,-1.6621201655822604,-0.2801737989097054,-0.29311130749513814,-0.14432259392372665,-0.10205222060788363,-0.10182129250261575,0.0,-0.7771586195153429,3.9450738894688304,2461.6119344576573
Justin Bailey,-2.5836533976254716,-2.3044846239226615,-0.27916877370280996,-1.7468021352099208,-0.1303197660596886,-0.4273627226530522,-0.4113801626283625,0.2072104048221012,-0.07499901589654864,0.0,-0.4254710997871882,3.7906595604515787,4725.194242114867
Adam Hamilton,-2.584861559895744,-2.2633347616022483,-0.32152679829349573,-1.9555435268717563,-0.11369606590026476,-0.19409516883022737,-0.19038594813930132,-0.03535758763659723,-0.09578326251759717,0.0,-0.43893208488468655,3.9576998504955925,2374.8328636220394
Quimari Peterson,-2.585227578097318,-1.9806700482206594,-0.6045575298766586,-1.9070505120089971,-0.014091352528626117,-0.05952818368303625,-0.5411103136469084,0.022754622013117592,-0.08620183824286781,0.0,-0.1370667524414126,3.7498002987630312,6195.868379444963
Ayinde Hikim,-2.5857231696234346,-2.312924599139663,-0.27279857048377176,-1.9591701683545248,-0.1741542071995607,-0.17960022358557748,-0.1617643943147185,-0.009011071416864164,-0.10202310475218908,0.0,-0.4647886069541914,3.9579075788462914,2386.222461343993
Vonterius Woolbright,-2.5864178632264236,-2.258658255132064,-0.3277596080943597,-1.731960069583886,-0.04446316644773343,-0.4822350191004444,-0.07274756162462814,-0.16332394846866677,-0.09168809800106481,0.0,-0.7817102320179095,3.9399963676987233,2505.6793384207076
Chase Lowe,-2.5864820958180963,-2.2124058317993978,-0.3740762640186987,-1.6568397102142447,-0.16548517909871951,-0.3900809424864337,-0.20260908133047,-0.0949231294763666,-0.0765440532118621,0.0,-0.727033304273382,3.792344130023543,4664.404366824949
Ty Robinson,-2.586848441343981,-2.1287603461731046,-0.4580880951708764,-1.8287614437868487,-0.10966300568356091,-0.1903358967026949,-0.5890841287029459,0.20039997608213841,-0.06940394255006892,0.0,-0.1690028688541863,3.918488324561198,2701.443217138033
Bishop Boswell,-2.5869939856960573,-2.0819904816363564,-0.5050035040597008,-1.9227135885002722,-0.15370980445289947,-0.005567088683185006,-0.28056665881453835,-0.16085082324310263,-0.06358602200205987,0.0,-0.383713738381247,3.9066617960199275,2814.7039228086096
Tre Holloman,-2.5884384408847865,-2.200606992743636,-0.38783144814115056,-1.7258785690991685,-0.08603415645354935,-0.38869426719091776,-0.32835160308048533,0.02336211332370408,-0.0828419583843693,0.0,-0.5342082687051323,3.782879588388436,4965.550437961843
Justin Taylor,-2.588541911222083,-2.4545544794105125,-0.13398743181157033,-1.8859956218648701,-0.13515367671555728,-0.43340518083008533,-0.08662730082820508,0.06498056652719297,-0.11234069751055822,0.0,-0.6159189885290078,3.998997900328826,2100.818798334315
John Poulakidas,-2.5889708375790264,-1.9105762343934007,-0.6783946031856258,-1.7091602501900693,0.04945896399239494,-0.2508749481957265,-0.4394653816782778,-0.15363368433147814,-0.08529553717586986,0.0,-0.44034520571067953,3.8493903174292208,3543.900104222811
Jacob Hutson,-2.5890209523551637,-2.4032466801559464,-0.18577427219921716,-1.8721406519746178,-0.22437594087323404,-0.3067300873080945,-0.047902222182253595,-0.05360274456280563,-0.08426930545415794,0.0,-0.668978078198292,3.943680904776289,2477.9788010879665
Chris Mañon,-2.5898906945303413,-2.082148080833673,-0.5077426136966683,-1.737511519797879,-0.14131167950992626,-0.20332488152586806,-0.5933554319046723,0.1823589044582221,-0.09674608625021805,0.0,-0.2590237428277903,3.9289485058765017,2597.886913397239
Jamar Brown,-2.5903369578364615,-2.0949912377476894,-0.4953457200887722,-1.970882131883075,-0.12582459699936777,0.0017154911347532775,-0.529271076394086,0.1133788823035233,-0.07945352599820953,0.0,-0.09018374955930071,3.7917444781671605,4704.940633076407
Evan Otten,-2.5903827887303086,-2.0205822939306506,-0.5698004947996579,-2.030036789727735,-0.13334532292551604,0.1427998187226004,-0.2969304738393762,-0.174229929032519,-0.09864009192776264,0.0,-0.2634155251631973,3.9441315998698063,2454.3657303088885
Devin Vanterpool,-2.5903833197581863,-1.9210135176358838,-0.6693698021223025,-2.019099403843494,-0.07359852951134324,0.17168441571895343,-0.6727294644010386,0.08158891405501248,-0.07822925177627632,0.0,0.10144554848634635,3.9158804098552786,2730.7086020849138
AJ Clayton,-2.590768081408012,-2.0744724745995633,-0.5162956068084487,-1.7345637378049834,-0.04643730138349575,-0.29347143541108434,-0.3836746161553823,-0.046080061326235815,-0.08654092932683052,0.0,-0.47252972744764643,3.8672297531842816,3254.4501157320547
Stephen Byard,-2.5913265656117037,-2.2533605505170433,-0.3379660150946602,-1.7909570184725034,-0.02802001291708639,-0.4343835191274535,-0.07872448102803092,-0.13185067801376218,-0.12739085605286707,0.0,-0.7216450661111691,3.940110125909715,2513.9309850936215
Colin Smith,-2.592426120496935,-2.1598125209765366,-0.4326135995203986,-1.7301641743758855,-0.08633428564708345,-0.3433140609535678,-0.29373362528008634,-0.05820587650567523,-0.08067409773463703,0.0,-0.5685283208409635,3.818721308021837,4081.5880732472906
Tristan Enaruna,-2.5927001512834646,-2.2399804900957347,-0.3527196611877297,-1.785116288499296,-0.16257482000551512,-0.292289381590924,-0.2940873436563287,0.039095629278195265,-0.09772794680959623,0.0,-0.5134965191278401,3.960932526012496,2350.750717085998
Kebba Njie,-2.594768691600519,-2.5542845821008857,-0.04048410949963305,-1.9777449808757708,-0.29027805133242,-0.2862615498926948,0.24517604105949498,-0.20928340406442064,-0.07637674649470738,0.0,-0.8621997517842428,3.890308912161094,2970.3254143027107
Jaden Cooper,-2.594833081703345,-2.715257948599257,0.12042486689591228,-1.8792087391710863,-0.4154815256819886,-0.42056768374618225,0.14564434931502312,0.053278531008118024,-0.07849801342722887,0.0,-0.8612686918472816,3.87400932698605,3167.654170433994
Darius Hannah,-2.5948520426805763,-2.254219626080875,-0.34063241659970117,-1.6198943584045178,-0.16986360942631787,-0.46446165825003943,-0.2852446875982676,0.04540443912377633,-0.1007921681252099,0.0,-0.6897129966777908,3.8618189349571264,3359.951659410404
Marcus Boykin,-2.594907292718773,-2.361639019989247,-0.23326827272952588,-1.5690686166674432,-0.1790598644379007,-0.6135105388839031,-0.17126335557264133,0.03210720101999913,-0.0941121181768837,0.0,-0.8545753204786883,3.9948455632206454,2129.886203233619
Braden Sparks,-2.5950101794417546,-2.2530282131647166,-0.341981966277038,-1.8305158758922995,-0.0814281299752028,-0.341084207297214,-0.1790726746266102,-0.06320985026941137,-0.09969944138101643,0.0,-0.5854216289228446,3.7813061836817066,4993.060518616384
Mike Sharavjamts,-2.5952190755734814,-2.2032873407171576,-0.391931734856324,-1.7665749238942117,-0.1260302189840708,-0.3106821978388753,-0.22651611048770504,-0.08584452347126359,-0.07957110089735535,0.0,-0.6021280411915649,3.7627251733701317,5647.359105757569
Dra Gibbs-Lawhorn,-2.5954544845411487,-2.065575141318441,-0.5298793432227078,-1.8686722856023175,-0.041777600321232844,-0.1551252553948907,-0.40814095041387194,-0.03113161450031797,-0.09060677830851782,0.0,-0.31864124852495934,3.781922227236044,4994.909850526982
Ben Defty,-2.595509628270226,-2.721065481472268,0.12555585320204238,-1.828340351955869,-0.4756416207502956,-0.41708350876610345,0.2580886227487351,-0.0660541307834611,-0.06647863876323162,0.0,-1.0252578990630918,3.8625736294315334,3354.076989832095
Learic Davis,-2.596333340297921,-2.0952779669418478,-0.501055373356073,-1.762184100233649,-0.17382660879349332,-0.1592672579147052,-0.38282014532413317,-0.02794695034518009,-0.09028827768675975,0.0,-0.4513290947401383,3.961514084478197,2345.348204751069
Cameron Faas,-2.5966964746865178,-2.428542202353235,-0.16815427233328284,-1.8925838349397204,-0.22470982029043068,-0.3112485471230835,0.08365006497191663,-0.15909255853294804,-0.09271177877225144,0.0,-0.7877627047187137,3.7988820328668265,4512.097838006326
John Awoke,-2.5973142756746928,-2.138355437587884,-0.45895883808680904,-1.8709067631302156,-0.2385167491627587,-0.0289319252949094,-0.18580074612730968,-0.18257671682547316,-0.09058137513402623,0.0,-0.5406067664171674,3.99068359061696,2157.182792899468
D'Aundre Samuels,-2.5974265286184064,-2.504227327665515,-0.0931992009528915,-1.9247910235724106,-0.1141675699193355,-0.4652687341737689,-0.02814032083420759,0.037267553995359526,-0.10232643411404344,0.0,-0.6444951842117883,3.8835101041053237,3069.4465029402477
Luka Bogavac,-2.597487985251547,-2.3754627247762876,-0.2220252604752596,-1.9814692205292872,-0.03287717295666204,-0.3611163312903384,0.01915485368468084,-0.17907872475474335,-0.06210138940519709,0.0,-0.6351736184069409,3.9519881843787505,2422.942500582896
Barry Evans,-2.5975636665997817,-2.0201296526787877,-0.5774340139209937,-1.8847084127196094,0.004482336964620387,-0.1399035769237985,-0.5310145388768297,0.03835805377844924,-0.08477752882261323,0.0,-0.18184071500334212,3.7525541490220187,6082.55100188787
Joseph Girard III,-2.5981346751379855,-2.179681984220944,-0.41845269091704174,-1.7406487610600965,-0.05294783574715617,-0.3860853874136913,-0.19118182712106813,-0.12566069138092556,-0.10161017241504808,0.0,-0.6663040869568212,3.9091891138542443,2789.5113631850545
Andy Johnson,-2.5985153265400878,-2.513735792895354,-0.0847795336447337,-1.8942847981991389,-0.13212462706616931,-0.48732636763004594,0.03887030617152498,-0.03380379628013778,-0.0898460435361209,0.0,-0.7431008345124739,3.9079516058045782,2795.438285292791
Christian Henry,-2.5986809189712097,-2.3097108770462635,-0.28897004192494613,-1.7559276116938716,-0.1285836820092543,-0.42519958334313784,-0.273352565322226,0.07762642732065775,-0.09324390392337789,0.0,-0.5694007419551124,3.7942355274824378,4638.454280222817
Enoch Boakye,-2.598743716145498,-2.409630634592502,-0.1891130815529958,-1.8279063260316417,-0.28889022587797947,-0.29283408268288114,0.1017018681262748,-0.20689263690638895,-0.08392231277288165,0.0,-0.8725392582401311,3.9595835570173916,2346.0778520622653
Jaden Jackson,-2.598951635675735,-2.3374505730704156,-0.2615010626053194,-1.7986349748543893,-0.06227470021629586,-0.47654089799973054,-0.09055429513338564,-0.10563356817121783,-0.06531319930071594,0.0,-0.7097623656879601,3.8194126423484467,4050.1233819887675
Braeden Smith,-2.5992965061974083,-2.272966145001507,-0.32633036119590136,-1.6332588961217493,-0.03261160590305329,-0.6070956429767044,-0.33138514715575085,0.08381027990900639,-0.0787554939491569,0.0,-0.6346524629199083,3.8279934719855655,3900.065919240278
Aaron Hunkin-Claytor,-2.5994540059932842,-2.3954513293750157,-0.20400267661826854,-1.8136564167812497,-0.17811622423877424,-0.4036786883549917,-0.02321807631764561,-0.09519542497356584,-0.08558917532705711,0.0,-0.7625795128943889,3.957956568988086,2375.0213161820984
Terrence Shannon Jr.,-2.599674472078826,-2.105758349059342,-0.49391612301948395,-1.7086149420744607,-0.033022089679519556,-0.3641213173053617,-0.3631401288598366,-0.044966151923714365,-0.085809842235933,0.0,-0.5279194011445286,3.9526638001014365,2419.2208415956584
Leon Bond III,-2.6006422315025066,-2.244702547731789,-0.3559396837707174,-1.6648913744875047,-0.11066924814740023,-0.46914192509688424,-0.3285846961415089,0.04613677181290349,-0.07349175944211195,0.0,-0.607166160873493,3.791683641527857,4702.1581639080705
Okechukwu Okeke,-2.6013161199759227,-2.11086948624283,-0.4904466337330927,-2.005768362914454,-0.21559784340232666,0.11049672007395017,-0.08581896458004235,-0.2788550520742202,-0.12577261707883017,0.0,-0.5097287924814268,3.8788259195826487,3122.156178895074
Rob Martin,-2.6017140589151175,-1.9855664974108775,-0.6161475615042399,-1.7018367827668779,0.10395470847318644,-0.3876844231171861,-0.6563502646619717,0.14381551339805265,-0.10361281024032083,0.0,-0.24352701148626782,3.7605437698330055,5753.373987009902
Nelson,-2.6023186820628252,-2.0641816034801805,-0.5381370785826448,-1.7444098988264372,-0.22058363918633755,-0.0991880654674056,-0.12868495378025252,-0.3143934263090622,-0.09505869849333011,0.0,-0.7292238294561355,3.8080247246143615,4304.315548277486
Tylen Riley,-2.6024127845357974,-2.258729188439461,-0.34368359609633636,-1.7188525756008004,-0.16575717473670373,-0.3741194381019571,-0.13810913873941216,-0.10003342132031144,-0.10554103603661277,0.0,-0.7454510701955851,3.8097238602745853,4303.16244437913
K.J. Doucet,-2.602909979738681,-2.3659916981360882,-0.23691828160259298,-1.6777634889306559,-0.2340965009784544,-0.4541317082269781,-0.10674933317947033,-0.045721305797786514,-0.08444764262533615,0.0,-0.8183971576285552,3.941869464304677,2499.2456597041178
Rick Issanza,-2.6029126960229894,-2.7554729213648406,0.15256022534185124,-1.9626718405573946,-0.2787632472437498,-0.5140378335636964,0.3887120685207657,-0.13335230745836246,-0.10279953572055198,0.0,-1.0289529239863606,3.936095640855677,2535.3704328190597
DJ Horne,-2.6031266281540404,-2.24880704477307,-0.3543195833809705,-1.9971273951025943,0.04851119941648144,-0.3001908490869569,-0.36878588968975984,0.09035848686787182,-0.07589218055908246,0.0,-0.23721334336168615,3.9028819340918908,2851.934700176582
Isaac Celiscar,-2.6044343666031486,-2.029992170518306,-0.5744421960848425,-1.5820885255312527,-0.02967437418879751,-0.41822927079825595,-0.4025766923132876,-0.07270505910517604,-0.09916044466637891,0.0,-0.6197691487586083,3.8204536939031395,4059.649042253167
Don McHenry,-2.6047648250943234,-2.024701774105605,-0.5800630509887186,-1.6300713435042624,0.17763788819277349,-0.5722683187941158,-0.3378588323417452,-0.13716180112097764,-0.10504241752599575,0.0,-0.6368346492483157,3.754516864457675,5979.0531616952285
Tommy Kamarad,-2.6048281855503954,-2.3280448530870594,-0.2767833324633358,-1.9628471993928414,-0.07045869283875102,-0.2947389608554671,-0.3684155586866127,0.17232715519554279,-0.0806949289722659,0.0,-0.2735654274709412,3.914900958646331,2718.4240047309795
Tyler McGhie,-2.605767455735868,-2.061382521007941,-0.5443849347279269,-1.7970664483261625,0.18931190455598662,-0.4536279772377651,-0.4946635957920195,0.04390379036970811,-0.09362512930561546,0.0,-0.31403741161768584,3.9227709611498858,2649.967221779728
Montavious Myrick,-2.6057743815567687,-2.0420991652535956,-0.5636752163031731,-1.8266354404786784,-0.014487286112561365,-0.20097643866235598,-0.5714331225697876,0.10081034767640934,-0.09305244140979477,0.0,-0.20770581850830278,3.8178250501789495,4093.665858618806
Brock Harding,-2.605880882848075,-2.3518619222759076,-0.2540189605721676,-1.7000098767302583,-0.13811103877232514,-0.5137410067733241,-0.45387400117494925,0.2858079903873282,-0.08595294978454655,0.0,-0.4519970049428676,3.7687915938864314,5453.338506701262
Tomislav Buljan,-2.6064216564843767,-2.214530026666246,-0.39189162981813086,-1.8036772051305021,-0.19588004834895478,-0.21497277318678923,-0.4431888841825566,0.12947615626071957,-0.07817890189629381,0.0,-0.3595555671713182,3.900161888349467,2864.0328002956257
KJ Tenner,-2.606521785383049,-2.4168806400313665,-0.18964114535168275,-1.9415702166870292,0.015788772200060586,-0.4910991955443975,-0.18631914946402056,0.0857319108794942,-0.08905390676715637,0.0,-0.4786324192319991,3.9580723601331376,2351.876335029009
Cam Cole,-2.607169099450525,-2.421568014256062,-0.18560108519446294,-1.7098993523156882,-0.16060832457996668,-0.5510603373604068,-0.2838478254863619,0.1844200436977296,-0.08617330340583067,0.0,-0.6134219216484745,3.9456747449364715,2464.425502240777
Paul Mulcahy,-2.60806634071786,-2.3198121965456093,-0.28825414417225065,-1.7886758382400076,-0.1338434114069389,-0.3972929468986627,-0.24718295425624898,0.0620835502855403,-0.10315474020154197,0.0,-0.5722075482216032,3.9971466658140797,2131.398759045933
Jalen Leach,-2.6085812763611256,-2.059381660460447,-0.5491996159006786,-1.8107146741181697,-0.010495747731899124,-0.23817123861037787,-0.4624090751373875,0.010255289653704189,-0.09704583041699531,0.0,-0.33545752710556814,3.878694382576033,3121.9850633627484
Isaiah Kerr,-2.609108277958808,-2.2395497134148328,-0.369558564543975,-1.9187921193643638,0.05612967138484365,-0.3768872654353127,-0.26508232006576143,-0.021866719879146942,-0.08260952459906663,0.0,-0.42523383852868263,4.008185264442449,2053.983653536907
Harlan Obioha,-2.61049723984491,-2.56508384077789,-0.04541339906701976,-1.8704663289112058,-0.4399717045580951,-0.2546458073085894,0.032102105979261775,-0.00436815380000409,-0.07314735124627744,0.0,-0.772133016912966,3.806013538659309,4338.208560715858
Jakevion Buckley,-2.6109800293354946,-2.194014032939254,-0.4169659963962402,-1.7336507600117976,-0.18148813462139599,-0.27887513830606037,-0.47587125981300343,0.13587533369732044,-0.07697007028055725,0.0,-0.4014580095106932,3.746080607334892,6365.639086105245
Ari Fulton,-2.611154733220971,-2.4023677743342837,-0.20878695888668736,-1.873417645047855,-0.27314521934930447,-0.2558049099371241,0.12305279805020297,-0.22912775674199012,-0.10271200019490019,0.0,-0.860789886223319,3.8066950650861067,4320.553621060645
Dekedran Thorn,-2.611310396120257,-2.343101551049996,-0.268208845070261,-1.9044376638120184,-0.08263974994063479,-0.3560241372973429,-0.17503393885927487,0.026054778762199582,-0.1192296849731857,0.0,-0.5318387934489638,3.877916543086157,3116.2322794748143
Josh Omojafo,-2.6113885110873354,-2.389081191388838,-0.2223073196984971,-1.9494555218472998,-0.2395785976278476,-0.2000470719136907,-0.15693587474641385,0.018996625906440523,-0.08436807085852377,0.0,-0.5049971144936216,3.7892030051551053,4769.612388820539
Conrad Martinez,-2.611412483735725,-2.2540712084264443,-0.35734127530928084,-1.48985176326046,-0.029963109419254536,-0.7342563357467298,-0.451486800913077,0.19835170197393967,-0.10420617637014354,0.0,-0.6700739195621881,3.90516798141748,2815.611569272688
Isaac Abidde,-2.611442296542903,-2.3294520944084085,-0.2819902021344943,-1.781126948446784,-0.17598073106159887,-0.37234441490002584,-0.17426444721109308,0.0021079012474903708,-0.10983365617089161,0.0,-0.6560509008850259,3.861142314435915,3351.2212011043666
Tytan Anderson,-2.611631978234115,-2.2237830256199302,-0.38784895261418506,-1.6629750476677772,-0.14937781856306068,-0.41143015938909216,-0.31872520139975685,0.03419437219111948,-0.10331812340554772,0.0,-0.629931729166581,3.832713455892936,3794.186961054502
Guzman Vasilic,-2.6120071874478827,-2.5207571572301113,-0.09125003021777127,-1.8219472107431294,-0.1916041675518806,-0.507205778935101,0.03688837596331218,-0.02507764669429599,-0.10306075948678746,0.0,-0.8269483526680651,3.858121885853702,3397.0526143302404
Javion Guy-King,-2.6122055716354846,-2.3809719370151625,-0.2312336346203222,-1.807305837489548,-0.10191255906313462,-0.4717535404624796,-0.20696549416036525,0.0797497491385061,-0.10401788959846306,0.0,-0.5979342399855712,3.9367873273934335,2532.598006859609
Yame Butler,-2.612550033114154,-2.0283843821539267,-0.5841656509602271,-1.8000227613352773,-0.03907667366607431,-0.1892849471525751,-0.33997518715572395,-0.13700609645849576,-0.10718436734600745,0.0,-0.4725520846231526,3.8412934540690866,3658.6650729176467
Rokas Jocius,-2.612625466391428,-2.583007103483815,-0.029618362907613188,-2.001032537208699,-0.2792309027287075,-0.30274366354640897,0.2571042595632952,-0.18975014855549457,-0.0969724739154138,0.0,-0.8686971887460249,3.9162299444038333,2718.6291911581247
Zach Cleveland,-2.613007335623349,-2.1920840216091246,-0.4209233140142246,-1.5834670172657936,-0.08854946389156995,-0.5200675404517607,-0.1274488370544088,-0.21190873956508377,-0.08156573739473204,0.0,-0.9020914813031464,3.744105349053641,6469.712868138413
Josh Odunowo,-2.6135941939914185,-2.104048400469118,-0.5095457935223003,-1.6816188793695095,-0.08079833308719013,-0.3416311880124184,-0.3790355898500771,-0.03450218402484743,-0.09600801964737579,0.0,-0.5529397247718317,3.7913516113189627,4707.525698848236
Ryan Pettit,-2.614285225194045,-2.493510490469254,-0.12077473472479071,-1.8705260056657116,-0.12345244981363682,-0.49953203498990595,-0.07811955610673288,0.038078046906112384,-0.08073322552417021,0.0,-0.6656396634216005,3.8316741706952344,3797.598190368941
Drew Pember,-2.6144991792291608,-2.3804489498790047,-0.23405022935015612,-1.8378594889383437,-0.17632673677069166,-0.3662627241699693,-0.1091497920831978,-0.03394380727679575,-0.09095662999016257,0.0,-0.6674898982076194,3.93115398146324,2592.443659292852
Valentino Pinedo,-2.6157767831610093,-2.24917347035505,-0.3666033128059595,-1.8038458777266064,-0.07324512057663271,-0.3720824720518108,-0.25345903057827157,-0.02488988086892862,-0.08825440135875927,0.0,-0.5584718748561314,3.8108321348479515,4230.400741159752
Michael Moreno,-2.6160397357548058,-2.1318985362394,-0.48414119951540574,-1.795081751897124,-0.04765668425416833,-0.28916010008810783,-0.4004573757202361,0.015813138395586804,-0.09949696219075643,0.0,-0.4205006081374458,3.973316261197312,2274.179159116664
Tamario Adley,-2.6161657239019056,-2.005976126428961,-0.6101895974729444,-1.7650829226543516,-0.0294351808281903,-0.21145802294641924,-0.6887752941964576,0.19070698177076437,-0.11212128504725132,0.0,-0.16230750705109648,3.92333173550183,2654.916539779487
Kenan Blackshear,-2.6162625337553886,-2.3812928646978846,-0.2349696690575041,-1.792032388683683,-0.13206137372191296,-0.45719910229228844,-0.19720545771916337,0.04930213484517737,-0.08706634618351809,0.0,-0.6270246873525421,3.9558438018765822,2394.2234768212775
Tylor Perry,-2.6163384135111016,-2.5109958012271103,-0.10534261228399129,-1.754471721646005,-0.24371061867424187,-0.5128134609068634,0.0914104535973379,-0.10140437119924492,-0.09534869468208428,0.0,-0.9532771454624345,3.9132690046671055,2745.1563261093606
Cli'Ron Hornbeak,-2.61728176784017,-2.396285926086988,-0.22099584175318154,-1.8938088298966302,-0.22496920070213097,-0.27750789548822696,-0.10917127465054016,-0.018204581061346335,-0.09361998604129504,0.0,-0.6143016632929994,3.9676724786188022,2298.194963688912
Owen Freeman,-2.6175723959242436,-2.205302517610398,-0.41226987831384565,-1.9914302201932501,-0.12918249109720228,-0.08468980631994577,-0.2768266770264493,-0.00806683983307975,-0.12737636145431655,0.0,-0.34931549870454437,3.904225475651698,2830.9978575430005
Max Burchill,-2.6176490229001272,-2.3492993331623455,-0.2683496897377816,-1.7864925655792694,-0.17612195970051123,-0.3866848078825649,-0.08725178393474287,-0.07410774470222395,-0.10699016110081479,0.0,-0.7439046733861149,3.9093289180043116,2768.077041831556
DJ Richards Jr.,-2.6179604720045178,-2.275129429039829,-0.3428310429646886,-1.7350069904902246,-0.0701448463444472,-0.4699775922051575,-0.3742541076473723,0.12249287232157804,-0.0910698076388943,0.0,-0.508699373866921,3.7750739549007624,5228.156019023814
Zach Freemantle,-2.61848306652581,-2.4814324866078685,-0.13705057991794134,-1.8086877776690482,-0.11143090390303374,-0.5613138050357864,-0.11990383337568083,0.07312361018866073,-0.09027035673092122,0.0,-0.6898914554810807,3.923060725024067,2650.8812376449737
Braeden Carrington,-2.6185300555371396,-2.007191961551783,-0.6113380939853567,-1.7496302998919235,-0.0813455697443082,-0.17621609191555104,-0.26777651727042034,-0.23857919985050707,-0.10498237686442927,0.0,-0.6011232383747956,3.810601189832554,4239.14615827281
Jason Rivera-Torres,-2.6187494226288606,-2.2475683477794117,-0.37118107484944896,-1.978923708254667,-0.015503922501900996,-0.25314071702284413,-0.496862745626859,0.18500504798977455,-0.0593233772123645,0.0,-0.1429629687473351,3.7962050361712363,4586.351243414619
Marvin McGhee IV,-2.618881934194688,-2.2600302985731036,-0.35885163562158434,-1.6472432034100346,-0.08722113888543502,-0.5255659562776339,-0.26537846401761855,0.0012469456225583098,-0.09472011722652414,0.0,-0.7062602667670348,3.9120648181699735,2733.603832788909
Rowan Brumbaugh,-2.6190214864488075,-2.0779716965119013,-0.541049789936906,-1.6963455916271144,-0.06369648899627611,-0.31792961588851065,-0.42109295146544146,-0.027857771536576148,-0.09209906693488842,0.0,-0.5015829433562513,3.741486439947929,6622.940137015925
Donovan Draper,-2.6190443409208064,-2.102838052240207,-0.5162062886805995,-1.760863129823027,-0.0766681658567594,-0.26530675656042074,-0.6096522958582578,0.20341116898102882,-0.10996516180337058,0.0,-0.24852891523952192,3.7717753510555956,5300.514253618146
Chris Youngblood,-2.6197185176118687,-2.2861240884401406,-0.3335944291717283,-1.7038859236945658,-0.1643092580997992,-0.4179289066457758,-0.20997592364929996,-0.04170629358046969,-0.08191221194195869,0.0,-0.7058566702680034,3.8215722510450787,4004.7276147085454
Kalen Garry,-2.6197587604571098,-2.132862199275108,-0.486896561182002,-1.7775102697498097,-0.000601608209562704,-0.35475032131573525,-0.4035814711904093,0.0105233609128981,-0.09383845090449075,0.0,-0.4386670195168906,3.7675304371960228,5465.5591285317
Tre-Vaughn Minott,-2.620322682099965,-2.149029203079883,-0.471293479020082,-2.1858225714982478,-0.12084255934531457,0.15763592776367918,-0.14878008990192526,-0.22892167617538936,-0.09359171294276734,0.0,-0.2857200206997921,3.818301960490378,4081.227762883311
Khalil Badru,-2.6203892053931384,-2.3822633966722924,-0.23812580872084577,-1.9227075525697297,-0.2571459416643884,-0.20240990243817408,0.009451031555473555,-0.12739770229912778,-0.12017913797719156,0.0,-0.7071326843788819,3.9700733971948394,2267.944054578251
Michael Duax,-2.6209278342123117,-2.458233878126903,-0.1626939560854086,-1.7598453338842006,-0.1116645195780064,-0.5867240246646962,-0.05774785359674428,-0.022666027137126635,-0.0822800753515377,0.0,-0.8033346467313669,3.782955566516329,4917.342961822889
Andrew Alia,-2.6211860869892636,-2.4839405475985745,-0.13724553939068923,-1.9150044996003375,-0.04450290551351313,-0.5244331424847241,0.024352782094920422,-0.0892853089382834,-0.07231301254732626,0.0,-0.7305343694838468,3.870744187348331,3216.093195730788
Nate Ament,-2.621461845266939,-2.390325605085067,-0.23113624018187218,-1.9032601309529067,-0.14673819564594476,-0.34032727848621563,-0.0733545205380366,-0.06299178135645682,-0.09478993828737875,0.0,-0.6448471937759959,3.885707914012328,3044.1927605017236
Tunde Vahlberg Fasasi,-2.6215904881052428,-2.166029310781136,-0.45556117732410695,-1.8171235688586382,0.001300224206518097,-0.35020596612901583,-0.29536644698301806,-0.07445167730196402,-0.08574305303912491,0.0,-0.5091004722635867,3.7826313045074667,4967.610964356098
Chase Hunter,-2.6216685164558533,-2.115877053718248,-0.5057914627376054,-1.7814120831370528,-0.07437009152207756,-0.26009487905911755,-0.453288434682852,0.03058853574755216,-0.08309156380230562,0.0,-0.38696799863594855,3.799037058642567,4516.46238849379
Brody Rowbury,-2.621765277870732,-2.291316223643585,-0.3304490542271471,-1.87554247561751,-0.2008466895179785,-0.2149270585080963,-0.07927330646657316,-0.17264878230783987,-0.07852696545273408,0.0,-0.6669494957866487,3.762868230667851,5635.116533717528
Anthony Arrington,-2.621857708731847,-2.189377130826304,-0.43248057790554306,-2.1080099533119316,-0.10893280562839099,0.027565628114018692,-0.449281457432016,0.09945893514963727,-0.08265805562316435,0.0,-0.06456629798789937,3.9338131690189906,2560.94274158255
Jalen Quinn,-2.622502481567562,-2.121773502709523,-0.5007289788580391,-1.6893024464274937,-0.04420881719987388,-0.38826223908215535,-0.3629387203710241,-0.031131281047150842,-0.10665897743986422,0.0,-0.5702613147690443,3.759988420722749,5752.281680912943
RJ Smith,-2.6226705023872885,-2.438432799316541,-0.1842377030707475,-1.75106268557748,-0.10038059627384852,-0.5869895174652128,-0.22101279620877634,0.11756773711042628,-0.08079264397239745,0.0,-0.6505950206010326,3.8216583854290507,3952.0885694044982
Cooper Campbell,-2.6227209030395278,-1.8118839974171315,-0.8108369056223962,-1.6957523389410842,0.14836747174152287,-0.26449913021757,-0.6972763238275269,0.010455913897057217,-0.12401649569192655,0.0,-0.22969224027091645,3.8029670473418116,4408.484601962626
Derrick Butler,-2.6228135005036144,-2.704635457016695,0.0818219565130805,-1.9789024150249708,-0.18248435392954404,-0.54324868806218,0.25011161006090366,-0.06316729107844637,-0.10512236246937678,0.0,-0.8940226955395473,3.90138719920094,2857.914168898158
Walyn Napper,-2.622852855245785,-2.271788515488554,-0.35106433975723084,-1.8885334969351437,-0.1198471972751152,-0.2634078212782951,-0.33355124064451114,0.079921368087221,-0.09743446719994073,0.0,-0.40076811766612996,3.9512525070917173,2425.8189624542338
Wilson Dubinsky,-2.6229251626563563,-2.080921265675329,-0.5420038969810277,-1.8075770444234267,0.015430235739174653,-0.28877445699107684,-0.684636853097634,0.19532131120701587,-0.05268835509040964,0.0,-0.13071126513529593,3.8341570343885585,3787.09560058468
Collin Metcalf,-2.623139923549955,-2.239439389464247,-0.3837005340857079,-2.0138736110945947,-0.26436992149151933,0.038804143121867196,-0.06651820851236856,-0.23039609447734236,-0.08678623109599705,0.0,-0.5427481039429916,3.929362302009076,2593.268943083035
Jaylen Curry,-2.623331454375257,-2.1309212867075957,-0.4924101676676609,-1.789414574487386,0.11398945141099126,-0.45549616363120105,-0.36074495085196034,-0.02770743210736068,-0.10395778470833983,0.0,-0.4731719290359103,3.781657769669192,4995.408678909824
Tanner Holden,-2.6234276703745008,-1.9998284044616792,-0.6235992659128214,-1.5493789632940929,-0.0964347945631525,-0.35401464660443394,-0.5175195649575086,-0.018979382534552745,-0.08710031842076003,0.0,-0.5565291421228992,3.9756377148185087,2250.417319640689
Antoine Lorick III,-2.62343823518476,-2.2402385237303344,-0.3831997114544255,-1.8176910200958178,-0.13368352317177004,-0.2888639804627463,-0.4590653035483318,0.17495295432151362,-0.09908736222760732,0.0,-0.34668191154061,3.927650437595909,2613.093871137532
Mustapha Amzil,-2.6234746259292465,-2.386037877061596,-0.23743674886765012,-1.8392705962650857,-0.0993301741502936,-0.44743710664621683,-0.17087993820879416,0.03535973343232801,-0.10191654409118397,0.0,-0.6133240914553665,3.8419593314961493,3639.79119757809
Keyontae Lewis,-2.62440387778447,-2.541553425423737,-0.082850452360733,-2.1060870236720612,-0.22831780710187016,-0.20714859464980567,-0.073634741222804,0.06770795666078361,-0.07692366779871261,0.0,-0.44468211288960485,3.8411295371695235,3635.570835029628
Chendall Weaver,-2.624784673161696,-1.8301313642479524,-0.7946533089137435,-1.5824724554304825,-0.07416132043051303,-0.17349758838695684,-0.7487571690066988,0.025617716635027488,-0.07151385654207235,0.0,-0.29355504872451477,3.7997412210377797,4483.854767124549
Donovan Gregory,-2.624834980106929,-2.323165373183952,-0.30166960692297684,-1.80527253210629,-0.043993385029401866,-0.4738994560482604,-0.192608638010214,-0.018388255123655377,-0.09067271378910746,0.0,-0.626953809990425,3.9667413894145005,2323.6552456977793
Branden Carlson,-2.6250878498568047,-2.3402239392258632,-0.2848639106309415,-1.847709875223442,-0.09414159960251602,-0.39837246439990515,0.06098940979972911,-0.2535027036162465,-0.09235061681442414,0.0,-0.8383673844330918,3.966871731344868,2317.3964510887336
Sahvir Wheeler,-2.625181817193652,-1.8936067222920645,-0.7315750949015876,-1.6985927642379632,0.04945863516746979,-0.244472593221571,-0.575776707059331,-0.06777699348019188,-0.08802139436206466,0.0,-0.3508123458963578,3.9846506391473038,2203.0732555888394
Elijah Jones,-2.625876954738015,-2.39411297685858,-0.2317639778794353,-1.7022048257247768,-0.11979840978246181,-0.5721097413513414,-0.15792725360049548,0.02140660020896526,-0.09524332448790511,0.0,-0.765744875412743,3.8561318627515377,3430.836683547629
TJ Williams,-2.6263446127824737,-1.7219947981647494,-0.9043498146177242,-1.7382816590740497,0.07857155060168103,-0.062284689692380824,-0.7492654516786859,-0.08670443046277139,-0.06837993247626692,0.0,-0.13879750202973812,3.96617957540951,2311.5369515689454
Anthony Isaac,-2.6268891550705336,-2.043746275147189,-0.5831428799233442,-1.924819581917105,-0.15542816280529198,0.03650146957520817,-0.4600591995243828,0.0038595275127622924,-0.1269432079117238,0.0,-0.24201037362904532,3.970150344403432,2269.8153628245714
DJ Armstrong Jr.,-2.6268910615807353,-2.536334406264376,-0.09055665531635945,-1.8771898215748644,-0.048025246786176506,-0.6111193379033351,-0.012937981762270234,-0.003298025107059871,-0.07432064844702935,0.0,-0.7367632582436008,3.8754356173825317,3158.5162318580265
Percy Daniels,-2.627683310171576,-2.414825134211541,-0.21285817596003503,-1.8785423323443244,-0.1041726704260319,-0.43211013144118476,-0.0853307386278071,-0.017576037662762466,-0.10995139966946546,0.0,-0.6638102391994446,3.95054790944473,2389.8612705823016
Jaylen Benard,-2.6287329626600267,-2.2059746131823434,-0.4227583494776831,-1.9815007046963846,-0.1661923882432211,-0.05828152024273786,-0.4601451935375859,0.09633454862602975,-0.05894770456612697,0.0,-0.1870870644260562,3.8751166291589274,3135.7436918073345
Seth Trimble,-2.628936685469042,-1.841787313582307,-0.7871493718867348,-1.724026115143027,0.07596094590293828,-0.1937221443422183,-0.7376939508106386,0.029150407285654836,-0.07860582836175106,0.0,-0.16721661951537625,3.772839421538398,5282.651657292559
Bernard Pelote,-2.6294714501708607,-2.179636880722747,-0.4498345694481138,-1.882114550753414,-0.018294276094071527,-0.2792280538752614,0.017016734677797185,-0.361367952979193,-0.10548335114671797,0.0,-0.7643736340952438,3.910931812516808,2768.786659255463
Jalen Haynes,-2.6299394415823416,-2.586537328424378,-0.04340211315796383,-1.6698465402411977,-0.3133457995022693,-0.6033449886809108,0.006521648175113803,0.046143247162314105,-0.09606700849539174,0.0,-0.9666145495162577,3.9642264337402175,2336.2543318481885
Isaiah Carr,-2.6308881390491834,-2.4899992457165006,-0.14088889333268306,-1.9081830086774338,-0.31527904635293963,-0.26653719068612675,0.16391948890028973,-0.20092621025213486,-0.10388217198083793,0.0,-0.8866246192720392,3.974661891080404,2258.8363202518003
Baye Ndongo,-2.6309561156735644,-2.404714199271625,-0.22624191640193897,-2.030571337920879,-0.35157467581124335,-0.022568185539503127,-0.03646406996026208,-0.12291031917783785,-0.06686752726383906,0.0,-0.5639207077924234,3.774986596961229,5200.496056132128
Makai Willis,-2.632274126256923,-2.3025861600813027,-0.32968796617562035,-1.8567306846053826,-0.22104209430096045,-0.22481338117495991,-0.12055567128967759,-0.10072810445506505,-0.10840419043087769,0.0,-0.6549877703618631,3.8353878085832602,3736.779589200539
Aidan Hadaway,-2.6332338087516196,-2.4358572936573593,-0.19737651509426024,-2.0027725387802344,-0.14876050660922616,-0.2843242482678987,-0.06559551720322887,-0.026894967229261046,-0.10488603066177032,0.0,-0.5648657527681562,3.780708838945794,5026.543442867027
Dyondre Dominguez,-2.6342435245098335,-2.1569034297875604,-0.477340094722273,-1.8280510705583384,-0.06246509238213402,-0.2663872668470881,-0.3067575266721684,-0.07404635468281669,-0.09653621336728796,0.0,-0.4994349272793267,3.9558784506042497,2389.3782398338144
Dusty Stromer,-2.6342618466363756,-2.1646586200332316,-0.4696032266031439,-1.9003924648784156,-0.08748600360473953,-0.17678015155007654,-0.2523902725437928,-0.11738674749675354,-0.09982620656259757,0.0,-0.48147910921416714,3.808660809447995,4281.305042441236
JaMonta' Black,-2.6345474846306534,-2.0465763992007964,-0.5879710854298571,-1.8216715189188322,0.07742168572587976,-0.3023265660078441,-0.5201737446527578,0.029700560098938997,-0.09749790087603831,0.0,-0.2927022210590636,3.9282686283698793,2605.585212611815
Quincy Guerrier,-2.635156273245606,-2.022158514734451,-0.6129977585111548,-1.922557655315487,-0.054153320414357733,-0.0454475390046063,-0.3641433654984857,-0.17438020780906902,-0.07447418520360005,0.0,-0.3484552524316331,3.9761774553638083,2253.1234389586625
Johan Munch,-2.635672844720516,-2.654819399792731,0.01914655507221491,-2.0785533772227276,-0.2782444830430578,-0.2980215395269459,0.16791655779150372,-0.03711111903758797,-0.11165888368170085,0.0,-0.7250360252892926,3.9990269842457224,2107.4099755282923
Randy Brady,-2.6359689342253803,-2.3203594108989254,-0.315609523326455,-1.7041785160363343,-0.06051334281503919,-0.5556675520475516,-0.1456616809497111,-0.0683413238693041,-0.10160651850743982,0.0,-0.7861287372393347,3.7992551580821763,4492.153570565766
Jacari White,-2.6362724234014494,-2.0018323763722945,-0.6344400470291549,-1.7318288074409074,-0.009603910459730275,-0.26039965847165664,-0.4688676107136969,-0.0797457426905421,-0.08582669362491585,0.0,-0.43557600524684487,3.7839252830142547,4927.4308643321165
Carey Booth,-2.6363981940566186,-2.222699623784714,-0.4136985702719045,-1.6224912339298163,-0.1206673297253067,-0.47954106012959086,-0.14976448245318064,-0.14445934931293752,-0.11947473850578635,0.0,-0.8641424776736215,3.8646685672225014,3308.4088131517938
Rylan Jones,-2.6364587072185897,-2.173568493224083,-0.46289021399450686,-1.6923360792637578,-0.13002507922106543,-0.3512073347392593,-0.7074859133326923,0.3411329591858997,-0.09653725984771427,0.0,-0.2366367146221393,3.8408845554108373,3672.4610897090424
David Castillo,-2.6373598478963776,-2.5410556524816155,-0.09630419541476222,-1.9031525688564903,-0.20950010205778485,-0.4284029815673405,-0.016823345273440538,0.038453782955368554,-0.11793463309669024,0.0,-0.717383933766447,3.8510679705656976,3490.384712128145
Francis Folefac,-2.637541459149973,-2.605861603534625,-0.031679855615347974,-1.8572226146680488,-0.11053661801722198,-0.6381023708493543,0.24872733374283817,-0.18896037574060778,-0.09144681361757837,0.0,-1.0290461782247624,3.9082513369954293,2789.145935942839
Hakim Hart,-2.637871082451941,-2.337889710842051,-0.2999813716098898,-1.8117163686223559,-0.1444192424654502,-0.38175409975424496,-0.17480209082024617,-0.03816054551550967,-0.08701873527413398,0.0,-0.6513526230093387,3.9944322869203917,2124.881329882921
Josiah-Jordan James,-2.6380660366596502,-2.578225978032725,-0.0598400586269254,-1.9655941619940782,-0.08281982281978739,-0.529811993218859,-0.06468231910693856,0.08112983840650137,-0.07628757792648821,0.0,-0.6077895555586332,3.981773174329616,2214.7132793539226
KJ Thomas,-2.638986944663365,-2.5760822667632377,-0.06290467790012703,-1.9755457477055582,-0.16555647185531214,-0.43498004720236727,-0.067507384873283,0.09993603505968315,-0.09533332808652718,0.0,-0.5959338120845235,3.880983718183332,3083.0977711789874
Rashund Washington Jr.,-2.6390394379765847,-2.225300759202585,-0.4137386787739997,-1.9093144367280492,-0.10861033017783774,-0.20737599229669795,-0.2756415217325815,-0.03658396125610581,-0.10151319578531245,0.0,-0.45408347951595396,3.9811122608982092,2218.798770510447
Caleb Embeya,-2.6400174135158077,-2.391502405697466,-0.24851500781834174,-2.0611356938705345,-0.11209346688946636,-0.21827324493746508,-0.03222204802474876,-0.11451953595665892,-0.10177342383693405,0.0,-0.5466596716205244,3.897111656676632,2914.0178037299675
Daylen Berry,-2.6402954992606307,-2.149683138134056,-0.4906123611265746,-1.8442273181231343,-0.07673142707665498,-0.2287243929342667,-0.36385861351712273,-0.040211835477298424,-0.08654191213215344,0.0,-0.43220956762037355,3.805692949388782,4350.532526018536
Justin Begg,-2.64184020366658,-2.436652832052739,-0.20518737161384043,-1.6580244580205177,-0.08998487153888957,-0.6886435024933322,-0.045923193256805606,-0.06626872562246613,-0.09299545273456869,0.0,-0.9378925523892565,3.961773710027347,2344.0797583459016
Brent Moss,-2.64208311490108,-2.277165909940575,-0.36491720496050506,-2.099501934661782,0.012316148853193931,-0.18998012413198734,-0.3372711805866063,0.08998719837461672,-0.11763322274851543,0.0,-0.20530999965269212,3.9511332356460063,2413.4951552746247
Le'Tre Darthard,-2.6420969152013556,-2.3612305485769083,-0.28086636662444747,-1.8896370655597494,-0.1565934811798583,-0.31500000183730054,-0.1407803639865764,-0.051625639595175174,-0.08846036304269589,0.0,-0.6116794856550299,3.9895956130692602,2165.5280363889588
Caelum Swanton-Rodger,-2.642346185079064,-2.760139618440712,0.11779343336164813,-2.0913944712666526,-0.5099356576776757,-0.1588094894963839,0.44793572298865403,-0.1908871864427545,-0.1392551031842514,0.0,-0.9988874368010654,3.8560183254949596,3424.4580098762253
Ven-Allen Lubin,-2.6434907184920022,-2.121326715031942,-0.5221640034600602,-1.7819202848957096,-0.09879241404705227,-0.24061401608918004,-0.28656337647933816,-0.14448723435404126,-0.09111339262668079,0.0,-0.5750070571169543,3.7672113170810775,5481.630889127176
Grant Newell,-2.6439858834823644,-2.191456034609166,-0.4525298488731987,-2.009633721183938,0.07711979782591699,-0.25894211125114475,-0.2213984473491069,-0.16760593950605895,-0.06352546201803282,0.0,-0.41295371494931954,3.773257996171746,5251.227603222627
Justin Rochelin,-2.643995141469684,-2.282690218708412,-0.361304922761272,-1.8235957602253423,-0.11960240468909093,-0.33949205379397857,-0.3664733103068705,0.07104090707644858,-0.06587251953085008,0.0,-0.45392607093747095,3.8123114082987395,4197.515280094878
Tavari Johnson,-2.6441125921229434,-2.053465159074558,-0.5906474330483854,-1.5105689523891215,-0.16259744016512945,-0.38029876652030714,-0.4331782839359033,-0.07099326554805349,-0.08647588356442855,0.0,-0.7003653557979187,3.754218024751358,6015.006904257453
Nils Machowski,-2.6444946373735805,-2.206528077862273,-0.43796655951130736,-1.721009442447943,0.019534106565977455,-0.5050527419803077,-0.31582278488507565,-0.04641799365736281,-0.0757257809688689,0.0,-0.6076624100405619,3.8075916274251234,4304.7970255607415
Madden Collins,-2.644812188429892,-2.341918580014509,-0.30289360841538293,-1.9304585396221456,0.03166944327683607,-0.44312948366919935,-0.36755625675033987,0.1583987486691475,-0.09373610033419055,0.0,-0.34679739205740634,3.9951522615353285,2120.1038502965944
Ronald Polite III,-2.645102252454996,-2.226690593513778,-0.4184116589412181,-1.770278215594094,-0.057461136687046915,-0.3989512412326373,-0.1588398126603222,-0.16055649605777927,-0.09901535022311662,0.0,-0.71598422420058,3.885541686749932,3037.830160589601
Tyler Ringgold,-2.645251354234216,-2.6036782481060077,-0.041573106128208304,-2.0327488410492167,-0.05494705041807238,-0.5159823566387186,0.10944746189702703,-0.05352402653529742,-0.09749654148993792,0.0,-0.7219499750820263,3.892280181836621,2976.282395924718
Rasheer Fleming,-2.6459094839308754,-2.1452292456881183,-0.5006802382427569,-1.7227872373307558,-0.18977647349306603,-0.2326655348642967,-0.4545449433793277,0.035006592641720374,-0.0811418875051495,0.0,-0.46857730322079183,3.8420703155403477,3650.855976072974
Isaac Traudt,-2.646193967473945,-2.4518741474999177,-0.19431981997402759,-1.83813442028378,-0.3052263189298745,-0.3085134082862636,0.10314205104481344,-0.22037120126534807,-0.07709066975349296,0.0,-0.9112015982349791,3.871172100118675,3211.2719143620966
Jerquarius Stanback,-2.646196708435821,-2.2187270489304023,-0.42746965950541854,-1.9432783834410687,-0.3596297442124716,0.08418107872313807,-0.4507788917538405,0.10689608043365176,-0.08358684818522984,0.0,-0.25213943324091165,3.9430832877584066,2483.833895890053
Rahmir Barno,-2.6465812103764716,-2.208671884720713,-0.43790932565575885,-1.7833081597203035,-0.05793039270836646,-0.367433332292043,-0.38528614304704834,0.04527662544123216,-0.09789980804994271,0.0,-0.47798690760912,3.7854792518075473,4880.651187198335
Jace Carter,-2.647074247869344,-1.9565433564250267,-0.6905308914443173,-1.952398068225294,0.05976642407996935,-0.06391171227970227,-0.38104141840620587,-0.19528563468093263,-0.11420383835717884,0.0,-0.3136347612378444,3.879107911827413,3092.335442859694
Maurice Odum,-2.647236541461459,-2.2379779283913774,-0.4092586130700818,-1.6723219761115335,0.08588748642675809,-0.6515434387066019,-0.39929563558672365,0.07171218840822371,-0.08167516589158183,0.0,-0.5756189297632021,3.731556005339814,7188.0682788934155
Addison Patterson,-2.6472967865991164,-2.250186513380951,-0.3971102732181653,-1.8709674555978837,-0.19209224343639655,-0.18712681434667078,-0.253555404518044,-0.060957040164591435,-0.08259782853552988,0.0,-0.5227739264831885,3.806990700361826,4319.014455606365
Shilo Jackson,-2.6480841403345603,-2.653930181152509,0.005846040817948442,-1.892466823995939,-0.38111469607715587,-0.38034866107941384,0.3328787579509165,-0.21808627712823467,-0.10894644000473337,0.0,-1.0884960742895378,3.8747551326766847,3168.215769450195
Nolan Hodge,-2.6481732211633515,-1.8661889174635706,-0.7819843036997809,-1.8718314272847845,0.03398241407647665,-0.028339904255262893,-0.6203872728116684,-0.054121065133961116,-0.10747596575415141,0.0,-0.15595452106689878,3.7727640920759202,5286.802688804253
Christian Fermin,-2.648538757282202,-2.6755530374068583,0.02701428012465605,-1.968456241361666,-0.31398576326064154,-0.39311103278455073,0.13810661265578883,-0.010172228499687408,-0.10092010403144537,0.0,-0.818189128576325,3.9785977368212393,2235.3379639025525
Jamari Sibley,-2.6489092558020375,-2.321868032921043,-0.32704122288099446,-1.9362029224955097,-0.06464509341250203,-0.3210200170130314,-0.1732437073207183,-0.048861309475046556,-0.10493620608522962,0.0,-0.5394626259858096,3.9807105341388955,2225.815320738557
Christian Reeves,-2.649111093484658,-2.4885833893264486,-0.1605277041582091,-1.927950463698122,-0.33247007391783256,-0.2281628517104945,0.029593206711491904,-0.105719459068676,-0.084401451801025,0.0,-0.7507538364980281,3.9747341849518794,2258.5273835512485
Tre Johnson,-2.6492429413434895,-2.2727177846038935,-0.37652515673959586,-1.7216027448663012,-0.033202582696480964,-0.5179124570411113,-0.3108348000975433,0.022596258792684967,-0.08828661543473756,0.0,-0.6168053963796449,4.000505818172965,2107.7561226890966
Mehki Ellison,-2.6492433060547427,-2.351944202842649,-0.2972991032120939,-1.7595685797442666,-0.03190550328245417,-0.5604701198159279,-0.24456380773709552,0.06990077389052263,-0.122636069365521,0.0,-0.6451109185733804,3.9131392770007105,2737.030502224099
Mike Woods,-2.6495191545944685,-2.3035032518904,-0.34601590270406846,-2.0326909132904167,-0.07237260370530293,-0.1984397348946806,-0.3384780364185581,0.07262477434726353,-0.08016264063277392,0.0,-0.27835020488549395,3.831847506253694,3812.8980126115553
Peter Filipovity,-2.649988136345238,-2.2356178506813436,-0.41437028566389467,-1.9149626215582112,-0.16283399629906703,-0.15782123282406496,-0.2917268581953676,-0.03187141453556432,-0.09077201293296278,0.0,-0.44329865659165907,3.8914308152605668,2962.810172465659
Jalen Breath,-2.650063770952983,-2.496377434789072,-0.15368633616391084,-2.0006112941375727,-0.13412810178899195,-0.36163803886250756,0.044665388315926924,-0.11640075976649017,-0.08195096471334759,0.0,-0.6941178651313373,3.8675239861387016,3265.780476048736
Isaac Harrell,-2.650105303598586,-1.9480039679514418,-0.7021013356471446,-1.7761384408845804,-0.033703267587110064,-0.13816225947975141,-0.39139370674313734,-0.1985311590566174,-0.11217646984738988,0.0,-0.48257315597086875,3.8138176777087924,4147.8108544770985
Ethan Copeland,-2.6505693263486574,-2.2643028533300624,-0.3862664730185949,-1.8098098201297241,-0.12191017076784164,-0.3325828624324965,-0.24769746239499096,-0.05034224565356269,-0.08822676497004121,0.0,-0.5930620438239421,3.8787501791349785,3112.342879517618
Faizon Fields,-2.6523325665183175,-2.485291665124128,-0.1670409013941897,-1.9160882965430386,-0.20403462556359178,-0.36516874301749735,-0.015256548486205057,-0.04619378961333674,-0.10559056329464792,0.0,-0.7209877214890738,3.8655407032268436,3275.8954512926543
Richie Saunders,-2.653657371740066,-1.690685238344527,-0.962972133395539,-1.652653298473292,-0.0060026742099300034,-0.03202926566130515,-0.8808530690136661,-0.0031954192993168262,-0.07892364508255617,0.0,-0.12015100425310815,3.7677290291717953,5476.606942026756
TJ Burch,-2.6536799460203113,-2.118912297001464,-0.5347676490188472,-1.8628314177705894,0.0810598868102681,-0.33714076604114296,-0.7158336632729133,0.2626049270586224,-0.08153891280455626,0.0,-0.07501486497680875,3.8875346040395975,3016.5857149638273
Andre Pasha,-2.653911018405511,-2.775680985299991,0.12176996689448008,-1.8082412151628435,-0.21215349364047495,-0.7552862764966726,0.2261672743230072,-0.01625174516279068,-0.08814556226573644,0.0,-1.0718370775656747,3.906795204461546,2802.4948696844845
Ben Schwieger,-2.6543553513206852,-2.156955431397554,-0.49739991992313093,-1.6841423021734896,-0.14705251638780345,-0.3257606128362611,-0.40252798519063415,-0.015689453116618512,-0.07918248161587829,0.0,-0.5676850639565614,3.7706634119428655,5348.058348718499
Jalen Rucker,-2.6546601810912818,-2.5555618193193124,-0.09909836177196946,-1.6467557135754638,-0.08404017685612537,-0.824765928887723,0.020110301627370597,-0.018699184743363385,-0.10050947865597666,0.0,-1.0280147691431885,3.8630403052153635,3323.505054237152
Maxime Raynaud,-2.6547291728294473,-2.305408363984925,-0.34932080884452194,-1.8072036996130163,-0.15124704651986676,-0.34695761785204204,-0.09834881409692398,-0.15928867823572196,-0.09168331651187599,0.0,-0.7491766591195068,3.820319597005912,4039.5480455868083
Jaeden Mustaf,-2.6548853947294724,-2.335954353857303,-0.3189310408721692,-1.7952203178642518,-0.0662521631639139,-0.4744818728291372,-0.21519168560377078,0.006428991450687052,-0.11016834671908547,0.0,-0.6444733912614494,3.840187197961999,3666.5329936053595
Kellan Boylan,-2.6549284778308544,-2.351133921617246,-0.30379455621360835,-1.8634691818144309,-0.10967398461035723,-0.3779907551924578,-0.23406943553567172,0.023047171672947647,-0.09277229235088427,0.0,-0.5573898604807516,3.9227041756178807,2647.7620146850113
C.J. Walker,-2.6550182749557454,-2.2470878257556106,-0.40793044920013477,-1.8958194110120545,-0.19507588650931842,-0.15619252823423763,-0.3423701452307045,0.018898320326930396,-0.08445862429636064,0.0,-0.4168287187129863,3.909226871502663,2795.9371902871612
Anthony Finkley,-2.655302052292683,-2.4756089879952423,-0.1796930642974407,-1.8975274273678397,-0.20770761979404784,-0.3703739408333547,-0.06331874969829421,-0.015858193162753345,-0.10051612143639314,0.0,-0.6944558752265491,3.823586004710087,3997.5374775862338
Amari McCottry,-2.655411298558374,-2.569372257480833,-0.08603904107754073,-1.7574217383486512,-0.21748270753721005,-0.5944678115949718,-0.031250178381942606,0.0114113913876083,-0.06620025408320643,0.0,-0.86673938182778,3.863501359050621,3301.713381961825
Cayden Charles,-2.656058417293612,-2.1924460998224555,-0.46361231747115617,-1.7405437298078643,-0.1055308822500324,-0.3463714877645585,-0.36274216204572285,0.009164485893307914,-0.11003464131874126,0.0,-0.5527725254400242,3.86157620436285,3345.436995287143
Benny Gealer,-2.656089105654371,-2.246285592347073,-0.40980351330729814,-1.812887784727553,0.030038537970333762,-0.46343634558985397,-0.3842973098135666,0.05106080712102906,-0.07656701061476065,0.0,-0.45890401111325174,3.7861093532751893,4872.343534476455
Braedan Lue,-2.6564739463189686,-2.1551282521338133,-0.5013456941851553,-1.8557410261015077,-0.08926234067056718,-0.2101248853617383,-0.5177348677383726,0.08344068651030936,-0.06705151295709201,0.0,-0.28299805247908816,3.7996827115274443,4513.950062259587
Kobe Elvis,-2.656644143008511,-2.4010418348492184,-0.25560230815929263,-1.7069439325108162,-0.02318357627976364,-0.6709143260586384,-0.14843349983235754,-0.007631429554745162,-0.09953737877218992,0.0,-0.8012667106653372,3.8609965736152305,3347.2033721291264
Bryce Heard,-2.657087588777263,-2.377160990902429,-0.2799265978748342,-1.5726657398129957,-0.16666492789799697,-0.6378303231914362,-0.043907809784294594,-0.11781711906682538,-0.1182016690237142,0.0,-1.0405140391799728,3.973084234001108,2268.022969114875
Joe Toussaint,-2.657167049359058,-2.0862347325387938,-0.5709323168202641,-1.736832521436141,-0.07703153274245962,-0.27237067836019324,-0.5411651031065395,0.05659540656560985,-0.08636262027933446,0.0,-0.37916942481637744,3.9804675739419655,2220.0276697253803
Luke Almodovar,-2.6574687654709375,-2.194551597880069,-0.4629171675908683,-1.7869708287412995,-0.07718166721813925,-0.33039910192063043,-0.32085020757367055,-0.04463700561153843,-0.09742995440565932,0.0,-0.5496477291559674,3.977796111148368,2226.630111761618
KyKy Tandy,-2.657692294187572,-2.4707699142971205,-0.18692237989045146,-1.994223837126958,-0.10446404027883634,-0.37208203689132646,-0.22356854674982873,0.131030017239334,-0.09438385037995674,0.0,-0.4398999103107855,3.9146227387378447,2734.927670596015
Justin Mullins,-2.657739707840687,-2.3746782768188432,-0.2830614310218437,-1.6398160560927462,-0.1987083020736794,-0.5361539186524177,-0.14699681183954205,-0.050433539048832264,-0.0856310801334694,0.0,-0.8709268399083988,3.8845642253811206,3033.5464734199422
Kaden Gumbs,-2.6579343193369254,-2.3777990194617873,-0.2801352998751379,-1.911997137338879,-0.1466276355330838,-0.3191742465898243,-0.3835142518472312,0.18181303668278218,-0.07843408471068887,0.0,-0.3624229301508148,3.779631883228906,5055.614477660635
Malek Gomma,-2.6583206667449204,-2.2691630067361745,-0.3891576600087457,-1.8787681337769133,-0.11638127683724445,-0.27401359612201653,-0.2216684529343212,-0.09883820073482835,-0.06865100633959616,0.0,-0.5578840800336855,3.8620456831550176,3316.207114569018
CJ Hines,-2.658489869668127,-2.0704904973416003,-0.5879993723265267,-1.87058144843072,0.14226167051664285,-0.34217071942752325,-0.5216436161001525,0.031469097545763255,-0.09782485377213739,0.0,-0.26626480513725453,3.888648707214037,2998.9503442267005
Harrison Carrington,-2.6584970716938616,-2.462580989351922,-0.19591608234193947,-1.7661007111442055,-0.27323774492953856,-0.42324253327817823,-0.25961107472504147,0.16478698967056962,-0.10109199728746764,0.0,-0.6327852858246149,3.9475343378842833,2467.160519619356
Tyren Moore,-2.658781506301244,-2.1288776359121684,-0.5299038703890756,-1.746011208004957,-0.05304153293253333,-0.32982489497467804,-0.5329644142462898,0.10969929502825027,-0.10663875117103604,0.0,-0.37980588404999716,3.7467005816604058,6345.448620980697
Gianni Cobb,-2.6596656504763057,-2.454928131787611,-0.20473751868869491,-1.8152006036254915,-0.17193491555764767,-0.4677926126044715,-0.17690569708310871,0.037107342620778055,-0.06493916422636425,0.0,-0.6675593497677054,3.870497134819712,3205.13810784579
Colby Duggan,-2.6600187196267338,-2.064187907733701,-0.5958308118930326,-1.8197052542275425,-0.04717309005396478,-0.19730956345219391,-0.5499782115976526,0.04752538516027999,-0.09337798545565992,0.0,-0.29033525380153863,3.843023779063684,3639.7052472222067
Daeshun Ruffin,-2.6600560338834494,-2.2161577569282045,-0.4438982769552447,-1.857326975549034,0.010629651840504628,-0.36946043321967514,-0.3411074032059404,0.022027335635443415,-0.12481820938474769,0.0,-0.4616216551284748,3.7880336794377087,4804.509202198023
De'Vion Lavergne,-2.6602583337755497,-2.2094327005745096,-0.45082563320104,-1.758017804287259,-0.013242628426498065,-0.43817226786075264,-0.5164337018327094,0.1504748598872262,-0.08486679125555678,0.0,-0.38580682765558133,3.902233235971841,2849.866460058215
Nakyel Shelton,-2.660831110239611,-2.2940130658289046,-0.36681804441070665,-1.9109855963866693,-0.00786391649952664,-0.37516355294270876,-0.2981067688567493,0.04976393091628978,-0.11847520647024712,0.0,-0.45173874499619276,3.8908584307235334,2972.4615925901016
Isaiah Johnson-Arigu,-2.6608999413461847,-2.437767805916577,-0.22313213542960764,-1.7333108736337364,-0.18011810811785428,-0.5243388241649863,-0.232321826952541,0.0943263422684309,-0.08513665074549755,0.0,-0.6952672407599074,3.9678770017230236,2301.905701658965
DeShawn Gory,-2.6614149642835323,-2.286305003906185,-0.37510996037734706,-1.684541308590564,0.01593676189935994,-0.617700457214981,-0.23341254893148727,-0.02345264543383685,-0.11824476601202295,0.0,-0.7434611067614809,3.900612350788237,2856.3915359913244
Tyeree Bryan,-2.6615214624989303,-2.305512780865183,-0.3560086816337471,-1.810199474955791,-0.16771313188172204,-0.32760017402767005,-0.11130037865071873,-0.14508853094729227,-0.09961977203573613,0.0,-0.7400216088924205,3.7825598533601665,4967.708961235925
Yvens Paul,-2.6633678916510024,-2.228103946216355,-0.43526394543464725,-2.014159038540698,-0.23844811031643412,0.02450320264077721,-0.34680977916087974,0.0026661588199613645,-0.09112032509372886,0.0,-0.3023990739494244,4.0056721864514495,2072.910480027873
Luke Skaljac,-2.663515466974074,-2.150719629824876,-0.512795837149198,-1.6037658814839784,-0.09014000510225112,-0.4568137432386463,-0.45112493382109586,0.03361143152890393,-0.09528233485700602,0.0,-0.6086246516689996,3.8414817200185927,3657.5935663414193
Jasen Green,-2.663743879746807,-2.3280342836650787,-0.33570959608172835,-1.7441747049945004,0.05356789019467123,-0.6374274688652495,0.024620920157834125,-0.2569738774030995,-0.10335663883646298,0.0,-0.9441900949101407,3.8020335255531483,4437.117058610895
Eli Wilborn,-2.6638010932865375,-2.047316996271517,-0.6164840970150204,-1.9585806795239837,-0.16624109830627049,0.07750478155873708,-0.5212723630408446,-0.004209745270281048,-0.09100198870389477,0.0,-0.18394805072170922,3.9623971939690286,2329.7152090739846
Tanner Hayhurst,-2.663953211410907,-2.1690641069451337,-0.49488910446577317,-1.6209411715967277,-0.13084131905644086,-0.4172816162919652,-0.1711294737989555,-0.23767331457272228,-0.08608631609409538,0.0,-0.8718825660152237,3.902990441617553,2845.747818705425
Tre White,-2.664015334711051,-2.244620477952657,-0.4193948567583942,-1.8204180179880864,-0.19052570460111878,-0.23367675536345173,-0.13910544686285697,-0.1934204725163598,-0.08686893737917745,0.0,-0.7044918698601078,3.7431020774559096,6542.990990423465
AJ Smith,-2.6640912954304063,-2.329242910756429,-0.3348483846739772,-1.771783112779818,-0.043646845787737365,-0.5138129521888736,0.008036540340212506,-0.22881024085725993,-0.11407468415692978,0.0,-0.9003447229908006,3.8716980659104117,3195.0334010860734
Drew Thelwell,-2.664373051468855,-2.1928545203752248,-0.4715185310936301,-1.7345208539498465,-0.037929732426894264,-0.42040393399848397,-0.39440841924906567,0.025268604460496225,-0.10237871630506067,0.0,-0.5354437782699426,3.850128624554319,3522.8107349855486
Sam Brown,-2.6646332063772844,-2.291419507354774,-0.3732136990225103,-1.744426909495107,-0.06841829363765616,-0.47857430422201097,-0.06894805745572208,-0.20490892639982702,-0.09935671516696115,0.0,-0.8512582394264554,3.795307399335429,4616.291630618616
Charles Thompson,-2.6647016277535327,-2.3696678063505856,-0.2950338214029472,-1.8620819053075925,-0.27405943908930913,-0.23352646195368415,-0.16867225928646712,-0.032217881771730975,-0.0941436803447491,0.0,-0.6339474631594734,3.9884588770224725,2169.3481284748486
Damien Mayo Jr.,-2.664898163503209,-1.978450488467995,-0.6864476750352143,-1.750463776979902,-0.09294724674165859,-0.1350394647464344,-0.6633693609583032,0.06601408528092775,-0.08909239935783882,0.0,-0.2510650255650041,3.7845865536913776,4911.271816668188
Jonathan Griman,-2.6649371708309326,-2.583017473173139,-0.08191969765779385,-1.735437588816099,-0.30359883264282417,-0.5439810517142155,0.19043603132316156,-0.18689811913022944,-0.08545760985072597,0.0,-1.1199356133379952,3.984518590510349,2194.4087395295487
Jameel Morris,-2.666355820665842,-2.2525498632389387,-0.41380595742690335,-1.8627474500013628,-0.0454147442663535,-0.3443876689712226,-0.5725268024043376,0.2557256399821981,-0.09700479500476382,0.0,-0.2310815682601418,3.8217281345580854,3983.2345880986786
Brett White II,-2.666844133890217,-2.0583817646579754,-0.6084623692322415,-1.8441073073660001,0.0029779076439563623,-0.21725236493593175,-0.4992015203284499,-0.02323770833780598,-0.08602314056598558,0.0,-0.3235353061957669,3.957489158398885,2377.9460091568117
Ivan Reynolds,-2.6668918648844735,-2.5444856807452716,-0.1224061841392017,-1.919813970025964,-0.1880362532820335,-0.43663545743727405,-0.05873820237565813,0.018984651100291003,-0.08265263286383458,0.0,-0.6883396924828512,3.9885972521910196,2167.9547244032565
Armon Harried,-2.6670832413604524,-2.3704456052369705,-0.2966376361234818,-1.8814605636367423,-0.10429498305283301,-0.38469005854739496,-0.083133298903446,-0.11161817408233791,-0.10188616313769785,0.0,-0.7024893788202637,3.9952047835946902,2126.4980402781666
Dalton Banks,-2.667151160602512,-2.272164529929877,-0.39498663067263484,-1.5489685450745165,-0.06261779621230383,-0.6605781886430568,-0.2835509434438403,-0.02095369027660053,-0.09048199695219397,0.0,-0.8346316720841551,3.839240304855394,3680.4326226742596
E.J. Farmer,-2.6679220252019107,-1.894699584587188,-0.773222440614723,-1.7758660373469894,0.10440926862143401,-0.2232428158616324,-0.6979403031834779,0.012439857713793426,-0.08772199514503856,0.0,-0.19411568467144352,3.941651704207876,2508.6047560930147
Jayden Williams,-2.667969238715057,-2.4363468440948566,-0.23162239462020012,-1.9545100303165965,-0.16440839657971942,-0.31742841719854065,-0.15060113200546776,0.012254331429542381,-0.09327559404427474,0.0,-0.5628580763929925,3.8261437721532405,3909.020207197344
Mari Jordan,-2.668127825280137,-2.181204291158984,-0.4869235341211525,-1.6493083894355491,-0.2439198140355448,-0.28797608768789007,-0.3943742322418119,-1.965130730841036e-05,-0.09252965057203223,0.0,-0.6244452036027754,3.9376010629077722,2511.7864986375325
Dawson Garcia,-2.66851588747792,-2.1679079931471996,-0.5006078943307204,-1.827417970733469,-0.1082166276200615,-0.23227339479366926,-0.29039253692667766,-0.11461924952031877,-0.09559610788372402,0.0,-0.5507053798177736,3.826402434669927,3921.1138821856457
Jayland Randall,-2.6689939379962366,-2.0692493813236124,-0.5997445566726243,-1.9536237628031625,0.0872954519394043,-0.2029210704598539,-0.2889966503736149,-0.2208650070810211,-0.08988289921798828,0.0,-0.426373524819459,3.921996171468032,2669.3524240756715
Noah Otshudi,-2.6693721049713206,-1.9592468037750823,-0.7101253011962381,-1.7106754737521086,-0.04832178880340185,-0.2002495412195719,-0.4261535151440424,-0.17685383829110357,-0.10711794776109201,0.0,-0.5325431160751692,3.8904525372234597,2985.204352006431
Manny Obaseki,-2.669544238313777,-2.2025936661901513,-0.46695057212362545,-1.9798242386174563,-0.005203410497389427,-0.21756601707530573,-0.3956295136020471,0.018838187136294746,-0.09015924565787312,0.0,-0.2940904860942736,4.008636189297921,2054.6568150094085
Keyshawn Mitchell,-2.6697382127543747,-2.309254892529592,-0.3604833202247826,-1.941538868469107,-0.05342705329269429,-0.31428897076779067,0.04744681964539177,-0.30013798397925884,-0.10779215589091548,0.0,-0.7756461639306593,4.001184147776653,2101.214774438803
Davion Cunningham,-2.670056550763299,-2.1020363937044504,-0.5680201570588487,-1.788631564611734,-0.08733800360541825,-0.22606682548729815,-0.3393146439596229,-0.12321881402136978,-0.10548669907785604,0.0,-0.5421103421919422,3.937523692471477,2523.7404443542564
Jason Edwards,-2.6704951337438594,-2.4499511724863794,-0.22054396125748002,-1.850986091863966,-0.008466798421390115,-0.590498282201023,-0.06454536584168669,-0.04636481689450298,-0.10963377852129036,0.0,-0.7549636760382064,3.789983771183346,4767.735272834439
DaQuan Smith,-2.6705513625040207,-2.2451196417679675,-0.4254317207360532,-1.8235148370630205,-0.11034420432169104,-0.31126060038325604,-0.2507228319315574,-0.059469995047078804,-0.11523889375741697,0.0,-0.5963136935094429,3.99603865263221,2130.5074734540012
Brian Taylor II,-2.6706853991110533,-2.207407075622198,-0.46327832348885506,-1.7859473434787851,-0.03957155159772088,-0.3818881805456922,-0.3425845159687507,-0.06493226702831324,-0.05576154049179109,0.0,-0.5421535396635173,3.769698536762598,5397.96962184139
Greg Gordon,-2.6708132500085338,-2.045721864766098,-0.6250913852424356,-1.8583519840329958,-0.1606387488894018,-0.026731131843700573,-0.6241530229687633,0.11703082097187545,-0.11796918324554778,0.0,-0.1883082430067747,3.8014219217203524,4461.865980930961
Tucker Anderson,-2.6712307866500558,-2.0450666008056615,-0.6261641858443945,-2.0727651262218054,0.0006723976176516155,0.027026127798492228,-0.5854098926319047,0.05746055568230954,-0.09821484889479937,0.0,-0.013055767796345985,3.881822025234984,3078.9035581218404
Justin Ray,-2.6713897143690946,-2.4297651246818632,-0.24162458968723144,-1.7579497972829141,-0.008714503735051338,-0.6631008236638977,-0.1306478309857289,-0.0036379588248135336,-0.10733879987668897,0.0,-0.7827920861004515,3.8643419273158144,3303.8973374334187
Miro Little,-2.6717608225809912,-2.2968059782785204,-0.3749548443024707,-1.6420606695269009,-0.09809026418723957,-0.5566550445643799,-0.27100241159873506,-0.004781218210370919,-0.09917121449336473,0.0,-0.7586977414553551,3.9014480587723406,2860.4569021629904
Quante Berry,-2.6723152404406956,-2.23879201565442,-0.4335232247862753,-1.9506500361476227,-0.1676273282565663,-0.12051465125023131,-0.30254953522773786,-0.02088781867169296,-0.11008587088684448,0.0,-0.41911566906533504,3.8379852586150482,3690.804801033995
Brandton Chatfield,-2.672504104247183,-2.275883925345675,-0.39662017890150797,-1.8418852243853525,-0.21024853899331886,-0.2237501619670037,-0.33197934860639844,0.018461287967521944,-0.08310211826263149,0.0,-0.4986395312554321,3.9173535260630703,2701.489697047175
Tre Carroll,-2.6727054828812036,-2.2062693505122803,-0.4664361323689233,-1.8066136950542961,-0.09946477773937995,-0.3001908777186044,-0.2264470929476542,-0.15143268688676598,-0.08855635253450311,0.0,-0.6396446948792535,3.7877779592310756,4818.250503652282
Kwo Agwa,-2.673054852918883,-2.4471610263260795,-0.22589382659280377,-1.868656030313415,-0.22360149810658544,-0.35490349790607906,-0.07136914496974395,-0.05169501361617761,-0.1028296680068822,0.0,-0.7330296776357242,3.9263158365561006,2615.319174894419
Great Osobor,-2.6733385080808767,-2.33352597664637,-0.33981253143450685,-1.7444926216635857,-0.30058412752990765,-0.28844922745287627,-0.21185319693442717,-0.03494423581510598,-0.09301509868497368,0.0,-0.7169926894828637,3.8285325615857775,3881.275337714348
Jamiya Neal,-2.6734454565869314,-2.3195034713257523,-0.3539419852611792,-1.826461261328181,-0.07033949747377778,-0.4227027125237935,-0.2210160732326208,-0.038083255033258545,-0.09484265699529988,0.0,-0.6259681220261297,3.815105535064193,4150.502896671711
Keenan Garner,-2.673606717808423,-2.345340012124691,-0.32826670568373223,-1.9078590785351637,-0.23715626610151122,-0.20032466748801553,-0.10986309396283561,-0.09191831514161872,-0.1264852965792779,0.0,-0.6558845453104234,3.8631875970019403,3301.275760209005
Josh Meo,-2.6738552446877515,-2.2603068654459992,-0.4135483792417525,-1.922485603654639,0.021021076337315647,-0.3588423381286756,-0.025888319029926943,-0.31097500715109005,-0.07668505306073545,0.0,-0.7254813220031855,3.830257166870905,3817.184371052795
Blondeau Tchoukuiegno,-2.6740377859395204,-2.260913983081664,-0.41312380285785644,-1.8110460630870986,-0.0908857251126908,-0.35898219488187466,-0.21021724424701355,-0.1084979826367864,-0.09440857597405652,0.0,-0.6527744786054084,4.008482726313455,2054.1409893811087
Sincere Malone,-2.6744194746046754,-2.3461174483493448,-0.32830202625533084,-1.9118935089936278,-0.1373991669404439,-0.29682477241527305,-0.39828914093646883,0.14308492663971573,-0.07309781195857772,0.0,-0.36423682467457896,3.7722113918836624,5303.070064558088
Kameron Taylor,-2.6746317819320367,-2.1881505437415107,-0.4864812381905259,-1.7822115950023858,-0.17629344544878317,-0.2296455032903415,-0.24780533162663687,-0.13481762241809173,-0.10385828414579733,0.0,-0.6446148553030138,3.7947801017870173,4643.413069843662
Dayan Nessah,-2.675931864944173,-2.404671345116931,-0.27126051982724203,-1.466319443527373,-0.43836274370890677,-0.4999891578806512,-0.06078895936650858,-0.09976091307121303,-0.11071064738952041,0.0,-1.1488234620502915,3.9430770602383487,2466.6262146487597
Frankie Collins,-2.6759462755401926,-2.5740983214431417,-0.10184795409705082,-1.872975326375999,-0.15757253402632346,-0.5435504610408192,-0.18156112909818523,0.1733416205718157,-0.0936284455706813,0.0,-0.6214098200660082,3.8651350746865076,3302.0477663901274
Jackson Rasmussen,-2.6760381727222526,-2.079186306460526,-0.596851866261727,-1.7050811659923317,-0.10338211773455877,-0.2707230227336352,-0.28777578553196514,-0.2260581342559245,-0.08301794647383746,0.0,-0.6831812211979559,3.8624229643706873,3325.639288952507
Caleb Furst,-2.6761346387967615,-2.3749004781001393,-0.3012341606966221,-1.8838511442167944,-0.1319517746702184,-0.35909755921312636,-0.22751008079363833,0.023501034725638498,-0.09722511462862232,0.0,-0.5647734137863285,3.974899911034743,2242.0236981710896
Camryn Weston,-2.6764175534248857,-2.207770056644183,-0.4686474967807026,-1.759494185412964,-0.12866735119028452,-0.31960852004093476,-0.45974762560073085,0.0872193981826114,-0.09611926936258322,0.0,-0.4571757424111911,3.898550213420751,2900.45087142607
Brandon Newman,-2.6764502875385854,-2.3490796454057734,-0.32737064213281214,-1.7903154330494486,-0.15303767692607007,-0.4057265354302547,-0.333341812136281,0.08535449295707043,-0.07938332295360156,0.0,-0.552793042352856,3.8749723517091073,3164.272842198825
Tyler Rolison,-2.67686073504258,-2.127960026038292,-0.5489007090042884,-1.7173800642023918,0.07803123319275879,-0.4886111950286588,-0.3843574662183617,-0.09583337384659332,-0.06870986893933342,0.0,-0.5751232046218268,3.8437616239292076,3612.2572523176327
Aaron Cooley,-2.6771000126004916,-2.178552343443748,-0.49854766915674376,-1.8639013730566834,-0.17001461615808466,-0.14463635422897952,-0.3577400763328872,-0.041278020497769394,-0.09952957232608714,0.0,-0.4554585632109207,3.907220087784491,2806.5461795860447
Kaden Cooper,-2.6774612457760996,-2.6300273580032507,-0.047433887772848765,-1.719871043691228,-0.383201749995819,-0.5269545643162039,-0.04176291842329599,0.07642783309638973,-0.0820988024459425,0.0,-0.9158272836615756,3.828986898927423,3873.2587697443123
Akai Fleming,-2.677877589403562,-2.2172744108289075,-0.4606031785746543,-1.9050649942136009,-0.17531362459522512,-0.1368957920200814,-0.3481649794403301,-0.01970897389380854,-0.0927292252405157,0.0,-0.4246476157496308,3.95188749831969,2420.788806840982
Isaia Howard,-2.678386396214067,-2.093780501907049,-0.5846058943070179,-1.7837746097643237,-0.09363513028728672,-0.2163707618554389,-0.5082146930969886,0.011997576658041562,-0.08838877786807088,0.0,-0.3863970933527549,3.9325824498400817,2574.563402997048
Elmarko Jackson,-2.6784216843515045,-2.250589680972789,-0.4278320033787153,-1.8083251981743467,-0.02734041963633016,-0.4149240631621122,-0.1903575125743962,-0.13616099758303127,-0.10131349322128777,0.0,-0.6797389736027615,3.9302738044035386,2594.543877366783
Jayden Cooper,-2.678433201153755,-2.475409980115987,-0.2030232210377682,-1.8454823872194515,-0.026888842234597365,-0.6030387506619381,-0.09505166562113032,0.0020719193632885435,-0.11004347477992642,0.0,-0.7378991483131734,3.8553664880912284,3411.23706879741
Robert Miller III,-2.678763182432454,-2.4362891088596466,-0.24247407357280726,-1.8959388005766435,-0.10855759978055304,-0.4317927085024499,-0.10168978698655184,-0.04335841487356164,-0.09742587171269378,0.0,-0.6811345948692583,3.9189005576490645,2685.239835056609
Jamond Vincent,-2.6788637732992178,-2.3679093070257453,-0.31095446627347256,-1.9236531753811028,-0.15517053567813055,-0.2890855959665116,-0.19435124622655503,-0.007555350657262316,-0.10904786938965519,0.0,-0.5608593516915596,3.9559875347317064,2377.028696710819
Boden Kapke,-2.6788785607767505,-2.555435355621995,-0.12344320515475556,-1.8450339664695756,-0.1151221081473558,-0.5952792810050636,0.2442267580826626,-0.28209744274876475,-0.0855725204886534,0.0,-1.0780713523898375,3.8559578028230286,3415.782521612881
Ben Knostman,-2.678908685575365,-2.3882915909510247,-0.2906170946243407,-1.702885771316001,-0.057505929881312395,-0.6278998897537112,-0.13734498190407196,-0.043208655154789125,-0.11006345756547964,0.0,-0.8386779323552924,4.017444561711962,2003.7761408012666
Dakota Leffew,-2.6790051747620525,-2.2769984690595866,-0.4020067057024659,-1.8303790774345134,-0.19433561890201667,-0.25228377272305624,-0.18402793200637574,-0.11450744707422122,-0.10347132662186893,0.0,-0.6645981653211631,3.830626389437557,3838.907069499864
Rafael Pinzon,-2.6794139914429076,-2.113054001768163,-0.5663599896747447,-1.8644942828300328,-0.0050388181447311164,-0.2435209007933991,-0.4423007689423869,-0.027066732523045756,-0.09699248820931199,0.0,-0.372618939670488,3.8535247321728625,3475.306019787825
Ethan Morton,-2.6794634074192154,-1.9377827108704642,-0.7416806965487514,-1.702092919143326,-0.024377097868724246,-0.21131269385841372,-0.6060549104090794,-0.056115868503602825,-0.0795099176360691,0.0,-0.3713155778668099,3.90493679167168,2823.134808103431
Emanuel Miller,-2.6794779848558266,-2.2815270967538774,-0.39795088810194934,-1.876114497226677,-0.14078887014662536,-0.2646237293805749,-0.38865675445264547,0.07896284150073091,-0.08825697515003478,0.0,-0.4147067331765041,3.9329528942312417,2571.7491178438218
Trent Pierce,-2.679515548813357,-2.1775673638600166,-0.5019481849533405,-1.7443207072224365,-0.015407792192715014,-0.4178388644448654,-0.3871973257822965,0.008194702649690563,-0.12294556182073463,0.0,-0.5479975158086245,3.891900403736253,2956.74757739902
Dasonte Bowen,-2.6796149613422875,-2.176526256447116,-0.5030887048951718,-1.667560607436781,-0.154420582194332,-0.35454506681600306,-0.5933660819382836,0.17700311083888007,-0.08672573379576833,0.0,-0.41868827196722325,3.799731485213336,4498.214778473628
Khouri Carvey,-2.680024024826442,-2.325581106307449,-0.354442918518993,-1.7628188914698915,-0.2727977856602375,-0.28996442917732007,-0.4878619541232023,0.22363352688711077,-0.09021449128290147,0.0,-0.4293431792333482,4.010635859464721,2033.8361530335965
Jeremy Lorenz,-2.680217594149808,-2.3586664464782214,-0.32155114767158655,-1.7730098496548734,-0.24768977212976545,-0.3379668246935825,-0.16352972627402707,-0.0344897725172219,-0.1235316488803376,0.0,-0.7436780182209075,3.9709441319020353,2272.654301165432
DJ Rodman,-2.680278669793713,-2.3115261684889314,-0.3687525013047813,-1.829416049839132,-0.1459342305431908,-0.3361758881066085,-0.36144269276920454,0.07664242920899614,-0.08395223774457293,0.0,-0.4894199271853761,4.0027006800970275,2090.0461375995205
Jabe Mullins,-2.6811445465974995,-2.3475577584276195,-0.3335867881698802,-1.7298830494603894,-0.04833753624867654,-0.5693371727185537,-0.15157338335803772,-0.08692124273822553,-0.09509216207361695,0.0,-0.7996881137790727,3.9516935017386,2418.1772251680977
Narit Chotikavanic,-2.681305312052122,-1.8132026002524788,-0.8681027117996433,-2.017438602879682,0.1297523970526166,0.07448360557458655,-0.8183861839463188,0.028435979893936827,-0.07815250774726137,0.0,0.1545194747738786,3.9771130926144993,2257.753130551417
Julius Thedford,-2.682461424873284,-2.153541545232595,-0.5289198796406893,-1.5814162779668348,-0.13306630180107457,-0.4390589654646854,-0.49948018956280504,0.07455988356315196,-0.10399957364103624,0.0,-0.6015649573436442,3.935660236431036,2540.8555462547965
Ty'Reek Coleman,-2.6829791740629068,-2.453382981500308,-0.22959619256259872,-1.8439420799129018,-0.09727933771562214,-0.5121615638717842,-0.16695209169057956,0.020059489130503094,-0.08270359000252225,0.0,-0.6720850024594255,3.9534397877936915,2400.015393535651
Marquis Barnett,-2.6830428554876775,-2.3070911206941402,-0.37595173479353716,-1.7479040092150973,-0.23647617039217927,-0.3227109410868639,-0.3889454255473978,0.08959965711975762,-0.07660596636589699,0.0,-0.5461934207251826,3.8498497365808433,3503.9865353141295
Isaiah Cottrell,-2.6833392369476314,-2.6912953738159873,0.007956136868355904,-1.984779881755468,-0.0847315325744831,-0.6217839594860362,0.12167071054295397,-0.004372939380459004,-0.10934163429413907,0.0,-0.8202300657351174,3.863736859197738,3310.2617968645227
Markhi Strickland,-2.6839142597469827,-2.3427880971798425,-0.34112616256714,-1.845135962958725,-0.1712918038691315,-0.3263603303519862,-0.45959712832288835,0.18818665382952907,-0.0697156880737807,0.0,-0.3791811684653693,3.8017957015357013,4447.448701517151
Jordan Nesbitt,-2.68420001623806,-2.56465629216888,-0.11954372406917978,-1.9860932642488296,-0.146248310723846,-0.43231471719620446,0.08729636552315567,-0.10583606358260776,-0.10100402600972769,0.0,-0.7854031175123859,3.8349605571279057,3762.40621819999
Josh Scovens,-2.684241269495005,-2.179760929072851,-0.5044803404221541,-1.8798152913935398,0.0577275970833028,-0.357673234762614,-0.38947164409488283,-0.013003802850260898,-0.10200489347701035,0.0,-0.41495433400658244,3.7763867321280786,5163.5653596883585
Zaon Collins,-2.6842488763173153,-2.2558498583722875,-0.42839901794502777,-1.7038996701677402,-0.11359822648710688,-0.4383519617174402,-0.4998262074470126,0.16978635664499533,-0.09835916714301055,0.0,-0.4805229987025622,3.810603773155844,4231.637773178778
Liutauras Lelevicius,-2.6847711366283455,-2.127579822866564,-0.5571913137617814,-1.768986167290635,-0.08300683779819909,-0.27558681777773003,-0.49698816842933535,0.004899214922752915,-0.06510236025519898,0.0,-0.41879680090837523,3.821209596274975,4043.214647095503
Chibuzo Agbo,-2.68516426374499,-2.2354565487193563,-0.4497077150256339,-1.7878440147951118,-0.1167148027263503,-0.3308977311978941,-0.3681061466378771,0.0076597981063098175,-0.08926136649406659,0.0,-0.5292141023120012,3.820233648325002,4022.987190019054
Isaiah Sy,-2.6864806267759462,-2.1717771862051394,-0.5147034405708067,-1.9120849986446913,-0.23117031987485248,-0.02852186768559528,-0.3381042369631384,-0.09239415487334893,-0.08420504873431947,0.0,-0.4362913911681161,3.831367253911706,3830.4682214107675
Sean Blake,-2.6864865677766634,-2.4422691023673715,-0.24421746540929212,-1.8127981939944926,-0.15919688753251637,-0.47027402084036274,-0.0635561008350542,-0.09173342555785102,-0.08892793901638689,0.0,-0.810132272947117,3.841541431678692,3655.2525869120072
Royce Parham,-2.6866048612426807,-1.9605153435358855,-0.7260895177067951,-1.8794694591855157,0.03320113281943804,-0.11424701716980812,-0.6367269898006616,-0.009202953768538177,-0.08015957413759531,0.0,-0.17040841225650355,3.842140832898182,3643.505323918198
Alex Mirhosseini,-2.6867686074121644,-2.4058867764587424,-0.28088183095342206,-1.912790082717107,-0.09910880964107292,-0.3939878841005627,-0.32226451631647646,0.16057259066492513,-0.11918990530187074,0.0,-0.4517140083785812,3.8800325162088103,3096.6174401132985
Tahlik Chavez,-2.686968338740169,-2.28406651963453,-0.40290181910563916,-1.8228067985552385,-0.10973336979653485,-0.3515263512827563,-0.2614526585726818,-0.03556153800863479,-0.1058876225243226,0.0,-0.6027088816122486,3.9960668448708274,2132.144946522963
Camaren Sparrow,-2.6871093745008467,-2.6176373173522416,-0.06947205714860502,-2.0284434261930175,-0.38340576471236054,-0.20578812644686378,-0.14131823533147903,0.15925906518088143,-0.08741288699800742,0.0,-0.5173477129763503,3.9002038783965935,2867.8147545483826
Emmanuel Ogbole,-2.687114225416252,-2.4911644724726814,-0.1959497529435708,-1.9839558581771835,-0.2524254656644197,-0.2547831486310782,-0.013043418825024133,-0.08838682794301865,-0.09451950617552801,0.0,-0.6901149484140445,3.9438939536717426,2480.451274984748
Kevin Cross,-2.6871851991175584,-2.2115406550096623,-0.4756445441078959,-1.5335903466574234,-0.05701149841887532,-0.6209388099333637,-0.36836848009001144,-0.0031668843244950645,-0.10410917969338943,0.0,-0.7852263723701235,3.9433259486597616,2488.32234384832
Jalen DeLoach,-2.6886503799656074,-2.4656194191711376,-0.22303096079446988,-1.943967591509886,-0.2197420738548333,-0.3019097538064185,-0.07607030289871092,-0.04792682025453658,-0.09903383764122237,0.0,-0.6686124855570108,3.971218432794882,2272.9639629046774
Brandon Mitchell-Day,-2.6889197902560045,-2.71819283965124,0.02927304939523538,-1.8835104346333418,-0.2762729065708219,-0.5584094984470762,0.2766608942041425,-0.16267799937460878,-0.08470984543429837,0.0,-1.082070249826805,3.7937085054525137,4652.3790286265685
Randall Pettus II,-2.6891483567799783,-2.5028270679958324,-0.1863212887841457,-1.9121813800540497,-0.20855882089260402,-0.3820868670491788,-0.25216624460982934,0.15998720531707092,-0.09414224949138728,0.0,-0.5248007321160992,3.803528414658391,4395.926112642112
Josh Ahayere,-2.689897052761371,-2.664214891319336,-0.02568216144203503,-1.9104719348574533,-0.22252115590984367,-0.5312218005520394,0.17595926644647453,-0.12979547640692513,-0.07184595148158443,0.0,-0.9553843843503926,3.9139685214144215,2711.1777060640134
Nicolas Timberlake,-2.690299101584547,-2.3419726244447117,-0.34832647713983533,-1.8620952787850171,-0.13129909212360485,-0.3485782535360897,-0.2618941642913139,0.012638881478515815,-0.09907119432703723,0.0,-0.5663096585082159,4.010791906504995,2043.7434313675362
Jed Miller,-2.690742024289569,-2.1027323332739676,-0.5880096910156015,-1.801649309148615,-0.056912574592156415,-0.2441704495331961,-0.5170559321416504,0.008992489711709309,-0.07994624858566046,0.0,-0.3720367829993037,3.794478086667085,4632.763388325466
Jon Carroll,-2.6910027645824273,-1.8868016193189507,-0.8042011452634764,-1.618071810067846,-0.07635188555517543,-0.19237792369592926,-0.6780218078068212,-0.014866858958729828,-0.11131247849792539,0.0,-0.3949091467077599,4.001727625706558,2090.1357307445987
Nick Townsend,-2.6911162777396394,-2.3681154966856806,-0.3230007810539586,-1.6494393155731757,-0.041236093436266386,-0.6774400876762388,-0.1394291365213911,-0.08340503137026853,-0.10016661316229893,0.0,-0.9022478256450726,3.769029813826169,5469.880851648103
Justin Thomas,-2.6930109766178822,-2.361708842431304,-0.3313021341865784,-1.907491262585208,-0.14527721820010436,-0.3089403616459917,-0.3686083946656985,0.11541336937021454,-0.07810710889109439,0.0,-0.4169113193669759,3.8015749094583917,4467.626330175579
Taylor Bol Bowen,-2.693151334119249,-2.210578792262909,-0.48257254185633985,-1.9382100695716225,-0.17773625494432657,-0.09463246774696005,-0.32861550749437807,-0.05923459260070223,-0.09472244176125955,0.0,-0.42632575705324843,3.8427136005856766,3630.6044726770747
Brandon Muntu,-2.6931704612062073,-2.452311614313298,-0.2408588468929092,-1.9249298761215583,-0.21839752575687424,-0.3089842124348653,-0.12682120832273164,-0.02019560255759839,-0.09384203601257918,0.0,-0.641419376761917,3.863287822643593,3313.204214187368
DJ Smith,-2.6938635611969426,-2.0830538109989636,-0.6108097501979788,-1.8787598229990978,-0.014630269817149877,-0.18966371818271582,-0.6404733487887808,0.10152142469412961,-0.07185782610332755,0.0,-0.17463038940906364,3.745767519199933,6387.780447478563
Oziyah Sellers,-2.6939351205445927,-2.0395015873699247,-0.6544335331746682,-1.8923120015836103,0.04293496383904974,-0.19012454962536418,-0.44998161633664846,-0.12054008968099973,-0.08391182715702003,0.0,-0.35164150262433425,3.754839617272598,6010.054722737713
Christian Williams,-2.6939443254902193,-2.3293669409331916,-0.36457738455702754,-1.8615769606772505,-0.030889931092537543,-0.4369000491634035,-0.6630277333432308,0.38613218068749133,-0.08768183190128803,0.0,-0.1693396314697378,3.8933723785052425,2949.645648595697
Bruno Alocen,-2.6939808333835384,-2.5952406648190602,-0.09874016856447836,-1.884929803971153,-0.2928052794836238,-0.4175055813642836,0.043782711554713916,-0.05098736792767372,-0.09153551219151855,0.0,-0.8528337409670997,3.859777394446969,3369.3823022135466
A'lahn Sumler,-2.694216557912824,-2.3208831755279347,-0.3733333823848894,-1.8482367993321815,0.010775319252134513,-0.48342169544788777,-0.1147681149577689,-0.1583653557268997,-0.10019991170022079,0.0,-0.7312116436228737,3.827774359523069,3896.4108817012566
Jalen Hampton,-2.694332198963387,-2.1879664405316204,-0.5063657584317666,-1.760471911284281,-0.20469596050406672,-0.22279856874327256,-0.3042415333899403,-0.1128036794288318,-0.0893205456129945,0.0,-0.6296187542891656,3.845366441851777,3576.0772057237186
Mikeal Brown-Jones,-2.6943981235334116,-2.2974216118313073,-0.39697651170210446,-1.7494336003961706,-0.13474312157531423,-0.41324488985982255,-0.3205938205010542,0.02240057617689982,-0.09878326737795008,0.0,-0.624370702636187,4.013320779650263,2029.290875761396
AK Okereke,-2.6951834836409274,-2.1136790984126823,-0.5815043852282453,-1.6348002178740768,-0.10581192385001133,-0.37306695668859424,-0.38604887097239704,-0.12127577289825153,-0.07417974135759671,0.0,-0.6743343947944539,3.77995011249472,5048.041787914219
DeLonnie Hunt,-2.6952466982627215,-2.389056353827617,-0.30619034443510446,-1.7232967949168605,-0.006957683488121924,-0.6588018754226348,-0.32342294958991424,0.1190980082276212,-0.10186540307281143,0.0,-0.648526953755947,3.9023363232271917,2846.9389773267762
Ethan Price,-2.6952510037191266,-2.457475609756582,-0.2377753939625446,-1.7871919526244189,-0.23567535599831224,-0.43460830113385096,0.04307783907151397,-0.1774405987432982,-0.10341263429076036,0.0,-0.9511368901662218,3.8179216120677166,4082.6717911257983
Wesley Yates III,-2.6954562785576397,-2.2112734800736673,-0.4841827984839722,-1.716593344196915,-0.2105822829550174,-0.28409785292173473,-0.345789242782044,-0.039063160832449505,-0.09933039486947876,0.0,-0.6330736915786803,3.8006976791107934,4469.859355050016
Logan Duncomb,-2.695625592598741,-2.027192482285648,-0.6684331103130928,-1.7401218125447955,0.017765597513201253,-0.3048362672540539,-0.5478962338328345,-0.03369094520989778,-0.08684593127036055,0.0,-0.40760754622111095,3.905909279105388,2838.926605143922
Drew Scharnowski,-2.696709916267311,-2.4787813378608305,-0.21792857840648056,-1.8375160736529266,-0.2631619447684414,-0.3781033194394625,-0.0736418810821467,-0.03613726325032442,-0.10814943407400943,0.0,-0.7855519615322378,3.933717622193358,2559.2127692902022
Kaden Stuckey,-2.6967819572219556,-2.334609977664699,-0.36217197955725655,-2.0081720639196634,-0.2572129773640599,-0.06922493638097577,-0.158099164098854,-0.09702068825075436,-0.10705212720764823,0.0,-0.5305107292034382,3.9746527789961963,2246.5495920831154
Brayden Maldonado,-2.6971029429998454,-2.4033588901708614,-0.29374405282898397,-1.7744870924664968,0.014766457943417771,-0.6436382556477821,-0.4219996461175259,0.22289297352947193,-0.09463738024093,0.0,-0.5006162044158224,3.80541283829615,4372.781354137067
Adou Thiero,-2.6973979561953954,-2.2934518036215317,-0.40394615257386346,-1.6682916196838138,-0.14239547528395988,-0.4827647086537581,-0.45155289971593027,0.11725694465501046,-0.06965019751294366,0.0,-0.5775534367956512,3.983188704246232,2201.9602175451387
Hasan Abdul Hakim,-2.697772620413705,-2.324531459274634,-0.37324116113907113,-1.9382128581865459,-0.40405591805913255,0.017737316971044303,-0.39809034154575573,0.11330033372643256,-0.08845115331974795,0.0,-0.36146942068140364,3.979312396310018,2226.548563842932
Nyk Lewis,-2.6978068930360752,-2.178796523568353,-0.5190103694677223,-1.8759592051375782,0.03649761790930953,-0.33933493634008427,-0.4145130340137997,-0.01824641814998562,-0.086250917303937,0.0,-0.40733465388469736,3.9400141151021986,2532.175724123318
Max Rice,-2.698690320498867,-2.2860799016740487,-0.4126104188248184,-1.8369154193797854,-0.13962350138550225,-0.30954098090876103,-0.2866031420509348,-0.05604178785512723,-0.0699654889187564,0.0,-0.575171759068147,3.9494468698252088,2426.924878434957
Kareem Thompson,-2.6997542048331415,-2.382687726335824,-0.3170664784973174,-2.003850190898644,-0.00646347240438272,-0.3723740630327975,-0.13088154595300194,-0.08830902220399095,-0.09787591034032453,0.0,-0.5650224679814957,3.9342919067063153,2562.5480847393574
Luke Barrett,-2.699996147937372,-2.087167250573421,-0.612828897363951,-1.8597606797092447,-0.07768478764630934,-0.1497217832178671,-0.45688105394580636,-0.09553760666262753,-0.060410236755517044,0.0,-0.38335441428232103,3.8852782758244646,3048.6583115379144
DeJuan Campbell,-2.7005996996161072,-2.353223445257823,-0.34737625435828434,-1.8646027968133967,-0.09448992386865626,-0.3941307245757698,-0.3547748360504594,0.08550896223881763,-0.07811038054664252,0.0,-0.481222066752251,3.816267580753415,4103.663363612686
Ajay Sheldon,-2.7008460059227644,-2.0546430971828937,-0.6462029087398705,-1.625794742543606,-0.0003308945974899169,-0.42851746004179797,-0.7223911344961984,0.177947918207937,-0.1017596924516091,0.0,-0.35266012888295994,3.780059116103685,5042.9644895074325
Elijah Pepper,-2.7008589454115537,-2.428210596335001,-0.2726483490765528,-1.8547272744311047,-0.23039316351822253,-0.3430901583856737,-0.27739043813086567,0.0962989007385805,-0.09155681168426759,0.0,-0.5687412328495832,3.9323029678485946,2582.8439086371836
Chuck Harris,-2.70169207489214,-2.330300393090308,-0.3713916818018319,-1.78669307161307,-0.0026587130346706622,-0.5409486084425672,-0.2863735386622675,0.009737621060063886,-0.09475576419962829,0.0,-0.6286254646168022,3.8220705316314927,4004.3687176912717
Trent Perry,-2.7017573354810347,-2.1133622945577377,-0.5883950409232972,-1.721884910834409,-0.06318512384657082,-0.3282922598767577,-0.5124758163579928,-0.0031897406289053826,-0.07272948393639896,0.0,-0.46739660828863283,3.8350148046830013,3749.1036710845683
Lance Terry,-2.7018004578323684,-2.279931725409456,-0.42186873242291256,-1.9733234921466865,-0.036757575948724586,-0.26985065731404484,-0.27676344126136165,-0.05567470097225645,-0.08943059018929447,0.0,-0.45171352442432033,3.8762441938495678,3146.4203904643946
Hunter Adam,-2.7019100831350324,-2.362495064591552,-0.33941501854348044,-1.892657167750086,0.05401661851292633,-0.5238545153543924,-0.18245606926545865,-0.06369746260874348,-0.0932614866692783,0.0,-0.6267968461194879,3.906146966300126,2815.2999308909843
Will Pruitt,-2.7023865533659412,-2.427839049785149,-0.2745475035807922,-1.6968766530826505,-0.10815383367193028,-0.622808563030568,-0.06762642650357592,-0.12248246929967954,-0.08443860777753676,0.0,-0.9378834737797146,3.8120538023431063,4202.158763145368
Damarco Minor,-2.7031326048923954,-2.2135922480147365,-0.489540356877659,-1.7124188559128393,-0.052220520743275475,-0.4489528713586216,-0.4119907343399101,0.006967920111966092,-0.08451754264971494,0.0,-0.5787230146396458,3.739055608638307,6741.125808441659
Sebastian Thomas,-2.7032255406726184,-2.2732225034965277,-0.4300030371760908,-1.6633147436879787,-0.12691413815555772,-0.4829936216529914,-0.3328829949658527,-0.005296907037107321,-0.09182313517313073,0.0,-0.7070278020187872,3.8161308778533107,4119.802565120475
L.J. Cason,-2.70329363650514,-2.179613249809696,-0.5236803866954444,-1.7203457170769973,-0.17256898978561258,-0.28669854294708574,-0.22633850187206117,-0.19538310177811097,-0.10195878304527227,0.0,-0.7566094175560816,3.9709258386804094,2297.1951351435628
Marcus Wilson,-2.703393088474492,-2.279115489495651,-0.42427759897884054,-1.6793267521526816,-0.007529687115134354,-0.5922590502278349,-0.4415438288588158,0.10854026298971181,-0.09127403310973652,0.0,-0.5825225074629939,3.9063267072698484,2802.5439809756494
Jerone Morton,-2.7034112529699894,-2.054081152023705,-0.6493301009462846,-1.8234396295559285,0.0629899532426749,-0.2936314757104514,-0.4357124121068359,-0.13750810902758237,-0.07610957981186628,0.0,-0.4442592113072251,3.822321937874892,3990.5782612878693
Colby Garland,-2.7036045863009592,-2.047464487631254,-0.6561400986697048,-1.7012543292785947,0.09032978261030206,-0.43653994096296134,-0.6689276218716649,0.10909969973721173,-0.09631217653525168,0.0,-0.33342263515069925,3.765154717308186,5539.418242824339
Chance Mallory,-2.7041153484597458,-2.041454400046391,-0.6626609484133547,-1.5346042795336716,-0.14331116569211932,-0.3635389548206,-0.5891449017654206,0.0016738237744343132,-0.07518987042236845,0.0,-0.5803661671606536,3.940271487592366,2522.4970541365556
Love Bettis,-2.7050863470760826,-2.4142802536621195,-0.2908060934139633,-1.759982088685677,-0.13851455455727488,-0.5157836104191678,-0.3101596596675028,0.11048141436980075,-0.09112784811626123,0.0,-0.6349445987229032,3.8817760909686254,3062.1265533259775
Miles Webb,-2.7051941647398565,-2.228282381828446,-0.4769117829114106,-1.6942832988043377,-0.15293810835700894,-0.3810609746670992,-0.39857520769463817,0.015160706404595478,-0.09349728162136794,0.0,-0.6123356582408807,3.8902259900811083,2972.263932583436
Wes Enis,-2.705343778702925,-2.2228327353917363,-0.48251104331118855,-1.9279624104434772,-0.017636533895274975,-0.27723379105298407,-0.3700459972687,-0.014451262323412262,-0.09801378371907628,0.0,-0.40733537099074757,3.8490420875118807,3523.4761368717445
Devin Ree,-2.7053615829280813,-2.419948847019153,-0.2854127359089286,-1.8942009895307412,-0.16604160443486168,-0.35970625305354986,-0.07274800326473413,-0.12207586456509628,-0.09058886807909823,0.0,-0.7384125901326062,3.854205652148348,3444.9200912025854
Timmy Adedire,-2.7054979110687363,-1.8963009958040682,-0.8091969152646679,-1.741396259760215,-0.03050408835835486,-0.12440064768549808,-0.9469408627846785,0.24694041721388513,-0.10919646969387453,0.0,-0.01716078852384234,3.986986641243538,2174.7395373894915
Filip Jovic,-2.7056159195213936,-2.2708575283954944,-0.43475839112589926,-1.784127203185537,-0.044385811825249505,-0.44234451338470765,-0.4131466535121154,0.059022588212442245,-0.08063432582622615,0.0,-0.5083420628237412,4.016669904252871,2010.5006082516975
Payton Sparks,-2.705640209160308,-2.1805761089282774,-0.5250641002320307,-1.865427362574493,-0.1544109963869225,-0.16073774996686174,-0.29623624740475196,-0.14526913778561323,-0.08355871504166545,0.0,-0.5439765991810629,3.927328290819521,2622.1061210315793
Dallan Coleman,-2.7057109821613916,-2.3432336039611745,-0.362477378200217,-1.9015910432909877,-0.13545625832299762,-0.3061863023471894,-0.34416944972083685,0.08424185171956969,-0.10254978019894985,0.0,-0.4599504891495672,3.856750217150521,3408.741148408537
Bez Mbeng,-2.7057367690477974,-2.551389860878771,-0.15434690816902646,-1.8315870454665495,-0.10639245755409721,-0.6134103578581239,-0.1287502593833798,0.05687446783654124,-0.0824711166221879,0.0,-0.7453994641978677,3.8214317655154146,4036.254351029965
Freddie Dilione V,-2.705911372396808,-2.305956147613338,-0.3999552247834698,-1.836395266070998,-0.08022584401589293,-0.3893350375264472,-0.26395541075215706,-0.03281642203188069,-0.10318339199943206,0.0,-0.6055606955736529,3.81453390803623,4150.979908828747
Al-Amir Dawes,-2.7066040831773197,-2.4897456618085063,-0.2168584213688135,-1.8204814224777248,-0.20189644702867796,-0.4673677923021032,-0.10117341181461759,-0.010563288146898386,-0.10512172140729754,0.0,-0.7849492488849771,3.9127790556451374,2751.673226745046
Spudd Webb,-2.706616608879618,-2.328698050501327,-0.3779185583782915,-1.654733892060796,-0.1942409617525408,-0.4797231966879902,-0.2595673673331953,-0.009900731490782452,-0.10845045955431375,0.0,-0.7923153494856271,3.8350890300254057,3752.6138116861252
Trevor Mullin,-2.70677354572367,-2.1979542719016174,-0.5088192738220525,-1.7076979633301073,-0.025163884052098184,-0.46509242451941174,-0.3768151323758895,-0.07684582103575029,-0.05515832041041271,0.0,-0.6222604500176729,3.8721315589159397,3230.9757226584697
Jahmir Young,-2.707026288687931,-2.4788903897391097,-0.2281358989488212,-1.7190725308312473,-0.17495747524596647,-0.584860383661896,-0.23434575776339217,0.09627103058402534,-0.09006117176945436,0.0,-0.7536080000932915,3.9262451288788838,2634.2899476824828
Owen Dease,-2.7073214309612093,-2.2300168147317625,-0.4773046162294469,-1.8713779354175288,-0.0794792642483405,-0.27915961506589315,-0.2757074478664332,-0.1062985986615294,-0.09529856970148431,0.0,-0.5602360476772474,3.7809746328077503,5017.634160685213
Kolby King,-2.7073302935349046,-2.2763256572631216,-0.43100463627178287,-1.6627707326597274,-0.10851350405768587,-0.5050414205457083,-0.12487351916364187,-0.2104255675053736,-0.09570554960276742,0.0,-0.9196860417115353,3.805339473942927,4351.534824554537
DQ Cole,-2.707851175424122,-2.2180176634469864,-0.48983351197713587,-1.9393491060136807,-0.13629450250637276,-0.142374054926933,-0.21421165243516704,-0.1833112647676844,-0.09231059477428447,0.0,-0.5542904169752746,3.9091095833404643,2790.4128886375074
Camren Hunter,-2.7083155326265445,-2.3395723951277363,-0.36874313749880794,-1.8679610523634782,-0.09276006219589894,-0.3788512805683595,-0.4157350434819086,0.15133084991081247,-0.1043389439277118,0.0,-0.42461943678115777,3.809905300527823,4256.739046298944
Tomas Thrastarson,-2.709426441830383,-2.5108715043495176,-0.19855493748086545,-1.8870014286983134,-0.2756106197216545,-0.3482594559295499,0.0555013451323616,-0.138132681566377,-0.11592360104685002,0.0,-0.8779263582644314,3.9333191271791548,2559.1051310420485
Kalifa Sakho,-2.7103333627651574,-2.300814433896036,-0.4095189288691216,-1.8149836437874942,-0.1595717065036894,-0.3262590836048523,-0.24493932806699648,-0.07235370334532441,-0.09222589745680071,0.0,-0.6504103909106669,3.87632629061161,3136.0169132119627
RJ Melendez,-2.710412824757101,-2.155668216960639,-0.554744607796462,-1.8501886784526316,-0.1061158688374298,-0.19936366967057795,-0.4918764690622718,0.023856166083062055,-0.08672430481725227,0.0,-0.36834767724219797,3.8996998032337107,2874.1743009161873
Daniss Jenkins,-2.710432655001616,-1.9369244694446779,-0.7735081855569382,-1.9003627517988473,-0.006360499848095447,-0.030201217797735158,-0.7189435271873513,0.04582022995973954,-0.10038488832932649,0.0,-0.09112637601541755,4.006090230446303,2085.7347333817006
Nik Graves,-2.711025399187113,-1.8801481230214852,-0.8308772761656276,-1.7100349264200922,0.17127276449325407,-0.34138596109464714,-0.7035395340129276,-0.059758518279753176,-0.06757922387294682,0.0,-0.29745093875409306,3.759393055947778,5777.533285371439
Claudell Harris Jr.,-2.711073467278248,-2.220030999947329,-0.49104246733091883,-1.7987948229825217,-0.09317110834680746,-0.328065068618,-0.341121021241804,-0.04529184779663944,-0.10462959829247544,0.0,-0.5711576230539224,3.830633211466984,3839.8482765574736
Jase Butler,-2.711320550581819,-2.327635985425361,-0.383684565156458,-1.6888032798432786,-0.08569569283677976,-0.5531370127453027,-0.29140450829650444,-0.008487656009913136,-0.08379240085004039,0.0,-0.7311127624420359,3.8983441818962454,2893.338648408604
Max Brooks,-2.71134484740209,-2.3873173806949257,-0.32402746670716404,-1.6884689929920094,-0.13818910596109718,-0.560659281741819,-0.2476490841253587,0.026853985229551125,-0.10323236781135646,0.0,-0.7752267702847215,3.8426024900317097,3638.5836340409014
Azmar Abdullah,-2.7116608070595896,-2.0835326971525396,-0.62812810990705,-1.6581058112065603,-0.20122665556626898,-0.22420023037971043,-0.4378871787604913,-0.07611936692900234,-0.11412156421755637,0.0,-0.6156678170925381,3.829521113281132,3864.233518338116
Wyatt Fricks,-2.71251425505712,-2.1719978125305706,-0.5405164425265496,-1.8225704610847142,-0.1733614242681947,-0.17606592717766173,-0.3685678423131777,-0.06597713991612938,-0.10597146029724258,0.0,-0.5213759516592285,3.8041455189235136,4401.952697449606
Kamari McGee,-2.7125679935432045,-2.187639846250819,-0.5249281472923855,-1.7600926043287979,-0.031052508079845192,-0.39649473384217604,-0.38391185336039546,-0.061115847705759875,-0.07990044622623012,0.0,-0.5685635358540112,3.965595052896644,2306.914036702775
Dylan Addae-Wusu,-2.712646699823545,-2.245391502005718,-0.46725519781782693,-1.808387414862068,-0.022637143041798757,-0.414366944101851,-0.5275093319990846,0.13539436669341529,-0.07514023251215766,0.0,-0.37674995296239217,3.8347765281801225,3767.6694939419813
Deywilk Tavarez,-2.7127451511064233,-2.4543777094342234,-0.25836744167219977,-1.6228900345796968,-0.1457573048980937,-0.6857303699564332,-0.020989518396415496,-0.14729779995824388,-0.0900801233175404,0.0,-1.0688655981303112,3.7869817702784636,4838.568289368417
Zyree Collins,-2.7130940612287997,-2.228236469914947,-0.48485759131385303,-1.855629694527991,-0.18300536634098233,-0.18960140904597322,-0.6126702647094323,0.20412469186413348,-0.07631201846855423,0.0,-0.24479410199137627,3.9237928068664605,2652.275085141867
Matt Rogers,-2.7131711797990867,-2.3448500890058592,-0.3683210907932277,-1.6956815009953545,-0.13402611358893543,-0.5151424744215694,-0.14557858247047245,-0.11189490579438781,-0.11084760252836742,0.0,-0.87191109633326,3.8474868218134013,3541.392479046156
Antonio Baker Jr.,-2.7133449701324883,-2.558361185218518,-0.15498378491397025,-1.8742909199669329,-0.20498352508594575,-0.479086740165639,-0.04460156814623839,-0.03061158958892498,-0.07977062717880687,0.0,-0.7944524820193166,3.966273618572795,2308.4647527923216
Cam Carter,-2.713475223180575,-2.2746914859047007,-0.4387837372758743,-1.783124225281128,-0.19471811638279582,-0.2968491442407771,-0.3238046595813677,-0.026336415737136146,-0.08864266195737044,0.0,-0.6065463383180796,3.807464315157517,4316.396662801053
Isaiah Griffin,-2.7136856769442903,-2.1600113435434145,-0.5536743334008759,-1.93320175110267,0.01701852791621347,-0.2438281203569578,-0.26624976959040025,-0.1869786809755825,-0.10044588283489318,0.0,-0.51423415625122,3.7804035871186845,5024.234796271082
Asim Jones,-2.7137637414457756,-2.19861913201214,-0.5151446094336354,-1.883603428483194,-0.012364682061147825,-0.30265102146779854,-0.4759536198688881,0.05861472443104204,-0.09780571399578936,0.0,-0.3542066930936937,3.8116719847781817,4236.806149652339
Jasai Miles,-2.7139009323504713,-2.301465924251263,-0.4124350080992081,-1.835338892383444,-0.03273539423613067,-0.4333916376316886,-0.1110511925611663,-0.1983162531108879,-0.10306756242715384,0.0,-0.7675108474058611,3.8710270350063927,3197.957575358502
Jacob Hogarth,-2.714476698961164,-2.6273506227428536,-0.0871260762183105,-2.0224896031879034,-0.22090316104349872,-0.38395785851145137,0.07187337925937409,-0.026977436245807583,-0.132022019231877,0.0,-0.7638604750326348,3.912258747564778,2742.7072268179772
Rubin Jones,-2.714874372058897,-2.367331034203474,-0.34754333785542313,-1.7428283332205972,-0.18962277309023495,-0.43487992789264174,-0.3563894010725707,0.07894547054786272,-0.0700994073307151,0.0,-0.6156566377657291,3.8680284129958014,3255.6771375601866
Mike Walz,-2.715617541328944,-2.303387654651284,-0.4122298866776598,-1.7279620305061931,-0.1185906256125665,-0.4568349985325245,-0.08329151560287079,-0.24022960828375828,-0.08870876279103077,0.0,-0.9043639952198801,3.8407829661950754,3653.429260424501
DJ Hall,-2.7156892071586194,-2.1304652959215638,-0.5852239112370557,-1.6125742103209668,-0.10778165019500016,-0.41010943540559697,-0.42073883763399833,-0.07839828564455993,-0.08608678795849753,0.0,-0.6823761592036547,3.904469289088633,2833.019010730999
Myles Tate,-2.716129058248661,-2.4524994793259145,-0.2636295789227466,-1.9107014352189278,-0.09987584538276137,-0.44192219872422545,-0.05459200160081057,-0.11825952972903178,-0.09077804759290423,0.0,-0.7508356214289228,3.910807007437033,2781.532094004013
Anthony Johnson,-2.71630770172895,-2.2442775198935814,-0.47203018183536855,-1.6414756234884909,-0.2899684826031518,-0.31283341380193885,-0.44957370942301,0.08145733880595549,-0.10391381121831406,0.0,-0.6252583688174491,3.9276247016463075,2610.6424444041513
Kareem Rozier,-2.716978566047527,-2.008713392287988,-0.7082651737595392,-1.5792118477080892,0.09169322808741415,-0.5211947726673127,-0.6355919650348949,0.02216020431098406,-0.0948334130356284,0.0,-0.502174753304543,3.7555032216895823,5962.49106805745
Jacob Beccles,-2.717137505184542,-2.268530123814852,-0.44860738136969014,-1.8220852811627786,-0.0953392103686428,-0.3511056322834306,-0.2139653917963325,-0.11486622202168835,-0.11977576755166927,0.0,-0.6810868322254311,3.8622892953905827,3319.316739568664
Damian Garcia,-2.7171467231522355,-2.266793511182768,-0.45035321196946765,-1.9244423923701273,0.08013452921291464,-0.42248564802555544,-0.2005602333929295,-0.15746071567526,-0.09233226290127816,0.0,-0.592144097389179,3.9338480380962135,2564.2788706163024
Shamir Bogues,-2.7171601384416526,-2.4478203343098386,-0.26933980413181424,-1.8638617214187185,-0.10412679626971033,-0.47983181662140956,-0.3909162565239992,0.2095777516997974,-0.08800129930761243,0.0,-0.4623821604989348,3.854341551007359,3442.500806224155
Sean Durugordon,-2.7177186977431678,-2.2053284552410926,-0.5123902425020752,-2.060109725077807,-0.19497296129367925,0.049754231130393456,-0.2650729057179321,-0.14579025007076715,-0.10152708671337593,0.0,-0.39253606694742893,3.886698241628768,3022.950087939219
Tahj Staveskie,-2.717796594316406,-2.2362313568802796,-0.48156523743612645,-1.9386580603929262,0.03928594975682828,-0.33685924624418184,-0.4589609616732646,0.08033372715265424,-0.10293800291551611,0.0,-0.32017757225021537,3.759982036853619,5772.5538380766775
Elias Ralph,-2.718084255565344,-2.036992877683863,-0.6810913778814813,-1.9719038256499186,-0.09677297525103724,0.031683923217092624,-0.24380592356421082,-0.3462046727216729,-0.09108078159559763,0.0,-0.502374506351215,3.775064444017041,5203.16537896814
Kobi Williams,-2.718282296768109,-2.1924360492122417,-0.5258462475558674,-1.6483146283076184,-0.10412024564004431,-0.4400011752645788,-0.45599755741404746,0.030227954208644645,-0.10007664435046462,0.0,-0.6139701110464431,3.8576917899398526,3387.069603245047
Jomo Goings,-2.7182927537497594,-2.618190607581793,-0.10010214616796612,-1.7488803043596601,-0.3042789248711157,-0.5650313783510172,0.05337458668606332,-0.04154125711877957,-0.11193547573524987,0.0,-1.0227870360761624,3.8689795671173206,3252.889335226483
Jaden Daughtry,-2.7185064961640006,-2.393161333229391,-0.32534516293460974,-1.6219823761598087,-0.13317341547717376,-0.6380055415924086,-0.2538126064808948,0.031698193952480996,-0.1032307504061959,0.0,-0.8427115135232973,3.9103938835675693,2779.9230468827323
Terrence Hill Jr.,-2.7187906644841293,-2.004051483931809,-0.7147391805523204,-1.794104217280732,-0.029929331370471796,-0.1800179352806049,-0.445894132471495,-0.1650112746156187,-0.10383377346520668,0.0,-0.47879231473190204,3.891419797883508,3017.941753676332
Hantz Louis-Jeune,-2.7189984329645855,-2.7310987420153374,0.012100309050751726,-2.176883378994245,-0.1636970836685726,-0.3905182793525197,0.05508530363140962,0.06438429506508295,-0.10736928964574084,0.0,-0.5972003576017503,3.8596762614532394,3361.621225787515
Travis Harper II,-2.719447704611449,-2.366041997491541,-0.3534057071199077,-1.7440444775896593,-0.1720356322249846,-0.44996188767689704,-0.23286085693190145,-0.016352525972206253,-0.10419232421580002,0.0,-0.742542370089888,3.8332142481585127,3794.7228608794994
Dayton Forsythe,-2.720494164893369,-2.3163460444585597,-0.4041481204348093,-1.8020050136646761,-0.13394383663389725,-0.3803971941599865,-0.2826188151855933,-0.0183972685229688,-0.10313203672624724,0.0,-0.6358703360430998,3.983576062349068,2206.0425450464527
Camian Shell,-2.7205396187182265,-2.657498939970026,-0.06304067874820027,-1.8541584746152373,-0.14467573683767607,-0.6586647285171128,-0.045579368236298656,0.08910768492611462,-0.10656899543801623,0.0,-0.8208017758666905,3.8442567133828605,3597.834125230709
Milos Ilic,-2.7207817921862514,-2.477501651942915,-0.2432801402433366,-1.8039005022790757,-0.2672636242379959,-0.40633752542584367,0.015021454174634852,-0.17236503296388175,-0.0859365614540897,0.0,-0.931902744081811,3.801536529671356,4446.23742094901
Keon Thompson,-2.7208959365036085,-2.2180190763532095,-0.5028768601503989,-1.8530111474379203,-0.009780672042507266,-0.3552272568727818,-0.31168214723284093,-0.09908660705584228,-0.0921081058617157,0.0,-0.556202641832847,3.755750787036034,5944.314004033411
Bernie Blunt III,-2.721229831283007,-2.1348114471715722,-0.586418384111435,-1.9317876164518777,0.043917218204161224,-0.2469410489238558,-0.5188701856477306,0.027528016976817143,-0.09507621544052162,0.0,-0.27057202918339907,3.806697047043683,4328.186366570979
Dai Dai Ames,-2.7213948737654783,-2.1886602650600726,-0.5327346087054058,-1.727751034684689,-0.08681589794824554,-0.3740933324271381,-0.27672812443877653,-0.16189728054600372,-0.09410920372062558,0.0,-0.716915714642013,3.7683221572891186,5435.072230612591
Ben Oosterbaan,-2.721803782737981,-2.5244124816461744,-0.1973913010918067,-1.8099472802795875,-0.12959355762327104,-0.5848716437433158,-0.13553170507370643,0.0019446428416711181,-0.06380423885977139,0.0,-0.7763247973846871,3.8469841462828613,3550.329871356589
Josiah Harris,-2.7218081452407357,-2.313889263336334,-0.4079188819044016,-1.8720921449825225,-0.20162723935908497,-0.24016987899472683,-0.0689734502827879,-0.2353507279223863,-0.10359470369922744,0.0,-0.7807425499754255,3.8721429876764017,3191.8476659469275
Allen Strothers,-2.7219605157274755,-2.3248590161275122,-0.3971014995999632,-1.8149773398340612,-0.1351528727312653,-0.374728803562186,-0.4426290204103795,0.13547360647850556,-0.08994608566808927,0.0,-0.46435415548303494,3.817520101573725,4081.117865518332
Seth Joba,-2.722090543574455,-2.667057810363473,-0.05503273321098191,-2.093041347081899,-0.16140286557819142,-0.4126135977033821,0.20798888608589816,-0.1653369370277363,-0.09768468226914377,0.0,-0.8370380825784536,3.957190436689476,2375.3119491030247
Qadir Martin,-2.7221086488614175,-1.992554008584509,-0.7295546402769084,-1.8352689034610252,0.031144357909154985,-0.1884294630326389,-0.5429904108004372,-0.10685453289728389,-0.0797096965791873,0.0,-0.3438493345999551,3.8726181363540166,3189.5521858209677
Alston Andrews,-2.7222630245279213,-2.517358725722127,-0.20490429880579447,-2.112599682578383,-0.22342969634847118,-0.18132934679527263,-0.19630163607680995,0.08366210757431505,-0.09226477030329959,0.0,-0.41336170587272836,3.957985291751354,2363.936649324417
Chisom Okpara,-2.7225453948262075,-2.413852585087735,-0.30869280973847224,-1.6929378396752717,-0.20084197800926262,-0.5200727674032009,-0.24349468405445152,0.0341824069645429,-0.09938053264856364,0.0,-0.7861128710964842,3.8322575711790936,3816.5220011089104
Messiah Jones,-2.7227190137647486,-2.2337665462332423,-0.4889524675315061,-1.9648263580044787,-0.13743264602256186,-0.1315075422062016,-0.39342207274409313,-0.00803953864309119,-0.08749085614432177,0.0,-0.3644705830161764,3.991446513514174,2155.281334217195
Jalen Lee,-2.723415253833026,-2.4006301812275956,-0.32278507260543027,-1.940276114554384,-0.14387823548964868,-0.31647583118356293,-0.13319522650680493,-0.0777244115212556,-0.11186543457736975,0.0,-0.6499439127718369,4.008126903281949,2056.303816803098
Selton Miguel,-2.723723697959789,-2.25693775497772,-0.4667859429820692,-1.7670420948136918,-0.08387612770548755,-0.4060195324585407,-0.39080024202884267,0.0262659611218429,-0.10225166207506943,0.0,-0.5658813611172548,3.826340343259851,3918.766003084501
J.P. Estrella,-2.72395478283793,-1.8495989134485211,-0.8743558693894088,-1.7756559082210246,-0.16747709616614576,0.0935340909386494,-0.629334823551275,-0.17180813262831152,-0.07321291320982226,0.0,-0.31896405106563014,4.017070458991039,2015.3845229059934
Corey McKeithan,-2.724422470991618,-2.1911961314759645,-0.5332263395156536,-1.915886741529324,-0.0026384566169927737,-0.2726709333296478,-0.3805378397407117,-0.048378302311014906,-0.10431019746392689,0.0,-0.42799788972158237,3.8284820481389854,3876.8113886200613
Tyler Spratt,-2.724489937124474,-2.18149074735359,-0.5429991897708845,-1.6490991319032504,0.10739377814232759,-0.639785393592667,-0.33778098885503083,-0.09693323486705346,-0.10828496604880021,0.0,-0.7376098163661932,3.9458395460871176,2458.9574222045408
Ian Martinez,-2.7245627284807474,-1.9176303420699061,-0.8069323864108413,-1.5743201044282638,-0.033014946957332286,-0.3102952906843103,-0.7032735338518828,-0.01153450751452377,-0.09212434504443465,0.0,-0.44696909020060105,3.8359687794332844,3742.70314409603
Jaron Pierre Jr.,-2.724906388882528,-2.2372472579373683,-0.4876591309451595,-1.7149360887157137,-0.018968188529069646,-0.5033429806925853,-0.20093648548643211,-0.20179503202372195,-0.08492761343500543,0.0,-0.8090338146803824,3.734089244854959,7035.296297638471
Damian Dunn,-2.725227435899307,-2.397375955846859,-0.3278514800524482,-1.8353588370899179,-0.08785713440445887,-0.4741599843524822,-0.3224338785370766,0.08311553520495257,-0.08853313672032413,0.0,-0.5674347202723126,3.937009850767928,2547.2383749606615
Jacob Hudson,-2.725317473631141,-2.4153891508618486,-0.30992832276929216,-1.8630765115697498,-0.16106254939821424,-0.39125008989388443,-0.24015894256188547,0.037768473679831174,-0.10753785388723786,0.0,-0.6220820194995054,3.8888381969834316,2989.3651156795713
Jake Davis,-2.725579285980678,-1.9041420865152625,-0.8214371994654154,-1.8977547396085597,0.052082258280444216,-0.05846960518714689,-0.5561833528548025,-0.1858634627988155,-0.0793903838117974,0.0,-0.2716411935173156,3.8370144576762466,3744.6119378388084
Daniel Rivera,-2.7258692875082104,-2.485062715331968,-0.24080657217624254,-2.233782312646084,-0.057015107105508556,-0.19426529558037525,-0.0011186865638386223,-0.12302801459267004,-0.11665987101973388,0.0,-0.49096828829828776,3.762248855563557,5669.301507457714
Joshua Ward,-2.726075216869858,-2.279053472359277,-0.44702174451058124,-1.8219882400439475,0.06519074938741537,-0.5222559817027445,-0.3821436572222291,0.021706772469375413,-0.08658485975772755,0.0,-0.5219433196036812,3.8494626633603333,3512.062422787465
Donte Bacchus,-2.726497160656216,-2.3464551378638143,-0.3800420227924018,-1.7891862324412513,-0.1472905102956522,-0.4099783951269108,-0.15653829558422244,-0.13462388130623976,-0.0888798459019396,0.0,-0.7807726326307424,3.823802255222327,3955.621684455479
Joshua Ingram,-2.726523617465225,-2.622829058686304,-0.10369455877892071,-1.7190345457828036,-0.20667642463199795,-0.6971180882715026,-0.0388641477439563,0.027941030414122006,-0.09277144144908642,0.0,-0.968624923938465,3.755601967024804,5934.842679383528
Matt Allocco,-2.7270157415005616,-2.055308384856475,-0.6717073566440867,-1.584849077450217,0.05771444530924727,-0.5281737527155053,-0.42591076364848707,-0.16919988687232307,-0.07659670612327649,0.0,-0.7162559004018575,3.8380164988194467,3688.7704196403615
Jalen Shelley,-2.7274218240680574,-2.1030349451602395,-0.6243868789078179,-1.8586874231974966,-0.08846396356339392,-0.1558835583993488,-0.48883869519787526,-0.053962406214043565,-0.08158577749589906,0.0,-0.3798957056726854,3.9280553022317797,2623.789785956782
Jamal Mashburn Jr.,-2.727781762092608,-2.217645297283273,-0.5101364648093348,-1.811547923726435,-0.10950451165003866,-0.2965928619067997,-0.2905432350071564,-0.09679854620436962,-0.12279468359780879,0.0,-0.6256906033590167,3.8192854044486215,4058.90986797606
Jeremiah Williams,-2.7278143705973124,-2.2240487080811233,-0.5037656625161888,-1.7939220743998583,-0.19733494829543421,-0.23279168538583092,-0.42196432039749654,0.0023267422308144853,-0.08412808434950678,0.0,-0.5119279757999574,3.8166565983198684,4109.639045187871
Joshua O'Garro,-2.727877640375542,-2.2098443301951667,-0.5180333101803751,-1.8589960260774125,-0.17837022825270407,-0.17247807586504998,-0.4519986740392146,-0.004641497062235073,-0.06139313907892542,0.0,-0.4168829402589145,3.753167046364958,6049.239799394512
Keeshawn Kellman,-2.728402923884726,-2.2855539424831917,-0.4428489814015345,-1.8162437491657906,-0.22580808475982123,-0.2435021085575799,-0.150977479684815,-0.19914745752456361,-0.09272404419215585,0.0,-0.7611816950341206,3.9634609317719116,2343.363298484237
Isaiah Wilson,-2.728726054513266,-2.6666637203018593,-0.06206233421140672,-1.8605992235619162,-0.330171573315558,-0.47589292342438494,-0.0858970145917684,0.10896600555436742,-0.08513132517400573,0.0,-0.7822298163595813,3.873893615200042,3163.800205323525
Kellen Thames,-2.729024175545338,-2.2544651439157253,-0.47455903162961277,-1.7682087519020433,-0.15746860357360642,-0.3287877884400757,-0.41587671933006115,0.03332583041254142,-0.09200814271209302,0.0,-0.5449387043132338,3.883574873044959,3052.527143935513
AJ Rohosy,-2.729253124350092,-2.365045340639851,-0.364207783710241,-1.7842945726180734,-0.15712913609032597,-0.4236216319314513,-0.3168306383613302,0.029104034007691265,-0.07648117935660201,0.0,-0.6281279133706881,4.018817170989434,2001.7035151739879
Tyler Burton,-2.729731092081801,-2.537451667038382,-0.19227942504341872,-1.8511215453485237,-0.10239611434230472,-0.583934007347554,-0.03917445122673208,-0.054439551701183544,-0.09866542211550308,0.0,-0.8394350955065454,3.9515728366356697,2411.3525666902115
Dashon Gittens,-2.7303455030290777,-2.2917148652618726,-0.43863063776720523,-1.8128155459159572,-0.16846431886323265,-0.31043500048268274,-0.4630153154826941,0.1197683580227214,-0.09538368030723252,0.0,-0.45451464163042654,3.751977314454429,6110.619253319999
Jaylen Searles,-2.73048079724684,-2.4359512058711066,-0.2945295913757337,-1.869150749743743,-0.04046414094459064,-0.5263363151827728,-0.3441409719403363,0.12712637994992035,-0.07751499938531772,0.0,-0.5171890755627607,3.795396476559225,4602.104570493208
Sash Gavalyugov,-2.7305036379367835,-1.7223410752310082,-1.0081625627057753,-1.7711241581878592,-0.016505669506899495,0.06528875246375054,-0.8889066667023424,-0.03627827505162107,-0.08297762095181173,0.0,-0.07047281304658175,3.982546836699389,2206.7643853860573
Mylik Wilson,-2.7306508702929655,-2.252962587095827,-0.47768828319713813,-1.777897015797279,-0.08698573322961937,-0.388079838068929,-0.2936776238071194,-0.09289173152485254,-0.09111892786516619,0.0,-0.6590762306885671,3.9852908745633537,2189.124224717086
Jackson Holt,-2.730718528342645,-2.162993872621038,-0.5677246557216072,-1.9376526379106835,-0.05893847053790753,-0.16640276417244682,-0.33485337967505957,-0.11087736937327655,-0.12199390667327115,0.0,-0.45821251075690206,3.888801011252562,3002.585412903881
George Beale Jr.,-2.7308205921093602,-2.059365335522264,-0.6714552565870964,-1.7997380827122633,-0.07681118435329903,-0.1828160684567015,-0.4859881113432958,-0.07565899101826207,-0.10980815422553847,0.0,-0.4450943980538011,3.945988847480925,2458.54156684928
Tyler Beard,-2.732232930507779,-2.2255181479704707,-0.5067147825373086,-1.7405826871611552,-0.14881091769517826,-0.3361245431141372,-0.3236189722534929,-0.08865536450791517,-0.09444044577590055,0.0,-0.6680312710931311,3.9126531746825717,2750.9297175053885
Tyler Byrd,-2.7325440776699437,-2.38009651981723,-0.35244755785271353,-1.9248342839728796,-0.0777300802524418,-0.3775321555919086,-0.22548716779677264,-0.0284630445657304,-0.09849734549021052,0.0,-0.5822226259002914,3.959903420852869,2351.586481580557
Ryan Jackson Jr.,-2.732625744520919,-2.236559925280076,-0.49606581924084336,-1.8359624681560172,-0.0007880348371550328,-0.3998094222869039,-0.5099308196408935,0.08208449273182852,-0.06821949233177836,0.0,-0.3867324567240088,4.004855292875517,2066.844969453042
Aiden Tobiason,-2.7326692916094957,-2.1069959538255034,-0.6256733377839921,-1.7385188399808593,0.02415217209001702,-0.3926292859346614,-0.4022075973729575,-0.11142808280141053,-0.11203765760962413,0.0,-0.591942854255679,3.808257619016455,4285.611492186363
D'Maurian Williams,-2.73279949808468,-2.14252182690184,-0.5902776711828404,-1.6367792892623174,-0.1888210930408498,-0.31692144459867244,-0.4476676466380087,-0.04369210416329113,-0.09891792038154056,0.0,-0.648352562184354,3.977461597025318,2239.813104746142
Darius Duffy,-2.733202867556952,-2.21174517045821,-0.5214576970987423,-1.9323986260947714,-0.08791657876602098,-0.1914299655974172,-0.3593816834341851,-0.05916897442619007,-0.10290703923836715,0.0,-0.4414225580279954,3.851778164417239,3465.9162083931833
Jamai Felt,-2.733493700417108,-2.587753840057249,-0.1457398603598593,-1.8948467922103285,-0.30708370599186974,-0.3858233418550507,0.07041156340390531,-0.1406016577045911,-0.07554976605917352,0.0,-0.909058471610685,3.940384893651598,2489.975796492247
Grant Huffman,-2.733542994527112,-2.4072338965803493,-0.326309097946763,-1.871594892913541,-0.07024486621759803,-0.46539413744921,-0.2448708430928031,0.0028206282283285283,-0.08425888308228838,0.0,-0.6170772585207679,3.866779332338417,3256.540381921811
Biko Johnson,-2.7336732996215165,-2.341191715546631,-0.3924815840748852,-1.994064781197038,0.008975150337015125,-0.35610208468660814,-0.36254828704447783,0.06560034688119959,-0.09553364391160694,0.0,-0.3770602313800004,3.8621328995356294,3329.256293770747
Alex Wilkins,-2.7338104628384414,-2.311253417557813,-0.42255704528062843,-1.6117680108258856,-0.17037628504519506,-0.5291091216867325,-0.13372091737428254,-0.1861395056188212,-0.1026966222875247,0.0,-0.9883215346382735,3.888990040611915,3015.473869112494
Kolby Granger,-2.735056449923714,-2.5418520434156293,-0.19320440650808468,-1.8083815249027273,-0.3055109326853304,-0.4279595858275718,-0.033088833617513136,-0.039234516240257866,-0.12088105665031369,0.0,-0.8935860914034738,3.9628151705544417,2333.2199485517167
Quentin Millora-Brown,-2.7350714538538234,-2.3858385097442003,-0.3492329441096232,-1.794290246198345,-0.25812728245531086,-0.3334209810905446,-0.23148210727588658,-0.026720814503005424,-0.09103002233073117,0.0,-0.7092991003795921,3.9950339769758774,2121.5942779541283
Telfort,-2.7354890901654603,-2.3174465741392227,-0.41804251602623765,-1.8656329131837384,-0.13987205581631718,-0.31194160513916735,-0.16838210675022125,-0.17562762777390856,-0.07403278150210785,0.0,-0.701474070231501,3.7941559962962934,4639.745698593337
Quinn Denker,-2.7360067492389906,-2.300115786764044,-0.43589096247494674,-1.8067208306163716,-0.003335137369936292,-0.49005981877773613,-0.20183421632061205,-0.13826330074878423,-0.09579344540555049,0.0,-0.7274517023020071,3.75917362408055,5787.027839607235
Bowen Hardman,-2.7363067832205332,-2.319177535336299,-0.4171292478842341,-2.151186297962521,0.0395466846957504,-0.2075379220695284,-0.13496616196017963,-0.1739735791426009,-0.10818950678145356,0.0,-0.45015432329783245,3.877178403322442,3175.232118855858
Tre Singleton,-2.7374196052839457,-2.4882991272944253,-0.24912047798952022,-1.9061884008088663,-0.1120369685970358,-0.4700737578885232,-0.18134897767902236,0.00926253115477546,-0.07703403146527332,0.0,-0.6498822267960568,3.952335478394338,2418.804215475204
Landon Lewis,-2.73782283983864,-2.519184681002253,-0.21863815883638693,-1.7853030616391912,-0.2718384851148072,-0.4620431342482546,-0.027479472053460796,-0.08631666400798381,-0.10484202277494233,0.0,-0.9250403061459879,3.8572874887403126,3411.420725912298
Hysier Miller,-2.7382208109475634,-2.4167685165751847,-0.3214522943723786,-1.855760022451563,-0.09796877195844432,-0.4630397221651775,-0.14080356598502525,-0.0832678034456813,-0.09738092494167204,0.0,-0.7416572225109752,3.937803964420792,2531.026013943811
Brice Williams,-2.738621653862867,-2.175343895366293,-0.5632777584965745,-1.6095264426623548,-0.0357044158867966,-0.5301130368171414,-0.3130414343258995,-0.15421012102068224,-0.09602620314999274,0.0,-0.816053776874613,3.8104718773068513,4232.894997592117
Josh Uduje,-2.73864063978064,-2.2851136491005195,-0.45352699068012076,-1.8584186024799634,-0.014208826027060889,-0.41248622059349516,-0.17490268286693983,-0.1768083613193844,-0.10181594649379651,0.0,-0.705319354433737,3.822932753288193,3980.9432869222665
Tyler Stephenson-Moore,-2.738819253896833,-2.4214674246848777,-0.3173518292119548,-1.8197691236779279,-0.10764361415577227,-0.4940546868511777,-0.19798948213312517,-0.03323319555591357,-0.08612915152291603,0.0,-0.7210606480857795,3.943504640403612,2482.52666115516
Sam Sherry,-2.7392665471341617,-2.4031362826381675,-0.33613026449599415,-1.8045699847060876,-0.1989343185678723,-0.39963197936420725,0.004014195459485226,-0.21556071747574715,-0.12458374247973222,0.0,-0.938710757887559,3.8762143417112433,3155.124972097543
Koby Brea,-2.7397053678309238,-2.0257495722476984,-0.7139557955832254,-1.5336068876367137,-0.045146766904313074,-0.4469959177066715,-0.45409717014623163,-0.18441593470522483,-0.07544269073176896,0.0,-0.7520013100479783,3.82685293418896,3916.6187503458023
Josh Hubbard,-2.7400879732700227,-2.027308976222642,-0.7127789970473807,-1.6577931382971505,0.04358136350420472,-0.41309720142969586,-0.5399278205239674,-0.09137899060266678,-0.08147218592074654,0.0,-0.5423670144489044,3.7435963966786865,6507.6674818677275
Amarr Knox,-2.740102365790478,-2.018511959916899,-0.7215904058735789,-1.747450559712838,0.10930267418394485,-0.38036407438800596,-0.651384431925501,0.041918653218633695,-0.11212462716671151,0.0,-0.3412673741521389,3.912487685845577,2742.997043281832
Marques Warrick,-2.740597094636537,-2.2337514053534884,-0.5068456892830489,-1.7428912133609804,-0.04384797881928659,-0.44701221317322115,-0.47271300191593524,0.07319366276238001,-0.10732635012949361,0.0,-0.5249928793596214,3.843751521637192,3612.018554673944
Nate Johnson,-2.742022108258175,-2.202208307879178,-0.5398138003789968,-1.5833212963756895,-0.10260407936550062,-0.5162829321379878,-0.5425465225819722,0.09963816089245806,-0.09690543868948269,0.0,-0.6161542893005131,3.742154790493612,6557.805182999675
Tyrell Jones,-2.742022817061418,-2.5509074039069892,-0.19111541315442876,-1.8886485313098502,-0.058474459893225195,-0.603784412703914,-0.11082905787535746,0.013376814372728751,-0.09366316965180005,0.0,-0.7425452278762106,3.9966491182855792,2122.6749353480436
A.J. Hoggard,-2.7423644478922258,-2.203132864977577,-0.5392315829146486,-1.7173075956182244,-0.16266430470023513,-0.3231609646591176,-0.6267623596143613,0.16698677307258752,-0.07945599637287479,0.0,-0.39829449265964,3.8298846925130507,3856.2515760369115
Miles Brown,-2.7425935896077434,-2.2148469048945456,-0.5277466847131979,-1.8208072292235336,-0.05317065370134988,-0.3408690219696623,-0.5071510406227437,0.07743291765313015,-0.09802856174358424,0.0,-0.4146353197614663,4.016700822298152,2005.5259155948293
Brayden Fagbemi,-2.742803492925193,-2.5433873067170882,-0.1994161862081047,-1.8491001122730062,-0.032015384519302886,-0.6622718099247789,-0.37699105148385287,0.24553541771637946,-0.06796055244063129,0.0,-0.5167123291683335,3.8068338771419885,4317.341332306609
Will Tschetter,-2.742876702997133,-2.2347291987100792,-0.5081475042870536,-1.8867176264733796,-0.034967475322057434,-0.31304409691464224,-0.232708554051683,-0.20303135947996095,-0.07240759075540955,0.0,-0.6234505224720702,3.8376802179075433,3717.036027024027
Themus Fulks,-2.742952161783076,-2.1822357983194105,-0.5607163634636655,-1.6418878602219906,-0.12470580003625445,-0.4156421380611656,-0.5399638116400235,0.053126686571737164,-0.07387923839537912,0.0,-0.5611004899210621,3.7313441135855805,7201.858668115676
Quinn Woidke,-2.7431512395758406,-2.318287509871131,-0.4248637297047099,-1.8373549687905577,-0.11685559672625496,-0.36407694435431814,-0.14341831293080554,-0.19099825550135832,-0.09044716127254608,0.0,-0.7623779578544775,3.9918980719690187,2147.5012574838483
Gyasi Powell,-2.7435312268240075,-2.2849951131534976,-0.4585361136705101,-1.8688003530285076,-0.0630455736368635,-0.3531491864881262,-0.22631300829650297,-0.14470757253609268,-0.08751553283791447,0.0,-0.6484178654989968,3.8393555885145076,3680.6444869434245
Wilson Jacques,-2.743945631421488,-2.5474962012046674,-0.1964494302168208,-1.8054683846588562,-0.3539093751023662,-0.38811844144344493,0.007624145671211169,-0.1362882088965884,-0.06778536699144355,0.0,-0.9461013924338432,3.921069908696852,2666.93611430916
Jadin Collins-Roberts,-2.7442723662773822,-2.584032772748336,-0.16023959352904624,-1.905175708945934,-0.0982268877382213,-0.5806301760641808,-0.0375314324392646,-0.019080747736392803,-0.10362741335338883,0.0,-0.8015652248921837,3.7998823327474405,4504.961742716816
Justin Amadi,-2.7457113480750137,-2.531234184929595,-0.21447716314541865,-1.834382236886076,-0.22609648248336564,-0.4707554655601534,-0.23767982213868466,0.13600953482797423,-0.1128068758347082,0.0,-0.6736492890502529,3.852560500915269,3461.288732709808
Todd Brogna,-2.746597969107789,-2.4487588538563685,-0.2978391152514204,-1.916127491921915,-0.24566333741404275,-0.28696802452041104,-0.10662360148540934,-0.07140390341420308,-0.119811610351808,0.0,-0.7238468757004649,3.781651187025098,4990.123041172618
Hamad Mousa,-2.7483679339036,-2.228242336192621,-0.5201255977109787,-1.7087776849181693,-0.05997738681023276,-0.459487264464219,-0.34637187345060566,-0.07501890164381772,-0.09873482261655525,0.0,-0.6932183755348247,3.8449603623200357,3597.603668899228
Hank Alvey,-2.7487769544305056,-2.499787387411524,-0.2489895670189814,-1.869398149521427,-0.0878410753327089,-0.5425481625573885,-0.11876200992875086,-0.032161812924205266,-0.09806574416602526,0.0,-0.760616794980328,3.798692957637183,4544.066060707657
Trey Calvin,-2.7489377026109243,-2.2380613611862907,-0.5108763414246337,-1.7560158060750923,-0.03376599667386618,-0.44827955843733214,-0.4188392716532181,0.009130845165746734,-0.1011679149371623,0.0,-0.5740826248826139,3.90009162559009,2877.6323583200556
Jamarques Lawrence,-2.7490129885062933,-2.2842188836819286,-0.46479410482436445,-1.7453785056706905,-0.06710291806491102,-0.4717374599463273,-0.4136954315835946,0.026930499445846023,-0.07802917268661587,0.0,-0.5899390512520082,3.7572490734128614,5858.436376677013
Mouhamed Sow,-2.7492355263054726,-2.3304703988487123,-0.41876512745676053,-1.9577732449834369,-0.11928844143059125,-0.253408712434684,-0.31019100097937424,-0.008411550859275835,-0.10016257561811047,0.0,-0.48127128034266153,3.908266777117764,2788.0971699498145
De'Shayne Montgomery,-2.749420478112828,-2.3492803782867324,-0.400140099826096,-1.814749762213921,-0.2658410947737238,-0.2686895212990876,-0.5960351400643868,0.256155825635928,-0.060260785397637136,0.0,-0.33863557583452053,3.7851607835471834,4896.861981438974
CJ Noland,-2.7494589720858196,-2.2913147380714878,-0.458144234014332,-1.78169272891413,-0.07607160715547767,-0.43355040200188016,-0.4727348170236226,0.08282357301336932,-0.06823299000407877,0.0,-0.4950314261480673,3.9188130480959646,2696.7192437486074
Jaye Nash,-2.7498644280031677,-2.2900562603060384,-0.45980816769712907,-1.794212733336814,-0.018342051723773456,-0.4775014752454506,-0.2904343344832262,-0.08298666178594745,-0.0863871714279554,0.0,-0.6652173601831269,3.9121533947761176,2740.7477254730065
AJ George,-2.749974095316279,-2.2523398363402034,-0.4976342589760755,-1.9097922739692652,-0.1206885170873804,-0.22185904528355777,-0.2578009524662443,-0.13419636912376054,-0.10563693738607063,0.0,-0.5823808688807693,3.786570390663972,4850.901040315592
Ja'Borri McGhee,-2.750448678709708,-2.243667762884521,-0.5067809158251869,-1.8907421936277742,-0.05243704597475676,-0.30048852328199044,-0.40531535894043635,-0.014539793841697304,-0.08692576304305324,0.0,-0.4543911261414978,3.8216569043785644,4009.083980037094
Jaxson Robinson,-2.750843577163023,-2.0388155394476715,-0.7120280377153514,-1.6436371162118424,-0.1204419949245539,-0.27473642831127526,-0.4537254826464921,-0.17391296896630468,-0.08438958610255468,0.0,-0.6534809783046885,3.878567155254064,3128.2807519435637
Jaxon Ellingsworth,-2.7512035431238875,-2.2574148674657732,-0.49378867565811424,-1.6657166383197006,-0.1080230661772903,-0.4836751629687822,-0.10774255400441801,-0.263483958977089,-0.12256216267660727,0.0,-0.9777443507997687,3.8959507487164635,2920.0109315507116
Amir Lindsey,-2.7516320962245344,-2.373686103928919,-0.37794599229561554,-1.9220154994208904,-0.058657579728629394,-0.3930130247793995,-0.31030453257320734,0.036614495572633604,-0.10425595529504185,0.0,-0.5193120642304371,3.800823620111328,4464.244295977884
Matúš Hronský,-2.7519549143799984,-2.4852981972110304,-0.2666567171689679,-1.9619239165727203,-0.10046316402957668,-0.4229111166087335,-0.22938944583416992,0.05937744379283594,-0.09664471512763391,0.0,-0.5606415519731082,3.886812149872575,3039.121512967021
Deivon Smith,-2.7531337894124635,-2.238058141645148,-0.5150756477673154,-1.7916564350785456,-0.04484267713794707,-0.4015590294286555,-0.414154478019201,-0.021833421522415658,-0.07908774822569872,0.0,-0.547322876314717,3.8649172778150964,3302.5281011416637
Kasen Jennings,-2.7531620318856698,-2.521440706909151,-0.23172132497651887,-1.8855879517555691,-0.0404642722093117,-0.5953884829442702,-0.1122816636905632,-0.014529260477988706,-0.10491040080796699,0.0,-0.7552924164395376,3.776274283178843,5179.756363823778
Grant Asman,-2.754030891503417,-2.392813173001284,-0.3612177185021331,-1.6718779035062206,-0.16941990934158604,-0.551515360153477,-0.46133843859869095,0.17713464319214065,-0.0770139230955828,0.0,-0.6208145493985051,3.8163432645898387,4111.00335851972
Jesus Carralero,-2.7542777393170836,-2.451086235419234,-0.3031915038978496,-1.808072075991739,-0.2556871341426746,-0.3873270252848203,-0.2288974559692823,0.024557238782000293,-0.09885128671056759,0.0,-0.7173082073560622,3.925047911949458,2639.4027465782397
Jaiun Simon,-2.754516322393262,-2.5479206355879436,-0.20659568680531862,-1.828913867345126,-0.16564680224314873,-0.5533599659996689,-0.054415549207416536,-0.04276856520578899,-0.10941157239211309,0.0,-0.8711869058407197,3.9627973660650775,2320.7380184439144
Brandon Whitney,-2.754980080264677,-2.2286162538242755,-0.5263638264404015,-1.6438822361268972,-0.024490482926519952,-0.5602435347708584,-0.3131322334526713,-0.12285427520102926,-0.09037731778670091,0.0,-0.7979656106851085,3.813330041110558,4181.053348458647
Veljko Ilic,-2.755045608131277,-2.481465416315574,-0.2735801918157026,-1.9024365855031211,-0.21301645109179226,-0.3660123797206605,-0.2391867081475922,0.05349158437465823,-0.08788506804276865,0.0,-0.6134223144805632,3.831742454896429,3828.545314327539
Jaden Daughtry,-2.755174049019223,-2.3821568406655986,-0.3730172083536247,-1.8185270850231894,-0.10780509619561934,-0.45582465944679,-0.40766084043045914,0.12323416025712783,-0.08859052818029338,0.0,-0.5289861235655748,3.8059850081703566,4340.45278077448
Zek Montgomery,-2.7553098154857123,-2.3475403854685197,-0.4077694300171926,-1.803147605334237,-0.11465051959891132,-0.42974226053537135,-0.20029140533925271,-0.1119306731649371,-0.0955473515130028,0.0,-0.7518708048122226,3.860943419956692,3359.043574847763
Javontae Campbell,-2.7554461336892593,-2.3060862580667885,-0.4493598756224707,-1.7296039004864812,-0.0024687430167744107,-0.5740136145635327,-0.6220113566306219,0.243226072135976,-0.07057459112782483,0.0,-0.4038308765721559,3.7735937368040964,5276.45223483937
Jalon Moore,-2.755941646450071,-2.5744806707260453,-0.18146097572402564,-1.8418561411852816,-0.22336755426995028,-0.5092569752708132,-0.0745681407107906,-0.018722358739012818,-0.08817047627422223,0.0,-0.8395173645539985,3.853762620389195,3446.612437209689
Nick Jones,-2.7566056161463224,-2.4349403959555698,-0.32166522019075255,-1.717177332199468,-0.06134487652505681,-0.6564181872310447,-0.20284352469204647,-0.029722091520665316,-0.08909960397804077,0.0,-0.8365847592548076,3.916645587115974,2701.5096428880574
Tyler Behrend,-2.7566955881589803,-2.2798654439133363,-0.47683014424564385,-1.7452901267876506,0.021115610103402127,-0.5556909272290877,-0.2913094010869839,-0.10606384922710557,-0.07945689393155445,0.0,-0.7200960602843456,3.9222553542477883,2694.463817543655
Troy Hupstead,-2.756707988253537,-2.4962781972628143,-0.26042979099072255,-1.90831592082411,-0.12022919335173696,-0.46773308308696726,-0.11200915901719832,-0.05225982101397793,-0.09616081095954633,0.0,-0.7363829084122285,3.840730772158132,3654.44460563684
Prophet Johnson,-2.7567169559094844,-2.238803186387666,-0.5179137695218183,-1.9650007895785957,-0.018944105276564843,-0.2548582915325053,-0.5792704836597228,0.14777507676132173,-0.08641836262341732,0.0,-0.21244568267116573,3.751874074868235,6097.367934841657
Christyon Eugene,-2.7569724309417465,-2.461478334321774,-0.2954940966199724,-1.8939178219713804,-0.21010143543946663,-0.3574590769109268,-0.4016493084306648,0.19480820806842888,-0.08865299625773647,0.0,-0.4614053005397011,3.988348314135167,2174.8662272310958
Jamie Bergens,-2.7570014346827745,-2.2531092101729477,-0.5038922245098266,-1.9279859460470914,-0.029934190039599184,-0.29518907408625733,-0.29647017826727273,-0.10124342665090044,-0.10617861959165342,0.0,-0.5325453103684104,3.894625389194967,2930.939979180034
Noel Brown,-2.7570036958755546,-2.3392765720334108,-0.41772712384214394,-1.6070456528127417,-0.26123140521278204,-0.47099951400788714,-0.2177872119438709,-0.0963889785848644,-0.10355093331340863,0.0,-0.9321708311189422,3.9166338049742295,2711.7902011189426
Sheldon Edwards,-2.7570430367613694,-2.166281356762102,-0.5907616799992671,-1.7082146540653225,-0.03725105742128476,-0.420815645275495,-0.5548473955512876,0.04401050689314698,-0.07992479134112648,0.0,-0.49398098714475924,3.9012765231383724,2873.53964440561
Shawn Jones Jr.,-2.757862144539672,-2.433223078029544,-0.324639066510128,-2.035366780073735,-0.2269525455357783,-0.17090375242003086,-0.11993660320850563,-0.08083581021641763,-0.12386665308520477,0.0,-0.6025587612574315,3.800166662904839,4494.361888883351
Ryan Langborg,-2.757933750655491,-2.308937366261201,-0.4489963843942898,-1.7212688987136804,-0.09894589161263392,-0.48872257593488677,-0.3244801513378432,-0.049628447936166456,-0.07488778512028013,0.0,-0.7121847006039673,3.959295055973684,2362.4495209505053
Geronimo Rubio De La Rosa,-2.758155910695138,-2.528250849551287,-0.2299050611438508,-1.6885159174655155,-0.16163789808153028,-0.6780970340042409,-0.13780604324747553,0.010192701731670362,-0.10229171962804562,0.0,-0.9318339499821465,3.8691170523288854,3224.5903211393093
Quel'Ron House,-2.7587647826331043,-2.263227509012966,-0.4955372736201381,-1.9387142527078787,0.11746639063426689,-0.4419796469393545,-0.5227215883212015,0.07715236362579342,-0.04996804892472998,0.0,-0.2973289416040242,3.814649514293536,4159.507940475588
Sam Alexis,-2.75878369783868,-2.290276487196475,-0.46850721064220463,-1.921325384537635,-0.10958258383856978,-0.25936851882027,-0.07572555906608897,-0.28091219081501306,-0.11186946076110259,0.0,-0.7617327542349555,3.842375490759584,3638.182503259986
Devon Savage,-2.7591974812361473,-2.646432639552966,-0.11276484168318104,-1.9083790634610283,0.037247574175343884,-0.7753011502672819,-0.1824414033754645,0.18004588421809978,-0.11036932252581633,0.0,-0.6683770143996546,3.853452578448205,3459.469737269842
Leo Beath,-2.7593351832796404,-2.2369549211179116,-0.5223802621617287,-1.8168144535894866,0.08148220137723272,-0.5016226689056575,-0.5405400976215995,0.11617541791419539,-0.09801558245432467,0.0,-0.4019806320685541,3.875287861116582,3159.4736984615747
Shelton Williams-Dryden,-2.759722994089964,-2.0365245226643838,-0.7231984714255804,-1.6595281883664479,-0.014615359406035977,-0.36238097489189997,-0.4866658842386979,-0.17726053072805156,-0.05927205645883091,0.0,-0.6135289214848184,3.7923367302471265,4700.43362342776
Peter Bandelj,-2.759936950853441,-2.231170149112425,-0.5287668017410161,-1.7371298144301315,-0.13145923968548795,-0.362581094996806,-0.3723606512625148,-0.08649013872324776,-0.0699160117552535,0.0,-0.6504464851607953,3.7759349565804445,5185.537268262435
Andrew McKeever,-2.760141245576888,-2.276893063624401,-0.48324818195248687,-1.6807258026163805,-0.2704320637432939,-0.3257351972647269,-0.2943645166868053,-0.12327764216634149,-0.06560602309934008,0.0,-0.7850509262737024,3.9517223697413355,2426.978346626219
Jasin Sinani,-2.7604370222985195,-2.7448703512537205,-0.015566671044799113,-1.6712181698234034,-0.18163429340886766,-0.8920178880214493,-0.03972505500855239,0.127276217306081,-0.10311783334232771,0.0,-1.049493797466564,3.9146120662374173,2726.0584601320543
Po'Boigh King,-2.7605577885639687,-2.0516707990546745,-0.7088869895092941,-1.8542192577635546,-0.08738434862131621,-0.11006719266980391,-0.6131981041684987,0.00844469925372665,-0.10413358459452204,0.0,-0.29314042663191553,3.7612395087938526,5706.367246603577
Cameron Brown,-2.7606018817539497,-2.4193282034262458,-0.34127367832770394,-1.857523316562169,-0.1547506654909075,-0.40705422137316893,-0.24387538023355582,-0.0047351253525977355,-0.09266317274155039,0.0,-0.6592031849582245,3.9242264013430916,2643.787463926241
Isaiah Richards,-2.760701390439379,-2.0613244780954885,-0.6993769123438908,-1.870918312230082,-0.16606610236675776,-0.024340063498648812,-0.49222081574868337,-0.1272349166658927,-0.07992117992931472,0.0,-0.397562262460614,4.015617004633287,2002.0340673691976
Arrinten Page,-2.7607746451695463,-2.3260889637924698,-0.4346856813770764,-1.8870434842928558,-0.22632038779905028,-0.2127250917005637,-0.2706547615664717,-0.06379923987523912,-0.10023167993536558,0.0,-0.6030763993102186,3.92143191380244,2684.507475825864
Tate Darner,-2.760951479562801,-2.020218847751792,-0.7407326318110089,-1.6788350803453314,-0.025914878395783797,-0.315468889010677,-0.3111418328516091,-0.30807203176706877,-0.12151876719233103,0.0,-0.7709745663658606,3.953839073697958,2403.573973005532
Luis Rodriguez,-2.7610433335924895,-2.3879651248858513,-0.3730782087066382,-1.8531458565932057,-0.12166687362618599,-0.4131523946664595,-0.5116426253011788,0.22011787979152894,-0.08155346319698842,0.0,-0.3962548516981049,3.9894375726038382,2164.4376274161914
Stefan Vaaks,-2.761189055252177,-2.082451502813795,-0.6787375524383819,-1.6070212257654382,-0.11798400996544654,-0.35744626708290994,-0.3790930620499582,-0.1674633843394786,-0.13218110604894512,0.0,-0.7750747674367802,3.8785449634243747,3118.523797732244
Stephan Swenson,-2.761354199645266,-2.2367346046105236,-0.5246195950347422,-1.754106269262289,-0.012039809718256717,-0.4705885256299779,-0.3695394198703772,-0.054000797265449776,-0.10107937789891522,0.0,-0.6377085105125996,3.8277696633557468,3897.9761418435205
Isaiah West,-2.7616088221096478,-2.3638527690406144,-0.39775605306903317,-1.7287939754919002,-0.2643422027828841,-0.37071659076583013,-0.3758868770035865,0.08995487766722671,-0.1118240537326734,0.0,-0.6569279696141608,3.921206761826714,2617.449099018973
Alec Oglesby,-2.7616300353961893,-2.359168463050812,-0.4024615723453775,-1.9640286764647845,-0.10321340425337666,-0.2919263823326504,-0.18959909734430125,-0.12258978844892582,-0.09027268655215043,0.0,-0.6080022615871032,3.833074101147309,3805.173445914308
Matthew-Alexander Moncrieffe,-2.762288486873158,-2.5441245269484076,-0.21816395992475052,-1.9390718142210757,-0.24936602272326747,-0.3556866900040647,-0.1335405104940211,0.002511916181651086,-0.0871353656123805,0.0,-0.6896761621580616,3.960781732780431,2349.920813175195
Kacper Klaczek,-2.7625480540749177,-2.266709827231659,-0.49583822684325907,-1.666635215889279,-0.22552200323934973,-0.37455260810303015,-0.46565712222020816,0.05781810029676307,-0.08799920491981397,0.0,-0.6302557159654307,3.78149957466962,4985.781560792118
Isaac Jack,-2.7644594879786135,-2.1394307432264634,-0.6250287447521502,-1.7303149045168973,-0.3143379494283702,-0.09477788928119574,-0.26813580926762065,-0.27688520335472566,-0.08000773212980392,0.0,-0.7660087741940955,3.8871349827080532,3008.459955889736
Anquan Hill,-2.7647700626931155,-2.276481155533446,-0.4882889071596693,-1.763694490675725,-0.06260899424216387,-0.45017767061555714,-0.1371137583851691,-0.2446739354206881,-0.10650121335381213,0.0,-0.8639618136322214,3.8046408050380167,4384.6345591420495
Darryn Peterson,-2.7648625858536913,-2.512062371721423,-0.2528002141322682,-1.8076649683179915,-0.007914507278090205,-0.6964828961253416,-0.21412915614437533,0.05260278564256898,-0.09127384363046187,0.0,-0.7430684613913248,3.9945364182099676,2143.866850965532
Dennis Parker Jr.,-2.764917710957297,-2.4040877324722554,-0.3608299784850416,-1.9634772952647803,0.02436809951668914,-0.46497853672416395,-0.3351306141147833,0.08114101068439397,-0.10684037505465228,0.0,-0.46630980157773316,3.8184008751507665,4075.560608188624
Jermaine Washington,-2.764942481563838,-2.3967031039442297,-0.36823937761960845,-1.5939336742978865,-0.11572721709998805,-0.6870422125463553,-0.3484604102376472,0.08116052231942436,-0.10093948970138567,0.0,-0.8225483970283046,3.831459504700072,3809.7054749425515
Janko Bulajic,-2.7651797746633444,-2.2706071655318185,-0.49457260913152573,-1.7375531276962153,-0.18704037036056917,-0.3460136674750338,-0.3944160147757585,0.0009888796911509123,-0.10114547404691816,0.0,-0.6332106321913703,3.9954093770548247,2106.513469132855
Angelo Brizzi,-2.7653352005367324,-2.127084681059915,-0.6382505194768173,-1.5603979772509347,-0.04779110700465841,-0.5188955968043221,-0.8220587363469949,0.2869816223081031,-0.10317340543792548,0.0,-0.38287848693880283,3.782138768585419,4982.894084909156
Kerrington Kiel,-2.7659515730025985,-2.263566483082455,-0.5023850899201436,-2.138211868670352,-0.16866239752591425,0.043307783113811615,-0.49326463051644814,0.061327626701542626,-0.07044808610523813,0.0,-0.13447507381579815,3.997495774961055,2099.4070413282025
Boo Buie,-2.766134119481941,-2.3370446527756314,-0.42908946670630943,-1.8220743733436482,0.021059807983425882,-0.5360300874154094,-0.33378906067853686,-0.008795576386053577,-0.08650482964171902,0.0,-0.610270685459756,3.9158218148433193,2720.8288713650036
Malachi Davis,-2.7674234931626485,-2.180870869136392,-0.5865526240262567,-1.8552666965334752,-0.04618433668587088,-0.2794198359170458,-0.5755697411097954,0.09191867021081757,-0.10290155312727893,0.0,-0.336587055519378,3.779663388980094,5085.184075190418
Leo DeBruhl,-2.76760973428804,-2.729176651329793,-0.03843308295824685,-1.898255152016176,-0.37093347606475624,-0.4599880232488613,-0.14314739249078895,0.18837697267051698,-0.08366266313797488,0.0,-0.7262071897810755,3.891453359142081,2972.3395584773134
Jacob Ognacevic,-2.767769522842322,-2.2041231093695526,-0.563646413472769,-1.727236333586375,-0.2128371802537728,-0.2640495955294049,-0.3565846561317567,-0.1135626567676124,-0.09349910057339984,0.0,-0.6839485331241899,3.860287261817955,3360.7848972962565
Andrew Akuchie,-2.768018674169448,-2.58838457347359,-0.17963410069585783,-2.0672653316919045,-0.13593926884978388,-0.3851799729319018,0.023864638085979828,-0.1155644040912106,-0.08793433469062704,0.0,-0.7246179805635233,3.8876728168403547,3001.9105011338747
Dejour Reaves,-2.7683001521205126,-2.2316986641191017,-0.5366014880014108,-1.9835259325294494,-0.003976702618510797,-0.24419602897114173,-0.5430991492343473,0.11150396113665625,-0.10500629990371976,0.0,-0.24167507035671604,3.7467810098541245,6335.472408684735
Tom Beattie,-2.7685830814591417,-2.7354401373628288,-0.033142944096313076,-1.8060595004122044,-0.2768343289767578,-0.6525463079738666,0.22390780015613265,-0.15470797893080557,-0.10234276532164016,0.0,-1.18643138120307,3.7667981954842027,5486.367608785218
Eli Ellis,-2.76869007502324,-1.9649108070902683,-0.8037792679329715,-1.564209666410364,0.005304903503011882,-0.4060060441829163,-0.6440978705532325,-0.05825756461320232,-0.10142383276653669,0.0,-0.5603825380596434,3.975639272249896,2238.098870253393
Chris Mpaka,-2.7693260576768695,-2.696248395424357,-0.0730776622525123,-2.1565553979102994,-0.49865787788077365,-0.041035119633284156,-0.10498936749662752,0.12107409263951974,-0.08916238739540452,0.0,-0.5077812922699426,3.9398375712760374,2503.046013950713
Caleb Love,-2.7693646030988743,-2.127887100216161,-0.6414775028827134,-1.921298205691947,-0.09848765018664905,-0.1081012443375648,-0.3527148840924386,-0.20699278868413523,-0.08176983010613958,0.0,-0.4953515133144887,3.764568806170833,5602.11849049309
Anthony Pritchard,-2.769811833290806,-2.4857447183303396,-0.2840671149604662,-1.9081983333075843,-0.1476142673722997,-0.4299321176504556,-0.2973632452471045,0.12424163521757134,-0.11094550493093305,0.0,-0.564250254736117,3.8272947693224717,3892.508245736006
Stephaun Walker,-2.77039884329525,-2.4968160160065063,-0.27358282728874384,-1.953591261589797,-0.3260679169027395,-0.21715683751396983,-0.1214139718273115,-0.060676625055004915,-0.09149223040642739,0.0,-0.6953936098781417,3.9630869947421608,2333.941520512145
Langston Reynolds,-2.770480715635633,-2.6099146697000952,-0.1605660459355378,-1.5754268766169108,-0.2577503602478103,-0.776737432835374,-0.13257484652927165,0.06361025191595568,-0.09160145132222183,0.0,-1.0624789924894504,3.7517062227116362,6095.591363228044
KyeRon Lindsay-Martin,-2.7705665017896313,-1.9800351678487915,-0.7905313339408396,-1.928578896320142,-0.014794503807668197,-0.03666176772098123,-0.5809217378344103,-0.13769356345968448,-0.0719160326467448,0.0,-0.2610658676350787,3.895223078429785,2919.2184687160334
Riley Parker,-2.7706492386943804,-2.829238189278615,0.05858895058423495,-1.6772052597935674,-0.21124010406202817,-0.9407928254230196,0.19464269410577573,-0.018251252772389287,-0.11780249074915149,0.0,-1.2880866730065885,4.009243778431266,2047.746946233582
Anthony Dell'Orso,-2.7707053350503292,-2.253761218045021,-0.5169441170053083,-1.7087947373135777,-0.045589245651585786,-0.4993772350798576,-0.40201753187355965,-0.034389562366115255,-0.0805370227656334,0.0,-0.6598930658631921,3.756141643004717,5937.15196801632
K.D. Johnson,-2.770813100194668,-2.393877012028058,-0.3769360881666101,-1.6874413738528875,-0.15086246044398324,-0.5555731777311871,-0.44323073701497917,0.16238408691632683,-0.09608943806795776,0.0,-0.6401409893268013,3.8728937271329933,3197.002081492931
Kasen Harrison,-2.7722034272352474,-2.3336833354609587,-0.43852009177428847,-1.77857596103781,-0.07699482863546166,-0.4781125457876872,-0.4450764999134134,0.09091465323536096,-0.084358245096236,0.0,-0.5485509662840239,3.8203424263384025,4040.093761961646
Boubacar Coulibaly,-2.773612885543718,-2.490068414848465,-0.2835444706952529,-1.8657205825485048,-0.2685258804793095,-0.35582195182065035,-0.06484648705120927,-0.1193566263764521,-0.09934135726759154,0.0,-0.8430458159440034,3.994936273745014,2135.9684526000096
Darren Buchanan Jr.,-2.7741618265151615,-2.3186199637548874,-0.45554186276027425,-1.7976976841885102,-0.021015376215312215,-0.4999069033510651,-0.34006867147405917,-0.013000580039962406,-0.10247261124625268,0.0,-0.6363954708525923,3.7759945617219124,5161.877245928445
Chris Bell,-2.7743027689570496,-2.386809242481477,-0.3874935264755724,-1.7636949945659115,-0.10355998908925737,-0.5195542588263082,-0.047942554440993435,-0.21200126978773803,-0.12754970224684092,0.0,-0.9626652199501445,3.7592849324418527,5792.038155337821
Kyndall Davis,-2.7746226508840417,-2.551955606287519,-0.22266704459652265,-1.9523748502050848,-0.16386272750154235,-0.43571802858089154,-0.2280023997231997,0.10891384765143589,-0.10357849252475884,0.0,-0.5942454009557568,3.8063454004408412,4331.161641489563
Chas Stinson,-2.7747075253963347,-2.4129395180320166,-0.36176800736431813,-1.9877239977952144,-0.14398922263212968,-0.28122629760467277,-0.1748474250926086,-0.08050981299417276,-0.10641076927753679,0.0,-0.612136102508512,3.7911953022308564,4711.917559468089
Shereef Mitchell,-2.7757337560207347,-2.342105967008869,-0.4336277890118656,-1.7237137875405713,-0.01931144731348186,-0.5990807321548158,-0.3968146864835591,0.06247738241872827,-0.09929048494703474,0.0,-0.6552052819966042,3.908674320054206,2784.643015472664
Blake Hinson,-2.7759089491335,-2.1249019487181857,-0.6510070004153143,-1.8596904177803086,0.019186106910663053,-0.28439763784854033,-0.4603333885880485,-0.11407705641965006,-0.07659655540761583,0.0,-0.4558851427651432,3.984422864751,2199.573501308563
Deng Garang,-2.776848157409154,-2.37158348564836,-0.405264671760794,-1.8493767409715032,-0.038137684000479205,-0.48406906067637745,-0.2147325611668297,-0.08960139701771991,-0.1009307135762444,0.0,-0.712738855270821,3.848871939317567,3519.428501392999
Nate Pickens,-2.7769729825451774,-2.0938522192993925,-0.6831207632457852,-1.8513983881758713,0.016349024552214986,-0.2588028556757363,-0.43543112545658463,-0.16067377141371766,-0.08701586637548284,0.0,-0.49014346891272187,3.8879602807251916,2988.840849428835
Christian King,-2.778226581051528,-2.305581767694438,-0.47264481335708997,-1.714668280160657,-0.14878179686646653,-0.4421316906673142,-0.39218931528630996,0.00937100867150431,-0.0898265067422843,0.0,-0.6713689856045607,3.962838488677861,2333.821153852885
Josh Banks,-2.778228069608456,-2.3160543782946768,-0.46217369131377906,-1.810466882695177,-0.062130584637764844,-0.4434569109617347,-0.4347909506932847,0.07821866396887239,-0.10560140458936675,0.0,-0.532970236219994,3.8697227106990306,3238.950160429741
Max Mackinnon,-2.7785985989026902,-2.212700418683043,-0.5658981802196476,-1.749491610746328,-0.19335548243092338,-0.26985332550579133,-0.23865617069716605,-0.21969271576455868,-0.10754929375792284,0.0,-0.7904508174591963,3.7506079642122274,6165.6310569138905
Joel Armotrading,-2.7787464936970228,-2.135897627819402,-0.6428488658776208,-1.9431449901051014,-0.10710892470896323,-0.08564371300533746,-0.4868455273553723,-0.08204189780954979,-0.07396144071269872,0.0,-0.3487559762365492,3.8888301412689654,3002.4534557747356
Trae Broadnax,-2.7792515885544797,-2.2286222593696365,-0.5506293291848433,-1.8616580211402318,-0.07462204365183951,-0.2923421945775653,-0.34434912351031977,-0.12033908034854635,-0.08594112532597717,0.0,-0.5732444439039283,3.744735083082823,6437.341822233583
D'Marco Dunn,-2.779496060118749,-2.1956537105299856,-0.5838423495887636,-1.708894772896639,-0.1590526094777295,-0.32770632815561707,-0.4838185373763154,-0.018637756524154385,-0.08138605568829381,0.0,-0.5867827498457947,3.9806382732459533,2222.2582322242797
B. Artis White,-2.780279072324342,-2.485739896353638,-0.2945391759707037,-1.9604345641908383,-0.06431287406993559,-0.4609924580928643,-0.09905720567165377,-0.07898971405151549,-0.11649225624753447,0.0,-0.7207873024618499,3.9703175940884012,2283.7525313084852
Garrett Hien,-2.780424283077561,-2.452643564857275,-0.3277807182202861,-1.706046447382365,-0.18060892527654177,-0.5659881921983682,-0.2536504990802875,0.030706845572745153,-0.10483706471274377,0.0,-0.8207273366149086,3.8809677497969988,3088.9220162881456
Kody Clouet,-2.780669022601392,-2.131316477071772,-0.6493525455296201,-1.8399887386115648,0.0008779223708377248,-0.29220566083104493,-0.44004864467956784,-0.12153682772727163,-0.08776707312278068,0.0,-0.5006316393102596,3.8051525029099307,4380.028115520651
Kyle Pulliam,-2.7807624216183124,-2.5474472506000385,-0.23331517101827376,-1.9086105599664103,-0.20100024472099604,-0.4378364459126318,-0.16343210147298048,0.05118372587418682,-0.1210667954194801,0.0,-0.708719760178921,3.866918214406613,3277.9461064049747
Dillon Jones,-2.780935377996659,-2.42964417048658,-0.3512912075100787,-1.7031431276399065,-0.12931187542873213,-0.5971891674179417,-0.30768718403667533,0.04025637816447866,-0.083860401637882,0.0,-0.7701050663200771,3.923061585677563,2649.363270030624
Jeremiah Jenkins,-2.780999084470051,-2.3979704906157506,-0.3830285938543003,-1.9464146847283155,-0.1263944145490439,-0.32516139133839106,-0.2908544133017854,-0.007638635943046201,-0.08453554460946872,0.0,-0.5437299864399499,3.8952530159706766,2929.478674692826
Jacobi Wright,-2.7812401589305216,-2.285261887911306,-0.49597827101921577,-1.984179351645325,-0.16299415646407037,-0.1380883798019107,-0.2868015936071069,-0.12502076526245468,-0.08415591214965423,0.0,-0.5102592136780899,3.855723346649916,3419.9737133767435
Tyler Patterson,-2.7816832770451017,-2.3480192066775207,-0.43366407036758114,-1.593614062631694,-0.044501832091487475,-0.7099033119543395,-0.39774757208209566,0.061590917477727714,-0.09750741576321321,0.0,-0.7903216423313125,3.8348606777850507,3757.632628852454
Rakim Chaney,-2.7822243100311015,-2.1572179525484048,-0.6250063574826965,-1.8454062582402724,0.03593647760645377,-0.3477481719145862,-0.45781693991930694,-0.07560779892148575,-0.09158161864190378,0.0,-0.4790011118715219,3.9192369640615543,2680.531017562829
Jalen Sullinger,-2.782330243812469,-2.109604840426381,-0.672725403386088,-1.847827570308116,-0.0207321943330403,-0.2410450757852247,-0.602668549655195,0.0353348405324638,-0.1053916942633568,0.0,-0.331834123849158,3.825034495826869,3947.415575127875
Justin Hill,-2.782365283609911,-2.3910535066339107,-0.39131177697600056,-1.800287843808413,-0.06283087283614627,-0.5279347899893517,-0.25467594296874446,-0.022769245900839605,-0.11386658810641646,0.0,-0.7274014968327541,3.8551006128360275,3430.8106190116096
DeMarr Langford Jr.,-2.7823958743772033,-2.2213122151960554,-0.5610836591811479,-1.8317653900325885,-0.06715041521563284,-0.32239640994783414,-0.55381303519399,0.08045566512922409,-0.08772628911638188,0.0,-0.3968174491506247,3.8806770172150635,3091.3683625053363
Damon Wilkinson,-2.7825457677413112,-2.159061546781727,-0.6234842209595841,-1.9195717183893086,-0.11243136526735203,-0.12705846312506608,-0.3853183868767498,-0.14075712825585057,-0.09740870582698373,0.0,-0.47765566247525243,3.9042445846090876,2832.0720879226938
Bryan Etumnu,-2.783259802875197,-2.696662204824391,-0.08659759805080616,-1.999241345013516,-0.22237470214035612,-0.4750461576705193,-0.0933644919767963,0.13244644654046403,-0.1256795526144739,0.0,-0.6906539658848854,3.8722122340028235,3198.7438287338896
Zawdie Jackson,-2.783481011807014,-2.2698313419184224,-0.5136496698885915,-1.7874468523927993,0.004989898026489942,-0.48737438755211326,-0.47033257222252034,0.02098967347149637,-0.06430677113756753,0.0,-0.5257015871916945,3.8040507388631974,4399.134541510515
Mason Gillis,-2.7835309166912126,-2.081797454190479,-0.7017334625007339,-1.6145735722682677,-0.12696306807412647,-0.3402608138480849,-0.4474657534637849,-0.18559085129171138,-0.06867685774523763,0.0,-0.7214915909591604,3.8993394657001357,2888.341919981422
Blaise Threatt,-2.783895764200984,-2.2436053486589826,-0.5402904155420014,-1.896955973433101,0.05093125254369757,-0.39758062776957925,-0.3989029545141971,-0.0343529711252146,-0.1070344899025897,0.0,-0.488036836253686,3.8959652157624856,2912.615087615818
Tijan Saine Jr.,-2.7852145750414796,-2.146918050505982,-0.6382965245354977,-1.815670010639667,-0.09931094707651217,-0.23193709278980287,-0.40827493975869944,-0.1334612893075097,-0.09656029546928857,0.0,-0.5612696246431133,3.8699827550012698,3212.2096321085087
DaJuan Gordon,-2.7853969781584076,-2.5205048298704225,-0.264892148287985,-1.8247788329000552,-0.26275775416600267,-0.43296824280436425,-0.28404666484747454,0.10115659258856083,-0.08200207602907134,0.0,-0.6765714804108773,3.993228756085184,2142.8369039787285
Cruz Davis,-2.785471646382855,-2.420468752061144,-0.36500289432171074,-1.87809972882317,-0.08361718532122207,-0.458751837916752,-0.22847195449182034,-0.04787661168856822,-0.08865432814132217,0.0,-0.6788999630678645,3.7517959499754525,6111.662974849438
Sam Godwin,-2.7864227594463298,-2.2771124389467152,-0.5093103204996146,-1.8522237701675452,-0.2865090494011495,-0.1383796193780203,-0.40693954671712,-0.01753226769715873,-0.08483850608533589,0.0,-0.5272594425616643,3.990616920155974,2150.233399402583
Mor Seck,-2.786633415105678,-2.7396786852188533,-0.04695472988682464,-1.9648199632977275,-0.2879390324146228,-0.486919689506503,0.22317400797558995,-0.1881364545958914,-0.08199228326652319,0.0,-1.0449874597835405,3.926211414675665,2615.968719535703
Austin Green,-2.7868154979141275,-2.3575102122207285,-0.429305285693399,-1.729641871542837,-0.22893088674964548,-0.3989374539282459,-0.23810346717386555,-0.10970912164886909,-0.08149269687066432,0.0,-0.8190701591974249,3.905873057601965,2818.081362794863
Trent Mosquera,-2.787054097659669,-2.4143549671674855,-0.3726991304921834,-1.7786129629592484,-0.08036818305992559,-0.5553738211483115,-0.21518232056341224,-0.06034002362489474,-0.09717678630387638,0.0,-0.7932588141370082,3.8313427944586174,3819.485819193713
Keiveon Hunt,-2.787057088800731,-2.2626302544466292,-0.524426834354102,-1.7388345618257441,-0.2291900124477783,-0.2946056801731066,-0.4343199749384119,-0.021243527777450408,-0.06886333163823966,0.0,-0.613902552036575,3.9985545082720537,2106.474561563441
Tommy Bruner,-2.788635398222904,-2.3035153634138013,-0.48512003480910276,-1.8312339965321884,-0.20078213768005404,-0.27149922920155867,-0.3119166739605807,-0.05949830561303406,-0.11370505523548803,0.0,-0.6454847277301348,3.9591751387320224,2374.2545376126204
Rashaan Mbemba,-2.7892856573778064,-2.2182860199855736,-0.5709996373922328,-1.6699352985425,-0.383601291890967,-0.16474942955210697,-0.31406229832170685,-0.16202813972094407,-0.09490919934958181,0.0,-0.8052880605135999,3.921849831666377,2655.570471099944
Florian Tenebay,-2.789573680080691,-2.479303906965143,-0.31026977311554815,-1.7618424743318013,-0.24105052255860304,-0.47641091007473885,-0.22944327455197006,0.022320061337339395,-0.1031465599009175,0.0,-0.79828793119692,3.87156929505976,3205.5252491573256
Brant Byers,-2.789706512414861,-2.209751932798247,-0.5799545796166141,-1.606071919766767,-0.023078621816202294,-0.5806013912152778,-0.4348658303649803,-0.05598858550429515,-0.08910016374733873,0.0,-0.7487687622831141,3.8022688457797575,4426.320437340014
Tanner Toolson,-2.790184126196736,-2.0089966962728747,-0.7811874299238616,-1.9946614888900256,0.051891304756662815,-0.06622651213951208,-0.5364554127369215,-0.14668575365271622,-0.09804626353422384,0.0,-0.2590672245697893,3.7773650986983687,5140.403745977088
Emil Skytta,-2.7901978677454764,-2.645149701091475,-0.14504816665400133,-1.8547065529374784,-0.2903211888460816,-0.500121959307915,-0.18009333583968812,0.10639634199171574,-0.07135117280602894,0.0,-0.7553979789683098,3.877050313529982,3121.112623907761
Jojo Anderson,-2.7904383163465725,-2.2105732306873147,-0.5798650856592578,-1.608728018269839,-0.14320178471696307,-0.4586434277005128,-0.36976524913969355,-0.08586363887421222,-0.12423619764535201,0.0,-0.8119450489370401,3.891049479704638,2968.604389823169
Christian Davis,-2.790947054660438,-2.2537201649945904,-0.5372268896658475,-1.7855530815447336,-0.1586020328744206,-0.30956505057543604,-0.41849593180076405,-0.038854038583889694,-0.07987691928119377,0.0,-0.5868980413149402,3.863278961860087,3321.9965331670883
Charles Johnston,-2.7916786390206614,-2.2188603014076236,-0.5728183376130376,-1.902136274840747,-0.09231500058455963,-0.2244090259823167,-0.2312997791135572,-0.26917645741934404,-0.07234210108013642,0.0,-0.6582425850663568,3.851578103164323,3495.0154631874275
Divine Ugochukwu,-2.7921673045117705,-2.2902370562968266,-0.501930248214944,-1.5743580866044178,-0.18895855014776194,-0.5269204195446467,-0.3132446664570519,-0.1067401184384443,-0.08194546331944787,0.0,-0.9045645514503009,4.008555849172823,2059.793976098913
Cameron Hildreth,-2.7923141274077135,-2.5999445116896287,-0.1923696157180847,-1.751100607745426,-0.1592322434755971,-0.6896116604686054,-0.11681654826406462,0.010148894765990443,-0.0857019622200105,0.0,-0.9243969713982226,3.8090087007414177,4280.793350308513
Derrick Tezeno,-2.7925135344301033,-2.4643825856840538,-0.3281309487460494,-1.8528569273567563,-0.22277740605767532,-0.3887482522696222,-0.417241556413381,0.1768347067234559,-0.08772409905612433,0.0,-0.5224150506599659,3.9465114307509155,2452.207304856159
Trey Williams Jr.,-2.7926229519274974,-2.1332804038991946,-0.6593425480283026,-1.8280664420272723,0.08125153954935904,-0.38646550142128133,-0.32850102158333905,-0.22413382936354562,-0.10670769708141789,0.0,-0.6360554883168859,3.8850797752121604,3048.6944814079425
Zee Hamoda,-2.7929306425811795,-2.509058548985823,-0.28387209359535653,-2.0353287218518354,-0.14447917403132657,-0.32925065310266083,-0.13055011164684077,-0.037838896673624674,-0.11548308527489111,0.0,-0.6270518090825032,3.8633190172449168,3327.099118344814
Riley Allenspach,-2.793146996596617,-2.190515476118448,-0.6026315204781685,-1.758086350023909,-0.06284184937550914,-0.36958727671903024,-0.3511784359569098,-0.12863209318269445,-0.12282099133856425,0.0,-0.6838822106157981,3.844450057147718,3595.7299197754382
Kyle Rode,-2.793165552110816,-2.3323968590507573,-0.4607686930600585,-1.800283852837628,-0.059785089059745014,-0.4723279171533841,-0.30963929425151504,-0.06068405483967749,-0.090445343968866,0.0,-0.6832424050216728,3.968374805555448,2297.2184707532715
Kaden Metheny,-2.7933316782213256,-2.370183547726371,-0.4231481304949548,-1.6922058135025693,-0.09342160499430195,-0.5845561292294996,-0.23650106190735465,-0.0746791330016795,-0.11196793558592068,0.0,-0.8646248028114017,3.733019892697656,7085.931237450242
Caleb Williams,-2.793728654610123,-2.3971897840636696,-0.39653887054645376,-1.982565517435983,-0.04640565646045722,-0.36821861016722923,-0.328635138038452,0.014503182549091734,-0.0824069150570935,0.0,-0.4825279991356882,3.8230888696000527,3997.0056893395777
Myles Rice,-2.7939978754291364,-2.448776412649373,-0.34522146277976345,-1.9456976252332259,-0.14553550243013244,-0.35754328498601434,-0.2564317186424399,0.0014121853874721757,-0.09020192952479573,0.0,-0.5918685315534704,3.829780319610037,3845.0236066951743
Dylan Andrews,-2.794498416976433,-2.2003088854376496,-0.5941895315387832,-1.7834192231178045,0.015591367789964117,-0.4324810301098092,-0.4818583194672204,-0.03621842740418192,-0.07611278466738083,0.0,-0.5292208743914079,3.7617529501646025,5702.87592426946
Christian Tucker,-2.7945545094833215,-2.240989773704891,-0.5535647357784305,-1.8061238221561786,-0.21688754045799236,-0.2179784110907203,-0.3822123064961475,-0.06914068788935186,-0.1022117413929311,0.0,-0.6062183808309957,3.9350957374799074,2545.9490502891294
Tristan Gross,-2.794619728565993,-2.242561772665064,-0.5520579559009287,-1.8342534837211883,-0.09673510603413298,-0.31157318290974284,-0.37829540016958413,-0.08254176512332873,-0.09122079060801574,0.0,-0.5820708446752203,3.895593155153864,2926.3671310634745
Etienne Strothers,-2.795231929482479,-2.241640907273184,-0.5535910222092948,-1.8355696048107737,-0.22050597859483445,-0.1855653238675759,-0.6769648224243698,0.22911034131384747,-0.1057365410987724,0.0,-0.28269750224733525,3.924934651855517,2630.2329647257857
Chris Mubiru,-2.7954112204817783,-2.3270071374758263,-0.46840408300595215,-1.9850869081697438,-0.055030769770149646,-0.2868894595359327,-0.334500970041514,-0.04987911697598106,-0.08402399598845707,0.0,-0.4758233422705205,3.8489092700232845,3516.285751987837
Erik Reynolds II,-2.795603922563013,-2.163109045710467,-0.632494876852546,-1.7851976202095212,-0.05354461660208497,-0.3243668088988606,-0.406582053706912,-0.1279462006066009,-0.09796662253903306,0.0,-0.6038242486465796,3.781959290900829,5004.070131198969
ND Okafor,-2.796484613310225,-2.6548356729393916,-0.1416489403708331,-1.6308050866419292,-0.4241690830158769,-0.5998615032815855,-0.01569473971092694,-0.01973207211764136,-0.10622212854226479,0.0,-1.1499847869573685,3.8614736529602367,3348.9216930175926
Marcellus Brigham Jr.,-2.7965459662164225,-1.9402633618354093,-0.8562826043810134,-1.7426008835173241,-0.10730784104827167,-0.09035463726981341,-0.6980942975023355,-0.06586126999825673,-0.09232703688042121,0.0,-0.35585078519676305,3.8855167626874767,3034.1178554450853
Nick Janowski,-2.7971342793774707,-2.548553355444903,-0.24858092393256775,-1.8040242755778966,-0.020882916480922414,-0.7236461633860838,-0.0031601520461103094,-0.1535964631211924,-0.09182430876526504,0.0,-0.9899498517534637,3.8673727879637676,3274.605072457459
Tyler Robertson,-2.797906087713037,-2.4837928828088294,-0.3141132049042076,-1.6810655306375124,-0.22479148611452657,-0.5779358660567903,-0.07387878295352962,-0.14080610489227963,-0.09942831705839834,0.0,-1.0429617741219948,3.900960786894667,2868.4085487684033
Aboubacar Traore,-2.7987662807093225,-2.462472802065744,-0.33629347864357845,-1.8891191487063217,-0.20256881887810518,-0.37078483448131705,-0.33138812320507854,0.0900138054126699,-0.09491916085116979,0.0,-0.5782590087979221,3.8611154875439753,3343.454245327007
Rasheed Bello,-2.7995075531948714,-2.545146199342131,-0.2543613538527403,-1.8132609859133144,-0.03163989665320879,-0.7002453167756079,-0.35380975852168395,0.18354984547759332,-0.08410144080864967,0.0,-0.632436808759873,3.85744915567542,3395.892702102912
Pop Isaacs,-2.79969490515983,-2.247796850793157,-0.5518980543666728,-1.725043963177374,-0.21190924349704432,-0.31084364411873866,-0.39341949188754366,-0.0598917528456525,-0.0985868096334767,0.0,-0.6812314500949121,3.7946718969383695,4630.445568709178
Ben Hammond,-2.7997485048809487,-2.42374026699896,-0.3760082378819887,-1.809767605571758,-0.09534971160585065,-0.5186229498213514,-0.42379960528298766,0.1360394067973194,-0.08824803939632048,0.0,-0.5661812940262032,3.822172046011124,3993.8205503345066
Tay Knox,-2.799805463913448,-2.505558802003541,-0.2942466619099072,-2.2291666524354166,-0.20867403127653564,-0.06771811829158858,-0.2564266906481676,0.06523214111038153,-0.10305211237212118,0.0,-0.31421212082986383,3.9690080623938693,2303.855364055349
Derrick Talton Jr.,-2.800186861110805,-2.448045995105347,-0.35214086600545796,-1.907581253219527,-0.0981618197185189,-0.44230292216730105,-0.24000410108123305,-0.036941052683152384,-0.07519571224107253,0.0,-0.6526015068100449,3.9426899546677068,2484.448026312407
Kent,-2.800814861740977,-2.147608416243532,-0.6532064454974453,-1.728869539678873,-0.07287254795629405,-0.3458663286083651,-0.4938756521154841,-0.06662358442178296,-0.09270720896017824,0.0,-0.5780696699466203,3.8986369992936996,2888.875897061268
AJ Braun,-2.8020721548603755,-2.377517214531105,-0.42455494032927066,-1.8259919531073332,-0.2201985935663392,-0.3313266678574325,-0.2779836352504022,-0.06527430609002845,-0.08129699898884,0.0,-0.6980965665026402,3.9175916173248626,2703.582337911119
Makai Richards,-2.803065261014545,-2.7460660697372457,-0.056999191277298994,-1.755011003291351,-0.35576302513623587,-0.6352920413096586,0.244918869076853,-0.18648507908931883,-0.11543298126483317,0.0,-1.2929731268000464,3.972048978180471,2244.985491198858
Lazar Stefanovic,-2.803489891735742,-2.2881841558161664,-0.5153057359195754,-1.8866636600697169,-0.020485831611140204,-0.38103466413530906,-0.5100064739292548,0.07036872156461435,-0.07566798355493494,0.0,-0.40681975773676987,3.8633076412809917,3321.8798839325295
Steve Settle III,-2.8036136702021275,-2.3703473326197844,-0.433266337582343,-1.8688020018207625,-0.01885808224216301,-0.48268724855685885,-0.34038454474285035,0.009126999803840408,-0.1020087926433331,0.0,-0.5944271236385146,3.8167074751189562,4104.493271608515
Trent McLaughlin,-2.80403340121508,-2.1868762325028053,-0.6171571687122744,-1.7294955153018408,-0.07498564038303165,-0.3823950768179327,-0.43492202877686,-0.07929532805536753,-0.10293981188004697,0.0,-0.6396158571363789,3.8028534728372314,4403.315612645868
Beon Riley,-2.8043850457775727,-2.3318631046654406,-0.4725219411121323,-1.800757205546061,-0.15587452609143673,-0.37523137302794296,-0.3289647927496906,-0.03898863897123503,-0.10456850939120664,0.0,-0.6746630474818214,3.90534319110848,2819.5141031575613
Garrett Nuckolls,-2.8047618332627664,-2.299269616538398,-0.5054922167243686,-1.6054281439645854,-0.24246321722462938,-0.45137825534918324,-0.3019127542652461,-0.09522122575989943,-0.1083582366992231,0.0,-0.8974209350329352,3.9117002846599935,2761.1999028734917
Brendan Coyle,-2.8049366619496894,-2.2634291096511343,-0.5415075522985552,-1.8801530549210295,-0.07221906865417399,-0.3110569860759308,-0.4413442551170319,-0.003186321879946122,-0.09697697530157715,0.0,-0.483439351911628,3.775439383020073,5210.93920611708
Bobby Rosenberger III,-2.805023717471533,-2.3197363221534713,-0.4852873953180621,-1.9933826237985242,-0.19512276867184983,-0.13123092968309713,-0.19793380269437355,-0.1716058283670844,-0.11574776425660419,0.0,-0.6137072909786355,3.98158366245462,2212.30956124997
Ponce James,-2.8053218943477707,-2.4963320329276546,-0.3089898614201159,-1.8581362983011296,-0.20932091113434198,-0.42887482349218287,-0.21705346732233644,0.03264481000840645,-0.12458120410618594,0.0,-0.7301321287243042,3.885705677627236,3027.3381922811577
Cam Gillus,-2.805452904021056,-2.370168479356026,-0.4352844246650299,-1.9999275952420004,0.0011896034609623352,-0.371430487574988,-0.2785658167465318,-0.06497826846434314,-0.09174033945415502,0.0,-0.5269594920325238,3.7529260027020954,6060.48412179807
KJ Younger,-2.8059256648711783,-2.239716017052947,-0.5662096478182312,-1.8965903162244537,-0.05219221094366537,-0.2909334898848279,-0.3766029773632352,-0.09059029145913888,-0.09901637899585715,0.0,-0.5327323712834894,3.8986403134850005,2886.7815558993107
Max Klesmit,-2.806477694678493,-2.4950846104198496,-0.31139308425864354,-1.7104282737097496,-0.10185971458207235,-0.6827966221280278,-0.25945644819186237,0.03424241047019411,-0.08617904653697527,0.0,-0.8365929727768814,3.8145636790558752,4144.088204845549
Jaden Henley,-2.8069388920198977,-2.2837293018905402,-0.5232095901293576,-1.5943555972250272,-0.11131860902980059,-0.5780550956357126,-0.29485968257963946,-0.14924115614087363,-0.0791087514088446,0.0,-0.9177236122152315,3.7558084364561024,5944.440639347028
Enoch Kalambay,-2.807940472840409,-2.4006876747943395,-0.40725279804606934,-1.9038501129441618,-0.1415226067040587,-0.355314955146119,-0.23627894677605493,-0.07768245639328006,-0.09329139487673438,0.0,-0.6678114131201922,3.9755517970779555,2237.1656334692075
Latrell Jossell,-2.808324275319164,-2.309391769785498,-0.49893250553366597,-1.6828056647539835,-0.1654457461405954,-0.4611403588909192,-0.5918752326790839,0.20041058914142126,-0.1074678619960033,0.0,-0.5336433778860966,3.857105986991844,3403.7378900640165
Jordan Clayton,-2.8083500758302966,-2.3359432794981876,-0.4724067963321088,-1.780813260246832,-0.09373178802295166,-0.4613982312284039,-0.46277206152532957,0.07596248396742591,-0.08559721877420509,0.0,-0.5647647540581348,3.974826886048544,2253.734647509137
Kobe Rodgers,-2.8086934669715067,-2.3190950699576263,-0.4895983970138805,-1.7645752835527502,-0.18222158883781242,-0.3722981975670637,-0.4348599140492022,0.02256615205682551,-0.07730463502150378,0.0,-0.6092582693695543,3.95557844514262,2368.453596220038
Chance Trujillo,-2.8088479741251593,-2.130967643807915,-0.6778803303172444,-1.8770824327216051,0.09237074558149566,-0.3462559566678056,-0.5549804671055542,-0.007497114750446204,-0.11540274846124395,0.0,-0.37678507429800007,3.865120290543201,3280.2329629750066
Max Fiedler,-2.8093028333093604,-2.59161493599043,-0.2176878973189306,-1.9379056695695218,-0.17072348977613863,-0.4829857766447694,-0.10188744826552087,-0.02473260867446505,-0.09106784037894466,0.0,-0.7695097154743177,3.9594090723412236,2363.1319553471926
Ray'Sean Taylor,-2.809657534694324,-2.1448910710229145,-0.6647664636714095,-1.8825443746669963,-0.0774921650891772,-0.184854531266741,-0.5513815291827883,-0.013245132157157266,-0.10013980233146388,0.0,-0.3757316308445394,3.836254742411741,3745.074550116302
Joe Sayler,-2.8097633155059483,-2.2378416247972917,-0.5719216907086567,-1.9099859653743692,-0.07266627732842747,-0.25518938209449527,-0.2580206576786772,-0.22113515588755145,-0.09276587714242804,0.0,-0.6417566924529021,3.7892115245949074,4778.936644040296
Kyle Rose,-2.8105491928419197,-2.43190485891638,-0.37864433392553953,-2.090734076268398,-0.0698906986059282,-0.27128008404205384,-0.470537195988383,0.17313945932002403,-0.08124659725718056,0.0,-0.2492779205851386,3.987445368895398,2178.6230293412946
All Wright,-2.8108318993896213,-1.9593348746938064,-0.8514970246958148,-1.8290271652773937,0.1692137765423069,-0.2995214859587195,-0.6677694498839084,-0.09725127109118223,-0.0864763037207241,0.0,-0.31403528422831894,3.817561139590092,4091.3396301524026
Xavier Amos,-2.8109963611136384,-2.224238113466934,-0.5867582476467046,-1.7956835918763312,-0.23911922291452398,-0.1894352986760786,-0.24964172599201628,-0.2421213913708128,-0.0949951302838755,0.0,-0.7656710432452909,3.8761048376286222,3142.7284141859373
Quinton Perkins II,-2.8110622406217973,-2.2989480874889883,-0.512114153132809,-1.860989107545626,-0.04620748280347839,-0.391751497139884,-0.5081260949473712,0.10698045048490179,-0.11096850867033954,0.0,-0.44194703812880015,4.012674351269022,2035.33213229079
Otis Frazier III,-2.8112050448804426,-2.3642272516202647,-0.4469777932601781,-1.724079921430479,-0.23261949097924345,-0.40752783921054225,-0.6443792455570564,0.28558496812672907,-0.08818351582985078,0.0,-0.4427458778929075,3.849518504709239,3509.7545984221238
Jason Spurgin,-2.8117892589384184,-2.4612642290421802,-0.35052502989623835,-1.8526780006315935,-0.13086786867424782,-0.47771835973633897,-0.24718969425374876,-0.020947401395854708,-0.0823879342466349,0.0,-0.7119215640530764,3.950538577838261,2432.158745638193
Jabri Abdur-Rahim,-2.8119010721989905,-2.185376677236321,-0.6265243949626695,-1.6241485443568247,-0.05771197528177026,-0.5035161575977258,-0.43479626888687906,-0.11182934446174003,-0.07989878161405042,0.0,-0.7529562589552865,3.9749654378023473,2256.7932214369443
PJay Smith Jr.,-2.8119788579196094,-2.2038553151494216,-0.6081235427701879,-1.793583120346601,-0.02900917334441408,-0.3812630214584066,-0.46992600948734675,-0.03713836315413196,-0.10105917012870916,0.0,-0.5484697280856619,3.8758448754353005,3147.4739607975475
Quinten Post,-2.8121355613363463,-2.425831204490104,-0.3863043568462422,-1.7913426427299521,-0.19745784613571607,-0.43703071562443585,-0.12375152005126022,-0.1691113873517882,-0.0934414494431938,0.0,-0.8970413985551339,4.012735059597662,2029.7721267848715
Michael Ajayi,-2.812368060809156,-2.014518669254023,-0.7978493915551332,-1.809625099395428,-0.03876159260664985,-0.16613197725194534,-0.6383600110879437,-0.1115369020938517,-0.04795247837333784,0.0,-0.3643829503257847,3.7579921584235287,5831.477733795538
Kevin Overton,-2.8124000947493566,-2.164322862886896,-0.6480772318624605,-1.7017076349688098,0.03762481288997879,-0.5002400408080648,-0.5861585691723958,-0.009407058174987465,-0.05251160451507717,0.0,-0.5245338906081507,3.7463046035178826,6364.164461080396
Fousseyni Traore,-2.812735174578129,-2.366963300073916,-0.44577187450421285,-1.7841913457958387,-0.25994050314073447,-0.3228314511373428,-0.16335937509589765,-0.19485687938081903,-0.0875556200274962,0.0,-0.8651844536863925,3.9180238904546134,2700.0954617938487
Braxton Bayless,-2.812954362889812,-2.5722185923106324,-0.24073577057917972,-1.9097915486124741,-0.06726712010971506,-0.5951599235884433,-0.11540834381119985,-0.02140203320781278,-0.10392539356016708,0.0,-0.7877544704661381,3.7695305973589806,5386.833342283018
Thierno Sylla,-2.813945160026475,-2.647406804352251,-0.16653835567422393,-2.0822156617414365,-0.24714144096306295,-0.3180497016477517,-0.00814961450613183,-0.08732877482689382,-0.07105996634119827,0.0,-0.7235798837789068,3.997510283784136,2119.6386793922857
Delyle Williams,-2.8139773925432876,-2.5095861966618775,-0.3043911958814099,-2.047436075601476,-0.2980864183605323,-0.1640637026998697,-0.1592582558846476,-0.028816203328857842,-0.11631673666790446,0.0,-0.6072830610571642,3.9930792569890334,2132.9445009923165
Hudson Mayes,-2.814259052533394,-2.3619012480256774,-0.45235780450771673,-1.792277304265806,-0.08404355741758514,-0.4855803863422864,-0.3336517532426046,-0.0476808496551502,-0.07102520160996195,0.0,-0.6883299950249837,3.9408607445211654,2498.010266636335
Lee Dort,-2.8142605351573597,-2.570989521086829,-0.2432710140705304,-2.107889344149428,-0.26469601528034187,-0.19840416165705943,-0.25764930062464153,0.07707076734459697,-0.06269248079048584,0.0,-0.44872189038329013,3.904936547821563,2825.529213864209
Kellen Tynes,-2.814300444201338,-2.5437458832091724,-0.27055456099216585,-1.8611152627670549,-0.11363682256884271,-0.5689937978732749,-0.4430983786614591,0.2737100296195102,-0.10116621195021691,0.0,-0.5100868027728243,3.814891576804831,4144.035783329611
Andre Henry,-2.815120819691386,-2.347599730956639,-0.46752108873474735,-1.8614218514172345,-0.05644797898438497,-0.4297299005550197,-0.32658443554774075,-0.048562305374148476,-0.09237434781285812,0.0,-0.6271145327264113,3.819321329868965,4062.5805310555597
Connor Turnbull,-2.815170104711788,-2.564998993419187,-0.25017111129260083,-1.9857615519340548,-0.26794822169619115,-0.311289219788941,-0.1909873351005561,0.011643563289689879,-0.07082733948173459,0.0,-0.6384212176771769,3.984442997326284,2211.7089788807352
DaMariee Jones,-2.815894046836159,-2.166940253266329,-0.6489537935698302,-1.8855879078488913,-0.09471362751132878,-0.18663871790610886,-0.6969732659280213,0.14916238682121113,-0.10114291446301998,0.0,-0.2333328730592465,3.8558727972849454,3424.9533891380315
Vlad Salaridze,-2.81597237633941,-1.9954268428279063,-0.8205455335115038,-1.9475448158887911,-0.11830212127638098,0.07042009433726604,-0.8986324750085914,0.14224785212505017,-0.06416091062796256,0.0,0.030204914557972667,3.8467721043608223,3554.8309968917115
Braylon Mullins,-2.8159935691487226,-2.3128030374482083,-0.5031905317005143,-1.7686019871979872,-0.19569239283007642,-0.3485086574201445,-0.542925494598232,0.11590787560109347,-0.07617291270337584,0.0,-0.5044660873525033,3.9142055937749918,2754.828707400453
Trey Alexander,-2.8163050279746957,-2.4052163700851956,-0.4110886578895001,-1.75299114861493,-0.08774438852061787,-0.5644808329496475,-0.14436825390578756,-0.17677841504798456,-0.08994198893572801,0.0,-0.9189456254539778,3.8942173432675453,2944.728541806997
Justin Menard,-2.8167250729307116,-2.3133033249574657,-0.5034217479732459,-1.8177582799536638,-0.007975525144668871,-0.487569519859133,-0.6228553742684426,0.20841319492856866,-0.08897956863337197,0.0,-0.3761114187086052,3.823256639895709,3973.931792748769
Josiah Moore,-2.817447897688096,-2.3291042376427757,-0.4883436600453202,-1.9725303160976682,-0.0694165860075071,-0.28715733553760037,-0.32593678612021476,-0.03752121721646645,-0.124885656708639,0.0,-0.5189807954702129,3.9237194996472478,2646.554112578001
Allen Flanigan,-2.817525828810168,-2.337575141434071,-0.47995068737609714,-1.853677845898114,-0.10215352333518009,-0.38174377220077704,-0.34094043076116365,-0.029825008545957966,-0.10918524806897548,0.0,-0.6229075521508906,3.9929023854231303,2160.140793532173
Christian Winborne,-2.8177318310812804,-2.3102946984593564,-0.507437132621924,-1.846983196146826,-0.06911714020538359,-0.3941943621071469,-0.640693078997157,0.23885392578771072,-0.10559797941247773,0.0,-0.3300555559372975,3.8856015181512125,3026.0226691433495
Tanner Cuff,-2.817748073040674,-2.49728226539495,-0.32046580764572413,-1.5913201794364997,-0.12828301124291122,-0.7776790747155391,-0.2640320626700892,0.016667108550369944,-0.07310085352600489,0.0,-0.9623958309340853,3.895234927039996,2932.0056393586588
Isaac Williams IV,-2.8180039484334793,-1.905716344814872,-0.9122876036186074,-1.6670175209788638,-0.05757823479847522,-0.18112058903753292,-0.7202849766646513,-0.07525857663128856,-0.11674405032266756,0.0,-0.43070145078996425,3.8515818562538993,3484.560491864233
Michael Cooper,-2.8180885761454104,-1.7687011035478286,-1.0493874725975818,-1.6936723853925602,0.10778249417235963,-0.18281121232762798,-0.8422254200828797,-0.12599818804733853,-0.08116386446736354,0.0,-0.28219077066997045,3.951080564316879,2436.1854959557777
Iaroslav Niagu,-2.8182528595373766,-2.731973865051857,-0.08627899448551986,-1.9196312378432148,-0.3937153504361877,-0.418627276772454,0.23058628915281032,-0.2180341802279633,-0.09883110341036687,0.0,-1.129207910846972,3.9252747609643786,2621.9875147155963
Devin Haid,-2.8183448432683975,-2.338261075026079,-0.48008376824231885,-1.823422654152044,0.03533432868704364,-0.5501727495610782,-0.38850891038400914,0.0008610021429320547,-0.09243586000124175,0.0,-0.6064132787323442,3.957215580035895,2374.8685404512025
Larry Hughes II,-2.8188243461317213,-2.2273772248986097,-0.5914471212331115,-1.779213098585924,-0.014399041318188921,-0.43376508499449695,-0.4358970127098591,-0.05703411588609784,-0.09851599263715458,0.0,-0.6037142348359383,3.792437867526494,4679.297166299004
Xavier Spencer,-2.8190013296952063,-2.6434938869985762,-0.17550744269663,-1.9820205757387352,-0.23668849901582706,-0.42478481224401404,0.10760986624024682,-0.17863076342740336,-0.10448654550947345,0.0,-0.9445906201967179,3.8575356085105836,3389.3948953930385
Connor Dow,-2.8191323504720303,-2.1217323253891767,-0.6974000250828535,-1.8096142585180013,-0.14578639227103016,-0.16633167460014509,-0.5157175820153596,-0.06309250422773933,-0.11858993883975455,0.0,-0.49380050993866914,3.8227035699242986,3986.451229504949
Miles Kelly,-2.819464543147487,-1.9817150754736206,-0.8377494676738664,-1.7634125294324487,0.06681580571531529,-0.28511835175648703,-0.6901412527178981,-0.06395184624776792,-0.08365636870820041,0.0,-0.3659107609971401,3.8070817962079144,4333.628477624343
Simas Lukosius,-2.820188339171067,-2.392688117046506,-0.4275002221245614,-1.8017923317485574,-0.11333102869302258,-0.4775647566049261,-0.29859803989904743,-0.04326191079309939,-0.08564027143241462,0.0,-0.7197979675234626,3.822941016108167,3993.20326313044
Lynn Kidd,-2.820697456928029,-2.4167157120131746,-0.4039817449148545,-1.6209999999069387,-0.3126329816628001,-0.4830827304434356,-0.1610886802481019,-0.14535818281163723,-0.09753488185511536,0.0,-1.0386087767729884,3.93163873382098,2570.659954960323
Chase Robinson,-2.8207097298109933,-2.0969581028214908,-0.7237516269895026,-1.7244239285210834,-0.0021251375580122467,-0.37040903674239506,-0.826028976348634,0.2048296066643717,-0.10255225730524019,0.0,-0.2702568249412758,3.9623891591404146,2337.7338646886337
Xavier Bell,-2.8208027221917424,-2.280359290246438,-0.5404434319453046,-1.8221401859438773,-0.05130229923122728,-0.4069168050713332,-0.3193505338519538,-0.1316634682970319,-0.08942942979631897,0.0,-0.6793120023959114,3.8349533702383356,3759.1919817840776
Jackson Hicke,-2.821315555471365,-2.1922331046840258,-0.6290824507873393,-1.7811851022471352,-0.1371251594466064,-0.27392284299028413,-0.41965158406203457,-0.11852479815107347,-0.09090606857423121,0.0,-0.6204788691621953,3.8333642446426834,3776.815881482192
Kalil Thomas,-2.8216165716767687,-2.422157445529396,-0.399459126147373,-1.8659461144994978,-0.1501390270739368,-0.4060723039559613,-0.28274826931139196,-0.025468104708621493,-0.09124275212735955,0.0,-0.6729221878658791,4.0058981456092555,2071.2531999416433
Sherif Gross-Bullock,-2.8217749666383436,-2.7290030968275407,-0.09277186981080272,-1.8681570733069208,-0.29880595610556676,-0.5620400674150532,0.09898837982586894,-0.09326961809063744,-0.09849063154603423,0.0,-1.0526062731572916,3.9892706587113897,2170.1887710767833
Demetrius Davis,-2.8219946018256246,-2.097480836662923,-0.7245137651627016,-1.8144632457852714,-0.029870632544745923,-0.25314695833290546,-0.5168237344109939,-0.10999104106094221,-0.09769898969076539,0.0,-0.490707621629359,3.956919351792955,2389.5827642235936
Gavin Doty,-2.8237236061241275,-2.32289638112175,-0.5008272250023776,-1.7845799365115773,0.026625151100832634,-0.5649415957110052,-0.36573219505901033,-0.048460872223810375,-0.08663415771955693,0.0,-0.6734114745535399,3.771052376289704,5342.368311934759
Tsvet Sotirov,-2.8237340426778674,-2.5024238400835337,-0.32131020259433385,-2.01207953794859,-0.027715058136268483,-0.4626292439986752,-0.17068191180396142,-0.03509639531753655,-0.11553189547283585,0.0,-0.640972592925316,3.9607700779505683,2349.8094092107544
Jake Heidbreder,-2.824846109264665,-2.5555842471682766,-0.2692618620963881,-1.8663624657864453,-0.1996880987343606,-0.48953368264747066,-0.2926585313018205,0.10373691652645328,-0.08034024732102085,0.0,-0.665825112176399,3.7715637411813057,5323.104166202672
Howard Fleming Jr.,-2.8251801091817885,-2.3633503590887477,-0.46182975009304084,-1.5850977610545802,-0.3099915158844211,-0.4682610821497464,-0.4161611973875213,0.04417863541028168,-0.08984718811580121,0.0,-0.823921150739687,3.7838390166585993,4945.940167767983
Zavier Fitch,-2.8254691638955594,-2.3445865812160953,-0.48088258267946427,-1.8116698212208426,-0.21284809585324738,-0.3200686641420054,-0.22879466188483122,-0.16118274915254008,-0.09090517164209298,0.0,-0.7850046807898858,3.9809898258960614,2200.186091476473
Bash Wieland,-2.8257225703458033,-2.0465127479007594,-0.779209822445044,-1.7639784614886613,0.07898613790530368,-0.36152042431740167,-0.7100689639259253,0.004259139268191256,-0.07339999778730989,0.0,-0.3516751449312166,3.889545367325018,2987.301946527803
Noah Norgaard,-2.8257709013224814,-2.247512375361283,-0.5782585259611986,-1.96914217152421,-0.10657568560031408,-0.17179451823675906,-0.29579886569857444,-0.16224655857690445,-0.12021310168571978,0.0,-0.5608298640996974,3.933351754840772,2552.7865537967746
Caden Pierce,-2.8260259138347794,-2.3202298618911943,-0.505796051943585,-1.9022357245189645,-0.015193630967643257,-0.4028005064045865,-0.39126077716911595,-0.028572705964159888,-0.08596256881030916,0.0,-0.5325294121466988,3.854488578980293,3431.8409143230097
Jacob Walker,-2.8262472016153293,-2.2041523143774895,-0.6220948872378398,-1.627518919442581,-0.1454545618681686,-0.43117883306674004,-0.3020939685724703,-0.20336532035189955,-0.11663559831346988,0.0,-0.8966343136002781,3.904566385178986,2828.804354393861
Jahari Williamson,-2.8263041077273607,-2.2695238272768563,-0.5567802804505043,-1.8036229022549255,0.009773244742805887,-0.47567416976473686,-0.4865056482036796,0.022686052048119756,-0.09296068429494447,0.0,-0.5361755572687557,3.7930443452150353,4661.1399185809605
Eric Mulder,-2.826919507154305,-1.995029510426352,-0.831889996727953,-1.8561682773032115,-0.1114294872655355,-0.027431745857605105,-0.8327153142030796,0.08094762304733669,-0.08012230557221015,0.0,-0.13803591564801407,3.9401135897963506,2502.7496548789486
Roderick Coffee III,-2.8271184198878427,-2.5598961928322086,-0.26722222705563403,-1.717619295237788,-0.213667016328266,-0.6286098812661548,-0.2019084616361087,0.020248661886064168,-0.08556242730558948,0.0,-0.9075906630139461,3.774268664072898,5213.921136681147
Anthony McComb III,-2.827368124651602,-2.137756891745657,-0.6896112329059452,-1.7689387727136696,-0.09643783808732499,-0.2723802809446624,-0.4862831107499589,-0.09707372948045942,-0.10625439267552683,0.0,-0.5721462411879736,3.7769582260366263,5124.3278434497915
Mason Jones,-2.827391707969128,-2.7358841555594013,-0.09150755240972687,-1.9023337155660827,-0.17770681001210809,-0.6558436299812105,-0.15400176618508948,0.13631707136155904,-0.07382285758619643,0.0,-0.771056226217956,3.8019047611657735,4420.151840020646
Aleksas Bieliauskas,-2.8274663425337114,-2.3453331922978373,-0.4821331502358742,-1.6457726360445277,-0.133708210569945,-0.5658523456833648,-0.09850459816243101,-0.2886902364406555,-0.09493831563278768,0.0,-1.083189108326753,4.0013722858803265,2088.0946570348065
Jayson Woodrich,-2.8276420723727402,-2.229852245304882,-0.5977898270678583,-1.9647741169735455,0.056220935533456695,-0.3212990638647931,-0.4627421236663175,-0.03772584705953381,-0.09732185634200696,0.0,-0.4001258317328772,3.938795700982396,2521.69435183501
Dante Harris,-2.8277348599214496,-2.0164210853782296,-0.81131377454322,-1.768810304293516,0.10144629894136625,-0.34905708002608005,-0.7921498926377029,0.05761987523060061,-0.07678375713611772,0.0,-0.2667746629902309,3.816849781644741,4112.7774094789365
Jordan Frison,-2.828173208508808,-2.2390696404426187,-0.5891035680661892,-1.7951392593706745,0.04019937156679504,-0.4841297526387389,-0.3231454281382292,-0.16846353901096642,-0.09749460091699357,0.0,-0.7098885209999038,3.905391919034828,2827.239856343304
PJ Hall,-2.8286935607931483,-2.433920639246259,-0.39477292154688914,-1.7502525606657386,-0.08254066388686308,-0.6011274146936572,-0.07793943089813482,-0.22382197098015078,-0.09301151966860353,0.0,-1.0005015692292745,3.9756362836687336,2256.245509032049
Brent Davis,-2.8298464349545185,-2.462040800895082,-0.3678056340594368,-2.099530613657779,-0.2099130425858163,-0.15259714465148655,-0.4477451694637703,0.1725842971453356,-0.09264476174100211,0.0,-0.28257065183296937,3.8851236666655633,3038.3080161639364
Brandin Cummings,-2.829858520907185,-2.0963367607482866,-0.7335217601588986,-1.820150698890425,-0.05736647687702395,-0.21881958498083767,-0.5084924885309817,-0.12263931060453535,-0.10238996102338144,0.0,-0.5012153334857785,3.9744350671457642,2260.5880186088634
Joe Pridgen,-2.8302486630525987,-2.3633779266111734,-0.46687073644142546,-1.853661722685664,-0.14891748512100117,-0.36079871880450837,-0.21410888731822336,-0.15729045429469063,-0.09547139482851147,0.0,-0.7624780530487116,3.9357626138621726,2543.0486296799204
Jusaun Holt,-2.8306190552321504,-2.5089893165345276,-0.32162973869762285,-1.7303066162887062,-0.2731244784166541,-0.5055582218291673,0.04699379752934685,-0.2359738300308362,-0.1326497061961335,0.0,-1.1473062364727913,3.807076897181364,4304.673506928868
Khalil Brantley,-2.830896609358006,-2.2657016970927737,-0.5651949122652323,-1.8795669162432576,-0.06746442962205666,-0.31867035122745957,-0.3920937531268206,-0.06098956680892325,-0.11211159232948846,0.0,-0.559235939987928,3.8306294612845897,3823.18033926075
AJ Brown,-2.8310246887103725,-2.117270506189331,-0.7137541825210418,-1.7314798487169036,-0.04882203541848146,-0.3369686220539456,-0.47690929528072346,-0.1480626938496296,-0.0887821933906887,0.0,-0.6226355447127454,3.983032033835461,2199.660478815388
Brandon Love,-2.8310953015353935,-2.4590989287391887,-0.3719963727962047,-1.7605311876314853,-0.26146965032810626,-0.4370980907795969,-0.30236809037876455,0.019513198335633086,-0.08914148075307318,0.0,-0.7681960235251432,3.9845114324492372,2195.0563835771172
Judah Mintz,-2.8311386482452705,-2.281763655762095,-0.5493749924831753,-1.6356867798811847,-0.005539934310968581,-0.6405369415699419,-0.622540225183534,0.17268500329543449,-0.09951977059507577,0.0,-0.5729116431805518,3.986322017420336,2188.6796200598505
Chase Martin,-2.831722055687795,-2.5916407474512786,-0.2400813082365164,-1.9421871602091596,-0.31755543285723953,-0.33189815438487946,0.05332052250953345,-0.20167889626031185,-0.09172293448573803,0.0,-0.9428554179881689,3.9230698028747177,2640.0285911246146
Patrick McMahon,-2.831728880661758,-2.2887995721390406,-0.5429293085227176,-1.7032104185089207,0.08387342866517289,-0.6694625822952927,-0.2943406439923145,-0.15671526797368646,-0.09187339655671661,0.0,-0.8341778181605228,3.8115364186245038,4213.327933376824
Baraka Okojie,-2.8323864900203652,-2.2551276237521636,-0.5772588662682014,-1.7174310107194528,-0.05513137947329007,-0.4825652335594206,-0.5170903375264458,0.02738343610121996,-0.08755196484297553,0.0,-0.5978651417744663,3.7881974749958545,4804.667514787072
Landyn Jumawan,-2.8327514570157386,-2.5070093925787242,-0.3257420644370143,-1.8124762177722586,-0.12198075970859888,-0.5725524150978668,-0.05129844867747274,-0.16868728243022046,-0.10575633332932109,0.0,-0.9689767905660073,3.9126999492101002,2732.246547915123
Chance Moore,-2.833347280521292,-2.241093193563582,-0.59225408695771,-1.9693567171264421,-0.12443481153492611,-0.14730166490221341,-0.5296877657276808,0.02104770410778317,-0.08361402533781237,0.0,-0.3343027976671687,3.7741836073244555,5237.134489166746
Caleb Shaw,-2.833534014100537,-2.4370469543168545,-0.3964870597836826,-1.89853173739929,-0.23336144390136807,-0.305153773016196,-0.24978612374581716,-0.058017899253287375,-0.08868303678457806,0.0,-0.6852161529554295,3.906179180862593,2807.0982690289648
Carmelo Pacheco,-2.8336862838537122,-2.2062181500735516,-0.6274681337801606,-1.8794036163517944,-0.0415325859137303,-0.28528194780802696,-0.3433161800417519,-0.18838775043443196,-0.09576420330397677,0.0,-0.6109664874601659,3.880527561008124,3096.390602834582
Omar Croskey,-2.834102062415194,-2.4580257485591948,-0.3760763138559994,-1.934729405049675,-0.19878802773665283,-0.3245083157728668,-0.4739235995386435,0.19857305181581023,-0.10072576613316606,0.0,-0.4254490578268756,3.9760669784644858,2241.378470173957
Julien Soumaoro,-2.8342256649094564,-2.609190737743306,-0.22503492716615064,-1.9597124928954892,-0.2021869996919686,-0.4472912451558481,-0.19311527597206213,0.06388067714039924,-0.09580032833448776,0.0,-0.6813978960419051,3.812729503660416,4190.9519656361335
Cam Crawford,-2.8344148137281655,-2.2383963988043316,-0.5960184149238341,-1.971973299789393,-0.04934242542556666,-0.21708067358937194,-0.4877013899119606,-0.009707908082854502,-0.098609116929019,0.0,-0.3747401240268121,3.850181480842422,3500.5182812951543
Masai Troutman,-2.8346117212345523,-2.639911777173403,-0.19469994406114938,-1.8547233736651927,-0.2633928397569861,-0.5217955637512244,-0.04626850428515744,-0.046801074293874666,-0.10163036548211726,0.0,-0.9336198432842023,3.8186144279468293,4070.837874939515
Ashton Walker,-2.83602606955762,-2.488301878904405,-0.34772419065321475,-1.8187865243255872,-0.13516003790290773,-0.5343553166759102,-0.1251535916845229,-0.11880893445103116,-0.10376166451766071,0.0,-0.8920859535475097,3.927604797409698,2593.2409760572928
Isaiah Moses,-2.836202951559066,-2.1291870586204045,-0.7070158929386614,-1.728635318475047,-0.05649105592081473,-0.34406068422454267,-0.5384047126866992,-0.07986041640363246,-0.08875076384832972,0.0,-0.5691629203973195,3.7498751447050704,6216.240606055024
Niccolo Moretti,-2.836499019407867,-2.631261103265602,-0.20523791614226508,-1.7868317802556624,-0.19543683349425472,-0.648992489515685,0.0023918336401270723,-0.11307843674099231,-0.09455131304139984,0.0,-1.0520590727923318,3.8114059887030947,4224.902733616784
Armoni Zeigler,-2.8365697061168595,-2.6486902891857507,-0.18787941693110888,-1.907468524287349,-0.12714571898959484,-0.6140760459088068,-0.03319967836684867,-0.051545945537908144,-0.10313379302635206,0.0,-0.8959015034626618,3.780248022621018,5032.681141100722
Kino Lilly Jr.,-2.8365792378478547,-2.3390716389246236,-0.49750759892323126,-1.8015281500421247,-0.12428410921913878,-0.4132593796633602,-0.3172806115384279,-0.0746531314070652,-0.10557385597773818,0.0,-0.7177704762673023,3.8113549766212333,4232.258262545445
B.J. Mack,-2.8369613913261755,-2.142570343564378,-0.6943910477617974,-1.8272084467353125,-0.08357537699117555,-0.2317865198378901,-0.4603495621459444,-0.14286292871047948,-0.0911785569053735,0.0,-0.5494033824449186,3.999097142644638,2104.0645266766787
Cole McCormick,-2.837307735089069,-2.095769492088592,-0.7415382430004774,-1.719658875040138,-0.08982671253852562,-0.28628390450992836,-0.6816341525508945,0.06024879924198817,-0.12015288969157097,0.0,-0.4360147074980367,3.8646700212537275,3292.5609869215805
Jordan Ellerbee,-2.8374560605336683,-2.2455984611493753,-0.5918575993842932,-1.7590824206475464,-0.0027427005327670118,-0.4837733399690621,-0.36778382631266693,-0.11550174133013275,-0.10857203174149352,0.0,-0.7105898135734554,3.9157233059398155,2719.2554050539457
Abdi Bashir Jr.,-2.8375903230691932,-2.1380954254848796,-0.6994948975843136,-1.931675032003685,-0.05990455796981298,-0.14651583551138175,-0.36500027336374885,-0.19849299807513607,-0.13600162614542866,0.0,-0.5409150177017594,3.833395480843153,3792.6479878748014
Zaide Lowery,-2.837618054241469,-2.3710355210268355,-0.46658253321463367,-2.1073910338653956,-0.055361999036560514,-0.20828248812487932,-0.3799884774321288,-0.014093549036877318,-0.07250050674562754,0.0,-0.3502385429439447,4.012095197941797,2031.715214876508
Noah Thomasson,-2.8378300300729324,-2.621946005968602,-0.21588402410433066,-1.954107000644609,-0.06953108871946603,-0.5983079166045265,-0.07569397182553883,-0.0610967437289297,-0.07909330854986212,0.0,-0.8080290576027843,3.9339130867679475,2555.898468586942
Ty Berry,-2.838036021103842,-2.50008655159778,-0.3379494695060619,-1.8560390665119126,-0.09324500027984588,-0.5508024848060213,-0.497529227104519,0.23994266600781186,-0.08036290840935473,0.0,-0.48446772748741,3.8477558550840154,3545.053672958835
Edwin Suarez Jr.,-2.8385805580482355,-2.3492006307180633,-0.4893799273301723,-1.8099865078320387,-0.2588732956123324,-0.2803408272736922,-0.4655659245915551,0.08886563241739467,-0.1126796351560119,0.0,-0.5630281256246418,4.004236801208102,2062.755112194462
Jlynn Counter,-2.839253516204975,-2.424578959308849,-0.41467455689612587,-1.771055188888772,-0.20013641103863966,-0.45338735938143765,-0.1578762241456324,-0.1286583454318361,-0.12813998731865742,0.0,-0.9103221031705708,3.751848787003664,6115.8591957548815
Ezra Manjon,-2.839502828518684,-2.408803769549094,-0.4306990589695898,-1.9202568206802404,0.07676672385555344,-0.565313672724407,-0.18457123637912776,-0.1359720886475259,-0.11015573394293612,0.0,-0.7346747714593156,3.961359163848797,2352.044431695189
Logan Woods,-2.83965475652845,-2.207940522286766,-0.6317142342416837,-1.8266446230886557,-0.03219487040841226,-0.3491010287896982,-0.4001112014855821,-0.12764808975220582,-0.10395494300389575,0.0,-0.612898931954212,3.8430748243199377,3629.0242905584655
Zamoku Weluche-Ume,-2.8397170988779386,-2.406575451577302,-0.43314164730063665,-1.7067406053220981,-0.10414596651426376,-0.5956888797409403,-0.20701120618388402,-0.13530350625118429,-0.09082693486556834,0.0,-0.9259652873719567,3.897315628022514,2901.0796270059145
Daryl Banks III,-2.8397342478416494,-2.3031293232878123,-0.5366049245538369,-1.8050828626571003,-0.26635178286254596,-0.23169467776816594,-0.6137408985730844,0.16120067642045346,-0.08406470240120589,0.0,-0.42091048661146435,3.9575059539414847,2380.6227378201525
Jonathan Beagle,-2.8408409249752613,-2.4114313750101775,-0.4294095499650837,-1.736347743476158,-0.2567228636292566,-0.4183607679047627,-0.3122849210894192,-0.038899038255762984,-0.07822559061990153,0.0,-0.7922082604096838,3.846118115582451,3558.4790143588257
Curtis Jones,-2.841135393083099,-2.2789106252408664,-0.5622247678422327,-1.6805308235466614,-0.09046496410701974,-0.5079148375871855,-0.4782813339020853,0.002876772871796482,-0.08682020681194395,0.0,-0.6823232356343527,3.812981769474236,4181.734625654415
Kymany Houinsou,-2.8414942635521907,-2.267400307050573,-0.574093956501618,-1.9344201256175257,-0.19131325852433545,-0.14166692290871136,-0.2912291605611173,-0.1952558523065226,-0.0876089436339781,0.0,-0.6158449773735475,3.8364949921621023,3748.342370519693
Zion Fruster,-2.8416892641089095,-2.5676503478302966,-0.27403891627861304,-2.0595231226943107,-0.15285315489126755,-0.355274070244718,-0.1625097492831435,0.006031789576847052,-0.11756095657231659,0.0,-0.6196563921314552,3.8629817068566052,3304.475836557099
Eren Banks,-2.841981397223408,-2.367532694920423,-0.47444870230298497,-1.834857313200075,-0.11739722215460208,-0.4152781595657461,-0.2126673882295511,-0.16273664761340367,-0.09904466646003017,0.0,-0.7944566957937821,3.7845141492498486,4897.367536281916
Harrison Ingram,-2.8420119245219486,-2.2501728323938455,-0.5918390921281032,-1.9163558192786136,-0.10945886712471761,-0.22435814599051435,-0.4813573022656393,-0.04378584726139642,-0.06669594260106743,0.0,-0.4442988029776958,3.917894453890253,2701.1202616233923
Shannon Grant,-2.8421398685175503,-2.567174526006591,-0.27496534251095966,-1.9183160507138382,-0.30818721318546083,-0.34067126210729176,0.04669368819391295,-0.2064466146780139,-0.11521241602685871,0.0,-0.9705175059976253,3.915686271094695,2713.1689771224037
Eddie Lampkin Jr.,-2.8423700653699626,-2.4840131003190704,-0.35835696505089215,-1.7351805194414442,-0.3835007339130815,-0.3653318469645448,-0.08470893155695008,-0.20982654084744742,-0.06382149264649467,0.0,-1.0224806143715683,3.827620877053921,3879.7872610138143
Gianni Hunt,-2.8425110709463195,-2.4546922967203457,-0.3878187742259737,-1.8229830648927543,-0.070308948396376,-0.5614002834312153,-0.33827644140868485,0.03386396334626414,-0.08340629616355298,0.0,-0.6812515646448801,3.777587130387755,5116.717985633955
Braden East,-2.842565012548743,-2.228016189877878,-0.6145488226708651,-1.7517087387298524,-0.15299841221192823,-0.32330903893609775,-0.5081355729369317,-0.0169152923343037,-0.08949795739962971,0.0,-0.5827207008819594,3.991681787022107,2167.1136302360765
Jahki Gupton,-2.8425796950626747,-2.5042844456731217,-0.3382952493895529,-1.8931923454775115,-0.16723413090596076,-0.44385796928964955,-0.44089192547673567,0.1927076183720187,-0.09011094228483593,0.0,-0.5084954241084276,4.000217965432951,2093.0817954101653
Julian Mackey,-2.8431747959757203,-2.395433812062762,-0.4477409839129583,-1.865600408642305,-0.07328250245658922,-0.45655090096386775,-0.2999383207874647,-0.025171200872408532,-0.12263146225308506,0.0,-0.6776360665459505,3.8161949601004,4138.0122619508575
Bryce Baker,-2.8432118215872375,-2.3763037505434603,-0.4669080710437771,-1.8459635369711085,-0.0006410139190377584,-0.529699199653314,-0.3345927565030856,-0.03993544397241438,-0.0923798705682771,0.0,-0.6626555281130433,3.9239693193337777,2645.8251086122145
Kyrell Luc,-2.8432752377919828,-2.6922977900896483,-0.15097744770233434,-1.9236971498417412,-0.1619058290759929,-0.6066948111719142,-0.29220122214108535,0.23277738479399654,-0.09155361035524555,0.0,-0.6273768658091561,3.875133737415291,3158.1960889244538
Lynn Greer III,-2.8434795041564533,-2.609768934854339,-0.23371056930211428,-1.8922410875481714,-0.1896450349596901,-0.5278828123464777,-0.04854105326832747,-0.07025844337100351,-0.1149110726627833,0.0,-0.9026973633399547,3.9989524654791984,2109.84882718513
Andrés Marrero,-2.8438036345557016,-2.366659933630083,-0.47714370092561853,-1.7424468427370847,0.04354628162439336,-0.6677593725173916,-0.4156302217534855,0.04433021831942123,-0.10584369749155426,0.0,-0.6857265700651314,3.815975599539478,4135.156141668006
Rongie Gordon,-2.8442348967405784,-2.3301510574633864,-0.5140838392771921,-1.9217914598251558,-0.14076666412857913,-0.2675929335096516,-0.26564249073365437,-0.12968490890246964,-0.11875643964106809,0.0,-0.6568009461817684,3.962571019281559,2330.8971186571025
Sam Towns,-2.8443423583253606,-2.6428165936144796,-0.20152576471088124,-1.9065207036012997,-0.15893868606227352,-0.5773572039509064,-0.120534491892683,0.013521435563022988,-0.09451270838122124,0.0,-0.8172871628313783,3.8103441534958025,4251.3245176112205
Joshua Hughes,-2.844426536108885,-2.5634530765332206,-0.28097345957566455,-2.052318799049998,-0.1692536898380135,-0.341880587645209,-0.11166913605214518,-0.07575566446589707,-0.09354865905762233,0.0,-0.6804386010067419,3.776191768684977,5167.789061943626
Max Jones,-2.844465004121301,-2.718882453791724,-0.12558255032957716,-1.9900705898371753,-0.25526678567510763,-0.4735450782794412,-0.06641172319364025,0.04035995470418374,-0.09953078184012065,0.0,-0.7879826910904858,3.8717005267021753,3212.7694273071274
Martin Kalu,-2.8449175546003493,-2.3014512042228588,-0.5434663503774905,-2.0512695899967137,-0.09737025006918161,-0.15281136415696356,-0.14077863735339002,-0.3079647096811526,-0.09472300334294788,0.0,-0.6528693272502456,3.931336897719673,2594.5818618700214
Johnathan Massie,-2.845858990874486,-2.292309571873569,-0.5535494190009168,-1.8336465472867163,-0.15014815167208842,-0.3085148729147642,-0.5012485608394923,0.04295845243496173,-0.09525931059638622,0.0,-0.5109638827482771,3.8614742057839826,3341.673293806299
Chandler Pigge,-2.8468794976083247,-2.390335393428081,-0.45654410418024366,-1.7820161872987959,-0.23820747105074688,-0.3701117350785387,-0.30288823469433446,-0.06396302635609877,-0.08969284312981048,0.0,-0.7619750756151948,3.7725360174364733,5281.9710526812305
Alex Kazanecki,-2.847040816767686,-2.287068345777736,-0.5599724709899503,-1.6562879677106677,-0.07453476136376891,-0.5562456167032991,-0.2518574522485863,-0.19579998887030747,-0.11231502987105649,0.0,-0.9388953968084319,3.937813294941622,2527.9607541229834
Braeden Speed,-2.8470689505189357,-2.161154715032224,-0.6859142354867116,-1.9826197253995543,-0.004725857447958892,-0.1738091321847106,-0.5274330872622366,-0.04248593030563896,-0.11599521791883606,0.0,-0.3370161378571445,3.7878593176169555,4815.046337544173
Jordan Pyke,-2.847249460794915,-2.0928608496676246,-0.7543886111272903,-1.7122608862780317,-0.016824568468819495,-0.36377539492077327,-0.45567691666958005,-0.2267973656231695,-0.07191432883454077,0.0,-0.6793116578473031,3.8528266368904385,3465.5827237070544
Carlton Linguard Jr.,-2.847603308289966,-2.24380749269225,-0.603795815597716,-1.9141569467443755,-0.015537955799247216,-0.31411259014862725,-0.41907237619248294,-0.09067141319699987,-0.09405202620823314,0.0,-0.5143739853531075,3.946983346458105,2458.014137964961
Jacoby Hill,-2.8478965712824102,-2.3966760932486357,-0.45122047803377474,-1.9002265472798705,-0.25794180099487163,-0.23850774497389343,-0.24199804116397317,-0.1230801668379439,-0.08614227003185768,0.0,-0.7056719828385667,3.9020801476083316,2848.101172738782
Ose Okojie,-2.8481511030061943,-2.26775273180783,-0.5803983711983645,-1.552232949782732,-0.15794332388435678,-0.557576458140741,-0.7193553232392815,0.23500821122303775,-0.09605125918212065,0.0,-0.5765628299841807,3.848607230402284,3534.231905985913
Gibson Jimerson,-2.8485218261743985,-2.4253746074481213,-0.42314721872627714,-1.8436171714140457,-0.199810228208961,-0.38194720782511465,-0.06512810667942409,-0.25835762346268015,-0.0996614885841729,0.0,-0.9397765480809286,3.772478415737108,5286.552857831098
Isaiah Abraham,-2.8485497762522187,-2.377702702167771,-0.47084707408444787,-1.8511703182804793,-0.19956847078964934,-0.3269639130976419,-0.24538951042447044,-0.13696478206717339,-0.08849278159280403,0.0,-0.7519899475472687,4.018668101425098,2007.426846513879
Marcus Banks Jr.,-2.8486438387957542,-2.3527175689618156,-0.4959262698339387,-1.895900978645314,-0.02511443620150705,-0.4317021541149948,-0.28910067304514353,-0.10678028704836816,-0.10004530974042705,0.0,-0.663642187105297,3.7380698537600945,6786.993452563491
Arthur Kaluma,-2.8487313086926895,-2.4372567850020914,-0.41147452369059795,-1.9005031889226256,-0.21060031919815164,-0.3261532768813138,-0.2819258832372734,-0.05779503383675794,-0.0717536066165666,0.0,-0.66630223653279,3.8014636412422917,4462.684042888591
Nika Metskhvarishvili,-2.8487759401619774,-2.2373958905012996,-0.6113800496606779,-1.7320135518424473,-0.11124965019739623,-0.39413268846145594,-0.6362417487118837,0.11568429277329376,-0.09082259372208798,0.0,-0.48052063960764646,3.9803418336283127,2211.412269906963
Nils Cooper,-2.848817988760516,-2.1062245695729906,-0.7425934191875255,-1.6538134998421534,-0.09743046658204702,-0.3549806031487901,-0.658714886661422,0.0007516622817978352,-0.08463019480790132,0.0,-0.5362896022569406,3.8303426579037003,3835.2888762521584
Keaston Willis,-2.84895363985224,-2.632384091259338,-0.21656954859290206,-1.7353313971849933,-0.19826176232825876,-0.698790931746086,-0.015222196450059289,-0.08449148109138994,-0.11685587105145281,0.0,-1.0984000462171875,3.8856859128285612,3025.4754922842058
Jordan Pickett,-2.849089956744584,-2.228692882573941,-0.620397074170643,-1.929014634627997,-0.051876245643029145,-0.24780200230291496,-0.6231031374947389,0.07277149573525316,-0.07006543241115733,0.0,-0.29697218462184827,3.9572065078896577,2392.1338749481124
Zion Stanford,-2.8492762127431313,-2.3995940730036245,-0.449682139739507,-1.6907310394881467,-0.16526605096399327,-0.5435969825514847,-0.26000583910829833,-0.09352947424437551,-0.09614682638683315,0.0,-0.8985393341466866,3.9615780315893505,2344.2640493768595
Trey Deveaux,-2.8496391760909505,-2.6682090830736094,-0.18143009301734114,-2.0394009196889433,-0.35142615341588224,-0.27738200996878365,0.15914468210369415,-0.23466000521447272,-0.10591476990656255,0.0,-0.9693829385057011,3.8697107689956187,3225.87680111233
Efe Demirel,-2.8499888577472445,-2.589932985128603,-0.26005587261864155,-1.8907258999973102,-0.1675498460550386,-0.5316572390762541,-0.1531035096105528,-0.006735752442255466,-0.10021661056583328,0.0,-0.8061594481393813,3.9882488468352317,2179.8411053461973
Lavell Brodnex,-2.8499911208639137,-1.9050165650142439,-0.9449745558496696,-1.7371972759839212,-0.060704584979803994,-0.1071147040505187,-0.7283300643685626,-0.10621249606669772,-0.11043199541440926,0.0,-0.3844637805114297,3.9346355699306175,2560.5757605901617
Stevie Elam,-2.849997975612259,-2.314025872549248,-0.5359721030630111,-2.0220437166899754,-0.05396756359275967,-0.23801459226651267,-0.679115013986974,0.24450042095966176,-0.10135751003569876,0.0,-0.14883924493530934,4.01154433339179,2036.9213714742027
Joe Bamisile,-2.8500555741015186,-2.298149111214598,-0.5519064628869207,-1.8812510427534708,-0.10326622755801372,-0.31363184090311347,-0.5603148714374683,0.10499597671483443,-0.09658756816428683,0.0,-0.4084896599105796,3.8796201068404534,3125.281643097102
Prince Aligbe,-2.850442583653576,-2.588981010731275,-0.26146157292230077,-2.0272175916825477,-0.15048021886475016,-0.411283200183977,-0.2176212126362666,0.03620573616589018,-0.08004609645192437,0.0,-0.6056037793347614,3.8009787110443765,4452.499426125751
Ace Valentine,-2.8504951730945414,-2.233235541181426,-0.6172596319131155,-1.609149886985925,0.06256719580828607,-0.6866528500037871,-0.2750356012128766,-0.2459163804643946,-0.09630765023584434,0.0,-0.9663096848957399,3.761489984635393,5702.26148420649
Julien Gomez,-2.8505374085063626,-2.227239591998741,-0.6232978165076214,-1.698826538791347,-0.19413061025346354,-0.33428244295393067,-0.40979152620245707,-0.12121728057917328,-0.09228900972599105,0.0,-0.7419193435125585,3.9843693646631055,2193.70978667906
Landon Wolf,-2.8508420595828383,-2.2286266264809664,-0.6222154331018719,-1.71999352787136,-0.10034608274199766,-0.40828701586760874,-0.5624265388516279,0.011512154079954207,-0.07130104833019826,0.0,-0.5684219928598504,3.7853659225657736,4870.569273760046
Ben Tweedy,-2.85133668839443,-2.3691014441529195,-0.48223524424151076,-1.7934343872965792,-0.1304097162883806,-0.4452573405679595,-0.20887779104619564,-0.16834106906133817,-0.10501638413397697,0.0,-0.8490245100516552,3.8186422751021474,4062.2649321887397
Donnie Freeman,-2.8528766698882952,-2.4304011592786585,-0.4224755106096368,-1.559993821798771,-0.3211760891151359,-0.5492312483647517,-0.15886709453954673,-0.14937328631012176,-0.1142351297599683,0.0,-1.1340157535499777,3.8993576557439757,2895.997338896815
Dylan Hayman,-2.853201573141443,-2.3061862190406055,-0.5470153541008373,-1.795745635479907,-0.30649085662030157,-0.2039497269403971,-0.4679456972648798,0.007046613610120392,-0.08611627044607792,0.0,-0.5895102403966562,3.852975889377803,3463.828649455092
Wilguens Jr. Exacte,-2.85321145637509,-2.5375424428470246,-0.31566901352806553,-1.8801160643331802,-0.2643171353374454,-0.39310924317639906,-0.15271697430050546,-0.07540253166575607,-0.08754950756180405,0.0,-0.8203784177414045,3.9650162257831854,2323.9065965181417
Allen Powell,-2.8533096624131433,-2.4468820044217803,-0.4064276579913628,-1.8313063993590515,-0.10448693998512111,-0.5110886650776078,-0.24279941692124846,-0.05852030329651313,-0.10510793777360125,0.0,-0.7792038461328433,3.936092073717416,2545.754715231558
Anton Brookshire,-2.8533729395396445,-2.5589655444463237,-0.29440739509332076,-1.9629717065121226,-0.18401832591573333,-0.4119755120184677,-0.14135294838787005,-0.06154782555505115,-0.09150662115039956,0.0,-0.7490482846396517,3.837632088979557,3712.4457243560328
Youri Fritz,-2.8545759375884656,-2.3106975212253755,-0.54387841636309,-1.905043761325813,-0.17555481998462968,-0.23009893991493272,-0.6510319904725245,0.19721146166000478,-0.09005788755057033,0.0,-0.298500185790128,3.8516406057397043,3473.037855433872
Lukas Walls,-2.8546005295744865,-2.270858281704261,-0.5837422478702257,-1.7307887592278774,-0.16110906856915488,-0.3789604539072284,-0.7882941364177684,0.2768724269412687,-0.07232053839372604,0.0,-0.33551763392884065,3.8064678947551887,4328.488879883164
Cam Carroll,-2.8546607445024,-2.0645131690876495,-0.7901475754147509,-1.8574688945613431,-0.0018585438210864114,-0.2051857307052202,-0.7120356509974967,-0.009614803946692702,-0.06849712047056156,0.0,-0.28515619894356087,3.988573422765179,2165.1222262504007
Jayden Dawson,-2.8547969988521036,-2.4892300239231577,-0.36556697492894574,-1.8851317650252453,-0.05268317854048277,-0.5514150803574298,-0.28380413604853894,0.009450655047589615,-0.09121349392799641,0.0,-0.6858610977783194,3.8734475554846455,3194.4250429820686
Tanner Thomas,-2.854811614872398,-2.401468190300056,-0.453343424572342,-1.9779011746159867,-0.14169161156490465,-0.28187540411916445,-0.3286505215062602,-0.01401541172059384,-0.11067749134548796,0.0,-0.5482599187501509,3.9544772319997668,2398.0536799247857
TJ Power,-2.8548298322130914,-2.304419907424655,-0.5504099247884363,-1.906051021661681,-0.04971977851351894,-0.34864910724945525,-0.5080435444939162,0.052154926449407085,-0.09452130674392722,0.0,-0.44073526605749436,3.8334505167310473,3770.6749740382393
Butta Johnson,-2.855568717705173,-2.216425561202363,-0.6391431565028102,-1.9279152077389916,0.07427717820937954,-0.3627875316727508,-0.5994217794900869,0.02912169019642842,-0.06884306720915163,0.0,-0.3282317304760945,3.7628125040939344,5648.122211075791
Jamir Chaplin,-2.8556031750914217,-2.1647523582097046,-0.6908508168817169,-1.865876883779014,-0.07927454630127038,-0.2196009281294201,-0.6472599224023772,0.0316065731395188,-0.0751974676188585,0.0,-0.34246636891003013,4.011716802657038,2035.3973484392777
JaJuan Nicholls,-2.8561157279801526,-2.2615352055865148,-0.5945805223936379,-1.7967942641517405,-0.1552629235941792,-0.3094780178405952,-0.26448086450549513,-0.23316506933434267,-0.09693458855380008,0.0,-0.7948405993229172,4.002088445065047,2091.4887599360304
Byron Ireland,-2.8565471895059016,-2.395267005936779,-0.46128018356912254,-1.8330411165119211,-0.12083250334102494,-0.4413933860838331,-0.32784323772004564,-0.027240823076841024,-0.10619612277223589,0.0,-0.695662835273935,3.9357536616726803,2544.0716630307907
Daniel Foster,-2.8565564892743294,-2.3390669989393236,-0.5174894903350059,-1.6869971311341518,-0.18735336057158328,-0.4647165072335882,-0.4837723527640244,0.043493604287954804,-0.07721074185893624,0.0,-0.685787005376153,4.000289568234965,2100.7034547339404
Christian Bliss,-2.8567234065064215,-2.5137299426580966,-0.34299346384832485,-1.8718894824067696,-0.06507339729111503,-0.5767670629602119,-0.09622463585890989,-0.1342165912286602,-0.11255223676075474,0.0,-0.8886092882407419,3.8553110607954437,3424.696167106191
Cedric Taylor III,-2.8568107720470906,-2.1948494434930894,-0.6619613285540012,-2.1481764121827647,-0.07507926154854964,0.028406230238225028,-0.5597028306871575,-0.0143487020499391,-0.08790979581690458,0.0,-0.1489315291771683,3.9503018073852028,2436.8357599169485
Isaiah Stafford,-2.857042673767113,-2.401367691298207,-0.45567498246890614,-1.9314468206970206,-0.040398409496563564,-0.42952246110462305,-0.3120606355446178,-0.02169937140591815,-0.12191497551837019,0.0,-0.6135352175254749,4.013192671794834,2027.116740836345
Martaz Robinson,-2.857587476304804,-2.3900374004842595,-0.4675500758205445,-1.8356355284156043,-0.2809593696979814,-0.27344250237067347,-0.48412608243917044,0.09701158244201136,-0.0804355758233854,0.0,-0.537825865450029,3.819988310970407,4036.9154378161693
Nico Galette,-2.8582643255807585,-2.237804379964783,-0.6204599456159757,-1.9078759324765795,0.03132567588492252,-0.3612541233731258,-0.5614495094567002,0.04784771606202512,-0.10685815222130061,0.0,-0.3889388836474788,3.8151816378138457,4143.180237197115
Kezza Giffa,-2.8583869704288687,-1.9901729852989087,-0.8682139851299598,-1.4609370677220495,-0.03186788605496746,-0.49736803152189185,-0.6913180130426393,-0.10298171528489417,-0.07391425680242637,0.0,-0.7061318896641798,3.805087960582045,4381.377088706437
Jesse Hafemeister,-2.8596745674507407,-2.27447431530666,-0.5852002521440807,-1.7611948253802876,-0.080359723882636,-0.43291976604373655,-0.1542343447580417,-0.3098039911997869,-0.12116191618625206,0.0,-0.9442453973124114,3.921329969630349,2674.8531487819087
Davion Bailey,-2.860570596233334,-2.087911756314983,-0.7726588399183505,-1.8400288809336338,0.02133411453480849,-0.26921698991615806,-0.5218837400547066,-0.14403399897081065,-0.10674110089283322,0.0,-0.49865797524499345,3.7516082116494704,6105.149468158927
Cale Jacobsen,-2.860727656156652,-2.7371342916044927,-0.12359336455215925,-1.7343200996371397,-0.02697068121766133,-0.9758435107496917,-0.2394520689430853,0.2189507416409269,-0.10309203725000085,0.0,-0.886955487576427,3.94264745790705,2485.0233453799124
Amaree Abram,-2.862104385025078,-2.374206338758478,-0.4878980462665997,-1.7993927345757574,-0.23975099772403102,-0.33506260645868985,-0.3231903161018126,-0.07185009873339895,-0.09285763143138816,0.0,-0.739521334347508,3.869735171755994,3233.3482757129095
Jamaine Mann,-2.8626895138365183,-2.5082483419485158,-0.3544411718880024,-1.889423261581979,-0.1316828634102363,-0.4871422169563002,-0.13203644776081985,-0.10985359994394747,-0.11255112418323507,0.0,-0.8412298044937191,3.9232189503131654,2644.624515687762
Zeke Cook,-2.8627616463973165,-2.521555667616694,-0.3412059787806223,-1.9331086887205524,-0.26660149944112743,-0.3218454794550145,-0.24374439536323622,0.008111296148552757,-0.10557287956593883,0.0,-0.685908562313528,3.9602921629986643,2334.2506705761116
Reed Bailey,-2.862941555383265,-2.3922806468906788,-0.4706609084925863,-1.562792645446727,-0.09399756851765238,-0.7354904329262995,-0.18517765429213506,-0.19324344378322061,-0.09223981041723062,0.0,-1.1149712556444031,3.7684216492031286,5416.592703149958
Jonnivius Smith,-2.863614133254745,-2.3333343366704336,-0.5302797965843117,-1.9338201083554372,-0.22652255728126625,-0.17299167103373003,-0.5345120694502902,0.08451035249890806,-0.08027807963292954,0.0,-0.3952819554490178,3.912712053071763,2734.7371245778613
Cameron Corhen,-2.8637250723112904,-2.2685912786639766,-0.5951337936473139,-1.7267134940211095,-0.1477282448654718,-0.3941495397773952,-0.5448142003188801,0.04149755859288831,-0.09181715192132212,0.0,-0.5921973779713008,3.751389690966838,6141.896819944772
Houston Mallette,-2.8639171439387274,-2.1766153784358213,-0.6873017655029059,-1.7193902219145063,0.11446757410370634,-0.5716927306250214,-0.5429505329069624,-0.06635787051419884,-0.07799336208174466,0.0,-0.6015763891172585,3.772906484637462,5281.1864452529135
Jay Rodgers,-2.8641889895960513,-2.2022584730062507,-0.6619305165898007,-1.727874547234744,-0.06940861480346948,-0.4049753109680373,-0.3964465180541257,-0.1640230275978158,-0.10146097093785918,0.0,-0.7398679243071818,3.8722344144710314,3222.142882862205
Tyler Boston,-2.865281395353933,-2.4322363640811213,-0.4330450312728118,-1.8153322067593833,-0.033806928124600816,-0.5830972291971372,-0.2507665823298036,-0.08033363053608002,-0.10194481840692819,0.0,-0.7991826062647462,3.851944324467549,3488.4217463009804
Paul Bruns,-2.8660433739179507,-2.0751060246091284,-0.7909373493088223,-1.8483533917017139,-0.024452115055767498,-0.20230051785164704,-0.4411092361671017,-0.23469250070002565,-0.11513561244169497,0.0,-0.5765807460491352,3.8404446818617415,3657.8725619048373
Cody Pennebaker,-2.866260737526118,-2.2823275725103205,-0.5839331650157975,-1.9642839835016608,-0.2585322613038873,-0.0595113277047723,-0.4858626829434894,-0.003382761065433046,-0.09468772100687509,0.0,-0.41611407108096776,3.765231922544498,5565.075170137029
Zach Davis,-2.866282370456272,-2.315562366693615,-0.5507200037626567,-1.6982904822727218,-0.16297191837184374,-0.4542999660490493,-0.4913769327166969,0.027237048391893948,-0.08658011943785382,0.0,-0.6766149554668529,3.7943292778800637,4616.702629010611
Tre Jackson,-2.8675697233541317,-2.5275090972189576,-0.34006062613517424,-1.8541637342732844,-0.011814876211314856,-0.6615304867343584,-0.16855311642172605,-0.08482390781058893,-0.08668360190285924,0.0,-0.8448528726591215,3.966160242495322,2315.049696791346
Dyson Koehler,-2.8677874175814586,-2.450190500388947,-0.41759691719251174,-1.7123543515468789,-0.18863209573691458,-0.5492040531051534,-0.374895662445866,0.04860613622614454,-0.09130739097279034,0.0,-0.7805374035887138,3.8859839628557364,3016.7726230591443
Cade Haskins,-2.867953436399445,-2.719301234409258,-0.14865220199018703,-1.780611508880651,-0.2642368390981192,-0.6744528864304877,-0.01251024324414074,-0.04782931249406705,-0.08831264625197922,0.0,-1.0748316842746533,3.8625870843764987,3326.481545369147
Mike Williams,-2.8681144855788556,-2.4973943027365255,-0.37072018284233,-1.9984070416882682,-0.16557872773332294,-0.3334085333149343,-0.4723337078059959,0.18192262068990087,-0.08030909572623499,0.0,-0.39737373608459137,3.867221013696898,3276.958285849195
Kachi Nzeh,-2.8682196448644017,-2.6837718304586438,-0.1844478144057578,-2.0180258118258965,-0.2958276382467634,-0.36991838038598385,-0.06951128278560997,-0.0032440369492724164,-0.11169249467087541,0.0,-0.7806825502528951,3.8865856238629766,3034.335989785461
Trevor Hennig,-2.8683626802515314,-2.367873302668934,-0.5004893775825975,-1.6943169871638633,-0.11719274201653546,-0.5563635734885353,-0.30096514114857265,-0.10562227774293477,-0.09390195869109005,0.0,-0.8730805519390956,3.8660677371731165,3266.0841187551364
Kobe Johnson,-2.868466995585173,-2.4230861068543144,-0.445380888730859,-1.5066581509049657,-0.15305488625847105,-0.7633730696908774,-0.2853048444158361,-0.06681154969406364,-0.09326449462095934,0.0,-1.0765040002643715,3.8818949270721963,3083.672800142199
Jalik Dunkley,-2.8687191178983014,-2.3976610843611623,-0.4710580335371389,-1.8366445132746905,-0.19887103082677024,-0.36214554025970197,-0.3527766485247424,0.005887025182976624,-0.12416841019537313,0.0,-0.6792979560988687,3.931672444884646,2578.892873927789
Amaël L'Etang,-2.868742898410569,-2.3902437636087073,-0.47849913480186196,-1.8635625070843793,-0.1600238285790985,-0.3666574279452295,-0.3196142457200253,-0.09366504363406122,-0.06521984544777543,0.0,-0.6855661456061646,3.846858587561579,3572.5615700092167
Jahlil White,-2.869637402770397,-2.612181139462123,-0.2574562633082743,-2.003845625629929,-0.18169986426111495,-0.4266356495710791,-0.20613247757728426,0.03842918497612259,-0.08975297070711266,0.0,-0.659659299563184,3.8704184399338595,3217.389553721705
Bryce Johnson,-2.86977816846317,-2.6763916137685104,-0.19338655469465954,-1.9045787012660504,-0.30149985250896433,-0.47031305999349526,-0.13504115248917742,0.027367222461205376,-0.08571262466668751,0.0,-0.8301583147079417,3.923545120623273,2639.7069468848376
Jevon Porter,-2.870381049325509,-2.5535497440986807,-0.31683130522682856,-2.118608594849712,-0.25930379199314607,-0.1756373572558222,-0.09103452329106149,-0.12558252947958964,-0.10021425245617745,0.0,-0.6607379311847353,3.8282955619530488,3890.4829014379407
Allen Graves,-2.870519703118247,-1.720096389708798,-1.150423313409449,-1.8124356278485987,0.002316476874623108,0.09002276126517761,-1.072023611230581,0.00180882010605099,-0.08020852228491918,0.0,0.013939535960932531,3.954603510577086,2395.644012850737
Nicholas McMullen,-2.8707645075671664,-2.4045882272946697,-0.4661762802724966,-1.7968244339468802,-0.27329688181914846,-0.33446691152864094,-0.2157808718421771,-0.15078892229309082,-0.09960648613722867,0.0,-0.8581592017781089,3.870763498615207,3213.8464562834206
Mervin James,-2.8708981676425287,-2.3933058909196663,-0.4775922767228624,-1.8987120177230437,-0.1188769668415201,-0.3757169063551026,-0.23207754444691214,-0.15330895150703,-0.09220578076892025,0.0,-0.740108605472573,3.9835680533373226,2205.5474857016425
Aanen Moody,-2.8713057353932943,-2.126916270732344,-0.7443894646609499,-1.6623341133425753,0.003789518396688757,-0.4683716757864575,-0.5740143853293143,-0.08824310780722382,-0.08213197152441191,0.0,-0.6349572367214044,3.955051067515984,2395.2973577002
Jordan Sears,-2.871550361295565,-2.384171686303416,-0.48737867499214904,-1.7855683543106944,-0.16360438117839524,-0.43499895081432643,-0.2812462472173529,-0.11340680247450721,-0.09272562530028891,0.0,-0.8047357597675178,3.8292966579711027,3860.9104049441203
Jae'Lyn Withers,-2.87182562132476,-2.6344067850233985,-0.23741883630136157,-1.87043357733551,-0.289278185648155,-0.47469502203973324,-0.08626426469063841,-0.0554683157389356,-0.09568625587178754,0.0,-0.9151277792986114,3.919497101740647,2679.6251458645866
Ryan Mela,-2.871878219443456,-2.27425975478256,-0.5976184646608964,-1.8890516365821737,0.0587123708099381,-0.4439204890103242,-0.44795815752844415,-0.06968173535216314,-0.07997857178028905,0.0,-0.5348684253328384,3.833104955053273,3787.0593389627875
Christian Ray,-2.872337163519,-2.3195369823862393,-0.5528001811327605,-1.8381813837912322,-0.13699276882325456,-0.34436282977175264,-0.3763314012703991,-0.0817459304709007,-0.09472284939146064,0.0,-0.6578243784573685,3.9575611187372575,2372.201894789148
Harry Rouhliadeff,-2.8724360082464457,-2.399914204155686,-0.4725218040907598,-1.7764511769221654,-0.21917184723067878,-0.4042911800028417,-0.2535585057141552,-0.14182880745751872,-0.07713449091908581,0.0,-0.842426325610125,3.8171260118716988,4103.9468047970795
Luke McEldon,-2.872542997118315,-2.581563357373053,-0.290979639745262,-1.8924936799566405,-0.19919760907136566,-0.4898720683450465,-0.030277646589195184,-0.17875458052032656,-0.08194741263574024,0.0,-0.9497716705724789,3.9637104107511836,2330.450039863732
Byron Joshua,-2.8726227229749624,-2.1820584774613296,-0.6905642455136326,-1.8627694821114498,-0.002117791335522534,-0.3171712040143574,-0.7394588981109423,0.14437521185133312,-0.0954805592540234,0.0,-0.27039434275257024,3.8356589953134486,3737.3610699218984
Carlos Paez,-2.873705525867232,-2.350365185200341,-0.5233403406668912,-1.8609407332017809,-0.05881484980633338,-0.4306096021922264,-0.6116680347162123,0.18726457432075297,-0.09893688027143173,0.0,-0.40109675794923855,4.003630610775893,2079.1844935066415
Kamryn Thomas,-2.8738828001355827,-2.4111363113852216,-0.4627464887503613,-1.7981890078233138,-0.18768238801336345,-0.4252649155485443,-0.24478641896527104,-0.12384761979978387,-0.09411244998530635,0.0,-0.8309073733469979,3.859293756056018,3356.2882695609965
Drew Fielder,-2.8742416174667724,-2.3305173071754117,-0.5437243102913608,-1.7195149308094977,-0.01183812221988878,-0.5991642541460253,-0.318198940114367,-0.15383351374052356,-0.07169185643647027,0.0,-0.8365277465429078,3.8190065251035836,4095.8938434544657
Caleb Stone-Carrawell,-2.874369615266877,-2.5394978328548476,-0.3348717824120297,-1.913151226937998,-0.13050536301222931,-0.4958412429046205,-0.30535467757434276,0.0687195563320499,-0.09823666116973682,0.0,-0.6558637107545368,3.879196603400322,3118.788785020465
Keelan Steele,-2.8750268379460397,-2.641947966014974,-0.2330788719310661,-1.8173461436151714,-0.46669226421703824,-0.3579095581827642,-0.12583016197873798,0.003878927926434933,-0.11112763787876306,0.0,-0.9318505323521304,3.9699427476903137,2281.005406784857
Jordan Mason,-2.8755016469009367,-2.160793212722092,-0.7147084341788449,-1.8353340637935598,-0.007105932061972908,-0.3183532168665594,-0.6110056248795958,-0.03569577568590431,-0.06800703361334479,0.0,-0.42916195822778136,3.746774042059429,6341.607586314187
Tyrin Jones,-2.875659888465324,-2.116866959566858,-0.7587929288984663,-1.9412205972723935,0.15437635069043693,-0.3300227129849013,-0.5848071023708955,-0.059824084734414334,-0.11416174179315645,0.0,-0.3496321888220352,3.918341659324616,2702.0187980613946
Andrej Stojakovic,-2.8757033311753837,-2.181100721124581,-0.6946026100508023,-1.7037457780874523,-0.06226355872740502,-0.41509138430972403,-0.46026914802793134,-0.14527243022684821,-0.08906103179602276,0.0,-0.7116884050600001,3.7725338032708997,5309.702698749004
Nick Johnson,-2.875806336066041,-2.4565759940757825,-0.41923034199025866,-1.881720231906178,-0.07735566916340207,-0.4975000930062021,-0.28438012111282024,-0.043072380714868075,-0.09177784016257032,0.0,-0.7097059830470426,3.832500436182252,3806.7253400226055
Roddie Anderson III,-2.876054318247995,-2.238986261824294,-0.6370680564237009,-1.9854799500046725,0.08731556504677701,-0.3408218768663985,-0.545724359121608,0.012085659232711002,-0.10342935653480388,0.0,-0.3448500091217144,3.812714572007421,4182.198151276599
Kyle Jorgensen,-2.8769449302873777,-2.230766350307245,-0.6461785799801327,-1.6196085391060344,-0.1306641385968251,-0.48049367260438547,-0.5081025392894676,-0.06427445674881063,-0.0738015839418546,0.0,-0.7492338518918757,3.902062863497946,2862.978919175379
Michael Christmas,-2.877292708202717,-2.2811008167649724,-0.5961918914377446,-1.7553539433109653,-0.09600511878997135,-0.4297417546640359,-0.4745065020788206,-0.03009913353994493,-0.091586255818979,0.0,-0.6474322628129312,3.8693613666867503,3229.924713836492
Jordan Marsh,-2.877380154762459,-2.0773077626271297,-0.8000723921353291,-1.7763296447604684,-0.08675686550342804,-0.21422125236323317,-0.7511362045796747,0.039661673535996145,-0.08859786109165053,0.0,-0.34991430542231555,3.8315764461118085,3849.6214795566466
Ronald Jessamy,-2.8776445532228196,-2.340029678263715,-0.5376148749591046,-1.75284895001662,-0.3048279226204319,-0.282352805626663,-0.23721684247057856,-0.19520409037064865,-0.10519394211787746,0.0,-0.887578760735621,3.8384280593787574,3709.4366345284866
Christian Gamble,-2.8782205008053423,-2.768465428379998,-0.10975507242534424,-2.0003148591914455,-0.17878254114801737,-0.589368028040535,-0.24098190994830704,0.24703931375927132,-0.11581247623630853,0.0,-0.6369237316655896,3.9359759408508013,2528.16855623433
Brown,-2.878431944854599,-2.306687809226282,-0.5717441356283169,-1.904927759688012,0.01943740255097376,-0.4211974520892439,-0.4927352526636696,0.0031513529941637336,-0.08216023595881108,0.0,-0.4807689325029175,3.9615911042052168,2357.0735946384693
Ethan Meuser,-2.8784441767499294,-2.8110377504172517,-0.06740642633267786,-2.153566171268982,-0.007021587130088908,-0.6504499920181808,0.11056443589286724,-0.0901593069478202,-0.0878115552777249,0.0,-0.8354424413738147,3.9441744422078457,2476.034149062365
Ade Popoola,-2.878476781826408,-2.361881723986718,-0.5165950578396902,-1.7674000609145213,-0.04031745039430212,-0.5541642126778947,-0.4390663874483031,0.001776406621091381,-0.07930507701247842,0.0,-0.672010333463584,3.861503526088359,3374.813797698788
Marqueas Bell,-2.8792241459398706,-2.0918384148313858,-0.7873857311084851,-1.6397232363449112,-0.11738041703878957,-0.3347347614476849,-0.543298854511566,-0.15290945355352503,-0.09117742304339402,0.0,-0.6962020550833935,3.9370819067943676,2504.1998534930663
Brandon Walker,-2.87923949926895,-2.473908334950674,-0.4053311643182756,-1.877620946252793,-0.17772589537699146,-0.4185614933208894,-0.17825035229306968,-0.1443530533648305,-0.0827277586603754,0.0,-0.8233682007230867,3.9082898344051316,2789.2209823124076
Okku Federiko,-2.8799764707941256,-2.3588438442108255,-0.5211326265833002,-2.04720545703441,-0.21156239706772037,-0.10007599010869545,-0.4907865463014516,0.05902124072045328,-0.08936732100230184,0.0,-0.34198446745826433,3.961879390864202,2335.945124394259
Greg Gantt,-2.881066552217966,-2.215303931657946,-0.6657626205600204,-1.9262795469985943,-0.08797713736838982,-0.20104724729096174,-0.5328959734788011,-0.0334760604416132,-0.09939058663960607,0.0,-0.42189103174057085,3.9818026077924293,2207.2120829984588
Cooper Bowser,-2.8813405041253595,-2.5510012122569288,-0.33033929186843053,-1.8247391137985993,-0.3250767164544038,-0.40118538200392595,-0.2262209603198816,-0.011271105814989565,-0.09284722573355936,0.0,-0.8303804300068787,3.8123443947940143,4202.749427910388
Jalen Hill,-2.881450297917421,-2.739732284737342,-0.14171801318007893,-1.8473833583665515,-0.1817504021909481,-0.7105985241798426,-0.09447503904904797,0.03603999933213346,-0.0832829734631644,0.0,-0.9395919005018216,3.866998010168339,3269.5898456372424
Rex Sunderland,-2.8825568462096287,-2.7871963586966775,-0.09536048751295137,-1.8729974648208019,-0.1996005044188686,-0.7145983894570073,0.07598312029393206,-0.05842564585813732,-0.1129179619487461,0.0,-1.0855425016827593,3.8294401707596997,3839.5406573744485
Daniel Freitag,-2.883100998669002,-2.134636908936026,-0.748464089732976,-1.5878192118595864,-0.03413186330657342,-0.5126858337698662,-0.5925371896070419,-0.052535588421678166,-0.10339131170425583,0.0,-0.7027445972023736,3.9656954792755856,2322.5028525351204
Da'Sean Nelson,-2.88357278778361,-2.496004678147633,-0.3875681096359769,-1.6973919307880516,-0.20595466569272536,-0.5926580816668559,-0.28085952963600985,0.00969920317317112,-0.11640778317313813,0.0,-0.9053213273595483,3.8668682379066923,3261.5363944337782
Mambourou Mara,-2.883992001882632,-2.3669527698179715,-0.5170392320646606,-1.9484446179483115,-0.17835079052226216,-0.24015736134739785,-0.4371216422327514,0.016749647648235222,-0.0966672374801445,0.0,-0.4984257417015693,3.930351258222292,2581.197235637467
Isaiah Dorceus,-2.8841478308712336,-2.229250581573373,-0.6548972492978604,-1.89163047365295,-0.051076388970247036,-0.28654371895017616,-0.28468266585815294,-0.27246005894103964,-0.09775452449866778,0.0,-0.7078346913601306,3.9968217857911434,2111.511022946571
Tyler Powell,-2.884270720276111,-2.290654696679422,-0.593616023596689,-1.7512340799329442,-0.19634362938893096,-0.3430769873575469,-0.5378930142832807,0.05390405152202868,-0.10962706083543691,0.0,-0.5951436260598861,3.910213392726904,2766.4448692833785
DQ Nicholas,-2.8846053571209755,-2.3635328759353498,-0.5210724811856259,-1.8167106349129207,-0.05055446206057915,-0.49626777896185,-0.41828012417832783,-0.02673748853598451,-0.07605486847131353,0.0,-0.6496145980297271,3.9764135062870305,2247.3967665583423
Chris Arias,-2.8863217054776995,-2.2670908009601014,-0.619230904517598,-1.9673615731364493,-0.18372304528075697,-0.11600618254289519,-0.28071082657466095,-0.23087784668644193,-0.10764223125649512,0.0,-0.6382493057665892,3.9082908638033245,2793.553966135235
Preist Ryan,-2.886330075021184,-2.458021931510557,-0.4283081435106266,-1.9906835444465998,-0.28156484519747094,-0.1857735418664866,-0.4328044420671038,0.10875895849598477,-0.10426265993950765,0.0,-0.46284208850748043,3.9462657306856963,2447.0554093333453
Trey Bonham,-2.886850204811591,-2.29379643761587,-0.5930537671957211,-1.563294738636418,0.03971734809441632,-0.7702190470738686,-0.4843787730982431,-0.016751235043149675,-0.0919237590543284,0.0,-0.8391766930769303,3.8364348748355113,3728.9657439393877
Sean Bairstow,-2.887053748950885,-2.4573327421364053,-0.42972100681448,-1.8090172827390036,-0.10648140319584254,-0.5418340562015591,-0.22549256874779,-0.12272037963562876,-0.08150805843106124,0.0,-0.8525438974640916,3.9880107673217253,2177.536398520696
Alston Mason,-2.8875153249205257,-2.321659187489722,-0.5658561374308038,-1.9782024356449002,-0.04447466401141206,-0.29898208783340974,-0.36857598625263965,-0.10491282342602083,-0.09236732775214325,0.0,-0.5407369030229859,3.8293319663681893,3864.771816482161
Rolyns Aligbe,-2.8877196744527525,-2.5794303350574337,-0.3082893393953189,-1.7480485472289296,-0.35983391013269556,-0.47154787769580864,-0.1285646124807024,-0.06113587306175998,-0.11858885385285647,0.0,-1.0111065147431206,3.881220356673614,3078.9403779284726
DeAndre Williams,-2.888667730837573,-2.454950576802643,-0.4337171540349297,-1.7262362974855645,-0.16478638334676116,-0.5639278959703174,-0.2317690934189997,-0.10480735321745446,-0.09714070739847558,0.0,-0.9306623399330087,3.787870565118608,4808.781095116539
Brayon Freeman,-2.8888724155133882,-2.6070418109514124,-0.28183060456197606,-2.0069843580841438,-0.14408402506059903,-0.45597342780666916,-0.16842143300250367,0.006809788244621223,-0.12021895980409358,0.0,-0.7134666244267406,4.0155977505754175,2012.4440636239042
Matt Hayman,-2.8890464107596894,-2.3323963034736392,-0.55665010728605,-2.029585655948068,-0.23981248002091182,-0.06299816750465947,-0.6010005411442944,0.119151748679134,-0.07480131482088967,0.0,-0.25846021366732697,3.774706897820313,5217.038146513219
Sebastian Robinson,-2.8890861187087538,-2.6844058574382172,-0.2046802612705367,-1.967948496150849,0.003948166699703548,-0.720405527987072,0.017583807408833252,-0.1098766879730848,-0.11238738070628516,0.0,-0.9387214299667385,3.784818637032758,4880.5736282393445
Chase Dawson,-2.8892201631833894,-2.2678007389513004,-0.6214194242320891,-1.8792561497408384,-0.060104970451730105,-0.3284396187587322,-0.30621635271384484,-0.2067776554688176,-0.1084254160494266,0.0,-0.7037476607287064,3.980156912820046,2215.056676390925
Jack Payne,-2.889439480587478,-2.4645079536262524,-0.4249315269612258,-1.8871490674356433,-0.18516576209020164,-0.3921931241004077,-0.31678496226426484,-0.0420692516086679,-0.06607731308829308,0.0,-0.6855054508875704,3.828217338499685,3883.244006243627
Jayden Jackson,-2.8899222573853462,-2.3344323005240972,-0.5554899568612492,-1.920842186525005,-0.052514134320026745,-0.3610759796790653,-0.32619641222748985,-0.15871625700893988,-0.07057728762481957,0.0,-0.6428836586328515,3.7636298668307333,5611.951217675096
Tre Green,-2.890165553930429,-1.9104200152718176,-0.9797455386586114,-1.8886016489689041,-0.12751527450666944,0.10569690820375599,-0.7532401829902187,-0.1257209175617913,-0.10078443810660137,0.0,-0.24832372197130612,3.8843719977913973,3046.7430227133336
Denijay Harris,-2.8903764256849795,-2.7138500479077416,-0.17652637777723812,-1.8031226732187096,-0.342942362836126,-0.5677850118529062,-0.038375568629338,-0.03929800933868525,-0.09885279980921487,0.0,-1.0488781838369323,3.8984536485566634,2894.314947532932
Tyler Lundblade,-2.8909004793413806,-1.8399529657103566,-1.050947513631024,-1.5004401061026202,0.013902048134318445,-0.3534149077420548,-0.8960878024053073,-0.07919143971238249,-0.0756682715133343,0.0,-0.4943725708334532,3.7784695231301346,5136.33058044878
Trey Townsend,-2.891187379782197,-2.7455644047355166,-0.14562297504668043,-1.747903550680493,-0.13102984787082003,-0.8666310061842035,0.051879435157023646,-0.09218323351952196,-0.1053191766841821,0.0,-1.1951632642587278,3.8014283272918856,4483.771516480343
Amar Kuljuhovic,-2.8913605267855957,-2.1607432819355017,-0.7306172448500942,-1.87032291065371,-0.2195656452643628,-0.07085472601742909,-0.5233652578943044,-0.1086768126376371,-0.09857517431815263,0.0,-0.4976723582375816,3.9371987795784897,2520.339630024462
Eli Shetlar,-2.891825736739832,-2.1991693719393717,-0.6926563648004604,-1.5947822939196608,-0.03397464859322499,-0.5704124294264858,-0.5267956588324194,-0.08288060509328021,-0.08298010087476088,0.0,-0.770247783987752,3.890736376513627,2966.046358799499
Wayne Bristol Jr.,-2.8919508740736366,-2.286120528250668,-0.6058303458229687,-1.7731765822498438,-0.08276781284808195,-0.43017613315274245,-0.5484840555491787,0.041596274227876526,-0.09894256450166651,0.0,-0.5702902362746144,3.9765435700489724,2239.509959951173
Cam Bryant,-2.8924398328559953,-2.497628506213429,-0.3948113266425662,-1.935617632919657,-0.18919626194408518,-0.3728146113496871,-0.29863604692390994,0.0013417581900372205,-0.0975170379086935,0.0,-0.6581861530124286,3.923664954921267,2641.6862505692407
Saint Thomas,-2.893409423257255,-2.4590902581433616,-0.43431916511389346,-1.4856506968946936,-0.1785850898753396,-0.7948544713733285,-0.32601426955376467,-0.025517288487294794,-0.08278760707283397,0.0,-1.081744456808797,3.8277232617148793,3880.504570966805
Terrence Brown,-2.8942549801156723,-2.576613443573601,-0.31764153654207133,-1.7465933948960997,-0.18595834169240555,-0.6440617069850958,-0.16171948603477715,-0.05134937619969013,-0.10457267430760404,0.0,-0.9859420991847956,3.7558195910267744,5919.83326693589
Carmelo Adkins,-2.8944853986576238,-2.341636803325664,-0.55284859533196,-1.9943912858549615,-0.1383580730268508,-0.208887444443852,-0.30211813017377687,-0.15777839486402806,-0.09295207029415509,0.0,-0.597975982628886,3.7893942082976544,4761.592960057698
Kevin McCarthy,-2.8945207170835783,-2.1110828117639526,-0.7834379053196255,-1.6629147852353807,-0.17242905578689316,-0.2757389707416787,-0.5580755744108621,-0.11804519762394565,-0.1073171332848178,0.0,-0.6735303574373354,3.9252396316154816,2622.505930035746
Egan Shields,-2.8946994691938066,-2.419425718739033,-0.47527375045477366,-1.8898955909600434,-0.20306893679990706,-0.32646119097908266,-0.012511834379489106,-0.36172479171739,-0.10103712435789454,0.0,-0.9922920438542743,3.9779899287776663,2218.4188175382287
JJ White,-2.894737419903545,-2.3062314696075354,-0.5885059502960097,-1.6593929672920456,-0.034721909437268716,-0.6121165928782213,-0.4371189714559003,-0.07804486061710719,-0.07334211822300232,0.0,-0.7982254811555995,3.8485712568732224,3535.8042383751254
Ubong-Abasi Etim,-2.896158006415053,-2.6937330771834382,-0.20242492923161476,-2.0282353758686433,-0.15788177288627336,-0.5076159284285217,-0.035724588007265634,-0.0667552272990288,-0.09994511392532031,0.0,-0.8321980425391442,3.9971365956699274,2101.3312190528554
Jordan Jefferson,-2.8962959541219844,-2.5671104382495695,-0.3291855158724148,-1.879527311634867,-0.22045009845731514,-0.46713302815738755,-0.28810089009295337,0.06724022849204347,-0.1083248542715049,0.0,-0.728667752394164,3.9751721315326636,2246.0444338658535
Christian May,-2.8964590677480726,-2.20503419231232,-0.6914248754357527,-2.0494535240163474,-0.019684344581980512,-0.13589632371399168,-0.46772551703897824,-0.13718871839486513,-0.08651064000190929,0.0,-0.3792800266927466,3.759352107392144,5771.234020663542
Lamar Washington,-2.896541953487925,-2.6184612788026334,-0.27808067468529185,-1.6355232494157985,-0.30873618426305766,-0.6742018451237775,-0.1777600058620783,0.0035533676394314817,-0.10387403646264504,0.0,-1.0832586982100487,3.7693901961123033,5392.366291270022
Phat Phat Brooks,-2.896753420042935,-2.180060725184681,-0.7166926948582542,-1.9305423091347305,-0.1145169480862796,-0.13500146796367096,-0.6322789958988083,0.023268237724808682,-0.10768193668425448,0.0,-0.33393211500939635,3.921717534033361,2669.245691865656
Adam Olsen,-2.897193579114482,-2.25804281353993,-0.6391507655745517,-1.8472721236138203,-0.04188801962553884,-0.36888267030057087,-0.5746235565681347,0.04576025468854772,-0.11028746369496478,0.0,-0.4752978989325268,3.8770491147672446,3133.886335664793
Miles Barnstable,-2.897267839356323,-2.174923349215771,-0.7223444901405517,-1.726362998206811,-0.032786487106516354,-0.4157738639024438,-0.5985805466366653,-0.034779721182022376,-0.08898422232186412,0.0,-0.5723242945128467,3.7722123434282944,5333.228556377797
AJ Ferguson,-2.8974766524273754,-2.3003577107395055,-0.5971189416878697,-1.78411430751843,-0.11132914397351606,-0.4049142592475594,-0.4091644056245752,-0.10870359525035499,-0.07925094081293964,0.0,-0.70419793928437,3.9117241895420958,2749.1909801442443
Zyon Pullin,-2.8974979066102677,-2.3053126292766297,-0.5921852773336379,-1.8295387150759563,0.03645598030543887,-0.5122298945061121,-0.32178107632036224,-0.18000232243609618,-0.09040187857717949,0.0,-0.746178115213949,3.9247853779768094,2638.3151548275823
Jalen Myers,-2.897908574393974,-2.3648033364526264,-0.5331052379413476,-1.7490435135214872,-0.13560331847742663,-0.48015650445371266,-0.3436865465607981,-0.08938084075025203,-0.1000378506302974,0.0,-0.8051785143116886,3.986430425288671,2181.7812846408606
Daeshon Shepherd,-2.898000512877763,-2.2038107076546263,-0.6941898052231367,-1.7408284610446945,0.04583082083222856,-0.5088130674421605,-0.5118072180646693,-0.07781094354477348,-0.1045716436136939,0.0,-0.6453648337683993,3.8497927457205927,3513.3331097535706
Russell Jones Jr.,-2.898143045672967,-2.473191465961961,-0.4249515797110057,-1.9552764779842884,-0.024078493770950865,-0.4938364942067219,-0.22335773098815315,-0.11891848999493997,-0.08267535872791261,0.0,-0.7195088367005253,3.9749858338782253,2257.6172671462073
Isaiah Skinner,-2.8984516529322133,-2.5043127268826177,-0.39413892604959555,-2.0818337382450096,-0.0776002528507344,-0.34487873578687384,-0.6199454130260488,0.310975717915951,-0.08516923093949777,0.0,-0.196672501661155,3.881502934261785,3076.985528379463
Troy Cole Jr.,-2.898969060630401,-2.435186415833617,-0.46378264479678366,-1.8782400919641902,-0.09196936076222603,-0.46497696310720116,-0.45797299548733333,0.08085004923677375,-0.08665969854622409,0.0,-0.5627559731788776,3.9755542677427207,2242.730729499588
Austin Ball,-2.8990045476298523,-2.4418654679069434,-0.4571390797229091,-1.887980573402339,-0.3139012573796757,-0.2399836371249287,-0.4959282337769348,0.13305746350323053,-0.09426830944920482,0.0,-0.5150957404505787,4.006340045229585,2075.649902295864
Josh Rivera,-2.900999253240835,-2.2871614979712445,-0.6138377552695906,-1.9518780575171368,-0.15341113355874908,-0.18187230689535883,-0.47193799521204,-0.05027576161822165,-0.091623998439329,0.0,-0.4771832005116586,3.8367078424339933,3730.2739590220426
Collin Chandler,-2.901242438451847,-2.2066391993013825,-0.6946032391504647,-1.6870932719480232,-0.054750375281584246,-0.46479555207177525,-0.36038358444496255,-0.2598161270965021,-0.0744035276090002,0.0,-0.8537655820588618,3.8409213853134183,3657.590915985191
Luke Gray,-2.901325789520646,-2.3629769550825044,-0.538348834438142,-1.8347154717014922,-0.14072115344882247,-0.3875403299321897,-0.267647277181943,-0.17380372439084968,-0.09689783286534934,0.0,-0.7989630406372112,3.952479966261063,2413.4364285595548
Khani Rooths,-2.901331664975762,-2.537067436015186,-0.36426422896057564,-1.8764592227036445,-0.20923016435892017,-0.4513780489526218,-0.26474501563174097,-0.014407141944714735,-0.08511207138411989,0.0,-0.7601274266403766,3.948264776615043,2428.9689264855306
Francis Nwaokorie,-2.90211640261525,-2.5084055567025767,-0.3937108459126733,-1.8556301227919965,-0.24242694346981755,-0.41034849044076255,-0.18126516822336552,-0.11500135212458672,-0.09744432556472103,0.0,-0.8652211115998879,3.8315849067356678,3816.003582484075
Andre Screen,-2.9026697765201277,-2.5569482624958404,-0.34572151402428747,-1.7988255806773856,-0.3378869375220029,-0.42023574429645216,0.01695626608849643,-0.2485678744885788,-0.11410990562420509,0.0,-1.120800461931239,3.940404312444064,2510.844507575489
Joson Sanon,-2.9030117284473484,-2.325734310161986,-0.5772774182853623,-1.7803718389997902,-0.023400841024075525,-0.5219616301381204,-0.37038025357882154,-0.1092444166357662,-0.09765274807077452,0.0,-0.7522596358687366,3.833831777976183,3798.748834901029
Noah Reynolds,-2.903099379327116,-2.390846498847632,-0.5122528804794841,-1.758853236756771,-0.14453503283286045,-0.48745822925800036,-0.35354576954212075,-0.07997347733418132,-0.07873363360318208,0.0,-0.7907003730282243,3.8684787133524696,3250.131639107423
Khalif Battle,-2.9031333912567248,-2.20728502347408,-0.6958483677826446,-1.817871707506567,-0.1504521249316545,-0.23896119103585867,-0.5658204234737709,-0.04251510527833419,-0.08751283903053945,0.0,-0.5194412602763868,3.8474095338282965,3552.505595841504
Brooks Barnhizer,-2.903171327387141,-2.1781565766963786,-0.7250147506907625,-1.710040348752825,-0.05601926122178992,-0.41209696672176344,-0.7185919030001604,0.06435749389405973,-0.07078034158466187,0.0,-0.4745390756341554,3.8749472149444784,3164.763476379215
Chance Westry,-2.9034023109846876,-1.916185524507479,-0.9872167864772085,-1.6439476226492729,0.16842063518053713,-0.4406585370387433,-0.6936534729814874,-0.22641090573097353,-0.06715240776474748,0.0,-0.5658012153539272,3.8875314199785387,3022.10034592766
Stefanos Spartalis,-2.905156333197833,-2.5799241404576674,-0.32523219274016585,-1.8922779911225345,-0.25443559968349044,-0.4332105496516422,-0.10284379785070757,-0.12852018541987126,-0.093868209469587,0.0,-0.9100345442245908,3.9777072163736023,2233.909813376117
Isaiah Walker,-2.905925217495704,-2.250719064771416,-0.655206152724288,-1.84148474517401,0.03625087418581016,-0.4454851937832158,-0.41078671843176584,-0.13956246070365455,-0.10485697358886763,0.0,-0.6536537538899277,3.778772297744091,5060.469811008077
Meechie White,-2.906326839960635,-2.6970902514225763,-0.20923658853805835,-1.9663637683873083,-0.014869467431493977,-0.715857015603774,-0.2721970283558551,0.12837230465206545,-0.06541186483426872,0.0,-0.6677660432174712,3.9412109731680642,2492.2201814133914
Lincoln Ball,-2.906385016826089,-2.38724924624781,-0.5191357705782794,-1.8191605693480586,-0.20332973904741075,-0.36475893785234037,-0.4899796399679496,0.06286876273312564,-0.0920248933434555,0.0,-0.5972448075100809,3.8918739288205364,2955.3025851907023
Dante Allen,-2.907023606884719,-2.4329807619383272,-0.4740428449463918,-1.8256171988357361,-0.18087479273251106,-0.42648877037007993,-0.457343144995285,0.07246356142953589,-0.0891632613806427,0.0,-0.6240632630536977,3.9806034177542884,2201.7761582449466
Peter Suder,-2.9070409378475497,-2.285565743555257,-0.6214751942922927,-1.7489239365330311,-0.022980553311789415,-0.5136612537104362,-0.5693501188942309,0.02632128119237316,-0.07844635659043495,0.0,-0.5887668824202874,3.738954694715259,6748.681666353943
Simeon Cottle,-2.9075120834118495,-2.05044054854677,-0.8570715348650797,-1.7961309068865998,-0.0006151708894725771,-0.2536944707706976,-0.701161562687501,-0.06215730679526866,-0.09375266538231014,0.0,-0.410219613837749,3.78267426240073,4966.39851068368
Nate Calmese,-2.907677395137048,-2.21641261971435,-0.691264775422698,-1.7716959053779946,-0.11951577348243797,-0.3252009408539178,-0.7074602274335351,0.13488794772938922,-0.11869249571855209,0.0,-0.4285212623255187,3.789086836007196,4766.475307061525
Charlie Easley,-2.9078561586904734,-2.325214402594975,-0.5826417560954983,-1.6107840181601252,-0.13890233225051485,-0.5755280521843347,-0.4363263518936211,-0.0655452954081086,-0.08077010879376854,0.0,-0.8607457886367267,4.012496693957958,2029.462234071023
Javan Buchanan,-2.9082218203365975,-2.1974539449168433,-0.7107678754197542,-1.6532072632919719,-0.17273095833700947,-0.3715157232878622,-0.4509970278686775,-0.1862900726947292,-0.07348077485634757,0.0,-0.8040175291759484,3.824670702697492,3952.723972672002
Brady Shoulders,-2.908251017443531,-2.464179639323221,-0.44407137812030983,-1.916851377299405,-0.11457731829738038,-0.43275094372643547,-0.23057872398902235,-0.11870672082133737,-0.0947859333099501,0.0,-0.7608209161551033,3.807438026154567,4312.183319197062
Jo'el Emanuel,-2.908444584351259,-2.3836913814192155,-0.5247532029320435,-1.7961351798979666,-0.08211857924127716,-0.5054376222799718,-0.565493457532459,0.13486922493690154,-0.09412897033648608,0.0,-0.5468159469208335,3.7575630545036933,5841.306624312092
Shammah Scott,-2.9084647842983937,-2.231114469981996,-0.6773503143163979,-1.868273354580072,-0.026652657543712488,-0.33618845785821144,-0.5022861157767164,-0.08444735200181606,-0.09061684653786542,0.0,-0.5379053139416055,3.766331291097494,5519.041395193886
Damari Monsanto,-2.908548640863753,-2.3405351288182614,-0.5680135120454914,-1.8713514234354929,-0.07351930230010878,-0.3956644030826599,-0.6045307321029886,0.11892798588518932,-0.08241076582769225,0.0,-0.4326664853252716,3.956459055759169,2378.3842455951153
Andres Burney,-2.908723025247783,-2.0194194237937095,-0.8893036014540736,-1.9336810302724214,-0.029462026015275006,-0.056276367506013,-0.9045254638763776,0.07867643700178975,-0.06345457457948583,0.0,-0.07051653109898409,3.9935484978649387,2138.6152633374686
Ace Glass,-2.9090335397135627,-2.127421684648588,-0.7816118550649749,-1.7319351610990188,-0.15044591708364563,-0.24504060646592343,-0.6344514366855756,-0.07560779108611218,-0.0715526272932871,0.0,-0.5426469419289683,3.904223363222318,2846.518724636082
Bryson Cokley,-2.909108729363164,-2.686014346016859,-0.22309438334630516,-1.9363647257741607,-0.14226303266607038,-0.6073865875766279,-0.027088790545484964,-0.070106614816768,-0.1258989779840522,0.0,-0.9456552130435185,3.926094111835712,2621.5889924584635
Ryan Abelman,-2.9093318204146934,-2.180739732326508,-0.7285920880881858,-1.6107048660079823,-0.05719210632381838,-0.5128427599947074,-0.6009196018678817,-0.0428545657261901,-0.08481792049411394,0.0,-0.6977073525388298,3.814836431168401,4125.432293661306
Zacharie Matulu,-2.909432267724796,-2.399962603141741,-0.5094696645830551,-1.8590008249272274,-0.2380026497375043,-0.30295912847700956,-0.3708328951847918,-0.0334914826239122,-0.10514528677435112,0.0,-0.6795985476127772,4.001142851406201,2084.9035141916474
Christian Turner,-2.910011068109433,-2.716207388090118,-0.19380368001931508,-1.9218623454447183,-0.17716219057721713,-0.6171828520681828,-0.1699188831884425,0.06704403611258516,-0.09092883294345776,0.0,-0.8182298394762726,3.885705000542982,3025.4604410039155
Keller Boothby,-2.911114928966714,-2.5450636215388642,-0.3660513074278501,-1.9343816061429415,-0.2297567098205462,-0.38092530557537657,-0.3672073460212805,0.07976527521218585,-0.07860923661875541,0.0,-0.6095259768024923,3.9009594296195345,2853.0248731457086
Bryce Lindsay,-2.9112540243195557,-2.1382078238074134,-0.7730462005121425,-1.730996294853586,0.07359221631327323,-0.4808037452671005,-0.6051915897255311,-0.086190942901897,-0.0816636678847144,0.0,-0.5750661397404386,3.8061813322656834,4354.45997149026
Kevon Vanderhorst,-2.911378197396368,-2.6901975277781784,-0.2211806696181896,-1.8907377931758478,-0.23856924136358076,-0.56089049323875,-0.13645737621909465,0.021182328483970864,-0.1059056218830658,0.0,-0.8841830280014257,3.8693638999781146,3233.7635754868575
Chaz Lanier,-2.911421086653239,-2.3443380329949073,-0.567083053658332,-1.7829673026508819,-0.12519238949571695,-0.43617834084830825,-0.31314285978440587,-0.16715732966019808,-0.086782864213728,0.0,-0.8153109242179513,3.824997484770817,3952.5082162143103
Jordan Ivy-Curry,-2.9124665857069694,-1.9477818500501234,-0.9646847356568462,-1.743549092110359,0.13169541027720283,-0.3359281682169672,-0.7512472979750151,-0.10706988048228322,-0.1063675571995479,0.0,-0.41767019562159546,3.850994296539392,3503.1722654093855
Jordan Brinson,-2.9128515333391904,-2.365077522164262,-0.5477740111749283,-1.9903409411481876,-0.12478092520951425,-0.24995565580656015,-0.2870273664865711,-0.1785343278821907,-0.08221231680616647,0.0,-0.6354832257044316,3.8775015318690715,3118.78079337678
Rhyjon Blackwell,-2.913496927347814,-2.24464431130628,-0.668852616041534,-1.9414803922996668,-0.04602615510199379,-0.2571377639046192,-0.5853990501118179,-0.00012902410368920147,-0.08332454182602686,0.0,-0.3866174849363291,3.9019878321746946,2851.6797691860284
Tae Dozier,-2.9137788003758627,-2.1968999525319948,-0.7168788478438679,-1.8173267054966238,-0.10700015575312508,-0.27257309128224594,-0.7126725563526602,0.10901046725153304,-0.11321675874274072,0.0,-0.38377953852657865,3.879276226240689,3115.8397198865573
Michael Zanoni,-2.9141745829910835,-2.2697113766721753,-0.6444632063189083,-1.825955048529039,-0.018800293428950704,-0.4249560347141858,-0.43529195311257907,-0.11721222227302855,-0.09195903093330073,0.0,-0.6529275813494657,3.8419433924302293,3634.9123383163915
Jaylen Smith,-2.9144484727368782,-2.3121302134032407,-0.6023182593336374,-1.78126250455138,0.005165807744133194,-0.5360335165959942,-0.5826294984700778,0.07398117930698117,-0.09366994017054076,0.0,-0.5505564697154206,3.7873670706114093,4824.142386965338
Nate Santos,-2.9145054160771506,-2.2231871566824903,-0.6913182593946604,-1.6579227822057316,-0.09888611658131567,-0.46637825789544274,-0.5205081752525308,-0.07807966850950854,-0.09273041563262105,0.0,-0.736074458618888,3.84795196727501,3543.2902587273766
Luke O'Brien,-2.914615683147333,-2.2339699472340055,-0.6806457359133271,-1.7196320716134879,-0.08412342460671629,-0.4302144510138012,-0.4783489517808129,-0.12091112846272462,-0.0813856556697896,0.0,-0.7166346597530318,3.988252885238487,2163.7415807474563
Shane Blakeney,-2.914902651024265,-2.4393757522887953,-0.4755268987354696,-1.8200398131239683,-0.17758533497206386,-0.4417506041927631,-0.12935690507661296,-0.23188518256187365,-0.11428481109698299,0.0,-0.9655059328236836,3.790254644249555,4745.628520087303
Ja'Sean Glover,-2.9154665780294087,-2.248629867535488,-0.6668367104939206,-1.7387423179581434,-0.142256598981336,-0.36763095059600887,-0.46996877586502234,-0.09575424197451735,-0.1011136926543808,0.0,-0.7067554842062429,3.7935852153075214,4645.184710448886
Mike Mitchell Jr.,-2.9155986849475055,-2.2740404032912,-0.6415582816563057,-1.8050946364590919,-0.10947516422011168,-0.35947060261199615,-0.5107671612819138,-0.04346566316337933,-0.08732545721101259,0.0,-0.5997368872064998,3.82906441178419,3868.782033209368
Collin Kuhl,-2.916642683427535,-2.5196447989619437,-0.39699788446559114,-1.8756554392130709,-0.27951090369946224,-0.36447845604941076,-0.3087782453471418,-0.0062820091200944395,-0.08193762999835486,0.0,-0.7322089988673224,3.8855920261458294,3021.878403175934
Omari Hamilton,-2.9166968195804017,-2.5679191986628416,-0.34877762091756037,-2.117860452506831,0.01617553964308377,-0.46623428579909443,-0.16165415765161367,-0.08350277161308059,-0.1036206916528661,0.0,-0.6371822094219574,3.935637541448487,2546.630902122241
Braxton Meah,-2.9167037922822403,-2.8203887339385756,-0.09631505834366455,-1.8526545244500139,-0.41304204774863995,-0.5546921617399218,0.05502177546983711,-0.045132737156851656,-0.10620409665665001,0.0,-1.1190710433020634,3.994454135974681,2128.9442741792845
Cameron Huefner,-2.9184808939090696,-2.508599654136657,-0.40988123977241264,-1.779025105443382,-0.2637524494584607,-0.4658220992348143,-0.2721271285607924,-0.06386277079294311,-0.07389134041867715,0.0,-0.8673286599048953,3.900810088913957,2871.77937169479
Myron Amey Jr.,-2.9185831816876537,-2.396169596476063,-0.5224135852115905,-1.7271083204224464,0.005654172971601035,-0.6747154490252179,-0.3840660595950227,-0.0292633765946278,-0.10908414902194005,0.0,-0.8074088016701846,3.7655640456903092,5553.898805164249
Acaden Lewis,-2.918651492383533,-2.4813653510629563,-0.43728614132057675,-1.8003261442604896,0.013670114573315212,-0.6947093213757817,-0.37621032386618514,0.033131630274245316,-0.09420744772863693,0.0,-0.7421150242568582,3.8991447740153826,2895.0772484515746
Marqui Worthy Jr.,-2.919380859292122,-2.2380230574332636,-0.6813578018588589,-1.7395924599828334,-0.07095159161987118,-0.42747900583055903,-0.4988160351897668,-0.07085066181669511,-0.11169110485239694,0.0,-0.6809723641195223,3.784709307943713,4903.838286608789
Braden Norris,-2.9195930269704164,-2.7502763997792936,-0.16931662719112292,-1.868673721247784,-0.34065047504975876,-0.5409522034817507,-0.13140472979039508,0.05008512108998556,-0.0879970184907134,0.0,-0.9195145759322373,3.922189599214035,2665.002748370249
Dawson Baker,-2.9201133578640857,-2.6154678688340374,-0.3046454890300484,-1.8082788521183235,-0.1123610249046299,-0.694827991811084,-0.04339243842632762,-0.16773458641994243,-0.09351846418377832,0.0,-1.0684420673194346,3.9495109297519018,2437.8070513029334
Nas Muhammad,-2.9201585618792696,-1.9771519777203905,-0.943006584158879,-1.639610257382242,0.1374462811646388,-0.4749880015027875,-0.6560149898696339,-0.18452097183630756,-0.1024706224529375,0.0,-0.6245333146273937,3.986029274679914,2192.7453217924367
Gage Lattimore,-2.920879380922976,-2.269946947765083,-0.650932433157893,-1.8933104102312688,-0.06396323187879141,-0.3126733056550225,-0.43226022558473554,-0.10331365425819179,-0.11535855331496557,0.0,-0.5953087451069712,3.8596663283883084,3359.060864083479
Jaylen Murray,-2.921322632193874,-2.0920121807833025,-0.8293104514105716,-1.748996744750972,0.07794685906796106,-0.4209622951002914,-0.8982848329874854,0.1580855113764053,-0.08911112979949158,0.0,-0.2740410544554166,3.8287132720096633,3890.8512805603737
Lance Ware,-2.9222025486476717,-2.554965344821245,-0.36723720382642644,-1.9893297087832666,-0.24524968518754492,-0.32038595085043325,-0.09299541898257968,-0.16361191550817009,-0.11062986933567662,0.0,-0.8398774208818249,3.9983232677539964,2104.297599168143
Chaunce Jenkins,-2.922705595546202,-2.4338460037670036,-0.4888595917791982,-2.031695075369144,-0.037243853708894076,-0.36490707468896594,-0.3981156940342486,-0.003205713270263838,-0.0875381844746857,0.0,-0.4928948261428096,3.9092605698888367,2780.5599618302767
Michael Jones,-2.92277855502934,-2.5614695747567886,-0.36130898027255137,-1.6510402377326665,-0.14090016116857462,-0.7695291758555476,-0.2903130011988475,0.01032942017246398,-0.08132539924616781,0.0,-0.981425316097826,3.9623522690420283,2341.1155146582623
Gabe Dorsey,-2.9228157334985836,-2.4462414382223416,-0.4765742952762421,-1.9011761337373,-0.025501828455158138,-0.5195634760298835,-0.23157918038323616,-0.14955190315004963,-0.09544321174295635,0.0,-0.7900604193780476,3.8586414071717527,3371.258141944544
Nana Antwi-Boasiako,-2.9228534311865624,-2.5665346263701054,-0.35631880481645684,-1.8552594739051491,-0.3565435631036403,-0.35473158936131594,-0.5354928322538618,0.2680629607519439,-0.08888893331453895,0.0,-0.5321011250275514,3.8829011441030628,3068.3258994365947
Ian Scott,-2.9229923901086887,-2.2372436009064676,-0.685748789202221,-1.648184963247493,-0.2422605939745396,-0.3467980436844348,-0.4753222458855568,-0.11228204087319266,-0.0981445024434716,0.0,-0.7994851809756386,3.9049431591392483,2837.4067474987905
Kobe Julien,-2.9239234303751216,-2.3701411421940803,-0.553782288181041,-1.985903237998712,-0.13917472752608945,-0.245063176669279,-0.5607359713683723,0.11021363986544258,-0.10325995667811132,0.0,-0.37728422100803716,3.8529093951768996,3470.7029880003124
Darius Livingston,-2.923967598171025,-2.3725188030614244,-0.5514487951096004,-1.903302154541543,-0.18262199728418918,-0.28659465123569194,-0.3711069875576001,-0.08850486796489893,-0.09183693958710142,0.0,-0.6495584560718813,4.00809946320275,2050.23516131022
TJ Wainwright,-2.9239815630182786,-2.252723048840781,-0.6712585141774978,-1.630214924211009,-0.23614445067582768,-0.38636367395394383,-0.5259471221727481,-0.03724698452079739,-0.10806440748395235,0.0,-0.7678195166345212,3.7647756636038325,5578.825252224866
Xzavier Long,-2.9246412111437916,-2.417471197864332,-0.5071700132794595,-1.9765180577029884,-0.13774579994430786,-0.3032073402170361,-0.4243002391713674,-0.010467193814487352,-0.0724025802936048,0.0,-0.5238229142694362,3.7721038142563708,5279.081120820196
Tariq Ingraham,-2.92472340212099,-2.2339863413492536,-0.6907370607717366,-1.9979782360535479,-0.18301465998905278,-0.05299344530665273,-0.5699534056483867,-0.046575503238895644,-0.07420815188445426,0.0,-0.35679176041905547,3.853288040109092,3459.885246551104
Austin Benigni,-2.925046169755544,-2.224933690165419,-0.7001124795901248,-1.875305060867799,-0.06284451965912219,-0.28678410963849776,-0.5284077472640558,-0.07798810117532988,-0.09371663115073917,0.0,-0.521333361623689,3.729544468504687,7306.817357494659
BJ Freeman,-2.9256067351741937,-2.339137209473373,-0.586469525700821,-1.7858183659852878,-0.23326414044503146,-0.3200547030430537,-0.4764389283951912,-0.024185413631039807,-0.08584518367459007,0.0,-0.6633494407937149,3.874427983644043,3168.5154392767313
Kaleb Glenn,-2.925709265231779,-2.3574912966856703,-0.568217968546109,-1.8070050907861244,-0.20254051185716773,-0.34794569404237774,-0.40498062022559,-0.061375986930115735,-0.10186136139040315,0.0,-0.7137235542200643,3.9742958264105366,2249.6380633969975
Trae Benham,-2.92625099799608,-2.126481860000606,-0.799769137995474,-1.9034200113679278,-0.11957288157269183,-0.10348896705998628,-0.4606267644973507,-0.2509136505711543,-0.08822872292696904,0.0,-0.5622042221308015,3.9125928835457584,2746.6489898006553
Dionte Johnson,-2.926631132236323,-2.5131518128427848,-0.41347931939353855,-1.8029417183821876,-0.1571395647731683,-0.553070529687429,-0.5254186992863125,0.2320525722689911,-0.12011319237621719,0.0,-0.5982707145678233,3.782272304097839,4968.4451220666515
Dominic Pangonis,-2.926793211606009,-2.3046235790188323,-0.6221696325871771,-1.8088302430696614,-0.26314319522074026,-0.23265014072843093,-0.5275039418273441,-0.01713920113205187,-0.07752648962778107,0.0,-0.5904590267090042,3.8172354300860896,4112.117544430688
Owen Koonce,-2.9271968665092185,-2.293537706616766,-0.6336591598924524,-1.7960193336252135,-0.17262455606196475,-0.32489381692958785,-0.49593260677082435,-0.03902218263719583,-0.09870437048443215,0.0,-0.6352449261131806,3.979758660099894,2228.591408732299
Malcolm Noel,-2.927539970379293,-2.5101785163565413,-0.41736145402275143,-1.7703266160727689,-0.18974556503880247,-0.5501063352449702,-0.28132569200625457,-0.0391532533156383,-0.09688250870085856,0.0,-0.8758876623002696,3.8988006918198725,2894.1691204923586
Jacob Meyer,-2.927573729301458,-2.110755784550867,-0.8168179447505908,-1.6934070235671626,-0.018043359144659515,-0.3993054018390447,-0.5902951849364418,-0.10788032470420117,-0.11864243510994771,0.0,-0.6438715207978531,3.7866388438906196,4824.3508548977115
Adama Bal,-2.927849027464106,-2.352845130850428,-0.5750038966136777,-1.9373848701641463,-0.12315848549922989,-0.2923017751870519,-0.3131696158304501,-0.16070322698647954,-0.10113105379674807,0.0,-0.6772945414695094,3.8824316679746502,3079.937621225329
Fazl Oshodi,-2.928269249827383,-2.0755545023975497,-0.8527147474298332,-1.858668533159275,-0.03762398050344115,-0.17926198873483368,-0.826073144268021,0.09569143620516865,-0.12233303936698085,0.0,-0.24352757240008704,3.983170519227216,2203.685543419433
Dominick Nelson,-2.9282727152397228,-2.249677488508888,-0.6785952267308345,-1.8783519662185184,-0.1407872870636052,-0.23053823522676425,-0.526078102891703,-0.05804311753675415,-0.09447400630237733,0.0,-0.5238426461295009,3.940660707084693,2522.0044184652943
Connor Serven,-2.9285332062885847,-2.2145544217251385,-0.7139787845634462,-1.9340195620502407,-0.09636479676572374,-0.1841700629091741,-0.6832496795911127,0.043143674366889276,-0.07387277933922279,0.0,-0.3112639646472314,3.9358226371356766,2536.17144177467
Darius Adams,-2.92905968875627,-2.53169195489155,-0.3973677338647198,-1.8378197532968954,-0.13016293825218214,-0.563709263342473,-0.235171294213241,-0.06146175653400349,-0.10073468311747527,0.0,-0.8560686412461339,3.9407835482249496,2505.1066258840447
Asher Woods,-2.9296386030095714,-2.529847134874182,-0.39979146813538946,-1.848713213267162,-0.10230663135541891,-0.5788272902516011,-0.20940287623989673,-0.08652720991258939,-0.10386138198290336,0.0,-0.8715225135025128,3.7579565862273183,5840.552329770502
Puff Johnson,-2.9298819018175317,-2.0754556288949226,-0.8544262729226089,-1.8942246536279006,-0.009781913945594217,-0.1714490613214279,-0.6870135685425202,-0.07685358033169593,-0.09055912404839273,0.0,-0.34864367964711074,3.9895696686861513,2153.9489688658086
Giancarlo Rosado,-2.930347620168574,-2.407597606711061,-0.5227500134575132,-1.7764248217416907,-0.09193322563512435,-0.5392395593342458,-0.44020878701028426,0.012658775658189153,-0.095200002105418,0.0,-0.7137140114165991,3.927727147827884,2611.092519951648
Shelton Henderson,-2.930987084988735,-2.463845591176919,-0.46714149381181636,-1.754757022724849,-0.1941013255606464,-0.5149872428914236,-0.3844032558967426,-0.006336723624262158,-0.07640151429081157,0.0,-0.7918268063671438,3.861021698751098,3346.931012936834
Jamie Phillips Jr.,-2.9312491613063534,-2.444764868341471,-0.4864842929648823,-1.686162943109321,-0.14660994487550186,-0.611991980356648,-0.25809972694251193,-0.12584181858113294,-0.10254274744123744,0.0,-0.9869864912545203,3.897823061705001,2891.5481315429533
Cam Hayes,-2.931393822711584,-2.2598767016428676,-0.6715171210687164,-1.9713478821249206,-0.0029519490378970004,-0.2855768704800501,-0.5488630923596509,-0.015986606728581737,-0.10666742198048378,0.0,-0.4111828482270126,3.864654249968325,3304.8893606998727
Joey Niesman,-2.9314964148680804,-2.3587459949032894,-0.572750419964791,-1.8854524306897964,-0.21429053786031232,-0.2590030263531806,-0.452477787256153,-0.03574499685408668,-0.08452763585455135,0.0,-0.593566196922131,3.881077837018311,3081.071972735742
Keaton Norris,-2.931663559098925,-2.3810858483623116,-0.5505777107366132,-1.7085617087394227,-0.0387220685568645,-0.6338020710660244,-0.44840630428449635,-0.03201009433172506,-0.07016131212039177,0.0,-0.7746955460750058,3.772348562765761,5295.893869195335
Steele Venters,-2.9317766574979487,-2.3968373515105528,-0.5349393059873958,-1.7524743353480225,-0.2690933151519508,-0.3752697010105799,-0.40530006807293456,-0.05580163644789673,-0.07383760146656455,0.0,-0.774002254076992,3.9296360206686645,2613.3520295756434
Tyler Tejada,-2.931778688891244,-2.257612847874426,-0.6741658410168181,-1.7791561062457708,-0.1581136653849391,-0.3203430762437163,-0.38878480544099714,-0.18760902174511296,-0.09777201383070803,0.0,-0.7638377772044763,3.7637364834509826,5614.933972208961
Michael Green III,-2.9318190650288707,-2.3165302511275687,-0.6152888139013019,-1.6655955209640594,-0.1562498666482961,-0.4946848635152134,-0.5450297241580849,0.025441682824237408,-0.09570077256745434,0.0,-0.7211938199067265,4.017825604827249,2008.6430026090964
Isaiah Elohim,-2.9321231051171077,-2.241725885983957,-0.6903972191331506,-2.0125224445407777,0.031136444366822502,-0.2603398858100018,-0.5669646545535284,-0.05293591250375134,-0.07049665207587087,0.0,-0.3526360060228015,3.8911501892529317,2980.6932673616902
Kasparas Jakučionis,-2.932172417644045,-2.2931083706169497,-0.6390640470270956,-1.5850933598421895,-0.22129851367563638,-0.4867164970991238,-0.4037634128178194,-0.12899237697439866,-0.10630825723487754,0.0,-0.9433156449840364,4.01143586149356,2041.7366901938465
Jordan Pennick,-2.9323676963312817,-2.2907641360441158,-0.6416035602871661,-1.7234024110326347,-0.1836912016620916,-0.38367052334938956,-0.4089178672673478,-0.11949999581710302,-0.11318569720271528,0.0,-0.8000474180312995,3.7994894970884947,4486.469173513604
Jayden Brewer,-2.932790112634985,-2.421223069012151,-0.5115670436228341,-1.746352401866733,-0.18767885901424877,-0.4871918081311692,-0.3570418504066546,-0.07017470048970144,-0.08435049272647811,0.0,-0.8293958603615975,3.791797181170507,4699.332452800863
Sir Mohammed,-2.9334283979028433,-2.347662828669877,-0.5857655692329662,-1.887006934626399,-0.28366663482544974,-0.17698925921802822,-0.21423096238869732,-0.26780084908078655,-0.1037337577634823,0.0,-0.8321905008877468,4.007151368668621,2060.928554959685
Teddy Washington Jr.,-2.9337176127804505,-2.538506637846898,-0.3952109749335526,-1.8425028645264407,-0.03278110945469573,-0.6632226638657615,-0.3454182972040273,0.03830232858678978,-0.08809500631631512,0.0,-0.7457964510499824,3.8085977318986224,4282.278391961205
Hunter Goodrick,-2.933945960104592,-2.4209097382343048,-0.513036221870287,-1.8987305133466614,-0.14325873751700852,-0.3789204873706349,-0.3013981429231072,-0.13777401165737932,-0.07386406728980043,0.0,-0.7338173038348231,3.990970072752075,2149.5097253244057
Aaron Franklin,-2.934372139396107,-2.2886873420244487,-0.6456847973716582,-1.7533977401363148,-0.09063094777007377,-0.44465865411806016,-0.3171661718898061,-0.2345248341926796,-0.09399379128917242,0.0,-0.8638082273699859,3.863660940200197,3292.5042446637663
Tekao Carpenter,-2.934492919121218,-2.511098140296849,-0.4233947788243691,-2.007823468288517,-0.12408035962109404,-0.379194312387238,-0.3443186079634021,0.042359235681636784,-0.12143540654260382,0.0,-0.5823508428692992,3.881692531632746,3076.4176925597258
Moses Wood,-2.93459155767543,-2.3560149611010264,-0.5785765965744036,-1.7984867705565732,-0.15069909132850298,-0.4068290992159504,-0.34998989204414366,-0.14081273273047876,-0.08777397179978125,0.0,-0.7861148950747134,3.9295154647114896,2594.2483186715845
Austin Parks,-2.934875615446529,-2.5520382283173295,-0.38283738712919957,-1.871183243190402,-0.07474317037288546,-0.606111814754042,-0.256825950681821,-0.029642579930229576,-0.09636885651714897,0.0,-0.806866421574306,3.9024199254192697,2865.458137294659
Zeb Jackson,-2.9350133924505,-2.218999388654381,-0.7160140037961196,-1.8076886695584597,-0.06519838532585596,-0.3461123337700651,-0.6302906019193413,-0.014428340666245765,-0.07129506121053247,0.0,-0.49703412097269933,3.890623781883348,2993.559154298678
Josiah LeGree,-2.9360773943388123,-2.4484457448342942,-0.4876316495045179,-1.5990478374762167,-0.3674006830767874,-0.4819972242812904,-0.4926274350554437,0.09170402187843546,-0.08670823632750964,0.0,-0.8444021218071519,3.966820712733554,2313.6560560869416
Kyrese Mullen,-2.936090211764726,-2.35088800117276,-0.5852022105919659,-2.002448970665816,-0.26616876404434003,-0.08227026646260394,-0.29095098431193667,-0.23254692303678343,-0.061704303243245835,0.0,-0.6426902567869732,3.84484444700898,3579.203263638993
Elijah Jones,-2.9366555162005987,-2.4399567021323008,-0.49669881406829797,-2.035642808270919,-0.1583957413453917,-0.24591815251599,-0.5434799153598836,0.131106088180972,-0.08432498688938639,0.0,-0.3575327925697961,3.8934480983905053,2931.199801756166
Joshua Beadle,-2.9373528428983935,-2.4291551104220286,-0.5081977324763648,-1.673465161874209,-0.19385056057099215,-0.5618393879768273,-0.272570335126442,-0.1418573303259151,-0.09377006702400766,0.0,-0.9913173458977422,3.788513939984622,4796.713508076069
Brenen Lorient,-2.9373995133632373,-2.423462286365309,-0.5139372269979283,-1.9441468390883196,-0.183119181814194,-0.2961962654627956,-0.4404885190978963,0.028346645752066815,-0.10179535365209877,0.0,-0.5527641551770216,3.788492045716111,4792.417330661519
Alexis Marmolejos,-2.9374767655626903,-2.6165852209116105,-0.3208915446510797,-1.9420673782602433,-0.2165095596807727,-0.45800828297059465,-0.15115228246767265,-0.06671277541386836,-0.10302648676953874,0.0,-0.8442571048347745,3.9339555234214947,2561.969652885962
Donovan Newby,-2.9375982140184527,-2.322370896539217,-0.6152273174792359,-1.7410553237164637,-0.11757269874224385,-0.46374287408050957,-0.4523657376561732,-0.05933058753826723,-0.1035309922847955,0.0,-0.7441771526458162,3.8251263671829316,3940.711340073858
Tony Osburn,-2.9378301413990133,-2.421138045262394,-0.5166920961366197,-1.609195165078246,-0.019773129198869588,-0.7921697509852785,-0.4078415845516543,-0.027951875375623193,-0.08089863620934222,0.0,-0.9207933917691136,3.7584192087780717,5816.234799696977
Isaiah Hawthorne,-2.9388161676781426,-2.219893862742485,-0.7189223049356579,-1.6668008871734024,-0.12092285192085299,-0.43217012364822965,-0.680592856996624,0.04609365620862421,-0.08442310414765816,0.0,-0.5914224235081167,3.9014219257075666,2858.0731177123007
Jordan Brathwaite,-2.93896366786866,-2.0836898945039106,-0.8552737733647497,-1.7926727272800356,0.05599625926071791,-0.3470134264845929,-0.7761880649890879,0.011795375014267487,-0.09088108338992942,0.0,-0.3701028755995369,4.003661183365513,2104.422768270636
Christian Watson,-2.939093334866821,-2.4029231226301633,-0.536170212236658,-1.9039799656264051,-0.1363246735090336,-0.36261848349472464,-0.23337169092746946,-0.20554464083369317,-0.0972538804754953,0.0,-0.8017416783129467,3.8594073739419046,3370.4298907801713
Jaylen Forbes,-2.9391855307981727,-2.630597678855726,-0.30858785194244653,-1.9370424049707284,-0.0426270377584394,-0.6509282361265583,-0.2520396175158156,0.03968859839466586,-0.09623683282129683,0.0,-0.7501035083116286,3.9240477591909473,2641.847155318039
Antonio Chol,-2.939221922790896,-2.1580151756614736,-0.7812067471294222,-1.738023239951757,0.05435311397245618,-0.4743450496821728,-0.6521328642739428,-0.015273737557318381,-0.113800145298161,0.0,-0.549065818565196,3.9082233743042574,2801.9837000972384
Jah Quinones,-2.939233192185641,-2.418349450533456,-0.520883741652185,-1.9053932913110008,-0.22719072978905142,-0.285765429433404,-0.34604733656551856,-0.07756578211752863,-0.09727062296913776,0.0,-0.6877925643091218,3.9855043519828586,2183.6976881765786
Isaac Davis,-2.9400618830789655,-2.3763237945839535,-0.5637380884950123,-1.5415680243502872,-0.26300166580547785,-0.5717541044281884,-0.6944192542145121,0.22105632109228243,-0.09037515537278265,0.0,-0.7040746045141665,3.9926846972710455,2159.6670122766163
Dante Maddox Jr.,-2.9403299147665845,-2.2977855628723436,-0.6425443518942406,-1.6789532906333615,-0.10036875327540659,-0.5184635189635758,-0.5535321042782095,-0.004910145657538348,-0.08410210195849273,0.0,-0.7078445198550135,3.849707774810687,3510.003645819342
Mateo Esmeraldo,-2.940490382704514,-2.3844697323612585,-0.5560206503432557,-1.792619027021715,0.0023134804623129446,-0.5941641858018563,-0.39489039801449777,-0.07390479276043668,-0.08722545956832113,0.0,-0.7529809576683012,3.8946502655519213,2936.255633658821
Christopher Mantis,-2.9408094798812923,-2.3948000609542057,-0.5460094189270867,-1.8258210416900278,-0.00030540449531332725,-0.5686736147688648,-0.40779400951002687,-0.023862914978364992,-0.11435249443869477,0.0,-0.7071944286812379,3.981939591041813,2225.8079881634503
Tanner Christensen,-2.9411553897173426,-2.3121658374972878,-0.6289895522200548,-1.6705722937897123,-0.3028986392306413,-0.33869490447693423,-0.2551042785360379,-0.2916924330246695,-0.08219284065934736,0.0,-1.0154788173915923,3.854433526696749,3441.63143062206
Hunter Cattoor,-2.9412945974179188,-2.470903080319983,-0.4703915170979359,-1.6746491627279763,-0.14187434078455335,-0.6543795768074534,-0.3338845494506719,-0.0559605725267425,-0.08054639512052153,0.0,-0.9327608852392707,3.926873919027149,2613.6996736423357
Erik Pratt,-2.9418151765783613,-2.079971122188839,-0.8618440543895224,-1.822231524485725,-0.04160093366348852,-0.21613866403962553,-0.6386942519813282,-0.12787914100351333,-0.09527066140468085,0.0,-0.4808894001113082,3.775607424545809,5190.687304861616
Dasear Haskins,-2.941853656409318,-2.284273072914057,-0.6575805834952612,-1.7297333855232973,-0.09257834320409822,-0.46196134418666107,-0.4378251151567165,-0.15908085241145564,-0.060674615927088955,0.0,-0.774295155729304,3.8131122031415576,4184.964739896902
Paul McMillan IV,-2.9421372394729546,-2.403475542469165,-0.5386616970037897,-1.736379511376744,-0.06840589938200933,-0.5986901317104115,-0.2219887527867464,-0.21707668968683838,-0.09959625453020493,0.0,-0.9837689753094642,3.8884024806520854,2998.5109861525893
Elvin Edmonds IV,-2.942141416305263,-2.5299486295636266,-0.4121927867416365,-1.7410905974137976,-0.21436665800720212,-0.574491374142627,-0.18501335212516562,-0.13031125449910186,-0.09686818011736903,0.0,-1.0160374667663,3.859691929328256,3371.8261781288074
Cal Furnish,-2.942170710226233,-2.473777976840978,-0.4683927333852549,-1.9271885417948964,-0.07716308733928952,-0.4694263477067921,-0.3377925643171249,-0.05093636543320175,-0.07966380363492824,0.0,-0.6771896041142116,4.003675025879142,2072.751224626395
Elijah Hutchins-Everett,-2.9422601083483046,-2.435998124170338,-0.5062619841779666,-1.9475531903948478,-0.2076613710064776,-0.2807835627690126,-0.30818079535114545,-0.10438456965100473,-0.09369661917581643,0.0,-0.6865261226023114,3.920036752141233,2687.400069739567
Tyrone Marshall Jr.,-2.942374554121181,-2.285624415582011,-0.6567501385391702,-1.805778907492863,-0.14849621514733446,-0.3313492929418136,-0.6814812846334213,0.08051871880579059,-0.05578757271153945,0.0,-0.4551143619948969,3.7609195443924137,5704.4868940156775
Brycen Goodine,-2.9423791075295913,-2.3070804588079197,-0.6352986487216717,-1.8002066625617203,-0.08783316978234816,-0.4190406264638511,-0.4943690863841873,-0.03731626936186721,-0.10361329297561729,0.0,-0.6478033585836837,3.9563113078953704,2395.519937011091
TJ Long,-2.9423834359087873,-2.4566006953584894,-0.4857827405502981,-1.879220578813528,-0.03504480866898632,-0.542335307875975,-0.4266926697585325,0.019991026976451137,-0.07908109776821674,0.0,-0.6364701873367268,3.787418893699814,4823.06278307781
Lance Waddles,-2.9425883467969043,-2.2051468383940125,-0.7374415084028917,-1.8068317013972182,-0.04910874083759681,-0.3492063961591976,-0.433474805577091,-0.21312645115065532,-0.09084025167514533,0.0,-0.7022818398225951,3.781688331339337,4983.921035415104
Julian Brown,-2.9432262850624222,-1.974272155489291,-0.9689541295731312,-1.8503185279380108,-0.07663072062958164,-0.04732290692169877,-0.8272984198746118,-0.049152106755786684,-0.09250360294273258,0.0,-0.2656093372497997,3.991627295689842,2150.0325150137846
DA Houston,-2.943672783845024,-2.5043126611271616,-0.43936012271786234,-1.6105135244495805,-0.2729467457139245,-0.6208523909636563,-0.33502721759928794,-0.02246630437337665,-0.08186660074519775,0.0,-0.9981320417961552,3.8675381722064976,3253.788267358255
Vasean Allette,-2.9437840630791228,-2.417477508042437,-0.5263065550366859,-2.0883798491823757,-0.1267157438257732,-0.20238191503428776,-0.42555560518265123,0.004104430328769948,-0.10485538018280456,0.0,-0.4298486087140955,3.9448103241082677,2460.4075101600074
Keith McKnight,-2.9438553185145704,-2.3616990058087426,-0.5821563127058277,-1.9280354211450992,-0.1335850717602923,-0.30007851290335097,-0.609874775344238,0.139759695600381,-0.11204123296197073,0.0,-0.405945122025233,3.958872380226315,2372.712656355563
Zach Bloch,-2.944858993618417,-2.1117932893082467,-0.8330657043101704,-1.554375426263371,0.03454108792654095,-0.5919589509714165,-0.5804632710332992,-0.17483126772571017,-0.07777116555116098,0.0,-0.8100202963217467,3.75477927628816,5954.972095610796
Rob Lee Jr.,-2.946155045796758,-2.1906160652175792,-0.7555389805791789,-1.7327571782111801,-0.08848647283792545,-0.36937241416847366,-0.4933246576584624,-0.17566762398919794,-0.0865466989315186,0.0,-0.7200732099271155,3.933340422973421,2564.3940389968093
Rodney Johnson Jr.,-2.946359574910761,-2.445495596591183,-0.5008639783195782,-1.698376642987276,-0.034716111460781685,-0.7124028421431252,-0.18334328990767113,-0.20213974052781278,-0.1153809478840943,0.0,-1.064639642015814,3.9880617228618043,2175.214594919561
James Dent Jr.,-2.9463819965776343,-2.7176735804093286,-0.22870841616830553,-2.070955372970359,-0.06942555609909126,-0.5772926513398784,-0.03415976071343613,-0.09975072200199268,-0.09479793345287671,0.0,-0.841266862893839,3.8427380099869297,3633.257312223314
Jaden Harris,-2.9465875197837885,-2.1737332072513254,-0.772854312532463,-1.8325606768983953,0.03876840082436733,-0.37994093117729744,-0.552939648805827,-0.152807382202845,-0.06710728152379092,0.0,-0.5610871940795661,3.859743874767519,3375.822538920189
Bryce Ford,-2.946712579259979,-2.2762333265654733,-0.6704792526945057,-1.8028430980018595,0.005037559472769626,-0.4784277880363834,-0.480539541836623,-0.08216694007699389,-0.10777277078088872,0.0,-0.6633299394214964,3.8500168446235365,3511.268692156462
Ridvan Tutic,-2.9481682365952775,-2.7391420644560713,-0.20902617213920605,-1.9981713401716785,-0.39971354304560547,-0.34125718123878723,0.08324200954215466,-0.18703188906105175,-0.10523629262030894,0.0,-1.0332389059657534,3.9182956670028095,2695.067065002896
Riley Fox,-2.948185837846875,-2.306487792139482,-0.6416980457073926,-1.6787227826913873,0.09761824588223555,-0.7253832553303305,-0.39481912515577006,-0.14049606770599818,-0.10638285284562439,0.0,-0.8746439299997176,4.008326972763209,2073.8855754955634
Michael Rataj,-2.948290343594338,-2.03706809216593,-0.911222251428408,-1.6379502056761193,-0.23699083342795144,-0.16212705306185954,-0.6896595923574673,-0.12851153196157755,-0.09305112710936311,0.0,-0.6206805455607517,3.762654805540485,5653.448275224702
DJ Davis,-2.9492695725516977,-2.410739032365611,-0.5385305401860866,-1.7043122226441914,-0.04280505142360269,-0.6636217582978172,-0.5088543163914381,0.07228592006287421,-0.1019621438575227,0.0,-0.7361030335160683,3.861009626787605,3351.098932647735
Connor Hickman,-2.949833988015878,-2.4856578175132924,-0.46417617050258564,-1.7157580479675725,-0.12806981428741424,-0.6418299552583056,-0.40660565450416764,0.026162930354388284,-0.08373344635280629,0.0,-0.8274702855441378,3.7836143925301577,4952.5181138649805
Justin Harmon,-2.9498880588119265,-2.279256522532066,-0.6706315362798609,-1.757760715362755,-0.1349404834888786,-0.3865553236804323,-0.41453396342409254,-0.1590738180807485,-0.09702375477501987,0.0,-0.7775933800250793,4.018176651083165,2013.665791690889
Zach Hicks,-2.950014761963741,-2.424738533497767,-0.5252762284659741,-1.8808395213494873,-0.07475713890305088,-0.4691418732452289,-0.5287869836024992,0.09096222657910988,-0.0874514714425848,0.0,-0.5403882570117546,3.8223566961781,3991.694865153182
Frankie Policelli,-2.950059608638719,-2.3788678606324107,-0.5711917480063081,-1.8706141157978973,-0.058856198963475506,-0.4493975458710378,-0.25848406620093173,-0.2287191774925764,-0.08398850431280001,0.0,-0.8209614266398898,4.009871452182151,2040.0921682573482
Rashad King,-2.9508250794538666,-2.494437897965444,-0.45638718148842283,-1.8821416026137174,-0.2776932300431656,-0.33460306530856054,-0.38613569896473643,0.02096606850687506,-0.09121755103056144,0.0,-0.6825477778754124,3.777074551483656,5137.685335422484
Josh Smith,-2.9512191443985056,-2.1041721167136958,-0.8470470276848101,-1.8946297474966636,0.095036507840635,-0.30457887705766706,-0.7071066607655772,-0.03901929513481115,-0.10092107178442178,0.0,-0.349482736136265,3.903612007206747,2841.550865653222
Christian Cook,-2.9512703506655593,-2.241732305636015,-0.7095380450295442,-1.9348740245153995,-0.007296424644076177,-0.2995618564765395,-0.34819241939656276,-0.2540779165184194,-0.10726770911456208,0.0,-0.6682039067535971,3.8987056195322323,2884.6998120436283
Uzziah Buntyn,-2.9513097611881434,-2.5110756800223473,-0.44023408116579604,-1.5934523890140244,-0.22130275820991874,-0.6963205327984041,-0.2731926780799893,-0.0671559218617189,-0.09988548122408787,0.0,-1.0846646940941296,3.897086198767413,2903.335510066988
Tyler Cochran,-2.9513433112679364,-2.5239986396737173,-0.42734467159421924,-1.6860364822902099,-0.1469737725163741,-0.6909883848671332,-0.5829380652861011,0.24399310416927175,-0.08839971047738986,0.0,-0.6823687636916254,3.7953074950620422,4611.344439392798
Kobe Sanders,-2.9515636278362587,-2.32424934093332,-0.6273142869029388,-1.7177190066092245,-0.03234672445766015,-0.574183609866435,-0.5771130684819764,0.039244086679803614,-0.08944530510076594,0.0,-0.6567315527450576,3.8334997355497014,3786.036440191656
Bryson Ogletree,-2.951755159052202,-2.480141510397042,-0.4716136486551597,-1.8555091634606908,-0.22643729468434176,-0.3981950522520097,-0.349676256236562,-0.03806774513094,-0.08386964728765765,0.0,-0.7465697393549492,3.905505302021988,2818.0273020199766
Curt Lewis,-2.952441342843102,-2.4993973023295104,-0.45304404051359154,-1.921332700030222,-0.08105538752000262,-0.4970092147792859,-0.2899029944595063,-0.09566987514350178,-0.06747117091058347,0.0,-0.7412056483533738,3.873409946868884,3178.2506442343774
Alex Merkviladze,-2.952575003481221,-2.3193213382493068,-0.6332536652319141,-1.7234448109400453,-0.010832045147133845,-0.5850444821621277,-0.30633957358197506,-0.23422948558114612,-0.0926846060687929,0.0,-0.9227906189592006,3.8399979704857734,3672.87560530531
Kelcy Phipps,-2.953023068490259,-2.673777051619231,-0.27924601687102824,-1.8532924961058763,-0.12059743345324922,-0.6998871220601054,-0.28745923125183637,0.08013107497549915,-0.07191786059469103,0.0,-0.8122713411325466,3.9744997907073323,2251.0813750038765
Maximus Edwards,-2.953980258167518,-2.7193743092964002,-0.23460594887111771,-1.7574869283800547,-0.3504420511128879,-0.6114453298034576,-0.14059993599160625,0.013108438252911428,-0.10711445113242288,0.0,-1.055893393795857,3.8181354898772826,4089.227920877464
Toby Okani,-2.954350268700839,-2.593226926796098,-0.3611233419047408,-1.9784656078795146,-0.15780913607015085,-0.4569521828464323,-0.3874683408429962,0.10071322970961105,-0.07436823077135565,0.0,-0.5884163199783278,3.828725353181516,3875.6104244833327
Jarod Lucas,-2.954663683281564,-2.202443250403144,-0.7522204328784197,-1.7175482733119378,0.0036242897505904814,-0.4885192668417968,-0.6047397339029279,-0.05919679287829198,-0.08828390609719977,0.0,-0.6323756760666981,3.9268058381170756,2624.3328935052355
Derek Fountain,-2.9548892899788655,-2.3516079480122634,-0.6032813419666023,-1.7509488127992245,-0.1720661357380767,-0.42859299947496216,-0.44493196584477746,-0.0622701923064154,-0.09607918381540946,0.0,-0.7590085113348637,3.9978750077245584,2106.8425459829596
Kael Combs,-2.9549010920034076,-2.4776669910467817,-0.4772341009566258,-1.597792456991673,-0.18160957197212016,-0.6982649620829886,-0.41021025647177894,0.010346614782922745,-0.07737045926776956,0.0,-0.9468983785399555,3.843537754877756,3612.147020104131
Alonzo Dodd,-2.9549685161212764,-2.2616939517297117,-0.693274564391565,-1.6956218364971432,0.10194869687394681,-0.6680208121065152,-0.452406402858148,-0.1749252732962594,-0.06594288823715755,0.0,-0.8069402767659853,3.764345663110809,5600.822681431637
Cooper Koch,-2.9554807029824,-2.1462496301703875,-0.8092310728120127,-1.7465367558163765,-0.09713124713261638,-0.3025816272213946,-0.7858136162642566,0.06294775811596737,-0.08636521466372354,0.0,-0.42313033090176716,3.8699293109709303,3226.710055861857
Dalton Gayman,-2.95596523928236,-2.0536939769271885,-0.9022712623551719,-1.6824478316486347,-0.18732154499754192,-0.18392460028101187,-0.6126433508362907,-0.16214764093437503,-0.12748027058450603,0.0,-0.6608740567974349,3.968323993840262,2288.5433396513004
Brooks Allen,-2.956490054235493,-2.497210309180489,-0.459279745055004,-1.760807176581299,-0.11789415308775891,-0.6185089795114314,-0.42484378934030675,0.053754324101382533,-0.08819027981607978,0.0,-0.7708390883138875,4.014398917469329,2014.046535644354
MJ Williams,-2.9568929381960105,-2.293573809115458,-0.6633191290805525,-1.948176950731136,0.00586025474416299,-0.3512571131284851,-0.6008988418913889,0.024112039460240042,-0.08653232664940361,0.0,-0.4078171455734857,3.9827981427875594,2217.026951576358
Tyree Ihenacho,-2.957242339110169,-2.53083447489369,-0.42640786421647897,-1.8587384559627407,-0.12685688896406147,-0.545239129966888,-0.3421702749698275,0.003412588428155977,-0.0876501776748075,0.0,-0.756333608177601,3.9322109914024144,2567.116893159489
Tyrell Ward,-2.957319151480036,-2.4873319056910836,-0.46998724578895257,-1.8324977018853612,-0.2524852952093757,-0.4023489085963469,-0.4453337645804486,0.07649266391735188,-0.10114614512585582,0.0,-0.6794876850142266,3.953591239080785,2401.537860028736
Ryan Agarwal,-2.9576585656200236,-2.3697200201247433,-0.5879385454952802,-1.8582970937607437,-0.08923277918121003,-0.42219014718278974,-0.5070811067971492,0.01190573316449342,-0.09276317186262437,0.0,-0.5922803650621308,3.819500915620003,4055.8043020946025
Jamarii Thomas,-2.958334116912766,-2.4544918847948436,-0.5038422321179223,-1.8695212619414083,-0.12444685997919036,-0.4605237628742451,-0.6116569785715427,0.1816732032258165,-0.0738584567721962,0.0,-0.4771558763998152,3.880122723929353,3092.1518303493244
Ben Wight,-2.9586650256656415,-2.5707308560456887,-0.3879341696199529,-1.9119386978946815,-0.342656117807494,-0.31613604034351306,-0.2471671213326916,-0.043340926575574756,-0.09742612171168659,0.0,-0.7995592064382684,3.908834648825777,2771.3828654045487
Sadaidriene Hall,-2.959026560614714,-2.6423159953844557,-0.3167105652302581,-1.8151307633786966,-0.33706362136157214,-0.4901216106441872,-0.3993722399266144,0.17275160188494074,-0.09008992718858444,0.0,-0.744523557309403,3.8906356784204705,2976.8170700364535
Sean Moore,-2.9591456705539296,-2.2795575239562718,-0.6795881465976579,-1.9187702318255715,-0.2001024185228047,-0.1606848736078954,-0.5904122441735292,0.007171971999764104,-0.09634787442389275,0.0,-0.44996319455482875,3.8691192223123374,3226.160240014132
Isaiah Brickner,-2.95947844238293,-2.5943775598285725,-0.36510088255435746,-1.9040244596664142,-0.1091714435302304,-0.5811816566319279,-0.20355808947766724,-0.10155733609858206,-0.0599854569781082,0.0,-0.8518958932388486,3.8087817579083536,4277.145288327403
Caleb Blackwell,-2.9600923063043547,-2.5714824684246964,-0.3886098378796584,-1.9072501455820638,-0.2241948131365824,-0.44003750970605016,-0.2843158982920503,-0.006803374765827139,-0.09749056482178099,0.0,-0.7685262624302407,3.8728320741509923,3189.7447357978544
Marchelus Avery,-2.9605832201327225,-2.109553461888021,-0.8510297582447011,-1.8706474756932094,-0.10245035610397535,-0.1364556300908366,-0.8413991621594972,0.0790305579217874,-0.0886611540069912,0.0,-0.24853658228001577,3.9533371572919815,2402.5857217573202
Cole Certa,-2.9606932567029114,-2.0500053494618657,-0.9106879072410455,-1.719466738229272,0.008841508645319573,-0.339380119877913,-0.7889199859956469,-0.06434248150212014,-0.05742543974327841,0.0,-0.45230653247799196,3.907705969664772,2809.317109340294
Cord Stansberry,-2.9610203292646213,-2.4352067617653588,-0.5258135674992623,-1.9165271621430109,-0.04294805927356571,-0.47573154034878234,-0.2926916171942451,-0.15541311303749222,-0.077708837267525,0.0,-0.7518015499273654,3.782955830997834,4960.161460078704
Cooper Noard,-2.9614282923973314,-2.232639162920966,-0.7287891294763655,-1.6456974277750782,-0.1663767349781422,-0.4205650001677453,-0.4818766477026446,-0.146498894285279,-0.10041358748844197,0.0,-0.8338542169196084,3.7880511550683598,4807.394341511219
Ali Dibba,-2.9618146184063843,-2.3875886508052693,-0.5742259676011148,-1.8371232274387057,-0.09776822426610735,-0.45269719910045614,-0.5185153418392598,0.031311538204396236,-0.0870221639662512,0.0,-0.6061760491284184,3.7689751361596016,5381.9191438467915
Alex Hemenway,-2.9627832377942847,-2.6204885828358075,-0.3422946549584772,-1.7990112649218455,-0.21585373731261367,-0.6056235806013484,-0.23065152758246293,-0.03237581998734833,-0.07926730738866596,0.0,-0.9331204452899763,3.8841246497818953,3059.936936963939
Robert Davis Jr.,-2.962884659432447,-2.304772922830373,-0.6581117366020746,-1.916450145995229,-0.07658784805976061,-0.31173492877538345,-0.4886088488293016,-0.0842253571097521,-0.08527753066302096,0.0,-0.5578256646079172,3.782329582232148,4967.29790181257
Shawn Simmons II,-2.963245104267915,-2.3196163926322595,-0.6436287116356556,-1.9710815968471946,-0.21991537949552845,-0.1286194162895361,-0.32095125081879317,-0.20775888952641478,-0.11491857129044765,0.0,-0.671212256601927,3.928710407884933,2607.3567431032825
Brady Dunlap,-2.963522804545813,-2.3496843223377692,-0.6138384822080436,-1.5232471932113494,-0.13307675470502356,-0.6933603744213963,-0.42950716663834704,-0.11760029140732248,-0.06673102416237406,0.0,-1.0107684446961163,3.9432179360251753,2495.473604724698
Marcus Greene,-2.963664946598122,-2.3348288568927487,-0.6288360897053737,-1.7870598813924976,-0.11617510983250877,-0.4315938656677421,-0.29986080362519996,-0.23391883225707272,-0.09505645382310117,0.0,-0.8767442615804246,3.8362479373032614,3733.028409150289
Justin Neely,-2.963742705614581,-2.098465915316934,-0.8652767902976468,-1.6498791526809464,-0.07898802464585021,-0.36959873799013715,-0.6596452975651794,-0.11887991454679014,-0.0867515781856773,0.0,-0.6542182553684548,3.783622706298417,4920.337100942721
Devin Royal,-2.9637756069002705,-2.158255630870251,-0.8055199760300193,-1.7793294650926588,-0.149133274486722,-0.22979289129087038,-0.5629957550156083,-0.18103822115803733,-0.06148599985637376,0.0,-0.6214503867920036,3.774765657981256,5217.629206796464
Daniel Ortiz,-2.9638389626765425,-2.3076120942304446,-0.6562268684460979,-1.8839230425422557,-0.04786604772046413,-0.37582300396772456,-0.4346826326981371,-0.11470126040633322,-0.10684297534162755,0.0,-0.6452332874361495,3.860316181638962,3351.590574948832
Kyle Pock,-2.9644328500502466,-2.777212435401162,-0.18722041464908462,-1.9542381639808144,-0.0668812729137409,-0.7560929985066067,0.015218440023687996,-0.11943093934802237,-0.08300791532475026,0.0,-1.0254131260931203,3.9828840781203,2200.6069337995555
Ziggy Reid,-2.964492466629496,-2.6954654020811573,-0.26902706454833847,-2.055091421792408,-0.2717098429948904,-0.36866413729385894,-0.2293560192589864,0.06308003621478045,-0.10275108150413254,0.0,-0.6800450255781014,3.9790861645924136,2236.663234343064
Nasir Meyer,-2.964671384848706,-2.1621185569945984,-0.8025528278541073,-1.5601707185059634,-0.1082438858802738,-0.4937039526083611,-0.6342663393244021,-0.06612011791696232,-0.10216637061274278,0.0,-0.7702343270183399,3.931191045743002,2574.1430804974666
Logan Imes,-2.9649531923133696,-2.502442576155894,-0.4625106161574756,-1.859263945638148,-0.06505817426748561,-0.5781204562502603,-0.16299261885823546,-0.21243701824150965,-0.08708097905773052,0.0,-0.942696627816986,3.8904770865845544,2961.2513318987317
Kael Robinson,-2.9654349018085413,-2.4914977020691125,-0.4739371997394288,-1.9978404422891738,-0.07750776383726221,-0.41614949594267653,-0.30680556677860477,-0.06438039132551203,-0.10275124163531199,0.0,-0.6607888927407628,3.938976106035173,2550.8968542379735
Ethan Roberts,-2.965778259123688,-2.1995706979439738,-0.7662075611797142,-1.6187643944379346,-0.1110306029178412,-0.46977570058819784,-0.5802481416336608,-0.0996396533544728,-0.08631976619158063,0.0,-0.7667657230520925,3.8085541390112247,4278.792815233809
Jonathan Powell,-2.965832622890624,-2.4755789414571554,-0.4902536814334689,-1.9419436072531011,-0.005330533999920978,-0.5283048002041331,-0.22954790270080577,-0.16591219882575503,-0.09479357990690812,0.0,-0.7943411129367173,3.86295220884365,3317.024539350867
Camden Heide,-2.966600741673014,-2.2870041796801326,-0.6795965619928812,-1.8639746905750336,-0.12323345062914862,-0.2997960384759502,-0.4017620908336065,-0.19414897422212862,-0.08368549693714605,0.0,-0.7008639602643736,3.809174537273077,4259.712960379337
Jyare Davis,-2.9670600483226615,-2.3455826537819524,-0.6214773945407089,-1.8832985186315787,-0.06278219503213679,-0.3995019401182368,-0.33812667248800504,-0.18836793545064956,-0.0949827866020544,0.0,-0.7456348572030775,3.8316893542094537,3818.421037526336
Wooga Poplar,-2.9670656906746005,-2.3039726916851597,-0.6630929989894407,-1.7344177266084346,-0.06363996537741659,-0.5059149996993082,-0.5777807878084947,0.012484695412816188,-0.0977969065937622,0.0,-0.6548671762576708,3.827530756830165,3885.0651456414507
George Smith,-2.9674612235609694,-2.276190326023764,-0.6912708975372053,-1.6283702315506776,-0.025630444674504704,-0.6221896497985815,-0.4725248444746198,-0.1217989997440369,-0.09694705331854855,0.0,-0.8665661475356716,3.928521392108191,2574.5358452923756
Jaret Valencia,-2.9680828768373235,-2.2192719281645017,-0.748810948672822,-1.960181462611317,0.016897261942158986,-0.27598772749534367,-0.6047101527957922,-0.0405388802350741,-0.10356191564195573,0.0,-0.40319126143021455,3.9355591365546485,2543.084410661596
Glenn Taylor Jr.,-2.9682097280052813,-2.420588268441023,-0.5476214595642582,-1.757575646602612,-0.1758265198952886,-0.4871861019431224,-0.4258662096493557,-0.01481147274046074,-0.10694377717444181,0.0,-0.7847678717533136,3.900421439825403,2868.242231799747
Jakai Robinson,-2.9682180913012273,-2.410585096251189,-0.557632995050038,-1.8298895243630522,-0.14139799082242765,-0.43929758106570904,-0.37291376191292747,-0.09682375878014275,-0.08789547435696779,0.0,-0.7654148050252472,3.8993787657190215,2870.9666717542395
Kendall Blue,-2.968385702614458,-2.7250542481279094,-0.24333145448654891,-1.7373427301944906,-0.27580023903432804,-0.7119112788990908,-0.16444898197629165,0.008305992849232335,-0.0871884653594896,0.0,-1.066593990443676,3.846477566043345,3570.2311558215815
Mason Ritter,-2.968522994776212,-2.5746093182426573,-0.3939136765335548,-1.7756484391453813,-0.30778291786847733,-0.49117796122879875,-0.06689261026989124,-0.24877186099566176,-0.0782492052680018,0.0,-1.1259819453609397,3.930843818024064,2573.2678893100197
Caleb Burgess,-2.9688440842746253,-2.583162934249195,-0.3856811500254302,-1.6359336945178626,-0.28655457848059357,-0.6606746612507389,-0.25430079092841845,-0.037859211007354066,-0.09352114808965767,0.0,-1.0786095988283442,4.017163168578839,2013.1423502246864
Tyler Houser,-2.9690666329933135,-2.3342278978125055,-0.634838735180808,-1.8725844443800572,-0.09429104664891635,-0.3673524067835317,-0.3027980163843411,-0.23798436828943156,-0.09405635050703537,0.0,-0.793684172228915,3.845147748615252,3572.6493234613995
Gabe Cupps,-2.9691267536464925,-2.387642390258563,-0.5814843633879295,-1.7128004428913566,-0.26214972745622844,-0.4126922199109776,-0.3465214490155664,-0.1235401643943498,-0.11142274997801328,0.0,-0.9098048617395691,4.0077004465794905,2050.513124478338
Hayden Wood,-2.9693911563298405,-1.774451804062047,-1.1949393522677936,-1.8846885082925222,0.1681965194245909,-0.05795981519411558,-0.8681059088327073,-0.23913587341050407,-0.08769757002458212,0.0,-0.21659673920461087,3.9667980143398434,2306.807556886425
Justice Williams,-2.9698053933659168,-2.1500870392313827,-0.8197183541345339,-1.8814126871179895,-0.006197642886373228,-0.26247670922702016,-0.52011305750147,-0.21562638289430225,-0.08397891373876167,0.0,-0.5682796487464573,3.8745515854548898,3158.5672814632326
Mason Bendinger,-2.970074176272064,-2.6383100550742697,-0.3317641211977942,-2.0422820346056545,0.015675734509365213,-0.6117037549779805,-0.020448276065386017,-0.1958070109572264,-0.11550883417518175,0.0,-0.9073438656010234,3.9033066269842207,2851.660011661137
Louis Lesmond,-2.9703121555836605,-2.5693186190912414,-0.400993536492419,-2.071254342805276,-0.11336718287362929,-0.3846970934123364,-0.20814349538092164,-0.08525868241596454,-0.1075913586955328,0.0,-0.690914317397463,3.8183996382776275,4061.0702561748594
Devin Hines,-2.970456717912514,-2.49336304201365,-0.477093675898864,-1.9012082614508141,-0.20989146426566313,-0.3822633162971727,-0.35164165845840234,-0.013746352666204775,-0.11170566477425684,0.0,-0.7176067980032973,3.906722856523917,2798.36924362757
Jorell Saterfield,-2.9718685881025,-2.4535410854200537,-0.5183275026824464,-1.9250823105278607,-0.10414440974023378,-0.4243143651519593,-0.5460769518342964,0.10599331253985639,-0.07824386338800647,0.0,-0.5007093257403431,3.994624908873994,2136.041141894353
Justin Allen,-2.973151839528944,-2.062000102622799,-0.9111517369061448,-1.9946641306172888,0.10860271229008889,-0.17593868429559928,-0.692250952328182,-0.1158399952491824,-0.10306078932878038,0.0,-0.28623675658347314,3.954335935357665,2413.256938084194
Darin Smith Jr.,-2.973152380013194,-2.07231403059717,-0.9008383494160238,-1.5511039277485095,0.006891352388436245,-0.5281014552370967,-0.6280275770347648,-0.20265665171903816,-0.07015412066222089,0.0,-0.7940208752299195,3.82977342586926,3870.0538313806865
Legend Geeter,-2.97322830548807,-2.2799075293215236,-0.6933207761665463,-1.6831330201171482,-0.14686146098551478,-0.44991304821886086,-0.4872529626061949,-0.11004294238297863,-0.09602487117737282,0.0,-0.8028423227647271,3.796612917567354,4562.296100087382
Cam Gregory,-2.97347196103588,-2.641778549365916,-0.33169341166996424,-1.9430922048116281,-0.13806984343961745,-0.5606165011146702,-0.12109465353981064,-0.10091052757179475,-0.10968823055835883,0.0,-0.9092851026844413,3.746801845646132,6323.767220477142
Daniel Akitoby,-2.97382799991684,-2.241082001351688,-0.732745998565152,-1.7903275899353392,-0.09699072408901839,-0.35376368732733027,-0.4939550828183884,-0.12010473654921328,-0.11868617919755035,0.0,-0.6895453271631122,3.9209042451304295,2669.7474750009724
Daniel Egbuniwe,-2.9742033523477733,-2.62036759638044,-0.35383575596733324,-1.7710948622123261,-0.1426180776273595,-0.7066546565407541,-0.23455402439710915,-0.021201014418632112,-0.09808071715159199,0.0,-0.9685544657383377,3.7985522427812324,4515.334303197507
Isaiah Watts,-2.974580818249323,-2.451899256928584,-0.5226815613207393,-1.707968353144552,-0.111756030985555,-0.632174872798477,-0.4103823590748177,-0.034760169270909455,-0.0775390329750121,0.0,-0.8562301060299534,3.8693226149250695,3228.116507376463
Ryan Sabol,-2.974812676594441,-2.3265795728823035,-0.6482331037121372,-1.9011702252308595,-0.12712035152802761,-0.2982889961234167,-0.3847687858836035,-0.16025052286953026,-0.10321379495900346,0.0,-0.6888736654799781,3.742224947048609,6577.064806053137
Robert Hinton,-2.97528781301111,-2.645171265504836,-0.33011654750627417,-1.8587945474147252,-0.09774104865012685,-0.6886356694399838,-0.2819594873091734,0.024689184433281927,-0.07284624463038272,0.0,-0.8345337782872114,3.8120841639839123,4204.99996912069
Pierre Brooks,-2.975515284864862,-2.0918098179967064,-0.8837054668681557,-1.663844846654219,0.040799834519322675,-0.46876480586181013,-0.610765962002832,-0.18559441605722096,-0.0873450888081028,0.0,-0.7009044762078112,3.835842985839948,3741.973254337346
Tyler Doyle,-2.975764114338085,-2.1262920307018143,-0.8494720836362709,-1.7000573155762295,0.019246041703424727,-0.4454807568290095,-0.5730296592191829,-0.19332773978872256,-0.08311468462836549,0.0,-0.7026771395426727,3.8808624674376593,3098.8620290818385
Roberts Blums,-2.9759439072657807,-2.333845286809353,-0.6420986204564276,-1.838984194889122,-0.24904464431461376,-0.24581644760561722,-0.2990261526848097,-0.2392181012415694,-0.10385436653004852,0.0,-0.8379335596918489,3.8952256031992274,2935.2341769454097
Zytarious Mortle,-2.9760954705950615,-2.5207841640987523,-0.455311306496309,-1.8741355236070083,-0.2886660514304218,-0.3579825890613224,-0.5050494113996116,0.1290819126388934,-0.07934380773559088,0.0,-0.5969105355884418,3.8781915106142812,3127.4411090994563
Ben Krikke,-2.9766766351326215,-2.418940011167421,-0.5577366239652005,-1.7378553064276399,-0.14578450630540396,-0.535300198434377,-0.3882634322608478,-0.07828710523708132,-0.0911860864672714,0.0,-0.8505578964441337,3.9394834441700404,2511.2615495276896
JB Frankel,-2.9780550227918647,-2.41050673463066,-0.5675482881612046,-1.849902312124156,-0.0730994014291303,-0.4875050210773737,-0.5775606996077078,0.09251803584856455,-0.08250562440206127,0.0,-0.5505920110600007,3.8494538673583087,3523.534790499573
Kahmare Holmes,-2.97830349412196,-2.35899542058051,-0.6193080735414501,-1.8944215963332658,-0.015691693627774644,-0.4488821306194695,-0.6758606087421626,0.14444885064278115,-0.08789631544206869,0.0,-0.4080212890465317,3.8682709601879535,3240.475969659517
Cam'Ron Fletcher,-2.9784507539212073,-2.0927154749942396,-0.8857352789269676,-1.7353201959467128,-0.214349063244494,-0.14304621580303256,-0.7991865239049343,0.013004209319581697,-0.09955296434161502,0.0,-0.4439440340695599,3.9327881535147737,2570.5292314335966
Mikkel Tyne,-2.978755272938223,-2.6427388903239173,-0.336016382614306,-1.773236368446619,0.02246883348549683,-0.891971355362795,-0.2028626325197877,-0.04644294901378448,-0.08671080108073381,0.0,-1.0026562719718166,3.811553208708405,4207.586776954434
Ryan Moffatt,-2.978994501617964,-2.4391108664950654,-0.539883635122899,-1.8945985223992732,-0.14572421812109132,-0.398788125974701,-0.4298296668983316,-0.02153581207597527,-0.08851815614859218,0.0,-0.6545663123203598,3.956095896320217,2391.1802832882545
Charlie Williams,-2.979281159460073,-2.6807310570245546,-0.29855010243551816,-1.8291890284443513,-0.16359562892470333,-0.6879463996555001,-0.07097849153360569,-0.1263144317873373,-0.10125717911457517,0.0,-1.079113639482116,3.842418767815101,3625.155665234992
Lucas Taylor,-2.979613796641143,-2.3082761705905424,-0.6713376260506008,-1.7443960621319823,-0.04937866091691964,-0.5145014475416404,-0.43090412088924634,-0.15475340869538662,-0.08568009646596789,0.0,-0.8043136136199145,3.921327049242166,2659.669258529652
Roman Domon,-2.9798151893028177,-2.2102195586075895,-0.7695956306952283,-1.7667003442160696,-0.057972719954712884,-0.38554649443680716,-0.6384109237900535,-0.037808952140518985,-0.0933757547646559,0.0,-0.5747039212966949,3.9304870677462365,2587.9175758246565
Jeremiah Wilkinson,-2.980071755875131,-1.8161284596824494,-1.1639432961926817,-1.9482799557330548,0.1292043555218642,0.0029471405287411767,-1.0716351108580615,0.020638427380079094,-0.11294661271469908,0.0,0.0398433107159854,3.813714773818782,4194.029760599184
Rich Rolf,-2.980346489751084,-2.377165018897117,-0.6031814708539671,-1.8534490630190106,-0.2050222837975861,-0.31869367208052035,-0.42155415440068,-0.11405958411653824,-0.0675677323367488,0.0,-0.7053432723313936,3.861247793083215,3356.165991741545
Jordan Burks,-2.980656529566624,-2.1022379020847395,-0.8784186274818844,-1.7664813665821089,-0.06456825973630867,-0.2711882757663221,-0.6819829973339305,-0.10227633534922467,-0.09415929479872917,0.0,-0.5321921656505846,3.807403983834648,4301.576297786649
Jaquan Scott,-2.980966039976482,-2.492632344668498,-0.4883336953079841,-1.6794374457143817,-0.2402464473779536,-0.5729484515761629,-0.3045013266282981,-0.0691557967980033,-0.1146765718816827,0.0,-0.9970272676338024,3.884521940793303,3048.3022477478044
Joe Ostrowsky,-2.9811825717037888,-2.4609694796062858,-0.5202130920975031,-1.8475555064316638,-0.24949775405512403,-0.36391621911949773,-0.5028714349357957,0.06873223595731179,-0.08607389311901927,0.0,-0.6307556303363292,3.909460318206691,2789.3911949848916
Jerry Ngopot,-2.981204702283489,-2.5181583378229355,-0.46304636446055336,-1.9946493418004922,-0.15521417300710538,-0.36829482301533756,-0.22797223653024706,-0.13209093874926942,-0.10298318918103685,0.0,-0.7585831239527492,3.9423116685988857,2482.030221555562
Micah Octave,-2.9815386665313954,-2.353316429678251,-0.6282222368531443,-1.982479343877596,-0.08875978714032787,-0.2820772986603274,-0.7530045457786292,0.20335158500413988,-0.07856927607865499,0.0,-0.24605477687517033,3.7982890516995624,4523.077510484873
Dezayne Mingo,-2.9816781673667583,-2.004924766929713,-0.9767534004370454,-1.6430074370804126,-0.0930190707529249,-0.26889825909637566,-0.7772912196761312,-0.10505674500564983,-0.09440543575526429,0.0,-0.5613795106102147,3.800444469957554,4492.338977835154
Kenyon Aguino,-2.982266513651308,-2.8597058766672983,-0.12256063698400943,-1.7238438184555305,-0.27839171411073915,-0.8574703441010287,0.22250079205737683,-0.2656722111772517,-0.07938921786413455,0.0,-1.480923487253154,3.953678657576064,2405.376825415442
Donald Whitehead Jr.,-2.9823961016169265,-2.2966960229301847,-0.6857000786867418,-1.7905810846652452,-0.022078377071756222,-0.48403656119318317,-0.43493382742364106,-0.16883455217788296,-0.08193169908521769,0.0,-0.7568811895280401,3.9219806465079294,2651.1762216973757
CJ Ray,-2.9823964076441696,-2.377086202731081,-0.6053102049130885,-2.0154822330604825,-0.06744437298715412,-0.29415959668344455,-0.652013896052444,0.12300777420005027,-0.07630408306069486,0.0,-0.31490027853124325,3.906576326266443,2813.3539194340788
Perry Smith Jr.,-2.982426926228091,-2.6787783702881827,-0.30364855593990847,-1.9631211760342864,-0.34861383988662403,-0.3670433543672723,-0.1506654519358449,-0.03709134455999298,-0.11589175944407061,0.0,-0.8686402982579599,3.8596687734964967,3360.2133550632543
Corey Hadnot II,-2.9824585737509066,-2.3514903104110947,-0.6309682633398122,-1.793002629223506,0.04768650664640073,-0.6061741878339894,-0.5740718025956462,0.03276394960721199,-0.08966041035137792,0.0,-0.6153841419317546,3.7702710447721226,5362.495210773101
Jamie Kaiser Jr.,-2.982669387081752,-2.3984620465984827,-0.584207340483269,-1.98135982000376,-0.08640062914891845,-0.33070159744580413,-0.5365946319568657,0.04628816852046436,-0.09390087704686761,0.0,-0.4647149351211258,3.861038347142785,3338.5620804921837
Miguel Tomley,-2.982875424501415,-2.238288546117441,-0.744586878383974,-1.7379876438285482,-0.16340432701059993,-0.33689657527829286,-0.6257344333005921,-0.021431155455286323,-0.09742128962809563,0.0,-0.6191533473722747,3.909207832083628,2786.9775812821113
Thomas Batties III,-2.983214577599915,-2.657963249710245,-0.32525132788966976,-1.7958684960199942,-0.20094100813758878,-0.6611537455526622,-0.08916062821562304,-0.1275934156447385,-0.10849728402930822,0.0,-1.0981854533642976,3.785334021053434,4883.430210145104
Andrew Rohde,-2.9834614627188234,-2.385954854569803,-0.5975066081490207,-1.8451551003310005,-0.062097367503194764,-0.47870238673560733,-0.38887858564260447,-0.11751044281413178,-0.09111757969228437,0.0,-0.7494277767452183,3.75563763801941,5928.479319729011
Takai Simpkins,-2.9835212364263457,-2.33525811596103,-0.6482631204653156,-1.8877332135300782,-0.33818171982222134,-0.10934318260873072,-0.5235718834408375,-0.02028086237055688,-0.10441037465392122,0.0,-0.5722161394554302,3.77285001506008,5290.919278346182
Shon Tupuola,-2.9843353482570842,-2.4049176122958125,-0.5794177359612716,-1.9651871139754729,-0.12907562094392053,-0.3106548773764193,-0.3855702209126833,-0.09461139538216254,-0.09923611966642579,0.0,-0.6335780133689282,3.974425633372367,2264.6079690327733
Jalen Cone,-2.984501658561513,-2.328373873055901,-0.6561277855056123,-1.8596168647223095,-0.031106645503164748,-0.4376503628304266,-0.42870000117941776,-0.13213080156298512,-0.09529698276320944,0.0,-0.6961847926597858,3.925294566969809,2626.3311131331693
Colby Rogers,-2.984510225439855,-2.3572235961568886,-0.6272866292829664,-1.777174998537863,-0.1953456202787438,-0.38470297734028186,-0.5369186292676726,-0.01238776720676718,-0.07798023280852656,0.0,-0.6704165976343195,3.828159103904825,3895.877240704598
Jayden Epps,-2.9845717298053294,-2.2758588266323847,-0.7087129031729447,-1.7185539510196608,-0.17917405962915037,-0.37813081598357356,-0.4672698594306475,-0.13511217649578672,-0.10633086724651047,0.0,-0.7987479193550211,3.7593764177270237,5779.9462797704455
Trey Green,-2.984618623679879,-2.344490714999756,-0.6401279086801234,-1.9654684431516087,-0.017471833465909525,-0.3615504383822374,-0.4238061183497644,-0.11969279490319465,-0.09662899542716427,0.0,-0.5953440621785059,3.874564586545185,3174.9035510859976
Cameron Williams,-2.984836718525692,-2.3546031745691636,-0.6302335439565281,-1.9891680902014885,-0.19134641715955925,-0.17408866720811544,-0.4811140931431347,-0.04040359678330777,-0.10871585403008563,0.0,-0.5145545351810681,3.9748396642998522,2257.849473017678
Saša Ciani,-2.984856146275849,-2.6662481665353286,-0.3186079797405206,-2.059605157292342,-0.26454150931289483,-0.34210149993009153,-0.1336519426065404,-0.09855141807508327,-0.0864046190588969,0.0,-0.7915990463769667,3.9712114774888776,2268.8237218554177
Kentrell Garnett,-2.9855133447274778,-2.361112696147244,-0.6244006485802338,-1.9320512144706898,-0.06936451799406079,-0.35969696368249315,-0.6046070579792355,0.09444129214052349,-0.11423488274152187,0.0,-0.44885507227755234,3.80486214469602,4363.562556029525
Bradley Ezewiro,-2.985907571656246,-2.1390583121141997,-0.8468492595420462,-1.8718876736110748,-0.2535472280237622,-0.013623410479362996,-0.5266414128969787,-0.23418602222703644,-0.08602182441803097,0.0,-0.5873784851481926,4.007196666106719,2059.9527147201347
Javon Jackson,-2.9863471608870857,-2.3366215907859575,-0.6497255701011281,-1.746023689427756,-0.2480786099996663,-0.34251929135853515,-0.522803613908349,-0.02137300185236945,-0.1055489543404097,0.0,-0.7175198575509806,3.7959090622414315,4605.952037291415
Noah Pagotto,-2.9863787785840556,-2.6086318104065347,-0.3777469681775209,-1.892083062440074,-0.013009445462309727,-0.7035393025041512,-0.20749397031190825,-0.08600642371565548,-0.08424657414995718,0.0,-0.8868017458320736,3.941359060031195,2483.5096801572577
Ty-Laur Johnson,-2.98707597611667,-2.357312134309422,-0.6297638418072478,-1.820661480665666,-0.11056778950049378,-0.4260828641432625,-0.8906180150818583,0.3630267018200929,-0.10217252854548235,0.0,-0.2757964803691458,3.8169029088392943,4104.927338132162
Taj Walters,-2.987635593404489,-2.572507132389039,-0.41512846101544987,-1.6755762026013863,-0.1026547965389579,-0.7942761332486952,-0.3094273029958125,0.008116539323496166,-0.11381769734313354,0.0,-1.0026320878072905,3.9590074633933834,2350.5096502035412
Jayson Petty,-2.9878352349543884,-2.4528772567193977,-0.5349579782349908,-1.853669479782287,-0.07471835524948446,-0.5244894216876264,-0.35330051679026275,-0.07484410440578913,-0.1068133570389389,0.0,-0.7808652383818389,3.777291496392937,5118.46215161381
Justin Moore,-2.9878882625089074,-2.382468887416497,-0.6054193750924105,-2.0012978789551967,-0.029647625453057158,-0.3515233830082434,-0.39963790532945614,-0.09024923308439457,-0.11553223667855979,0.0,-0.5869524782242549,3.835894827750776,3759.039196653658
Kam Parker,-2.988080258374138,-2.5620271288370056,-0.42605312953713237,-1.9751541912539006,-0.16711993734456068,-0.41975300023854445,-0.574580839299076,0.21889886275536483,-0.07037115299342123,0.0,-0.4383452278211615,3.9325780159691286,2563.0641531670235
Laurynas Vaistaras,-2.9883602894482784,-2.3070496318483795,-0.6813106575998988,-1.7843371774260728,-0.013733524192026031,-0.5089789302302807,-0.4850741092797714,-0.08759491786065028,-0.10864163045947717,0.0,-0.7189490027424342,4.011296452885336,2033.1210540795635
Ross Candelino,-2.9887094773427942,-2.163561002632998,-0.8251484747097965,-1.8140243987198383,0.037955928073772405,-0.38749253198693184,-0.6600831342189408,-0.07190534522158996,-0.09315999526926563,0.0,-0.5146019444040151,3.97208230659796,2275.3259159015397
Jacob Johnson,-2.9888867017599496,-2.5743554771262405,-0.414531224633709,-1.795255603175945,-0.2803335616169743,-0.4987663123333212,-0.34516372668165085,0.026710100550465507,-0.09607759850252366,0.0,-0.8484673719023536,3.948539513322014,2428.547510568972
Jerry Deng,-2.9889102542482116,-2.237390758747692,-0.7515194955005191,-1.938149426755054,0.10486774699034246,-0.40410907898298065,-0.5941915717508248,-0.059021015949715705,-0.09830690779997853,0.0,-0.4565692557423324,4.014914236209692,2020.0685830185653
Jerome Hunter,-2.989371508204237,-2.1611582778128,-0.8282132303914371,-1.8289373155469597,-0.21852333605733554,-0.11369762620850482,-0.7031446179135986,-0.03489208475416694,-0.09017652772367162,0.0,-0.45728957474367893,4.017530664796496,2006.4353453857354
Shawn Phillips Jr.,-2.9898948108197523,-2.444389978000068,-0.5455048328196841,-1.9372498598764563,-0.4093960452924741,-0.09774407283113778,-0.26675302971365045,-0.20233562277420142,-0.07641618033183224,0.0,-0.7858919212296457,3.8581017401533257,3383.635523271695
Bobby Pettiford Jr.,-2.9905562379377693,-2.1703040037309513,-0.8202522342068179,-1.7331034632831754,-0.03594406986250315,-0.40125647058527303,-0.6390602986461215,-0.08096525530811742,-0.10022668025257912,0.0,-0.6183924760084727,3.9340894987545427,2559.0806721234712
Jamil Muttilib,-2.990660212238275,-2.5651836775591192,-0.4254765346791558,-1.9552734599948678,-0.1492743422352653,-0.46063587532898587,-0.4303499537520902,0.10684291957079661,-0.10196950049786227,0.0,-0.6050367984913169,3.894439738680443,2930.8383331756927
Errol White,-2.9908471537345123,-2.591638421093851,-0.39920873264066126,-1.936991264716414,-0.2547021252863352,-0.39994503109110174,-0.6191764347064836,0.2822670252851195,-0.0622993232192971,0.0,-0.4346794543116146,3.8205698999584214,4016.390719041534
Terrion Murdix,-2.991214719976154,-2.3848441963654654,-0.6063705236106888,-1.6596937149902005,-0.1601827988410456,-0.5649676825342193,-0.705771477931323,0.1761778895300141,-0.07677693520937992,0.0,-0.6257495270546306,3.8949436887195525,2929.0856998714403
Jackie Johnson III,-2.9926929877696185,-2.432402455084331,-0.5602905326852876,-1.8997786716568432,-0.08404564124771191,-0.44857814217977565,-0.4109804000463222,-0.036986146779276016,-0.11232398585968939,0.0,-0.681933916066453,3.8902452272636814,2982.7966716266587
Jadin Booth,-2.9927284356312382,-2.1182715699327344,-0.8744568656985037,-1.6245485252245326,0.03264794773501414,-0.5263709924432158,-0.5811348118139332,-0.19802701214748622,-0.09529504173708427,0.0,-0.7870450985927722,3.8656246783198793,3293.885043378694
Travis Evee,-2.993480574403889,-2.3608954259597965,-0.6325851484440921,-1.7405924684713048,-0.1183445644278658,-0.501958393060626,-0.3664202715092587,-0.16989160159368036,-0.09627327534115301,0.0,-0.8864678344233251,3.9136966163868756,2738.7448748877664
Petar Majstorovic,-2.9936462169748994,-2.0034707700338625,-0.9901754469410367,-1.5252747771790587,-0.15829230981322953,-0.3199036830415742,-0.8769201506339761,-0.04200085432433625,-0.07125444198272439,0.0,-0.5914512891618643,3.8256988402120236,3915.722246129573
Karmani Gregory,-2.994178338007689,-2.5694736122345816,-0.4247047257731078,-1.7241365719239585,-0.21232834831066583,-0.6330086919999574,-0.2343541000433434,-0.08500403969244034,-0.10534658603732407,0.0,-1.0356876660403875,3.7861203550893747,4860.4722691154975
Jaidon Lipscomb,-2.994899088461151,-2.4168028397072505,-0.5780962487539006,-1.8445290438427442,-0.1192662453033477,-0.45300755056115843,-0.5914099624290394,0.1212986925160777,-0.10798497884093892,0.0,-0.5589600821893673,3.844568271193229,3585.6609450451933
Demarion Watson,-2.9958179271478214,-2.840059151323244,-0.15575877582457764,-2.010085914946555,-0.4324992451478987,-0.39747399122878985,-0.28828690398863255,0.21554357022571916,-0.08301544206166425,0.0,-0.6974451082126336,3.9867645991652996,2172.9178720475957
Jordan Longino,-2.9963044888145958,-2.3389378873640863,-0.6573666014505096,-1.7258541610713483,-0.11471343589241492,-0.49837029040032316,-0.5830532815909177,0.005755111426753987,-0.08006843128634593,0.0,-0.68739704615233,3.86847722984398,3237.763727377938
Jermaine Ballisager Webb,-2.9973965481834957,-2.6805406620613716,-0.31685588612212395,-1.8002803548421515,-0.4012369285445975,-0.4790233786746227,0.014848541684562955,-0.23596663023294656,-0.09573779757374033,0.0,-1.211964735025907,3.87655297754446,3150.693826910727
Terrell Burden,-2.9976455792481733,-2.3370245903775495,-0.6606209888706238,-1.7434183646056447,-0.13431140605231734,-0.4592948197195875,-0.6704917728490277,0.09538857918075552,-0.08551779520235162,0.0,-0.5837354417935009,3.961772477437444,2348.3535163440692
David Bolden,-2.997838886073617,-2.418097043497399,-0.579741842576218,-1.9128073344676464,0.015958382919962072,-0.5212480919497147,-0.46417901784343163,-0.0007504137307533382,-0.114812411002033,0.0,-0.6208525337625389,3.893159884115711,2946.7624620815295
Jamier Jones,-2.9978671548525986,-2.2591644766608585,-0.7387026781917403,-1.6667698481374968,-0.21080429297830244,-0.38159033554505906,-0.6421756311683315,-0.0013419566262377058,-0.09518509039717103,0.0,-0.6889216755467702,3.9332901448016964,2567.132268855053
Jefferson Koulibaly,-2.9979679412247053,-2.496807344217296,-0.5011605970074094,-1.8721933402940005,-0.12004073307759414,-0.5045732708457012,-0.4589053865113738,0.03284923035434306,-0.07510444085037872,0.0,-0.666869214419331,3.8541515293420607,3438.1395232297155
Jamar Franklin,-2.998246266916252,-2.368552017021492,-0.6296942498947603,-1.8891863393642168,0.006217070163289706,-0.48558274782056493,-0.38076193537049835,-0.17751011866033334,-0.07142219586392862,0.0,-0.7282979921815372,3.9137524049841073,2749.4721163663908
Ahmad Henderson II,-2.9983880910231435,-2.496036163637222,-0.5023519273859214,-1.7511348460860787,-0.18133831728493519,-0.563563000266208,-0.5136216163672276,0.13095743899750223,-0.11968775001619598,0.0,-0.733631628569837,3.7995778147390764,4513.318404953192
Kendall Munson,-2.998557987396153,-2.6249023124389126,-0.37365567495724045,-1.839593548687503,-0.3711544013980601,-0.4141543623533497,-0.3079763775119143,0.02905368146745302,-0.09473297891277915,0.0,-0.850988061196736,3.946419172349805,2460.5714171223776
Eddrin Bronson,-2.999070109251262,-2.6364168896615334,-0.3626532195897287,-1.7866482000902706,-0.2781737492360979,-0.571594940335165,-0.1499618677552052,-0.10335108090340887,-0.10934027093111458,0.0,-1.0624600414057863,3.8766699353436853,3129.554546022052
Keegan Harvey,-2.9991241733656917,-2.5745603723185604,-0.4245638010471314,-1.8732516231428138,-0.39185870852494253,-0.30945004065080417,-0.09958426138638377,-0.2296267355513575,-0.09535280410939014,0.0,-1.0262882888364944,3.9591230594503624,2371.513490592047
Jackson Paveletzke,-2.999888393878952,-2.3686632958439633,-0.6312250980349889,-1.7547568191733394,0.041996184520513985,-0.6559026611911377,-0.47214701375555607,-0.06702462492531594,-0.09205345935411688,0.0,-0.7729845609500565,3.7394231223819685,6727.803536229458
Tim Moore Jr.,-3.000129148879028,-2.467159569962732,-0.5329695789162963,-1.9619541853629983,-0.13446560018197284,-0.37073978441776057,-0.37598560783619284,-0.04256417144865113,-0.11441979963145232,0.0,-0.6621893556798368,3.8935968621732906,2934.3189864626443
AC Bryant,-3.0008004841762026,-2.3160142558324597,-0.6847862283437429,-1.8590597601078536,-0.18638887145310618,-0.27056562427149977,-0.5999910798480093,-0.011026417399132002,-0.0737687310966017,0.0,-0.5417496442203397,3.810814483178786,4232.7573797836485
Bryce Eaton,-3.0008343346357513,-2.3480392769876444,-0.6527950576481071,-2.051489829396266,-0.18279653200860882,-0.1137529155827694,-0.41239680585862415,-0.14258861672444487,-0.09780963506503805,0.0,-0.5369476993808612,3.851218168789715,3498.200325832193
Nick Fiorillo,-3.000871995554956,-2.568528525253172,-0.43234347030178366,-1.9450270715637918,-0.08526855115171098,-0.5382329025376691,-0.17467955451457146,-0.16476229843226217,-0.09290161735495009,0.0,-0.8811653694765923,3.931261055044443,2589.395257633659
Trey Moss,-3.0009512411045574,-2.48766440748434,-0.5132868336202172,-2.120444184769133,-0.08771054067668911,-0.2795096820385181,-0.25611561706684866,-0.14086413657185648,-0.11630707998151207,0.0,-0.6243914392685757,4.0012051819976975,2089.1055759736373
Davon Barnes,-3.001122536082326,-2.5224099655328662,-0.47871257054946,-1.892415406014018,-0.1661653979702263,-0.463829161548622,-0.3391635462608019,-0.04635025594076731,-0.09319876834789076,0.0,-0.7695435838075064,3.8595813706165143,3361.00688437782
Arman Madi,-3.0012343618118775,-2.4633242005373317,-0.5379101612745458,-1.7339844025675062,-0.09102561756067723,-0.6383141804091483,-0.43812498297954205,-0.0011929874672777369,-0.09859219082772597,0.0,-0.8291249762648292,3.9621355589358824,2338.401195564689
Junjie Wang,-3.002467395795615,-2.473973600484667,-0.5284937953109481,-1.883234914905883,-0.13413045206798005,-0.4566082335108038,-0.29541589875059093,-0.16398281719920588,-0.06909507936115122,0.0,-0.8238165821391409,3.858305153108326,3395.7471180625334
Kenny Hunter,-3.002802939724011,-2.65272467672351,-0.35007826300050093,-2.092753250829571,-0.22343681700755086,-0.33653460888638825,-0.23700469506268468,-0.008549169598050008,-0.10452439833976626,0.0,-0.6730449938317553,3.907172601530632,2797.9717257198454
Mitch Mascari,-3.0030212017285747,-2.3996340194153407,-0.6033871823132337,-1.8519796737583631,-0.16406077509030112,-0.3835935705666766,-0.6032560196252549,0.0836240495405231,-0.08375521222850191,0.0,-0.5477855083449565,4.004579072323681,2076.3110427844763
Jordan Crawford,-3.0039543701221234,-2.4097257267606826,-0.5942286433614405,-1.989508700018162,0.047807077760167016,-0.46802410450268744,-0.44688938523821253,-0.05776493249560058,-0.08957432562762746,0.0,-0.5675562848657485,3.7919611019990906,4689.3178129377875
Marcus Williams,-3.004101962581137,-2.3284559069927293,-0.6756460555884078,-1.6939674149406585,-0.17836344363529097,-0.45612504841677987,-0.794962677385673,0.20029554059585677,-0.08097891879859151,0.0,-0.5151718702548056,3.8236790826656244,3975.631556179632
Cameron McNamee,-3.0043594368076523,-2.6031041480277195,-0.401255288779933,-1.9834554652260314,-0.13347596960892388,-0.4861727131927643,-0.12230998206525906,-0.16137953349953993,-0.11756577321513398,0.0,-0.898593989516362,3.987154995139822,2183.716118569228
Nick Anderson,-3.0044130311592725,-1.8567660950472697,-1.1476469361120027,-1.7347928348560429,0.073640037429098,-0.19561329762032487,-1.0165271450575863,-0.039627037168176,-0.09149275388624041,0.0,-0.2530930512456433,3.860682775537534,3345.5235488998387
Malik Abdullahi,-3.004682422209521,-2.5555997302463953,-0.44908269196312567,-1.8575926844049064,-0.18802183722341634,-0.5099852086180726,-0.15362572575873168,-0.19866136021204722,-0.09679560599234677,0.0,-0.9934640120458829,3.902101346951922,2833.008938598856
Darin Green Jr.,-3.0050683564236484,-2.697892376498615,-0.3071759799250337,-1.986256901916224,-0.12155274696891219,-0.5900827276134788,-0.28225276284309997,0.08311553614616252,-0.10803875322809624,0.0,-0.7365586916643246,3.9408033418246458,2512.9826781725933
Tay Smith,-3.005741448075492,-2.4477094122655894,-0.5580320358099027,-2.0182128864987483,-0.021965501392847253,-0.4075310243739938,-0.6476240110227537,0.16045638097952852,-0.07086440576667752,0.0,-0.33990455055399005,4.0060608342277675,2072.5949570706407
Judah Brown,-3.0062457206163606,-2.415565597804453,-0.5906801228119077,-1.7918632061349857,-0.039892196843348854,-0.5838101948261185,-0.4694769509185447,-0.030487298743903747,-0.09071587314945927,0.0,-0.7449055635628304,3.9608042202815295,2351.109838707296
Orlando Lovejoy,-3.006401132395797,-2.4231194462430565,-0.5832816861527403,-1.9835309128375604,-0.07215546356590995,-0.3674330698395864,-0.47436478698237033,-0.03084652718956648,-0.07807037198080362,0.0,-0.5485054325758665,3.750821458165896,6132.153284292057
Will Thomas,-3.0067413940254464,-2.3601437834107837,-0.6465976106146628,-1.7711142040465533,-0.09990806912764424,-0.4891215102365862,-0.4124531010275603,-0.11911153584201378,-0.1150329737450887,0.0,-0.8231740889513329,3.873459108241009,3193.560188306894
Jason Nelson,-3.0071749343349246,-2.507569233102508,-0.49960570123241654,-1.7753268091855847,-0.1611824892351862,-0.5710599346817375,-0.3839582282901547,-0.029573779693445407,-0.0860736932488164,0.0,-0.8478898968591856,3.7686132314254843,5424.694223302462
Cesare Edwards,-3.0072398206225803,-2.4785828542741535,-0.5286569663484267,-1.7909613641789295,-0.16531012233191977,-0.5223113677633041,-0.17498912614904605,-0.25805127542103967,-0.095616564778341,0.0,-1.0412893302946045,3.9363421546965496,2538.6364361787055
Roman Siulepa,-3.0073941970224896,-2.3317240328911275,-0.6756701641313618,-2.1484867412498483,-0.19210868928472824,0.008871397643448908,-0.5796603202943166,-0.015587545410419457,-0.08042229842662582,0.0,-0.2792471354783246,3.940939474297644,2509.5518119254903
Daniel Rouzan,-3.00792601266542,-2.5034979524618626,-0.5044280602035575,-1.849056853314258,-0.2811605138340747,-0.37328058531353014,-0.2938692879703626,-0.12956830091623378,-0.0809904713169611,0.0,-0.8649998713807998,3.7775343957884697,5140.215889577422
Brandon Rechsteiner,-3.008137837300077,-2.2890836404324797,-0.7190541968675971,-1.637251187030579,-0.14923863491263045,-0.5025938184892701,-0.4188266881576888,-0.18639326126735672,-0.11383424744255151,0.0,-0.9520599621118089,3.8125648364734386,4200.063668988269
Julen Iturbe,-3.0082210723561658,-2.413022450792603,-0.5951986215635628,-1.8242668755683642,-0.08920351929736942,-0.49955205592686913,-0.5431442788872434,0.0343620858529452,-0.08641642852926468,0.0,-0.6408099179005581,3.902116188684763,2851.758073697535
Aidan Shaw,-3.008543525611782,-2.4227337026844733,-0.5858098229273085,-1.8272952942137495,-0.07452144354961099,-0.5209169649211128,-0.5659543085141645,0.08137811526681699,-0.101233629679961,0.0,-0.6152939228838679,3.854975411451267,3432.493151389753
Nojus Indrusaitis,-3.008631820557571,-2.404975091106392,-0.6036567294511791,-1.8922632438437064,-0.08214712434427972,-0.43056472291840575,-0.4293740470673027,-0.10474730521423745,-0.06953537716963899,0.0,-0.6869945296465619,3.9541548216990083,2394.5654792661153
Alem Huseinovic,-3.008856110178488,-2.393721627707686,-0.6151344824708017,-1.6739427726173441,-0.20828565240086486,-0.5114932026894767,-0.37109951997015733,-0.14772818215318928,-0.09630678034745514,0.0,-0.9638138175909859,3.900939784464613,2862.746681449559
Redd Thompson Jr.,-3.00989638802365,-2.090389946008918,-0.9195064420147319,-1.7034286782334322,0.03698985437097707,-0.42395112214646274,-0.7938213910426208,-0.049478539475681156,-0.07620651149642982,0.0,-0.5126463187475967,3.9735642481398146,2273.0224956463912
Augustus Gerhart,-3.0103520715943812,-2.436535940171189,-0.5738161314231922,-1.7353659790659812,-0.16026571769694056,-0.5409042434082674,-0.259116023789045,-0.21933736106355528,-0.09536274657059185,0.0,-1.0158700687393551,3.9178995483652463,2667.4773335314494
Rubén Dominguez,-3.0104056642098946,-2.641477505708536,-0.3689281585013587,-1.723933756299624,-0.06148753856394169,-0.8560562108449703,-0.2643028874680056,-0.0015291205251345141,-0.10309615050821856,0.0,-1.022169020442265,3.952000965014472,2437.5889887499006
Dior Conners,-3.0104899311181277,-2.4306344760337493,-0.5798554550843784,-1.8713228968133369,-0.06872783168256628,-0.49058374753784606,-0.30476885757957745,-0.16676130225960967,-0.10832529524519133,0.0,-0.8343981767252132,3.940807993182995,2509.4691371229796
Javon Ruffin,-3.011582380273539,-2.4151802366698107,-0.5964021436037283,-1.7619146021111465,-0.21578070170131786,-0.43748493285734646,-0.35639895040427627,-0.13121896485002613,-0.10878422834942592,0.0,-0.8932688277581163,3.823189083465414,3983.115580612266
Javier Ezquerra,-3.013675115349729,-2.672140434058287,-0.3415346812914424,-1.9410916505045372,-0.2490808178924049,-0.48196796566134487,-0.281375327851631,0.028271878912727047,-0.0884312323525384,0.0,-0.7912081369935611,3.8437290954562653,3607.6054070396804
Primo Spears,-3.013763846788242,-2.322228805024581,-0.691535041763661,-1.960964925894937,-0.001130537114422736,-0.3601333420152213,-0.6794714840461814,0.09496838012820236,-0.10703193784568193,0.0,-0.3733274368471236,3.8108267415740027,4236.688876246528
Ty Pence,-3.014473518584608,-2.453589557816027,-0.5608839607685806,-1.7715967966844315,-0.1095956001065634,-0.572397161025032,-0.37248286327589075,-0.08509708481885556,-0.10330401267383427,0.0,-0.8703938586242853,3.8093008632417944,4250.801775004244
J.J. Starling,-3.0145529970455724,-2.309366276337439,-0.7051867207081333,-1.942867705983058,0.04923691471308045,-0.41573548506746166,-0.6605446394263218,0.045496409339512475,-0.09013849062132394,0.0,-0.4111406516361927,3.748010714853342,6289.120685197831
Brendan Wenzel,-3.0150069672845357,-2.5912921934270954,-0.42371477385744016,-1.7622854785438016,-0.1868397946225691,-0.6421669202607246,-0.29590928647343384,-0.03017370711133871,-0.09763178027266758,0.0,-0.9568122022673001,3.8631079112421105,3311.6584388657793
Derrian Ford,-3.0161127766174003,-1.8815082813756923,-1.134604495241708,-1.786348584713815,0.11377410388231651,-0.20893380054419386,-0.7771028032657319,-0.2669220405084005,-0.09057965146757567,0.0,-0.45266138863785355,3.760248871622378,5748.082372011425
Kintavious Dozier,-3.0162888155227856,-2.441948809247874,-0.5743400062749118,-1.995976143480046,-0.07625287716390264,-0.3697197886039253,-0.6025965332218034,0.11209625403010559,-0.08383972708321398,0.0,-0.4177161388209363,3.7574409868843617,5861.390688172547
Wesley Cardet Jr.,-3.0168474288147538,-2.2381039740674016,-0.7787434547473523,-1.7929243127666477,-0.2666511922959072,-0.17852846900484676,-0.5530468136056844,-0.10663143102481024,-0.11906521011685764,0.0,-0.6708763024424219,3.8789426508853646,3109.9952885474595
Josh Ogundele,-3.016852616640639,-2.5162498782063363,-0.5006027384343026,-1.931320558372277,-0.30336117129160134,-0.2815681485424578,-0.3015345262460024,-0.09658879062851869,-0.10247942155978147,0.0,-0.7839975320223593,3.9816943310151363,2215.6485088258055
Melo Sanchez,-3.0169962686229277,-2.6907071061847554,-0.32628916243817213,-2.079990049181157,-0.09189966504212117,-0.5188173919614774,-0.24784933754627336,0.003949702267845676,-0.08238952715974447,0.0,-0.6891568818954974,4.003639707014378,2091.767003768152
Te'Jon Sawyer,-3.017218066348489,-2.48972683093481,-0.5274912354136794,-1.6688178931715534,-0.2012462165191755,-0.6196627212440813,-0.20985807715650345,-0.22121856635423853,-0.09641459190293737,0.0,-1.1385420960204327,3.7794407614429466,5062.112960607599
Josh Pascarelli,-3.017273256084863,-2.387424743986477,-0.6298485120983861,-2.011440046525813,-0.13289832166340482,-0.24308637579725964,-0.4201155886457047,-0.12356210326536471,-0.0861708201873167,0.0,-0.5857176209133459,3.78754414100096,4820.140986935164
Ethan Pickett,-3.017354670791573,-2.520609654139723,-0.49674501665185006,-1.932148996783768,-0.1741550656067224,-0.4143055917492331,-0.2716251544003174,-0.13211437957049366,-0.09300548268103899,0.0,-0.8135805196074881,3.856746348888385,3403.16889388634
Quinton Mincey,-3.0173817313647175,-2.3651330275619777,-0.6522487038027398,-1.7622737535146296,-0.0857777393475163,-0.5170815346998319,-0.30175502292125866,-0.25941703311426245,-0.09107664776721874,0.0,-0.9533529549288293,3.839254599807049,3692.0533426028373
Dezi Jones,-3.0180117025122106,-2.1474843928252305,-0.8705273096869801,-1.8363861365703356,0.017134226109361883,-0.32823248236425695,-0.6888154253838217,-0.09850391383357893,-0.0832079704695795,0.0,-0.4928101405580535,3.97613361479801,2247.8822306476086
Quincy Ademokoya,-3.018711582568062,-2.469981862165351,-0.548729720402711,-1.8230196220122334,-0.15868510465526042,-0.4882771354978571,-0.5312289022314908,0.08493845083346571,-0.10243926900468592,0.0,-0.6644630583243377,3.9350123498191505,2544.4721174451092
Jaden Winston,-3.018750193774902,-2.42034618234085,-0.5984040114340524,-1.7665022382212612,-0.029365991151344306,-0.6244779529682445,-0.49958965379036413,0.01475106786380384,-0.11356542550749217,0.0,-0.7526583017632771,3.7430408259481633,6513.580222676825
Chandler Jackson,-3.019479083268904,-2.1628707306105186,-0.8566083526583851,-1.6669272604652794,0.000885136258357011,-0.4968286064035964,-0.7802138604076708,-0.008711982373284147,-0.06768250987743007,0.0,-0.5723379623959536,3.787343091673618,4840.459062644698
Quincy Clark,-3.0201766021186085,-2.4228916168623327,-0.597284985256276,-1.7629063438455272,-0.1107236045332334,-0.5492616684835723,-0.4952189634334964,-0.0030228147295543045,-0.09904320709322534,0.0,-0.7620512948395853,3.9746430437133045,2264.1215676679994
Zach Kraft,-3.020343642828691,-2.4753870740274735,-0.5449565688012179,-1.976119845713902,-0.01810553708870688,-0.48116169122486463,-0.5861496577847348,0.14284698561979567,-0.10165389663627879,0.0,-0.4580741393300546,3.8707286624840127,3226.522047613714
Landon Seaman,-3.0217195057991955,-2.4238917343397666,-0.597827771459429,-1.8056180143614917,-0.21773106884703064,-0.4005426511312442,-0.5006572443768499,-0.017190087454908867,-0.07998043962767017,0.0,-0.715444247060854,3.9581663433624503,2372.8421086782955
Oakland Fort,-3.0223077771150426,-2.6371259280518546,-0.3851818490631881,-1.7727271741223358,-0.26630606677751173,-0.5980926871520073,-0.2699405614881354,-0.023376757422117464,-0.09186453015293525,0.0,-0.9796400415045717,3.8601494675109915,3351.3038427062534
Jaiden Feroah,-3.0225842592001877,-2.237192629300147,-0.7853916299000405,-1.956473155633021,-0.2401579078852306,-0.0405615657818954,-0.4866323629977857,-0.19374859438507908,-0.10501067251717583,0.0,-0.5794787405693809,3.8051725425281817,4371.989695169996
Maleek Arington,-3.0226629292604237,-2.6016110255608256,-0.42105190369959833,-1.850164912862667,-0.118728616638035,-0.6327174960601234,-0.7321637305167792,0.39663562774368366,-0.08552380092650279,0.0,-0.44033428588097756,3.7397065957257745,6720.9782078337485
Clarence Daniels,-3.0227905847508802,-2.589911690881843,-0.43287889386903733,-1.8456187452577715,-0.1250773540924676,-0.619215591531604,-0.31402519892241615,-0.02488037354900461,-0.09397332139761658,0.0,-0.8631466405706928,4.005453333664407,2062.8671485885857
Hunter Erickson,-3.023002964112936,-2.4682793437768575,-0.5547236203360787,-1.6741402194667823,-0.13082704125323028,-0.6633120830568449,-0.34526027996857267,-0.11133267665432514,-0.09813066371318087,0.0,-1.0036024646775812,3.7723082376083346,5308.018070803993
Samuel Ariyibi,-3.023315150471556,-2.6146001142266004,-0.4087150362449556,-2.0580111610558953,-0.29784724241791327,-0.25874171075279184,-0.32570535471651363,0.028031664777461274,-0.11104134630590325,0.0,-0.6395986346991471,3.9779646960064152,2225.5912768466633
Linus Holmstrom,-3.023917164918574,-2.414804513279371,-0.6091126516392028,-1.6366129440323385,-0.05060312100988705,-0.7275884482371459,-0.6103096769121797,0.08001970296281513,-0.07882267768983822,0.0,-0.776994543974056,3.834270784361183,3763.638497218612
Chance Gladden,-3.0242575309853446,-2.541052374617556,-0.48320515636778855,-1.7395492554699137,-0.11983165145685613,-0.6816714676907863,-0.06476137923597919,-0.2792207963712196,-0.13922298076058975,0.0,-1.219946896279452,3.8808512778174133,3096.4854347873024
Mackenzie Mgbako,-3.0242579786181123,-2.099575586113767,-0.924682392504345,-1.8825509462326933,-0.2296132647204695,0.01258862483939599,-0.6997249033460062,-0.14144640280707174,-0.08351108635126701,0.0,-0.44198212903941225,3.8855880471895285,3034.7476376603254
Seth Wilson,-3.0243312659425725,-2.2601527316257566,-0.7641785343168159,-1.9418742605050536,-0.022406478359098397,-0.2958719927616045,-0.5422370863535547,-0.1262256612575965,-0.09571578670566469,0.0,-0.540219919083964,3.9862748079448975,2184.280765986163
Jacob Conner,-3.0244454792044815,-2.4407439313853643,-0.5837015478191171,-1.941971469012744,-0.0023640802238931724,-0.4964083821487272,-0.6204811598021193,0.12273609157169782,-0.08595647958869569,0.0,-0.46199285038961824,3.8274913201278427,3910.2775675842513
Dashawn Davis,-3.0246298012899766,-2.261281752614579,-0.7633480486753974,-1.703605765679661,-0.14796135476739591,-0.40971463216752196,-0.7848201982047586,0.09618527528119794,-0.0747131257518368,0.0,-0.5362038374055569,4.001835645522437,2089.1376608353103
Gerald Drumgoole Jr.,-3.0247874963987487,-2.4693571838465447,-0.5554303125522041,-1.7983841699665823,-0.20459376991926834,-0.4663792439606944,-0.327239203885218,-0.12483586091231766,-0.10335524775466844,0.0,-0.8991641225469489,3.851694470706343,3485.888090411696
J.R. Konieczny,-3.0249289595797,-2.332908784288337,-0.6920201752913633,-1.9082629323204947,-0.05864843130895067,-0.36599742065889185,-0.6394650070893249,0.008521201532876388,-0.0610763697349148,0.0,-0.477201020169881,3.7952780430847493,4595.178289522832
Vukasin Masic,-3.0252051043726556,-2.6376955875991204,-0.38750951677353523,-1.85731189910751,0.00036382221525668723,-0.7807475107068671,0.03389614162197396,-0.32416702051195967,-0.09723863788354954,0.0,-1.2017893468871197,3.7808861720644975,5014.950959341568
Legend Smiley,-3.0255826824379763,-2.2063990554674295,-0.8191836269705468,-1.8683148406228987,-0.053490107728468614,-0.2845941071160622,-0.6438332079402976,-0.06820845026803135,-0.10714196876221782,0.0,-0.5134346338747799,3.993964366708964,2131.569601526494
Leeroy Odiahi,-3.02584096292059,-2.5276884874696046,-0.49815247545098523,-1.9481323238558075,-0.05126751866835899,-0.528288644945438,-0.26659848783639983,-0.11875248079750603,-0.11280150681707939,0.0,-0.8111101512283824,3.9897306779101527,2146.994962374206
Jacoi Hutchinson,-3.026602410289742,-2.4794340998462903,-0.547168310443452,-1.7431764960740073,-0.2061618375327573,-0.5300957662395258,-0.38144796522858226,-0.07164164435127181,-0.09407870086359797,0.0,-0.9019779489871529,3.7738161825026277,5236.456707835599
DJ Patrick,-3.026987130463039,-2.5399579662012353,-0.48702916426180376,-2.055436521250191,-0.05548364064826816,-0.4290378043027762,-0.2663408407830704,-0.13908193596335564,-0.08160638751537776,0.0,-0.7052097684297778,3.8182618862708857,4088.240002666908
Jalen Reece,-3.027204041508968,-2.2512969482345158,-0.7759070932744524,-1.756726541208006,-0.08098380718670749,-0.41358659983980217,-0.4642734757911979,-0.22379443599786508,-0.08783918148538947,0.0,-0.8062040245097642,3.9624108855902143,2338.825561649084
Ed Nnamoko,-3.0272925034205493,-2.7447207438421097,-0.2825717595784395,-1.9212250351822153,-0.22708354888738327,-0.5964121597725109,0.009726099735266502,-0.18339414096563633,-0.10890371834806964,0.0,-1.1157935679736002,3.9918041905337565,2131.929149954709
Joel Brown,-3.0276097651808165,-2.5817136327089605,-0.4458961324718562,-1.8309423033561936,-0.1490069048230628,-0.601764424529704,-0.3362618803280084,-0.014432971366086927,-0.09520128077776094,0.0,-0.8604055814966146,4.010512002782743,2031.8726248874186
DeAndre Craig Jr.,-3.027688365738624,-2.4007300280970125,-0.6269583376416116,-1.7150358926705649,0.012941766541340355,-0.6986359019677879,-0.6565667386148036,0.12500578504824428,-0.09539738407505224,0.0,-0.6560857344532555,3.767288693715139,5481.035823499671
Reese Dixon-Waters,-3.0278581592219194,-2.295719554333552,-0.7321386048883675,-1.7102560289151947,-0.1151222462400065,-0.47034127917835067,-0.6996914258670484,0.04617340667027797,-0.078620585691597,0.0,-0.6179107044396762,3.8881852509920827,3006.7007555676123
Britton Berrett,-3.028019007383466,-2.1083236608079816,-0.9196953465754844,-1.8343520951648808,0.004495860650171046,-0.2784674262932717,-0.6608786182744619,-0.1917010756013855,-0.06711565269963693,0.0,-0.5327882939441231,3.900942234862655,2877.4259638307394
Ty Johnson,-3.02863907867521,-2.54778679463663,-0.4808522840385799,-1.827447635224838,-0.13780207182189808,-0.5825370875898938,-0.49585512184050756,0.12162378311351446,-0.10662094531158677,0.0,-0.705336321609864,3.823717364255892,3965.8070421809903
Madison Durr,-3.029398425088478,-2.506557945293797,-0.5228404797946806,-1.6423220332395183,0.010351946254523126,-0.874587858308802,-0.4271625014697201,0.005166007660800831,-0.1008439859857613,0.0,-0.9599138903792392,3.7566330230014313,5894.75470224766
Jack Stanton,-3.029424110974928,-2.1955577238566732,-0.8338663871182549,-1.8282781102113643,0.007397003889313525,-0.37467661753462234,-0.7527195371029416,0.009406994754794243,-0.09055384477010756,0.0,-0.4484264636606221,3.9654932699634537,2311.8442300622437
Jaden House,-3.029610771245923,-2.423118819826482,-0.6064919514194413,-1.7729232158209722,-0.2120383975601402,-0.4381572064453698,-0.32671511604328834,-0.1675758662822844,-0.11220096909386852,0.0,-0.929972439381663,3.8355353721489505,3745.472162460059
Dalton Knecht,-3.030501529781901,-2.2759192949437157,-0.7545822348381852,-1.8222357421501034,0.07318535835340154,-0.5268689111470136,-0.5453460397946793,-0.10839733079744346,-0.10083886424606243,0.0,-0.662919747837118,3.9208729783735743,2680.788459629209
Kalu Anya,-3.030571356724634,-2.541066997089859,-0.48950435963477495,-1.95189924493627,-0.21084801592412958,-0.37831973622945964,-0.30130507167217757,-0.1015155480782397,-0.08668373988435768,0.0,-0.7773670401161865,3.882180549269067,3066.8607633188753
Ben Burnham,-3.030640681212223,-2.4464493687567983,-0.5841913124554248,-1.9147365522277402,-0.22368666190084915,-0.3080261546282087,-0.4206759537371689,-0.07873463354893562,-0.08478072516932024,0.0,-0.6952281752473137,3.8898687126116682,2980.3560263719
Xavier Johnson,-3.030759395813027,-2.4699170585138246,-0.5608423372992025,-1.646528670674593,-0.16946818151643211,-0.6539202063227993,-0.5425926800979949,0.07678785089733722,-0.09503750809854479,0.0,-0.841638045040439,3.9660936536197364,2311.9613435473193
Harlond Beverly,-3.030845782047815,-2.5624360995641786,-0.4684096824836364,-1.9099894878395454,-0.20529161523747175,-0.44715499648716145,-0.33028170503025045,-0.026255927280997002,-0.11187205017238895,0.0,-0.7905745891780193,3.8692502145524994,3234.3523590670848
Flash Burton,-3.0314009392284484,-2.3955959607128463,-0.6358049785156019,-1.8672684727559379,0.02667817794050037,-0.5550056658974086,-0.38565945457725603,-0.1417049630448199,-0.10844056089352591,0.0,-0.7784730118952541,3.818881461434389,4055.8863739051144
Finley Sheridan,-3.0317302216071798,-2.4813308943679955,-0.5503993272391843,-1.8353049446318561,-0.1634505814524813,-0.4825753682836582,-0.3662160609744519,-0.107937714600952,-0.07624555166378029,0.0,-0.8302092160008719,3.9302367254545025,2577.2506588721317
Kavon Bradford,-3.031731725085944,-2.7544509570651132,-0.2772807680208305,-1.7828532576145522,-0.3369469273983508,-0.6346507720522103,-0.19338120026345562,0.032907211374098175,-0.11680677913147308,0.0,-1.0554972672079361,4.010357659728816,2024.8032486779136
Alex Williams,-3.0320276206448766,-2.4004680950543342,-0.6315595255905423,-1.808271623720605,0.02382133108783252,-0.6160178024215619,-0.436042172809375,-0.09501305245038945,-0.10050430033077788,0.0,-0.7877138241148967,3.895856400060459,2908.9501301046603
Jermaine Couisnard,-3.032108506760797,-2.222347755384356,-0.8097607513764407,-1.8013651749447686,-0.019871664139456208,-0.4011109163001311,-0.766347379235899,0.04420286158366753,-0.08761623372420912,0.0,-0.46439595258012895,3.9941079907169788,2147.9957886768225
Kent Jackson,-3.032543187622982,-2.32368145968061,-0.7088617279423718,-1.8479263214413035,-0.04311401227912712,-0.43264112596017934,-0.44553503504406794,-0.14758645643749307,-0.11574023646081075,0.0,-0.7390818311376103,3.835902742084398,3731.853682846495
Russel Tchewa,-3.032562619627027,-2.7255623293673352,-0.3070002902596917,-1.9064327068209166,-0.25625129630011156,-0.5628783262463066,-0.12955130696292017,-0.08832099967332312,-0.08912798362344841,0.0,-0.9965786058431897,3.9970049635170333,2117.486613931176
Arne Osojnik,-3.0325866491073703,-2.5031041709352,-0.5294824781721702,-1.7880876414425941,-0.0466073771760587,-0.6684091523165473,-0.3613880985932041,-0.04194683952838961,-0.12614754005057646,0.0,-0.8831109090715721,3.8277334999513366,3882.7654456928167
Shane Dezonie,-3.033229649313488,-2.2283948166133216,-0.8048348327001662,-1.7973034978139877,-0.1856532648887844,-0.2454380539105494,-0.6906736045746241,-0.01592246673171316,-0.09823876139382892,0.0,-0.5452525469248759,3.9712296364085953,2274.2688010148077
Miles Rubin,-3.033403016521005,-2.549352524043747,-0.48405049247725795,-1.924090828632235,-0.17701365359734464,-0.44824804181416716,-0.23712007138987767,-0.1473085005303944,-0.0996219205569859,0.0,-0.8721921164988922,3.778024352610014,5122.334227269774
Brayden Reynolds,-3.0339413151073718,-2.465916346992813,-0.5680249681145588,-1.8463591316023205,-0.08155857405604096,-0.5379986413344515,-0.5734252186253038,0.081736924262616,-0.076336673751871,0.0,-0.6141569648797475,3.972441282169691,2266.846254158993
Jalen Speer,-3.0348375351433314,-2.370638873664392,-0.6641986614789395,-1.707801889385858,-0.11447503697689515,-0.5483619473016388,-0.5027147562300911,-0.07224564322677822,-0.08923826202207023,0.0,-0.8243208895273824,3.7593334447360145,5809.158635723986
Junseok Yeo,-3.0354848405607924,-2.811819458496398,-0.2236653820643942,-2.037090120826783,-0.26801552596498457,-0.5067138117046304,-0.1312705917591368,-0.011442238344954045,-0.08095255196030335,0.0,-0.8671241279748724,3.85057139630304,3516.378473043781
Isaiah Swope,-3.0357998003151048,-2.7250142311265995,-0.3107855691885054,-1.8434545419305566,-0.2495974848662597,-0.6319622043297829,-0.03822613281355003,-0.17347514319898677,-0.09908429317596862,0.0,-1.154119125570998,3.8272415790086005,3890.769682918269
Quincy Allen,-3.03624498722398,-2.8659735662572654,-0.17027142096671427,-2.1063006754386295,-0.17752692223355496,-0.5821459685850806,0.007337755300869553,-0.06205181324845366,-0.11555736301913015,0.0,-0.9372820670862193,3.9925713401082463,2139.1374387704846
Pat Curtin,-3.0365978967440763,-2.0203264033157944,-1.016271493428282,-1.794471565999499,-0.02720932919555699,-0.1986455081207384,-0.7762470866675883,-0.14390543120694524,-0.09611897555374836,0.0,-0.465879244076989,4.012740505579945,2028.3236036234593
Ziare Wells,-3.0367188077881155,-2.243223379025916,-0.7934954287621995,-1.8565561285835805,-0.15518457801249086,-0.23148267242984427,-0.6250924457706982,-0.09753797116459081,-0.07086501182691043,0.0,-0.5550702334338363,3.9218976159383976,2671.291397349659
Sola Adebisi,-3.036822821585614,-2.4928526543021388,-0.5439701672834754,-1.609357124114485,-0.33655616127267174,-0.5469393689149818,-0.39220451474367574,-0.05660835850095137,-0.09515729403884826,0.0,-1.0352611827274532,3.8083284997461777,4291.73832211423
Fraser Roxburgh,-3.03700953249732,-2.2563528692681505,-0.7806566632291694,-1.8735734618910205,-0.0031925589482263983,-0.37958684842890333,-0.40926390840445365,-0.2610498914887719,-0.1103428633359438,0.0,-0.7541721622018454,3.843809452983933,3603.110116756392
Tyler Thompson,-3.0373601912518584,-2.284686962326372,-0.7526732289254865,-1.683008128141862,-0.1991516508408205,-0.40252718334368964,-0.5526909766748718,-0.11211052792521325,-0.08787172432540144,0.0,-0.8016610864351249,3.886034854217183,3021.040792544307
Angel Montas Jr.,-3.037402728549612,-2.183895188318035,-0.8535075402315766,-1.8525910226716908,-0.05119786818651266,-0.2801062974598316,-0.5804516698494643,-0.179328930147853,-0.09372694023425936,0.0,-0.6043600360284567,3.86589234445332,3277.785911714953
Kerr Kriisa,-3.0374209103153325,-2.531964988342084,-0.5054559219732482,-1.881676405053925,-0.29595772482018645,-0.35433085846797296,-0.376105542942704,-0.03748284829435556,-0.09186753073618863,0.0,-0.7796389623187036,3.8337551427110337,3798.615925892499
Jaden Zimmerman,-3.039040977538054,-2.4417364280000715,-0.5973045495379827,-1.862301281453232,-0.059025672408646354,-0.5204094741381928,-0.2857270785258055,-0.22663038643654698,-0.08494708457563031,0.0,-0.8910126175590164,3.8175361319058023,4107.07113835936
Darrel Yepdo,-3.03972855310501,-2.121833723014472,-0.9178948300905378,-1.7568483567631765,-0.20783464212686054,-0.15715072412443482,-0.5003387873209884,-0.3019614564807249,-0.11559458628882452,0.0,-0.7825414090208449,3.875943046743746,3146.484791785375
Kayde Dotson,-3.0402335436076595,-2.444813257019484,-0.5954202865881757,-1.9155198654752843,-0.18251820232238952,-0.3467751892218096,-0.2901956670988377,-0.17893178734035053,-0.12629283214898743,0.0,-0.8345180110335371,3.933966640364198,2558.412510604515
John-Michael Wright,-3.0405867409124685,-2.5829296237567174,-0.4576571171557513,-1.9499466004531791,-0.1119931117977873,-0.5209899115057509,-0.34379714204482437,-0.01550931479025483,-0.0983506603206721,0.0,-0.7468429984144651,3.9781076381044236,2240.9591563272515
Ty Tabales,-3.0413082265135793,-2.430184025371659,-0.61112420114192,-1.7938611726627378,-0.13032713695303239,-0.505995715755889,-0.5025146453872672,-0.025996175675009253,-0.08261338007964364,0.0,-0.7449324084635742,3.9570920583367304,2394.2202444610066
Abdoulaye Thiam,-3.041760611934101,-2.3674260006876646,-0.6743346112464365,-1.6636367684781694,-0.19485143907736976,-0.5089377931321254,-0.3746467151800671,-0.20028394422822215,-0.09940395183814721,0.0,-1.0034771282758645,3.9039592514272643,2835.5535856024
Eugene Brown III,-3.04262181224196,-2.376909520554023,-0.665712291687937,-1.7425651607437327,-0.09874668813505887,-0.5355976716752314,-0.5478564872964568,-0.018285538615311785,-0.0995702657761685,0.0,-0.7522001642017705,3.9524198947278504,2406.1798103396004
Kam Martin,-3.0426500210831904,-2.513856240684526,-0.528793780398664,-1.6674809746098869,-0.15643544453670682,-0.6899398215379323,-0.3409531567462527,-0.07685583004411789,-0.11098479360829337,0.0,-1.0342158897270504,3.869071761840563,3236.0671650921863
Quaran McPherson,-3.0428750920359513,-2.5506083534565014,-0.4922667385794498,-1.9371700786940855,-0.11921027568816658,-0.4942279990742492,-0.44193676727555115,0.026152656517657802,-0.07648262782155645,0.0,-0.6637682460663143,4.001784521931908,2096.7690122291874
Samage Teel,-3.0429483799727173,-2.1125266520121384,-0.930421727960579,-1.5818186278420363,0.030952372396089,-0.561660396566191,-0.6584554571160248,-0.16412514194390035,-0.10784112890065378,0.0,-0.8026742950146563,3.8812579122497897,3077.8617703203245
Ben Nau,-3.042990870287067,-2.217058291764197,-0.8259325785228702,-1.7013127337639935,-0.019067037795916286,-0.4966785202042872,-0.7756798266705964,0.04390906524951298,-0.09416181710178669,0.0,-0.5659983098524772,4.010957960900584,2035.6523482650714
De'Undrae Perteete Jr.,-3.0433369365185916,-2.094332837667041,-0.9490040988515503,-2.03741112995022,0.09590024978178263,-0.15282195749860372,-0.7096187022895253,-0.14826857822313255,-0.09111681833889247,0.0,-0.2963071042788461,3.9698355732682247,2300.098957275218
Keshawn Williams,-3.043436431955713,-3.012235166834282,-0.031201265121431024,-1.9240059329387766,-0.3244274959683757,-0.7638017379271294,0.12141888098672993,-0.037408893088253035,-0.11521125301990791,0.0,-1.240849380003666,3.900385230968565,2864.974783226098
Antrell Charlton,-3.043451981236138,-2.564211860477965,-0.4792401207581725,-2.017968536546656,-0.14700556748147725,-0.3992377564498314,-0.4290876875359141,0.034721275574351715,-0.08487370879661017,0.0,-0.5963957571535672,3.958734051946374,2369.826502652565
Braelon Green,-3.044309384947687,-2.282358699707294,-0.7619506852403929,-1.8656232619096516,-0.0295825266727911,-0.3871529111248516,-0.41278946677378425,-0.2463209958695118,-0.1028402225970968,0.0,-0.7658966562642513,3.911663586342594,2737.0514670880457
Khristian Lander,-3.044387560787295,-2.7605725319961314,-0.28381502879116394,-1.9267129337954134,-0.17052507738117878,-0.6633345208195395,-0.054120968054327534,-0.13649124721583822,-0.09320281352099821,0.0,-1.0635536589375545,3.9280581434705444,2600.119728952005
Neftali Alvarez,-3.044995296392781,-2.509342051184128,-0.5356532452086534,-1.8533732049940725,-0.160920733944898,-0.49504811224515716,-0.42406326438768766,-0.01048958219435936,-0.1011003986266064,0.0,-0.7675588270110208,3.998445320664364,2114.6142272792276
Trae English,-3.0451559345085033,-2.551273380180506,-0.4938825543279973,-2.038414305578704,-0.09123851098215198,-0.42162056361965,-0.5398809755032179,0.1304255285245871,-0.08442710734936654,0.0,-0.46686065342658145,3.786882780576772,4843.064676623679
Demarion Burch,-3.045791099196817,-2.405166283236603,-0.6406248159602139,-1.9221177506606122,-0.056327890303440875,-0.42672064227254997,-0.5884054025498764,0.03742917410164462,-0.0896485875119821,0.0,-0.5352679459863283,3.8929485575029252,2961.999262205801
Jaden Johnson,-3.0466000314227015,-2.175333402981146,-0.8712666284415553,-2.082718517515595,0.17105012601955644,-0.26366501148510746,-0.8208519130366672,0.05948462289991627,-0.10989933830480443,0.0,-0.1430296008704392,3.8306102540135503,3824.115406639049
Isaiah Johnson,-3.046768335017023,-2.422732184361951,-0.6240361506550721,-1.9084668828444584,-0.23027214835724638,-0.2839931531602459,-0.6243621436179642,0.08897889018974234,-0.08865289722685032,0.0,-0.5139393085546002,3.8737607119958195,3188.802300821563
Cobe Williams,-3.047091467179426,-2.6669034081025345,-0.3801880590768911,-1.86208159908353,-0.24582941819481666,-0.5589923908241875,-0.35998138227291443,0.07205499038393323,-0.09226166718790997,0.0,-0.8250284858229808,3.9629973232631235,2339.7247528322496
Demetrius Lilley,-3.047250793503154,-2.5765409269554733,-0.4707098665476803,-2.047136170338604,-0.3268991895270196,-0.20250556708984963,-0.19056274728050654,-0.17414602389445338,-0.1060010953727204,0.0,-0.809551875884043,3.9854066450916203,2182.733763679855
Kellen Amos,-3.0473919266980376,-2.3442786424421405,-0.7031132842558971,-1.7908502608144923,-0.184920360407767,-0.368508021219881,-0.4390184156224618,-0.16531860760723555,-0.09877626102619975,0.0,-0.8175232502610832,3.8675359001965677,3267.873019137011
Wheza Panzo,-3.0480513553832846,-2.3323923643503797,-0.7156589910329048,-1.8728921238688174,0.02044271774495765,-0.47994295822651967,-0.6236023395329259,0.005056581693551304,-0.0971132331935301,0.0,-0.5515568919815408,3.9981080170820307,2107.8106620337453
Anouar Mellouk,-3.0483390514804625,-2.3670394395019687,-0.6812996119784939,-1.9268009993218465,-0.09135190687730589,-0.34888653330281655,-0.5036434033995508,-0.0767536313533389,-0.10090257722560418,0.0,-0.6178946487590654,3.8668027204594955,3265.5826369198194
Rickey Bradley Jr.,-3.0486634447253262,-2.33645558068425,-0.7122078640410764,-1.7576076891134078,-0.16423601862495893,-0.41461187294588303,-0.5189478203321152,-0.11383927071141989,-0.0794207729975414,0.0,-0.7721079352798031,3.8967573878220274,2903.037687422073
Mason Madsen,-3.0487700582024786,-2.2664835001208585,-0.78228655808162,-1.992240897762307,-0.034068017544660184,-0.24017458481389142,-0.5570116347421308,-0.1293851703848167,-0.09588975295467247,0.0,-0.49951752569804075,3.94746449612814,2448.413303337008
Tanner Davis,-3.049333672336156,-2.4569456358253197,-0.5923880365108363,-1.8589780287412143,-0.10545903973928125,-0.4925085673448242,-0.5647573600979363,0.059647682039858485,-0.08727835845275843,0.0,-0.6255982834970054,3.925600457563921,2623.497563309337
BJ Ward,-3.049745025861501,-2.267182709289766,-0.7825623165717351,-1.9222979303298267,-0.03568873500819697,-0.30919604395174255,-0.842944918658885,0.13057129566527068,-0.07018869357812083,0.0,-0.28450217687278967,3.7929477614173606,4660.720851909248
Joe Manning,-3.0499757879483314,-2.4939460291507873,-0.556029758797544,-1.6109932779531833,-0.38338682955646364,-0.49956592164114016,-0.6335007007700656,0.14998850822416393,-0.07251756625164235,0.0,-0.8054818092250824,4.009749172442921,2043.8530018061188
Quinton Morton-Robertson,-3.0509020920712566,-2.449943254285805,-0.6009588377854517,-1.7119916514340403,-0.11183566944938259,-0.6261159334023823,-0.6200228175846831,0.11458267974817504,-0.09551869994894359,0.0,-0.7188876230525334,3.8566963485091907,3409.363478465007
David Fuchs,-3.0515251910819075,-2.487866396147898,-0.5636587949340095,-1.7089840707061348,-0.3445767558519598,-0.4343055695898036,-0.24444934886074127,-0.2331370133936643,-0.0860724326796039,0.0,-1.0980917715150316,3.8262146048129093,3904.5623560064805
Yonatan Levy,-3.0516287231225387,-2.6515161283931223,-0.4001125947294162,-1.8129549014466901,-0.2839963451852269,-0.5545648817612056,-0.1730883148062195,-0.12664075018516419,-0.1003835297380325,0.0,-1.0655855068696292,3.9371882380181575,2521.4713899055746
Elijah Tucker,-3.0518857783701927,-2.50213379283738,-0.5497519855328129,-1.7475540110868233,-0.393771928507763,-0.36080785324279363,-0.3933422235258337,-0.08784805413012343,-0.06856170787685578,0.0,-0.9109895437575358,3.7978291581421075,4533.499800147891
Luke Jungers,-3.052139811776731,-2.369914941535531,-0.6822248702412002,-1.9058790034046933,-0.11869096693240516,-0.34534497119843244,-0.4451517924748478,-0.1420574944456331,-0.0950155833207193,0.0,-0.70110901589719,3.8849547620619904,3038.244174453618
Chuck Bailey III,-3.052172210797325,-2.144506354019424,-0.907665856777901,-1.8227227011907063,0.015952400646725706,-0.3377360534754432,-0.7590159279109706,-0.05470701122104332,-0.09394291764588708,0.0,-0.4704335816956479,3.878114357279531,3122.688970860748
Isaac Bruns,-3.052345326388866,-2.048543016156298,-1.003802310232568,-1.7468837276133298,0.04818452999945971,-0.34984381854242796,-0.8262156063581254,-0.0725827947258279,-0.10500390914861456,0.0,-0.4792459924174107,3.8254483224820093,3926.5697316202754
Brady Hardewig,-3.0526782534039056,-2.338650979585246,-0.7140272738186596,-1.9483068401991543,-0.1551986238694662,-0.23514551551662555,-0.563750986490528,-0.09018488141191397,-0.06009140591621768,0.0,-0.5406204267142234,3.9967419286983352,2124.935704754412
AJ Levine,-3.0528382514420214,-2.530919392885207,-0.5219188585568145,-2.132883942850032,-0.05951986184367192,-0.3385155881915033,-0.4587283796386156,0.03146269073743757,-0.0946531696556365,0.0,-0.4612259289533741,3.8718420223980368,3182.0711835690836
Will Soucie,-3.053088229418538,-2.2497319117437167,-0.8033563176748216,-1.8975465601296666,-0.03686854802248232,-0.31531680359156766,-0.6896923332119536,-0.03173878567584045,-0.08192519878702763,0.0,-0.46584933607691803,3.8570878744826933,3406.156282754212
Zach Keller,-3.0534246921305206,-2.7845078579962803,-0.26891683413424017,-1.9570971978963356,-0.2734324059246926,-0.5539782541752524,-0.19746121665914046,0.027695782471835018,-0.09915139994693475,0.0,-0.8988662775750447,3.948675715318205,2434.7261756034086
Elijah Strong,-3.0539050987838023,-2.2906229656777763,-0.763282133106026,-1.7827908571794144,-0.021140449064207395,-0.4866916594341547,-0.5153355724847697,-0.1459866492321192,-0.1019599113891371,0.0,-0.7557786691196184,3.895025494671407,2931.633010787038
Kyran Ratliff,-3.0542390389205023,-2.6287162559127246,-0.4255227830077778,-2.045509103638442,-0.21986869514160604,-0.3633384571326769,-0.36469522535575283,0.047973074966946416,-0.10880063261897138,0.0,-0.644034709926308,3.9669302044378227,2296.6798978398992
David Coit,-3.0547194064154573,-2.1927894043404024,-0.8619300020750551,-1.8254824323260277,-0.06829382261976495,-0.29901314939460977,-0.6670644920671351,-0.09409131253729994,-0.10077419747061996,0.0,-0.5621724820222946,3.760786417828051,5733.477664306292
Evan Ipsaro,-3.0554964594335177,-2.4717662004843675,-0.5837302589491504,-1.6173241346053073,-0.07021268395752234,-0.7842293819215378,-0.407533587792452,-0.07575974720168344,-0.10043692395501494,0.0,-1.0306387370357586,3.879206877277146,3116.209515675216
C.J. Jones,-3.055800157790099,-2.4942576950936455,-0.5615424626964531,-1.8863970618896504,-0.02997719283411024,-0.5778834403698849,-0.4434494652736076,0.0023124627551882743,-0.12040546017803373,0.0,-0.7259536306268407,3.790411941619421,4713.224963196517
Clarence Rupert,-3.0569076399132005,-2.569422142886136,-0.48748549702706456,-1.8890393911216314,-0.16297404554518347,-0.5174087062193216,-0.46841172049476837,0.07780068016696748,-0.09687445669926367,0.0,-0.6994565282968012,3.9527615228587534,2403.9664937853904
Chris Loofe,-3.0578512221610628,-2.6571593604024235,-0.40069186175863936,-1.9826388146104623,-0.19316077733712023,-0.4813597684548408,-0.3084070644440623,-0.006754626507341363,-0.08553017080723567,0.0,-0.766805343106538,3.8482942756317744,3549.0339658537505
Henry Abraham,-3.058165889279321,-2.539003730906463,-0.5191621583728582,-1.9101976108189713,-0.30110946456296384,-0.3276966555245281,-0.33863319170895656,-0.08046363234391629,-0.1000653343199853,0.0,-0.8093350867513935,4.004962104339715,2063.888426355135
Will McClendon,-3.0581909967488032,-2.2593294423261248,-0.7988615544226785,-1.787384553604073,0.005116821299440355,-0.4770617100214923,-0.621336038523516,-0.09863860195820237,-0.07888691394096,0.0,-0.6494704046212143,3.9305023655089126,2589.7702765719
BJ Omot,-3.058301212754748,-2.4153871469607084,-0.6429140657940399,-1.8646493330968863,-0.11444179151506856,-0.4362960223487535,-0.46386386915875877,-0.0932396698270087,-0.08581052680827238,0.0,-0.7297880104991031,3.959393237893991,2364.476691373382
Abdulai Fanta Kabba,-3.058587319567785,-2.535900712026274,-0.5226866075415109,-2.055416225941052,-0.253961032894797,-0.22652345319042516,-0.38042151798286383,-0.05700591150176479,-0.08525917805688225,0.0,-0.6227495756438691,4.001980738900534,2085.22118983083
Aidan Richard,-3.0588626354022144,-2.594336840861556,-0.4645257945406581,-1.8825188524531307,-0.10775671189037908,-0.6040612765180463,-0.4104125650536249,0.03722804647367545,-0.09134127596070869,0.0,-0.7659312178954586,3.8665489839427,3267.595907842925
Bradley Douglas,-3.0588736876322984,-2.344952849825735,-0.7139208378065636,-1.9637650056539895,-0.17535590751291996,-0.20583193665882532,-0.5177372658191015,-0.08900589825554671,-0.10717767373191536,0.0,-0.5773714161592074,3.7729508543053782,5269.492222563626
Akira Jacobs,-3.059099428383347,-2.662934343043295,-0.3961650853400519,-1.9382342803999764,-0.22763661398972324,-0.49706344865359564,-0.1747703876153225,-0.1397576822664126,-0.08163701545831681,0.0,-0.9460947603680483,3.827698270078551,3888.017358977895
Thomas Bassong,-3.059366311200211,-2.4240337716222604,-0.635332539577951,-1.7639671784512618,-0.1509438728450172,-0.5091227203259814,-0.48263897931172384,-0.06774160490680016,-0.08495195535942704,0.0,-0.8127601534372257,4.013226740185396,2001.3464934340905
Najimi George,-3.0598994873537912,-2.5962956436697766,-0.4636038436840147,-1.7992972163304395,-0.049367880539222975,-0.7476305468001139,-0.33740603313955075,-0.029016301536175564,-0.09718150900828837,0.0,-0.9231962378838008,3.900243807888526,2873.293544893883
Mike Evbagharu,-3.0601507992749433,-2.4192763944833944,-0.6408744047915489,-1.97589249535649,-0.2224796934739452,-0.2209042056529593,-0.3848412038328396,-0.15558158032126274,-0.10045162063744656,0.0,-0.6994171000856138,3.7914583662456836,4693.798733802338
Fletcher Abee,-3.060269357808973,-2.4139005968116924,-0.6463687609972807,-1.7558409808633262,-0.024752552668686645,-0.6333070632796798,-0.46624660678644203,-0.07514058835243338,-0.10498156585840522,0.0,-0.8381817701592051,3.842630110129337,3640.138241368895
Cam Estevez,-3.060837875650484,-2.5170522038718204,-0.5437856717786635,-1.7798902821791511,-0.09635215431457896,-0.6408097673780901,-0.1958417824932948,-0.21164501675865702,-0.13629887252671163,0.0,-1.0851058109780378,3.960466111325118,2344.2714576894787
Devon Barnes,-3.06100085794339,-2.5169202689171524,-0.5440805890262378,-1.8350181885503902,-0.020919525219767504,-0.6609825551469946,-0.6443707244339588,0.1983041046906223,-0.09801396928290125,0.0,-0.581611944959041,3.7949558992347363,4617.388946784118
Diante Smith,-3.0611792704051615,-2.434129012952989,-0.6270502574521725,-1.7686331820723846,-0.2896043364821109,-0.37589149439849356,-0.4579753763299426,-0.06231703532050223,-0.10675784580172762,0.0,-0.8345707120028344,3.954334876666519,2396.418170447776
Alex Schumacher,-3.0612906292354323,-2.4959606936410896,-0.5653299355943429,-1.718673783070797,-0.18411570402052066,-0.593171206549772,-0.39553766000394974,-0.0817332878365148,-0.08805898775387827,0.0,-0.9470791861606858,3.994321125970131,2135.5275244623544
Julian Rishwain,-3.0615491368903247,-2.4085426625083954,-0.6530064743819294,-1.8257500216076663,-0.043362297849799336,-0.5394303430509297,-0.5707080217913048,-0.0015080631010862405,-0.08079038948953841,0.0,-0.6650910934913538,3.972306928999349,2275.4967837840286
Ebby Asamoah,-3.0615871262833783,-2.4684387985218406,-0.5931483277615377,-1.9615288931348414,-0.09736853398399749,-0.4095413714030014,-0.5383773653551359,0.05555232491232817,-0.11032328731872992,0.0,-0.5616808677934007,3.999750867241818,2112.3015682069777
Markus Harding,-3.061835239397402,-2.8200687690219146,-0.2417664703754876,-1.9357011640893416,-0.39582963454424,-0.4885379703883331,-0.14978178155204347,-0.028659840872959905,-0.06332484795048421,0.0,-0.9763522937560172,3.8634655639744726,3311.401556973213
Kelechi Okworogwo,-3.062597655579043,-2.2701032385907087,-0.7924944169883341,-1.920981874011955,-0.22329212930078526,-0.1258292352779682,-0.7156278340364829,0.015245598598626203,-0.09211218155047739,0.0,-0.42598794753060465,3.8520988043306796,3484.0305876739844
Elijah Elliott,-3.0628822747565367,-2.378827457284835,-0.6840548174717017,-1.8079500858951896,0.037963718211379255,-0.6088410896010249,-0.5420271364272278,-0.04246730761965166,-0.09956037342482227,0.0,-0.7129050524341196,3.8586060391285195,3391.8109055342775
Max Burton,-3.063426827853513,-2.5487414719565433,-0.5146853558969697,-1.9214853436680805,-0.1434298558458955,-0.48382627244256715,-0.33494584128422183,-0.06682044544158876,-0.11291906917115915,0.0,-0.8069956429012105,3.832488261906057,3790.996846627653
Abdou Tsimbila,-3.06358473963269,-2.665138105260865,-0.3984466343718247,-2.1709042641230316,-0.3396520650760766,-0.1545817760617571,-0.14092681009671731,-0.15292375227242522,-0.10459607200268214,0.0,-0.7517536654129411,3.9405445381606805,2497.0620206140866
CJ Fulton,-3.063874570102184,-2.313593105603032,-0.7502814644991518,-1.7519098475320978,-0.029603683760723254,-0.5320795743102114,-0.6174885447294973,-0.047369813613622996,-0.0854231061560314,0.0,-0.694476177840589,3.8123981609366777,4197.946891714821
Carl Parrish,-3.063995846596513,-2.5921664374613638,-0.47182940913514926,-1.9505735656701897,-0.2642253147844994,-0.3773675570066745,-0.29368882087167214,-0.07478701186737369,-0.10335357639610343,0.0,-0.819733460054651,3.8019363590316586,4458.317327957311
Dylan Dawson,-3.0659567576038507,-2.6664018758775687,-0.3995548817262822,-1.9088154117566218,-0.18597219011965868,-0.5716142740012882,-0.3442014655954772,0.033382244043570194,-0.08873566017437519,0.0,-0.8129398802517519,3.9635764405350824,2336.9616940038322
K'mani Doughty,-3.066000131866162,-2.285673019260223,-0.780327112605939,-1.4637185856540618,-0.1895535901120127,-0.6324008434941486,-0.6255301984928366,-0.06357819225534941,-0.09121872185775293,0.0,-0.9767513477192636,3.943991750177687,2473.707002678013
Gicarri Harris,-3.066587767399131,-2.5376404099435446,-0.5289473574555863,-1.8513010443457956,-0.18517968221236938,-0.50115968338538,-0.4173402556094896,-0.009019300765127428,-0.10258780108096931,0.0,-0.7979464674438461,3.925685724097654,2622.5687603725255
Guy Ragland Jr.,-3.066805598778903,-2.4755802996906926,-0.5912252990882103,-1.5932255598741962,-0.20677608364324718,-0.6755786561732492,-0.37493776245103805,-0.10746012160014534,-0.10882741503702695,0.0,-1.0986422764536687,3.933573880859469,2564.6160192224183
Amon Dörries,-3.067177397835971,-2.89672719315905,-0.17045020467692096,-1.909134664749933,-0.44387844298077417,-0.5437140854283424,0.04635727102573206,-0.11836454655081932,-0.09844292915183368,0.0,-1.2044000041117695,3.8771815337171196,3126.8226111827516
Garrett Anderson,-3.067237414908438,-2.5352524241226697,-0.5319849907857681,-2.002827156352146,-0.0380594678219536,-0.4943657999485703,-0.642777747607416,0.2010913178184289,-0.09029856099678098,0.0,-0.42163251094887594,3.905550794334605,2817.1749535540484
Dallion Johnson,-3.067395773095602,-2.4813885453209785,-0.5860072277746234,-1.8643220699227072,-0.09078497816631362,-0.5262814972319574,-0.30949967689557156,-0.19433543309281576,-0.0821721177862361,0.0,-0.8935740262773229,3.896096843243974,2920.3892089386245
Drake Dobbs,-3.0676267268938515,-2.2694971470255267,-0.7981295798683248,-1.6992829610972469,0.026017770193796946,-0.5962319561220768,-0.7406335986725393,0.029989271462821945,-0.08748525265860735,0.0,-0.6277101671240652,3.882434047648898,3071.1554729476557
Tamar Bates,-3.0676913103790855,-2.361500515216622,-0.7061907951624633,-1.636245758843159,-0.19239481620631008,-0.5328599401671533,-0.7060706858605094,0.08965381646082163,-0.08977392576277557,0.0,-0.7253748656754173,3.8561316432377173,3420.649756982105
Brennan Watkins,-3.0678118353339467,-2.4043153044888665,-0.6634965308450804,-1.8974710781189494,-0.07832319398551535,-0.42852103238440187,-0.2519894201223777,-0.3104637526997835,-0.10104335802291925,0.0,-0.91835133709262,3.7883963661176288,4808.4685553982035
Mikal Dawson,-3.067976829611716,-2.2906501218107373,-0.7773267078009789,-1.8491007769593502,-0.11172809249695362,-0.32982125235443344,-0.7358521323628651,0.018850311789667118,-0.060324887227780996,0.0,-0.483023920289501,3.8914349976420297,2981.4996020550516
Cole Bajema,-3.0684092305685975,-2.263871471771482,-0.8045377587971156,-1.71131233124535,-0.08546937112927593,-0.4670897693968557,-0.6094409788591035,-0.09621375678067223,-0.09888302315733988,0.0,-0.7476559204641438,3.9762672248349764,2256.2440411825078
BJ Plummer,-3.0687606924568014,-2.4179771302721313,-0.6507835621846699,-1.8268290573779324,-0.20780393500305716,-0.3833441378911416,-0.3337222214124154,-0.20286256932493296,-0.11419877144732146,0.0,-0.9082094136664531,3.9282636549754346,2591.509984418668
Israel Hart,-3.069144986865071,-2.197814461447007,-0.8713305254180643,-1.754376960702102,-0.09037877188283677,-0.35305872886206835,-0.7985045640007779,0.02455076663158992,-0.09737672804887643,0.0,-0.5162634621621917,3.9775158250227896,2235.3382123234796
Rodney Brown Jr.,-3.0692250763551483,-2.4944702107516217,-0.5747548656035266,-1.8646522289873928,-0.22067917364657894,-0.40913880811765024,-0.3943611608521427,-0.08689640780491259,-0.09349729694647131,0.0,-0.8102116865156131,3.8280658264861698,3889.4516968529406
Rob Whaley Jr.,-3.069507990578889,-2.5552940665893464,-0.5142139239895422,-1.7977174131504983,-0.18736205941826925,-0.5702145940205792,-0.1854074988931831,-0.22555684321438335,-0.10324958188197576,0.0,-1.0863830785352075,3.8717127771729425,3206.179190506199
Kobe Williamson,-3.0695383148544217,-2.49899141657845,-0.5705468982759717,-2.0682527042259427,-0.006327784437363537,-0.42441092791514357,-0.4307353903280732,-0.05394968541122214,-0.08586182253667636,0.0,-0.5705502203004056,3.9238724343581373,2637.482139618179
Corey Thomas,-3.0696810091750373,-2.4136271214827505,-0.6560538876922868,-1.774151209897999,-0.19396936490793706,-0.4455065466768143,-0.5519025615461061,-0.030977280746142262,-0.07317404540003851,0.0,-0.7436272377309321,3.9263436720261318,2619.547268230965
Dorian Finister,-3.0701342385319244,-2.362909893597605,-0.7072243449343192,-1.922275659695165,-0.08315582725397634,-0.35747840664846364,-0.7351462106279654,0.13672368503240354,-0.10880181933875731,0.0,-0.41271236820879376,3.8122650197114747,4201.573760825656
Isaiah Adams,-3.0701995067498684,-2.4639553720300973,-0.6062441347197712,-1.9310082489042162,-0.12101792390288965,-0.4119291992229915,-0.4277607789751595,-0.09156486339194267,-0.08691849235266905,0.0,-0.7114304788704928,3.8254562436662622,3917.87590849862
Vincent Brady II,-3.070326045417788,-2.508922337608651,-0.561403707809137,-1.8577624883869408,-0.3990977590414971,-0.2520620901802132,-0.550145839503035,0.08835060276684117,-0.09960847107294314,0.0,-0.6624177175278123,3.791262954853458,4692.440793109542
Jeremiah Oden,-3.071065223639925,-2.7208891336330194,-0.35017609000690586,-1.9395707275054666,-0.252608074571276,-0.5287103315562769,-0.2735334368392253,0.0005867182292693951,-0.07722937139694996,0.0,-0.8579610592952335,3.864627944610606,3293.8466074875905
Jeremy Elyzee,-3.0722166530107735,-2.424309361239297,-0.6479072917714762,-1.824134497806721,-0.18884682513453432,-0.41132803829804154,-0.5832844604871333,0.03905466946671744,-0.10367750075106034,0.0,-0.6647976947169187,3.8106455233699505,4225.474202621563
Brandon Johnson,-3.0727533864312058,-2.4606620183450723,-0.6120913680861337,-1.942525477435658,-0.045436081804685946,-0.4727004591047286,-0.38754742503816886,-0.1258051746025445,-0.09873876844542037,0.0,-0.7426804839573794,3.823498891217049,3964.418478766387
Daylen Williams,-3.0728518024315803,-2.65594398090399,-0.41690782152759,-1.8413057963430188,-0.18126914022393048,-0.6333690443370408,-0.25258495186993535,-0.06527745221574606,-0.09904541744190859,0.0,-0.978961054218626,4.006653357839201,2057.508769249686
Michael Graham,-3.0729816640292387,-2.341866988702813,-0.7311146753264257,-2.036217649812142,-0.1547022615967967,-0.15094707729387452,-0.4241704840271141,-0.22323710274217226,-0.08370708855713933,0.0,-0.6125935301899829,3.9505475417961278,2415.191652214704
Achile Spadone,-3.073305418364619,-2.676940413280451,-0.39636500508416783,-1.8660056516835628,-0.28696099159226246,-0.5239737700046256,-0.37663158957633375,0.05750424778538077,-0.07723766329321483,0.0,-0.8306681771047221,3.7745858785833653,5208.047312562502
Noah Barnett,-3.0733817218070203,-2.284641599318197,-0.7887401224888234,-1.8271536576928555,-0.2088406092082163,-0.2486473324171248,-0.6817866108469708,-0.017782815715453572,-0.089170695926399,0.0,-0.5644414532671937,3.9306509322571843,2569.3683910488307
Tyler Johnson,-3.0738401682165533,-2.4505725300005423,-0.6232676382160112,-1.806973781226973,-0.18841863344584495,-0.4551801153277244,-0.40995835001234804,-0.10567161243776002,-0.1076376757659031,0.0,-0.8569080369772325,4.016581961703609,2008.2864719641586
Ian Jackson,-3.0747934221152002,-2.548491217607358,-0.526302204507842,-1.7809218855787319,-0.2294080252304736,-0.5381613067981529,-0.2905343785734731,-0.12471899136952284,-0.11104883456484604,0.0,-1.0033371579629953,3.838368990302204,3691.2298714083963
Kristian Gonzalez,-3.0748389999627763,-2.417923906821448,-0.656915093141328,-1.8316387438649304,-0.25525133624797247,-0.3310338267085452,-0.34739540102388866,-0.19331038098911407,-0.1162093111283252,0.0,-0.8958048550739569,4.0127037573948225,2030.2709807815804
Travis Perry,-3.0749763890865345,-2.5992840784718725,-0.47569231061466216,-1.7293017990694708,-0.022736038405652276,-0.8472462409967496,-0.40450976521320264,0.01494557551146869,-0.08612812091292822,0.0,-0.9411648248038614,3.9686237318766957,2305.3332114756595
Dominique Ford,-3.0751589513922397,-2.55571443502564,-0.5194445163665996,-1.6882013896871335,-0.12344455340241384,-0.7440684919360926,-0.48188800543677884,0.043647518866937574,-0.08120402979675838,0.0,-0.9050695562683272,3.799874612895315,4497.212613485392
Lathan Sommerville,-3.0751915237610747,-2.6754705367318694,-0.3997209870292054,-1.8993089422506009,-0.2073577743521856,-0.568803820129083,-0.13590251214567622,-0.17697557026827987,-0.08684290461524928,0.0,-1.0399800693647978,3.984540264587826,2195.9408245246673
Zion Cruz,-3.0759840896859676,-2.2025924439592774,-0.8733916457266903,-1.895157199599235,0.029321146209982996,-0.3367563905700255,-0.8405745784723921,0.054903928577255595,-0.08772099583155368,0.0,-0.34025231161434055,3.813805739257009,4165.38039365332
Brandon Huntley-Hatfield,-3.0766258026311557,-2.4307266413809536,-0.6458991612502022,-1.930273185913358,-0.1950873310459638,-0.3053661244216317,-0.45889510197603856,-0.09244903813191299,-0.09455502114225071,0.0,-0.6874575147417591,3.9053452858132234,2815.5651713199895
Fred Payne,-3.0770469101301487,-2.4033486598247973,-0.6736982503053515,-1.9278366841432157,0.028937275763972203,-0.5044492514455537,-0.5687558455907549,-0.02425517263437299,-0.08068723208022371,0.0,-0.5804543803961782,3.8169971800684452,4098.606724227747
Cedric Coward,-3.0776592613730456,-2.121302857078212,-0.9563564042948337,-1.7178679025123853,-0.116650064138355,-0.2867848904274716,-0.6610298776847744,-0.21571387193281447,-0.07961265467724488,0.0,-0.6987614811758859,3.9961618957731875,2127.653612601248
Donavan Yap,-3.0776820100279854,-2.5795946185385326,-0.4980873914894529,-1.8289198434863052,-0.2132236199596431,-0.5374511550925847,-0.22361191852801116,-0.14341971252194485,-0.13105576043949688,0.0,-1.0251502480136696,3.886011573977453,3030.950296579067
Nyle Ralph-Beyer,-3.0777641919936407,-2.4033553287763385,-0.6744088632173024,-1.8557873546562156,-0.0851403891607854,-0.46242758495933756,-0.2878436805378377,-0.28675050734648433,-0.09981467533298033,0.0,-0.9341331567995876,3.8137623565426413,4178.191161911262
Dontaie Allen,-3.078112225802746,-2.5282837858173934,-0.5498284399853524,-1.8291252277699839,-0.09795219752113651,-0.6012063605262727,-0.42128440589545896,-0.0414174760978286,-0.08712655799206483,0.0,-0.8277025921373027,3.906062751475736,2811.930298431955
Nimari Burnett,-3.0781988559785756,-2.464045343031734,-0.6141535129468412,-1.6114548033607892,-0.27866314597765346,-0.5739273936932917,-0.46483668385716714,-0.06383573289037703,-0.08548109619929702,0.0,-1.0019073687606193,3.757020985707644,5894.318194110812
Chad Venning,-3.0783119467069886,-2.38562892339431,-0.6926830233126786,-1.9106496407714282,-0.14933719542104987,-0.32564208720183196,-0.5031984348797894,-0.0955433134075748,-0.0939412750253143,0.0,-0.6644638710557709,3.879523255352701,3114.775931205527
Derrion Reid,-3.078415441033276,-2.4163220169981052,-0.6620934240351707,-1.6641565498425237,-0.13912580801064903,-0.6130396591449326,-0.5201725508660863,-0.036153006492115704,-0.10576786667696868,0.0,-0.894086340324666,3.833743520464877,3771.2209468204383
Tyreese Watson,-3.0784369431364245,-2.4422761056335607,-0.6361608375028637,-1.8886227266489062,-0.01781213258869177,-0.5358412463959629,-0.5204512277739636,0.00017926813958929477,-0.11588887786848937,0.0,-0.6693629887135547,3.888984747251792,2986.664541562035
Jhamir Brickus,-3.078654961576566,-2.337809929316049,-0.7408450322605171,-1.751562214828877,-0.15803502481897497,-0.42821268966819714,-0.5563780471065942,-0.08451800455681713,-0.09994898059710577,0.0,-0.770714699641095,3.8042582391986177,4401.853186709937
Marcel Bryant,-3.0789758453882423,-2.6322127941631885,-0.4467630512250539,-2.0757837784236477,-0.09635526239400366,-0.46007375334553713,-0.644614444633812,0.2768338831296401,-0.07898248972088194,0.0,-0.3585776223307827,3.9813566388813943,2215.3188183699694
Derrin Boyd,-3.0792899775365163,-2.483435071618058,-0.5958549059184582,-1.807148541630162,-0.13991972070341013,-0.536366809284486,-0.43872629347913583,-0.04897461118831496,-0.10815400125100741,0.0,-0.8334151424272185,3.868265134345133,3246.017715420132
Jaylen Jones,-3.0797334440857727,-2.3954371673666097,-0.6842962767191629,-1.7641062301395165,-0.09824217372503574,-0.5330887635020576,-0.6094020011917923,0.0196161434121519,-0.09451041893952247,0.0,-0.7062252127544639,3.8079481726457094,4287.774822780782
Mykolas Ivanauskas,-3.080140693494196,-2.5711839949513133,-0.5089566985428826,-2.01496195052154,-0.3098714800913178,-0.24635056433845515,-0.26720680285863513,-0.1330067514920918,-0.1087431441921557,0.0,-0.7979719401140205,3.946655274791596,2447.770846591611
Lilian Marville,-3.0801526339832526,-2.5664363101457615,-0.5137163238374913,-1.838149596775335,-0.16636960546307508,-0.5619171079073514,-0.3342413115589127,-0.06801366566629527,-0.11146134661228337,0.0,-0.9077617256490051,3.951931370564114,2410.151835783676
Zavian McLean,-3.080651021780267,-2.371616534862833,-0.7090344869174341,-1.8243676344936095,-0.14830279702297694,-0.3989461033462468,-0.4537865365953331,-0.16373674267263827,-0.09151120764946273,0.0,-0.8024968506913248,3.920557166140685,2675.4735685980804
Emmett Marquardt,-3.0810380568432,-2.168699607107378,-0.912338449735822,-1.8306464076693727,-0.005035797031554989,-0.3330174024064504,-0.7738249427308121,-0.046869118441704896,-0.09164438856330495,0.0,-0.47656670644301524,3.9131129347796465,2741.6561859229473
Keeshawn Barthelemy,-3.08163103032687,-2.260650869327228,-0.8209801609996421,-1.731883411634691,-0.06859207732010508,-0.4601753803724318,-0.8645914274780695,0.11584378919338145,-0.0722325227149541,0.0,-0.4851561912141095,3.972745232126727,2278.972838400421
Matija Žužic,-3.0820267333099314,-2.4161627231488163,-0.6658640101611151,-1.913386232181526,-0.10819202928261709,-0.3945844616846731,-0.6057955292791115,0.02061358066932538,-0.08068206155132893,0.0,-0.5628449718492937,3.993157551423225,2140.32369336974
Melvin Bell Jr.,-3.082121549010836,-2.0177612010372075,-1.064360347973628,-1.9371402263771116,0.08775644842211544,-0.16837742308221115,-0.8740640226946261,-0.08196702236545614,-0.10832930291354591,0.0,-0.27091729993909774,3.86704662692378,3252.5750705811397
Elijah Saunders,-3.082913690762541,-2.518180077937503,-0.5647336128250379,-1.8845035031051367,-0.16679064590982323,-0.4668859289225433,-0.3421088969918144,-0.11176030157409328,-0.11086441425913021,0.0,-0.85630129066559,3.776926662156188,5142.188908928651
Atin Wright,-3.083581204278638,-2.476744168884374,-0.606837035394264,-1.801957666114433,-0.08988413474287577,-0.5849023680270654,-0.5625750700370181,0.034294912033395464,-0.07855687739064131,0.0,-0.7190484681271869,3.8040157793267664,4391.128862822949
Raekwon Horton,-3.084624124814233,-2.4235145315601283,-0.6611095932541048,-1.687366839716422,-0.1866031866973425,-0.5495445051463634,-0.7765501703772624,0.21089955278042913,-0.09545897565727156,0.0,-0.6207071147205484,3.851975600566419,3461.0980351286576
Lu'Cye Patterson,-3.08473479297508,-2.2837351084634006,-0.8009996845116792,-1.8099950829108382,-0.068431232813247,-0.4053087927393154,-0.5707396199710164,-0.1331536315217691,-0.09710643301889377,0.0,-0.7040000900932253,3.8207914757846306,4026.3333564999025
Seneca Willoughby,-3.0849396940139187,-2.3386280294764177,-0.746311664537501,-1.7232875055759649,-0.009005242738265085,-0.606335281162188,-0.4934761099684639,-0.15654041121429882,-0.09629514335473822,0.0,-0.8681760784694902,3.798999487747415,4522.2324261386575
Ebrima Dibba,-3.084971495787627,-2.587808195366883,-0.4971633004207439,-1.7903057818591233,-0.15010297318487473,-0.6473994403228851,-0.42903830921912767,0.03602256121347577,-0.10414755241509206,0.0,-0.8656274047093762,4.016526850142495,2020.1719220727186
Jae Slack,-3.085175318724995,-2.207332899412817,-0.8778424193121775,-1.7689726332468305,-0.15276654533916467,-0.28559372082682216,-0.8022999922731706,0.011921016778255855,-0.08746344381726279,0.0,-0.5139026932049937,3.9649151531884623,2330.0358198362783
Jordan Johnson,-3.085831117870846,-2.5415676770335947,-0.5442634408372518,-2.055598780239963,-0.22111122887107268,-0.2648576679225586,-0.5017174682786569,0.05098667104695431,-0.0935326436055491,0.0,-0.5285148693522261,3.861681130458378,3340.8165688275103
Myles Stute,-3.0862547126866318,-2.4555813531893174,-0.6306733594973144,-1.8396151953156927,-0.14001033249874087,-0.47595582537488357,-0.40674075880927824,-0.12912652333246488,-0.09480607735557121,0.0,-0.8398987585616605,3.8109768271018476,4216.519878281655
Josh Reaves,-3.0874447780180945,-2.516903291269591,-0.5705414867485038,-1.7886120758681172,-0.2173265882959662,-0.5109646271055076,-0.5119283580803942,0.01856856416256486,-0.07718169283067451,0.0,-0.7869043440695835,3.9466218666664576,2456.0340584254195
Bryan Ndjonga,-3.087640863984072,-2.389855316246672,-0.6977855477374,-1.7956989211578036,-0.15486310351061736,-0.43929329157825076,-0.42380370570257914,-0.18987368720445022,-0.08410815483037065,0.0,-0.868138237123689,3.805033947739021,4350.786678659458
Austin Patterson,-3.0879283026008766,-2.351207313003931,-0.7367209895969459,-1.78467965777038,-0.1900776316716791,-0.3764500235618719,-0.5481117932837641,-0.09656286897819749,-0.09204632733498423,0.0,-0.7551368515467326,3.864027730253973,3304.3954703726267
Brody Peebles,-3.0881241752488906,-2.4609419695061945,-0.6271822057426963,-1.8134755818375918,-0.11187677587415278,-0.5355896117944496,-0.4977211133290906,-0.04817690961674029,-0.0812841827968655,0.0,-0.7769274800822081,3.9529272799599244,2414.3697467850598
Touko Tainamo,-3.0882813730789347,-2.363537673116662,-0.7247436999622726,-1.8084819932497989,-0.15811481889947626,-0.39694086096738657,-0.41645968055286076,-0.2086857469457231,-0.0995982724636888,0.0,-0.8633396992762747,3.8868565095668375,3018.0554123261754
Braeden Shrewsberry,-3.088533333920261,-2.1989852325271735,-0.8895481013930876,-1.6856868195988746,-0.06774646706673536,-0.44555194586156366,-0.8016936750750874,0.007781577869899914,-0.09563600418790019,0.0,-0.6011528392462994,3.761641772521787,5682.727081268793
Adrien Stevens,-3.0885794396800694,-2.665718861354321,-0.42286057832574847,-1.6544880357198581,-0.27312418252225157,-0.7381066431122113,-0.4980529643121842,0.16902973628473905,-0.09383735029830333,0.0,-0.9360384396480271,3.9338770739823796,2558.875466034634
Kaleb Scott,-3.0886570518729686,-2.5852637273168932,-0.5033933245560753,-2.0879642329836625,-0.12270591450707785,-0.3745935798261528,-0.41911541500324234,0.01410903622727186,-0.09838694578010487,0.0,-0.5815774038860637,3.94314409845906,2473.52393000752
Jaiden Lawrence,-3.0904808537094506,-2.6580861930815507,-0.4323946606279,-1.7343063015591382,-0.16799696627044133,-0.7557829252519713,-0.42766771519398805,0.08141817608954863,-0.08614512152346052,0.0,-0.9285068369563246,3.9220182873551126,2645.379709021521
Kosy Akametu,-3.09060904890275,-2.3361518897369415,-0.7544571591658085,-1.85145549035486,-0.12713839372747177,-0.35755800565461004,-0.5743330258437436,-0.1011946867903232,-0.07892944653174172,0.0,-0.6648205327041468,3.9372896211317983,2532.5123089050844
Kyle Layton,-3.090890421464702,-2.7394946965453766,-0.3513957249193257,-1.9479864227628356,-0.1144584641119735,-0.6770498096705675,-0.04601438608696112,-0.19886305440049468,-0.10651828443186986,0.0,-1.0968896126149055,3.9630866942401664,2331.613114315623
Rihards Vavers,-3.0913998931027753,-2.21131650751781,-0.8800833855849652,-1.6710369878367628,-0.023080377483513048,-0.5171991421975339,-0.6105781726195756,-0.17545002396608556,-0.09405518899930408,0.0,-0.8097847326464367,3.8720504831154834,3200.292365328676
Collin Parker,-3.0916563035812485,-2.3226271580127227,-0.7690291455685256,-1.6613591703735964,-0.04531063082041231,-0.6159573568187142,-0.5459997142887523,-0.13265344006216856,-0.09037599121760473,0.0,-0.8842974189188999,3.914578650833587,2746.636920559244
Cyril Martynov,-3.0916960952239445,-2.6688817060631136,-0.42281438916083103,-1.899606359025997,-0.06840789490682161,-0.7008674521302949,-0.10694886059152237,-0.20474738085840344,-0.11111814771090525,0.0,-1.0851408756064254,3.8804863655346264,3074.3715258470966
Bostyn Holt,-3.091905990966238,-2.6181174998590793,-0.47378849110715876,-1.7658616458940553,-0.34111081005155863,-0.511145043913465,-0.173188436069652,-0.20362175052427284,-0.09697830451323391,0.0,-1.1528559090025305,4.004046639019902,2069.9117378982082
Connor Hollenbeck,-3.0920786229565724,-2.3612763998365534,-0.7308022231200189,-1.8207472113802885,-0.15127338805702117,-0.3892558003992438,-0.5591002590996977,-0.06535814183187687,-0.10634382218844428,0.0,-0.7122311524765861,3.80943328085046,4289.944730020181
Tyrese Samuel,-3.0926216902597545,-2.469017859678514,-0.6236038305812402,-1.8193054233158028,-0.2086899843289551,-0.44102245203375656,-0.5098590507492353,-0.013112630719503054,-0.1006321491125018,0.0,-0.7634572161947166,4.009098599645569,2055.39476902389
Zyier Beverly,-3.0928135009083966,-2.974325439714091,-0.11848806119430565,-1.9476211600052244,-0.4278803885682369,-0.5988238911406297,0.16873199668103145,-0.16338127066960723,-0.12383878720572987,0.0,-1.3139243375842036,4.0102529387227115,2037.5792765109293
Tycen McDaniels,-3.09347777849296,-2.751068880256395,-0.3424088982365649,-2.001771408870431,-0.3925243418068468,-0.35677312957911705,-0.3973755918886778,0.17883583731027905,-0.12386914365816613,0.0,-0.694330777733851,3.8928046952755646,2937.5761137347977
Marcus Fitzgerald Jr.,-3.0940673233831273,-2.5595241262573185,-0.5345431971258088,-1.8330073012062684,-0.1571411937890242,-0.569375631262026,-0.38489985243098646,-0.05683456514989184,-0.09280877954493044,0.0,-0.8761601697458723,3.860517336482199,3355.7318501894397
Josiah Shackelford,-3.0941890190195647,-2.321629698467595,-0.7725593205519694,-1.7444840456279722,-0.02286939978046648,-0.5542762530591563,-0.7809179515392797,0.0788190998109706,-0.07046046882366025,0.0,-0.5687870218523126,3.9624353138267363,2349.4966993151493
Danny Carbuccia,-3.0945340596678195,-2.3027627286672367,-0.791771331000583,-1.6203841030283554,-0.2008678779797037,-0.4815107476591776,-0.6265075544314838,-0.08075437176196593,-0.08450940480713327,0.0,-0.8476424022079805,3.905013606809677,2828.6569255919567
Rob Brown III,-3.0953276725148466,-2.5622508487760953,-0.5330768237387511,-1.9439602313857434,-0.15201983644882744,-0.46627078094152474,-0.33885452047731823,-0.09661191794672878,-0.09761038531470408,0.0,-0.812512920651785,3.750068728831245,6176.714343567756
Cobi Campbell,-3.097152318736335,-2.7785027528203146,-0.3186495659160204,-1.7658887422681757,-0.23556023812213153,-0.7770537724300075,-0.13237417341601426,-0.07847809168185506,-0.10779730081815107,0.0,-1.198889403052145,3.918002293095343,2699.329097231116
Myles Foster,-3.0972621290399927,-2.4975318278942034,-0.5997303011457892,-2.0875759801285145,-0.20023569439310113,-0.20972015337258787,-0.5671367953679262,0.07987105437349232,-0.11246456015135531,0.0,-0.44254935354355196,3.9747403547324245,2252.0854928638273
Josh Bascoe,-3.09766807289752,-2.5787111544132966,-0.5189569184842235,-1.653488553557868,-0.3272880959165937,-0.5979345049388348,-0.3219873788076163,-0.09711370675141105,-0.09985583292519619,0.0,-1.1221921405320356,3.8791543446859382,3112.229600823757
Emmanuel Okorafor,-3.097778899728907,-2.727958123601782,-0.3698207761271249,-1.9744573854866756,-0.31336710012748514,-0.4401336379876208,-0.22462436135498298,-0.05655864595645656,-0.08863776881568534,0.0,-0.8986971528872478,3.9481371778004513,2442.3420411185107
Grant Slatten,-3.098003505780201,-2.3315697026086664,-0.7664338031715345,-1.6900343126280781,-0.18899010287167842,-0.4525452871089098,-0.40717498311328154,-0.24168666264689995,-0.11757215741135313,0.0,-1.0007942100388414,3.9959334729362546,2116.698279791398
Davian Williams,-3.098476783931917,-2.442015123868682,-0.6564616600632349,-1.6902427751095987,-0.24254479458810496,-0.5092275541709783,-0.5208411039886532,-0.015533957698633874,-0.12008659837594779,0.0,-0.887392904833665,3.8329260541464953,3775.0354744929678
Sebastian Mack,-3.099024700421702,-2.424786920293469,-0.6742377801282331,-1.7199735596142627,-0.15933573748442698,-0.5454776231947793,-0.556029609067434,-0.026522425057540613,-0.0916857460032584,0.0,-0.8230215317400054,3.8793531156167833,3115.937287158153
Juan Cranford Jr.,-3.099052688927985,-2.1916660755283353,-0.9073866133996497,-1.7808524430873216,-0.07407710045820161,-0.33673653198281195,-0.7614669747650687,-0.06334613382485055,-0.08257350480973032,0.0,-0.5567332710755944,3.819287917282481,4069.2538951275474
Ansley Almonor,-3.0990534997836297,-2.3926699430898406,-0.7063835566937892,-1.7605617005159038,-0.13398792389330205,-0.49812031868063467,-0.46852839631007415,-0.1421728498045723,-0.09568231057914278,0.0,-0.8699634029576518,3.8838463056172348,3055.0178316528836
Elijah Stephens,-3.0993901344358044,-2.701959482683513,-0.3974306517522912,-1.7113501016502162,-0.274087298253244,-0.7165220827800531,-0.33785268563509774,0.03283100249907071,-0.09240896861626419,0.0,-1.0501873471504908,3.8317953772675524,3803.7010297085662
Dallas Hobbs,-3.100207263809908,-2.502233211466888,-0.5979740523430198,-1.8191036667914233,-0.25432160666480225,-0.42880793801066247,-0.47068748010714134,-0.031196122550381303,-0.09609044968549721,0.0,-0.8104161169113432,3.910259547730315,2776.0013256948205
Tyem Freeman,-3.100396063054297,-2.339708260863792,-0.7606878021905048,-1.815759676795817,-0.13775991390051265,-0.38618867016746194,-0.6013899830142521,-0.07148596299350937,-0.08781185618274331,0.0,-0.6832464032442274,3.9565515372077438,2383.1152292693478
Jacen Holloway,-3.10064233251284,-2.6205121444511965,-0.4801301880616433,-1.8257851670423721,-0.09011143644268144,-0.704615540966143,-0.2595374318907738,-0.10547183199632557,-0.11512092417454399,0.0,-1.015319733579694,3.874470707037611,3156.059628759453
Siem Uijtendaal,-3.1010175284092347,-2.490056754129928,-0.610960774279307,-1.967206809161489,-0.17744347467933066,-0.3454064702891081,-0.42602104961949677,-0.10825147712001212,-0.07668824753979807,0.0,-0.707789669628249,3.975506835611519,2258.9437331294585
Sebastian Rancik,-3.1011601554304615,-2.6148521550971,-0.4863080003333613,-1.725990863003458,-0.25467586906970785,-0.6341854230239341,-0.37743837597511204,-0.03718424185510441,-0.07168538250314485,0.0,-0.9977309164518912,3.8422860974549695,3632.7296777769056
Luke Hunger,-3.1014500806355176,-2.376483920923397,-0.7249661597121204,-1.7784932481992275,-0.1646115586681987,-0.4333791140559707,-0.6889644041030404,0.03510856776890217,-0.07111032337798223,0.0,-0.6339924283332494,3.8919382224274135,2958.8137686432046
Jason Roche,-3.101529147465503,-2.398698486741562,-0.702830660723941,-1.8062159501693167,-0.026062500549065087,-0.5664200360231806,-0.4537027724171009,-0.1593421258385478,-0.08978576246829224,0.0,-0.8416104248790858,3.939618567603005,2514.8868455060306
C.J. Wilcher,-3.1015531447910663,-2.4857846338948493,-0.6157685108962168,-1.9123317147066237,-0.2411703103805441,-0.3322826088076815,-0.47470323320512986,-0.04702061591354292,-0.09404466177754402,0.0,-0.7145181968793125,3.959228899442658,2371.8912606995655
Jared Garcia,-3.1017928878514955,-2.6477154904941678,-0.4540773973573279,-1.9056597854193176,-0.16856419387986854,-0.5734915111949814,-0.19822588086840615,-0.13902291273348422,-0.11682860375543755,0.0,-0.9979072215637718,3.9798994573112254,2228.9425507824617
Jake Johnson,-3.101933534175461,-2.1224474650544596,-0.9794860691210017,-1.5344420652486703,-0.057753560176649385,-0.5302518396291398,-0.7797245792690073,-0.12105404988140012,-0.07870743997059429,0.0,-0.7877668896577835,3.925540287845463,2619.803699152877
Tom House,-3.1020517253152033,-2.6145206178315124,-0.4875311074836911,-1.8598002008481722,-0.09312572579002848,-0.6615946911933118,-0.4066246466256697,-0.008071678324371043,-0.0728347825336503,0.0,-0.8356268778413617,3.8350881318035137,3770.2024379752775
Julian Roper II,-3.1020768189945582,-2.594108686381622,-0.5079681326129362,-1.8678258878326282,-0.16755269392217112,-0.5587301046268232,-0.47783608016588347,0.045860956826885915,-0.07599300927393861,0.0,-0.7564148509960469,3.9682290604803123,2281.280278674361
Eddie Ricks III,-3.1022012734228137,-2.387002689413433,-0.715198584009381,-1.8884139740475119,-0.17391019607019226,-0.32467851929572866,-0.33410748634039533,-0.28808533251084256,-0.09300576515814306,0.0,-0.8796798130349066,3.783844166274652,4925.07360223975
Duane Posey,-3.1027684706101066,-2.3154291844724866,-0.78733928613762,-1.9105047312774162,-0.28917915526835075,-0.11574529792671973,-0.5921254283105716,-0.10183687378410118,-0.0933769840429473,0.0,-0.6001383110221189,3.8467469388163775,3549.2301993103515
Alex Anderson,-3.1030870431846447,-2.3319825372430243,-0.7711045059416206,-1.9199070226854178,-0.03243494375326139,-0.37964057080434516,-0.41626924932502013,-0.253341195906929,-0.10149406070967144,0.0,-0.766910771174207,3.82693368592763,3907.804890224396
Langston Love,-3.103229700524136,-2.0076784060512494,-1.0955512944728865,-1.7732156094689473,-2.143510154761774e-05,-0.2344413614807545,-0.7692871204242757,-0.2439059022237935,-0.08235827182481731,0.0,-0.5607269706309129,3.9107813427535874,2769.513213168685
Tymu Chenery,-3.1033285376105146,-2.6393379958355845,-0.46399054177492993,-1.8199995812129621,-0.33622786413245986,-0.48311055049016227,-0.16693720614766377,-0.19517137209175195,-0.10188196353551421,0.0,-1.1163917502498881,3.828905293882464,3855.6806892368786
Cole Hargrove,-3.1034180184263045,-2.621240121488578,-0.4821778969377263,-1.9174111779364709,-0.22276816002306274,-0.4810607835290445,-0.21163940946279142,-0.18021942869355478,-0.0903190587813801,0.0,-0.9743674310270422,3.8774145996090548,3132.584114640714
Noah Farrakhan,-3.1036194358273295,-2.404005128432625,-0.6996143073947043,-1.743462121949293,-0.050508537733426395,-0.6100344687499057,-0.5841459100302703,-0.022340694665366055,-0.09312770269906803,0.0,-0.7760114038477662,3.869304453501205,3234.3732964720266
Kooper Jacobi,-3.103651876233188,-2.3518788528717387,-0.7517730233614494,-1.903315132801424,-0.21368759680992988,-0.2348761232603849,-0.7127422560881456,0.042630494773552755,-0.08166126204685657,0.0,-0.4875944873436186,3.78905717539031,4759.915497511843
Amar'e Marshall,-3.103706000385253,-2.5510330606440457,-0.5526729397412072,-1.8589329125284682,-0.2586195509223956,-0.43348059719318177,-0.39633382426493374,-0.04918903280656256,-0.10715008266971089,0.0,-0.8484392635918507,3.8311022935179415,3817.941705243701
Alex Huibregtse,-3.1039394438402983,-2.423776881258445,-0.6801625625818534,-1.705013252857843,-0.01775498716184909,-0.7010086412387533,-0.6626929877869072,0.06857960008845529,-0.08604917488340148,0.0,-0.7362332031955485,3.7327455446646973,7115.543698737185
Gus Yalden,-3.1051263020801407,-2.4225424160538083,-0.6825838860263327,-1.7473599587469923,-0.15478041273759913,-0.5204020445692169,-0.5383876713526802,-0.06762424651010858,-0.07657196816354397,0.0,-0.8193786719804685,3.931483501641874,2614.344652153804
Jonathan Aybar,-3.10591123882664,-2.5248383457085524,-0.5810728931180875,-1.7420546275585531,-0.37325635105107424,-0.4095273670989254,-0.632967209330625,0.14493407836552508,-0.09303976215298755,0.0,-0.7308894019374622,3.973227843226661,2261.4778057349786
Xavier Lipscomb,-3.106726482956902,-2.4705045118505713,-0.6362219711063307,-1.808162622588922,-0.2859171365563314,-0.37642475270531756,-0.2901867064487079,-0.2452746534097884,-0.10076061124783445,0.0,-1.0083771539192719,3.757476114576575,5854.852898141867
Curtis Williams Jr.,-3.107636842458211,-2.3892217640689046,-0.7184150783893064,-1.8362252222650461,0.019834644759486764,-0.5728311865633454,-0.6872720266705865,0.046034685920416166,-0.077177737639136,0.0,-0.5841395935225786,3.7857854467565915,4880.7199734946025
Trey Lewis,-3.1080037759322057,-2.3303928948320354,-0.7776108811001705,-2.002865713924718,0.004028241115275166,-0.3315554220225927,-0.5749221603568841,-0.09190694232367584,-0.11078177841961054,0.0,-0.530215901650604,3.971299466994975,2272.6970444793346
Fatt Hill,-3.1081446007638105,-2.5249878789555544,-0.5831567218082563,-1.7292607162479683,-0.19182395126057206,-0.6039032114470139,-0.27652620376574294,-0.20310612178186882,-0.10352439626064458,0.0,-1.1023576807500994,3.854383622747515,3442.2135919178695
Tyler Harris,-3.108221341220185,-2.2786955800707283,-0.8295257611494564,-1.91414513901754,-0.062089964242669646,-0.3024604768105187,-0.8395374959570611,0.08685583403050309,-0.07684409922289853,0.0,-0.35453870624558376,3.8311358109401596,3828.6280052899897
Donald Hand Jr.,-3.108280968094805,-2.2727481566511663,-0.8355328114436386,-2.0498838089420905,-0.03655228196881069,-0.18631206574026477,-0.511165380683195,-0.23035755691451518,-0.0940098738459284,0.0,-0.5472317784695191,3.786283026085934,4851.792328101746
Malek Abdelgowad,-3.1082991732620595,-2.6963044848428157,-0.4119946884192436,-1.8191263039194023,-0.37198013735456753,-0.5051980435688459,-0.34874031920668014,0.001612944528684615,-0.06486731374124807,0.0,-0.9404325501359768,3.9412743151199967,2503.5312039116307
Daniel Hankins-Sanford,-3.108353043604765,-2.2480371314988465,-0.8603159121059183,-1.9536169484729446,-0.09117012888499008,-0.20325005414091196,-0.7059948926690641,-0.08807621974324593,-0.06624479969360816,0.0,-0.4487412024627562,3.7897027427995713,4764.593183013176
Mason Lee,-3.108508126380859,-2.7797847311790793,-0.32872339520178007,-1.843462771143796,-0.20242683059343727,-0.733895129441846,-0.15183121430250307,-0.06620462223155694,-0.11068755866772004,0.0,-1.1132141409345602,3.9105989455062624,2762.541450865331
Gestin Liberis,-3.108851176816781,-2.6532530643529135,-0.4555981124638674,-1.8272383060116484,-0.3649336739894463,-0.4610810843518188,-0.5512480522773529,0.1879837015780441,-0.09233376176455863,0.0,-0.7303648185277797,3.909968910695804,2755.92854642954
PJ Carter,-3.1088907298237984,-2.307624561214565,-0.8012661686092335,-1.8529813361147522,-0.07350363893057592,-0.3811395861692368,-0.47833965933304534,-0.24263807472776344,-0.08028843454842469,0.0,-0.7775697343760009,3.9373588129546575,2534.7304675291216
Montana Wheeler,-3.1090172561372773,-2.205600602883141,-0.903416653254136,-1.8527350846047033,0.029277363296531023,-0.3821428815749688,-0.8426853438378885,0.04172045290746426,-0.10245176232371175,0.0,-0.4135968276946853,3.968451273029744,2290.0968715643394
Owen Lobsinger,-3.1091437668515565,-2.201943200800562,-0.9072005660509944,-1.9250502686039426,-0.1422558157102803,-0.13463711648633908,-0.5942017667450801,-0.20797972519468239,-0.1050190741112319,0.0,-0.5898917315025336,3.9422142325767373,2488.5367293042186
Xander Rice,-3.10951241430876,-2.439813247438292,-0.6696991668704677,-1.780866608490155,-0.11363002458444646,-0.5453166143636905,-0.4678973581490721,-0.101576098208292,-0.10022571051310371,0.0,-0.8607484476695326,3.9257951357452154,2629.017461882679
Maximus Nelson,-3.1097297581111,-2.442162664294368,-0.6675670938167316,-1.9124292348279786,0.0633764148233423,-0.5931098442897318,-0.4848766037923664,-0.09071479755506177,-0.09197569246930348,0.0,-0.7124239194907547,3.773935217720259,5253.592165335491
Shamar Wright,-3.1098725459027245,-2.6931769030229495,-0.416695642879775,-2.0410261264957588,-0.17834612979358216,-0.47380464673360867,-0.29700874338632444,-0.008124611797702519,-0.11156228769574805,0.0,-0.7718376760206414,3.990143421885938,2157.967110313991
Ty Harper,-3.1112737180878423,-2.552864582902533,-0.5584091351853095,-1.689150129498897,-0.2759470469925987,-0.5877674064110374,-0.5014534655470451,0.040849993990457925,-0.09780566362872241,0.0,-0.9206701230419005,3.7887846770248803,4778.76268135376
Spencer Johnson,-3.1116799397877806,-2.3290655813181105,-0.7826143584696703,-1.8312916407840656,-0.09190072756768973,-0.405873212966355,-0.6255606885724586,-0.080574095082163,-0.07647957481504875,0.0,-0.6548276104312565,4.004262598123426,2074.862157740584
Biggie Patterson,-3.1117049858637293,-2.369566036938785,-0.7421389489249441,-1.8424570489936751,-0.15177275561233447,-0.37533623233277535,-0.7275432269630832,0.08683269500733723,-0.10142841696919824,0.0,-0.5417047099069708,3.933100374081807,2559.1662136819205
Ivan Juric,-3.1117281330339757,-2.363867240504443,-0.7478608925295327,-1.6021587519111031,-0.16361594683342473,-0.5980925417599149,-0.7238995888551933,0.05204977442362754,-0.07601107809796687,0.0,-0.785669792267679,3.956874471067453,2376.4525213708466
Masiah Gilyard,-3.1118125984025786,-2.132742205628217,-0.9790703927743618,-1.8590017038441915,-0.17681028697450937,-0.09693021480951614,-0.8109329598178379,-0.06829106429072915,-0.09984636866579473,0.0,-0.4418779347405494,3.862189161694344,3313.967472336757
Dontae Horne,-3.1118993473841154,-2.397816925449421,-0.7140824219346946,-1.7214037127954729,-0.13808427019984695,-0.5383289424541007,-0.5740026301549056,-0.023327177443868148,-0.11675261433592085,0.0,-0.8164930044337366,3.7760913754200764,5185.181719078033
Jacob Holt,-3.112151009280468,-2.4049618589498043,-0.7071891503306638,-1.8828522906321787,-0.2696465689873434,-0.25246299933028193,-0.47961811435214763,-0.13576751118995117,-0.09180352478856485,0.0,-0.7496806042961415,3.959314857001041,2360.4352165171413
Kavion McClain,-3.112617952354012,-2.51182269091769,-0.6007952614363219,-1.7400658244700373,-0.19532128814089877,-0.5764355783067542,-0.5086131366545975,0.006123227917598145,-0.09830535269932249,0.0,-0.8639389912293773,3.815261152750069,4138.840556509702
Jake Davis,-3.113378561875142,-2.7231224161281555,-0.39025614574698664,-2.014681386741523,-0.2063391344641686,-0.5021018949224637,-0.40514620686663183,0.12149744753143382,-0.10660738641178862,0.0,-0.693550968266987,3.9778485350886545,2237.1547412174073
Raymond Espinal-Guzman,-3.114210733979468,-2.761633417904181,-0.3525773160752871,-2.0513418866628674,-0.4264246335319731,-0.2838668977093405,-0.034777507356521464,-0.22018244638765094,-0.09761736233111465,0.0,-1.0280913399600793,3.876616977800791,3126.89628245484
Kilian Brockhoff,-3.115073897750822,-2.471516615584311,-0.6435572821665112,-1.7285973592611394,-0.09300714074188696,-0.6499121155812846,-0.5919044607868346,0.042050625807920045,-0.09370344718759671,0.0,-0.7945720777028482,3.9306867418075497,2596.0995399493463
Jalen Smith,-3.1151340973037236,-2.346706151755492,-0.7684279455482318,-1.8635327976876024,-0.16781742257078963,-0.31535593149709984,-0.6057344975483354,-0.05932419244473655,-0.10336925555515986,0.0,-0.6458668020677859,3.794844246003506,4607.377929609445
Devin Dinkins,-3.1155145912550957,-2.198836435643778,-0.9166781556113175,-1.7746876080988634,-0.09957049450328964,-0.32457833304162514,-0.6478507061596765,-0.1558790810056502,-0.11294836844599072,0.0,-0.6929762769965557,3.775263919167973,5187.122317055571
RJ Johnson,-3.115633879003224,-2.4280261800825063,-0.6876076989207174,-1.8895036234399452,-0.10615511684220356,-0.43236743980035747,-0.5774466594875695,-0.0031391567405589793,-0.10702188269258897,0.0,-0.6486835960757089,3.764988137627363,5565.2662865787515
Ty Owens,-3.115873727812556,-2.549464041152473,-0.5664096866600833,-1.8088229898718158,-0.22708037775668097,-0.5135606735239759,-0.4625119478399451,-0.01615547756078982,-0.08774226125934836,0.0,-0.8445387901007951,3.9808652724070184,2219.665315479354
Jamison Guerra,-3.1162141823765417,-2.389730549712734,-0.7264836326638078,-1.671722052988766,-0.054188209683037586,-0.6638202870409305,-0.5015105641867912,-0.1510071722303697,-0.07396589624664693,0.0,-0.9429815652009848,3.9620978901549413,2357.348816041973
Savion Lewis,-3.1162674323262713,-2.530978105576621,-0.5852893267496503,-1.5907683219517696,-0.17577552082723052,-0.764434262797621,-0.533191992272172,0.04374931776049472,-0.09584665223797306,0.0,-0.9923071181023299,3.8822926239673277,3069.541998931771
Trevon Blassingame,-3.116861511240207,-2.6382305655642067,-0.4786309456760006,-1.980347041802973,-0.14496825185583276,-0.5129152719054008,-0.44176895517880893,0.04513730538852881,-0.0819992958857205,0.0,-0.6947455142584252,3.918174536683506,2678.626086225512
Hunter-Jack Madden,-3.116928652163476,-2.4844922530330464,-0.6324363991304293,-2.00729900540813,-0.043769466417760194,-0.43342378120715624,-0.7061447277566372,0.16738621299515308,-0.09367788436894521,0.0,-0.40348491899870853,3.859721983334254,3366.8131484156797
TJ Biel,-3.1180909013049676,-2.703360412663148,-0.4147304886418196,-1.8951903159032346,-0.17144474334298565,-0.6367253534169277,-0.17048005394722177,-0.14789930159886155,-0.09635113309573626,0.0,-1.0524205314545112,3.8230957143791824,3980.766052822535
Gerard O'Keefe,-3.1190207132159706,-2.2594611018469877,-0.8595596113689827,-1.7132457312766909,-0.1338924465961935,-0.4123229239741031,-0.5001538862167338,-0.2601655157762682,-0.09924020937598076,0.0,-0.9056210957225455,3.9519176980547317,2414.8434809724295
Braelon Bush,-3.1192080740552166,-2.4947552191713354,-0.6244528548838811,-1.8190688351912405,-0.08589631387007501,-0.5897900701100199,-0.4120446784844075,-0.08383495847574637,-0.12857321792372725,0.0,-0.8880945603795686,3.790962141392995,4750.6859722035315
Dillon Bailey,-3.1193369209162256,-2.113816629866283,-1.0055202910499428,-1.6905920268459809,-0.04060924658625881,-0.3826153564340432,-0.707153582186032,-0.2137048589976198,-0.084661849866291,0.0,-0.7215913118842128,3.907222439359443,2805.5823913711984
Houran Dan,-3.1195554879368452,-2.654222361463506,-0.46533312647333896,-1.9114731166672696,-0.38205618244429107,-0.3606930623519453,-0.4138714030428083,0.024963965182108,-0.07642568861263871,0.0,-0.7942109682267671,3.98860621074594,2166.158838792975
Cade Norris,-3.119951998688438,-2.277040945221964,-0.8429110534664737,-1.918371106975285,-0.04833900808183081,-0.3103308301648482,-0.5798182019083596,-0.19657522404982322,-0.0665176275082908,0.0,-0.621762689804793,3.871487496859336,3205.196170385644
Corey Floyd Jr.,-3.1202845508331873,-2.4021751111666947,-0.7181094396664927,-1.7261352755492527,-0.17778445204941484,-0.4982553835680269,-0.40716828993473364,-0.22881539411601554,-0.0821257556157435,0.0,-0.9869809853492009,3.7987259148248977,4512.9271762941735
Bryce Roberts,-3.120657533512061,-2.511740736715158,-0.6089167967969034,-1.9002431260163266,-0.11134970004088565,-0.5001479106579454,-0.4057726227520243,-0.1193233430831734,-0.08382083096170567,0.0,-0.8146417847437101,3.9520915712180438,2421.1728056160646
Avery Brown,-3.1213098037445848,-2.547531632858764,-0.5737781708858211,-1.9878079881758857,-0.03796825187307665,-0.5217553928098015,-0.46751866656017965,0.0030869607190141535,-0.1093464650446556,0.0,-0.6659831490085196,3.8693823018656914,3221.120092788041
Noah Taitz,-3.1216829162946444,-2.5193482153000666,-0.6023347009945781,-1.936755857843001,-0.22075192910973707,-0.36184042834732844,-0.5075717668509911,-0.023264101680309866,-0.0714988324632771,0.0,-0.6773552916006524,3.966740105813814,2321.912736272965
Kam Sanders,-3.121948206218754,-2.5698607470398773,-0.5520874591788765,-1.861448837315172,-0.04446327412260412,-0.6639486356021013,-0.38904128686743833,-0.06390331390301307,-0.09914285840842513,0.0,-0.8714580820361435,3.9022891984716517,2845.65430626247
Arterio Morris,-3.122667646259958,-2.0933954013385114,-1.0292722449214464,-1.91222210368391,-0.06684700399886584,-0.11432629365573582,-0.7841959493432362,-0.14908810470858114,-0.09598819086962912,0.0,-0.4262495932328119,3.898724575725405,2903.2241883644047
Xavier Booker,-3.1237010175523605,-2.428963009891341,-0.6947380076610195,-2.0629935549289566,-0.11181160214206506,-0.25415785282031933,-0.4579492994616971,-0.1419272871973051,-0.09486142100201722,0.0,-0.6027581631617067,3.883466090784735,3064.9433091079222
Sean Hansen,-3.124168886966069,-2.7891725031961956,-0.3349963837698734,-1.756247703033421,-0.3075040050047534,-0.7254207951580213,-0.3795149466526382,0.14242383655578772,-0.09790527367302292,0.0,-0.9884062372800099,3.933014107396865,2561.599608102236
Myles Colvin,-3.1242473500130803,-2.7015442659779394,-0.4227030840351409,-1.683493082354028,-0.34622262598132847,-0.671828557642583,-0.4434178783101333,0.1315805487996108,-0.11086575452461844,0.0,-0.9973363893489191,3.8053827499340613,4358.032151909407
Kyric Davis,-3.1243311879222952,-2.6030694111732897,-0.5212617767490058,-2.1408263005781105,-0.15799164745022537,-0.30425146314495394,-0.5296711163119286,0.12647146893896513,-0.11806212937604216,0.0,-0.45383377103225636,3.859523407729036,3357.2376323060516
Mekhi Gray,-3.1246309511899297,-2.712819158971103,-0.41181179221882686,-1.9504632921172813,-0.24103325469810244,-0.521322612155719,-0.3300086070723241,0.02729834087216683,-0.10910152601866957,0.0,-0.8441590520003242,3.810170902419515,4253.697253794909
Floyd Rideau Jr.,-3.1251646710434,-2.3843574497244413,-0.7408072213189586,-1.6885339650149969,-0.22508913969371114,-0.4707343450157333,-0.7770471851747957,0.15698739543459508,-0.12074743157875802,0.0,-0.6595835208536074,4.00313018772631,2077.9837181810963
Trent Johnson,-3.1253805970214716,-2.4543384704535685,-0.6710421265679032,-1.7991257332070143,-0.19679480861935733,-0.458417928627197,-0.5722127445248101,-0.030533778330516938,-0.0682956037125762,0.0,-0.7540421192896476,3.79039300294203,4747.120899656278
Davante Hackett,-3.1256436473560196,-2.347107071031691,-0.7785365763243285,-1.9020647686220336,-0.11840176089699041,-0.32664054151266686,-0.43353887430750077,-0.22636073700296763,-0.1186369650138601,0.0,-0.790040004426485,3.931997810507342,2582.94144025359
Jacobe Coleman,-3.126102606111827,-2.5076844606372117,-0.6184181454746149,-2.0203354543408625,-0.2688626591978385,-0.21848634709851059,-0.44252795936772454,-0.06862250110582824,-0.10726768500106208,0.0,-0.6632391924032395,3.9635019607178985,2324.51238523518
Davonte Gaines,-3.126756091881794,-2.592026842113024,-0.5347292497687699,-1.7717532638806,-0.2992578285559445,-0.5210157496764793,-0.4759164413116766,0.023524083050528388,-0.08233689150762172,0.0,-0.8790863866895171,3.9728317784497853,2264.3017467385125
Yann Farell,-3.1273152739531223,-2.043474927724744,-1.0838403462283783,-1.8187177959576406,0.05399350297970068,-0.2787506347468043,-0.7566465453881954,-0.2082906679628502,-0.11890313287733276,0.0,-0.5519509326072866,3.7617882141843255,5685.652283356946
Blake Lampman,-3.127365863883858,-2.334769356431326,-0.792596507452532,-1.9713959349705266,0.013261479478283378,-0.3766349009390825,-0.7163065848989356,0.01615533387506224,-0.0924452564286585,0.0,-0.43966334401439533,3.9756303222406606,2270.3476624112177
Jaron Rillie,-3.128378903366594,-2.3579780141973687,-0.7704008891692253,-1.8036901528986262,-0.11393979515476446,-0.4403480661439778,-0.6160044123263495,-0.0716612349880737,-0.08273524185480224,0.0,-0.7086843381416181,3.815761249733635,4118.473919278244
Michael Eley,-3.129048009278222,-2.0422705118098445,-1.0867774974683775,-1.909534294896102,0.1362786293131834,-0.26901484622692573,-0.8885540155923886,-0.08697597885867525,-0.1112475030173136,0.0,-0.3309596987897312,3.9476061761590895,2452.41288334437
JaVaughn Hannah,-3.130214588094896,-2.1812843705603555,-0.9489302175345405,-1.8855367642365257,-0.1105072887015067,-0.18524031762232301,-0.8569592660912918,0.000621262319530011,-0.09259221376277868,0.0,-0.3877185577670783,3.866678643700019,3269.1044114393308
Andrew Alekseyenko,-3.130798820868571,-2.0271812650413232,-1.1036175558272474,-1.7764460336376908,0.05741180574705573,-0.30814703715068836,-0.9378743830702649,-0.07302188925201995,-0.09272128350496235,0.0,-0.41647840416061493,3.8929909566914764,2957.2130161146624
Cameron Wallace,-3.132662219388613,-2.0624842422338556,-1.0701779771547575,-2.071130724422818,-0.11218098096466503,0.12082746315362702,-1.055591136193804,0.08224683181445996,-0.09683367277541345,0.0,-0.005940358771991491,3.9813142002198565,2222.0392453546992
Jimel Lane,-3.1326776513189083,-2.381355869218167,-0.7513217821007412,-1.9286120733872498,-0.3978161104772874,-0.05492768535362952,-0.7349663618769552,0.08496250262165497,-0.101317922845441,0.0,-0.4690992160547029,3.935352541217862,2535.1239706123097
Arden Conyers,-3.1329708908303937,-2.540217163420666,-0.5927537274097278,-1.9226807633548255,-0.33032475430455654,-0.2872116457612841,-0.2295204175328413,-0.27938608224892525,-0.08384722762796125,0.0,-0.9807697099427272,3.9560665971633955,2374.615563616375
William Kermoury,-3.1331155002775066,-2.1903143001775254,-0.9428012000999813,-1.670989806800009,0.013746961776237299,-0.5330714551537539,-0.7467175232099954,-0.09269756111528878,-0.10338611577469707,0.0,-0.7154081702675024,3.882943407496773,3063.727169669211
Kyle Carlesimo,-3.1337581047516645,-2.4939559223464975,-0.639802182405167,-1.8860918683411576,-0.33559257348449534,-0.27227148052084416,-0.5188576523994523,-0.02973219506650574,-0.09121233493920901,0.0,-0.7288085840110542,3.8487030573146135,3548.883843219739
Augustinas Kiudulas,-3.1337895789445143,-2.5043174697174715,-0.6294721092270429,-1.8608677829184925,-0.26823112335125915,-0.37521856344771964,-0.6073336671863895,0.04514854720446637,-0.06728698924511974,0.0,-0.6655881288396321,3.8768681419811153,3140.999424574351
Tae Hardy,-3.133929597938205,-2.610759666618249,-0.5231699313199559,-1.8883362542383262,-0.27077698350176127,-0.45164642887816103,-0.7001890806968568,0.24807904872132389,-0.071059899344423,0.0,-0.5454042630030214,3.9800931529233634,2218.142418647015
Ethan Brittain-Watts,-3.1343692108486576,-2.339010000566309,-0.7953592102823489,-1.8733721598876503,-0.16959555374420382,-0.29604228693445456,-0.5986281494064027,-0.09744073170331274,-0.09929032917263336,0.0,-0.6623689015546045,3.9907454347042024,2152.4477311683813
R.J. Blakney,-3.134943225497024,-2.4140225913820834,-0.7209206341149405,-1.817267458556377,-0.2233819245024526,-0.3733732083232538,-0.4761812160794402,-0.15987655245013385,-0.08486286558536635,0.0,-0.8414945508612066,3.8657510230033814,3275.999178823385
DeAntoni Gordon,-3.135205128261255,-2.610480243212039,-0.5247248850492162,-1.8408884550317446,-0.2728184499939308,-0.49677333818636343,-0.38099294668253,-0.04295040488216403,-0.1007815334845222,0.0,-0.9133237265469806,3.8520700168180513,3471.719787935749
Garrett Johnson,-3.135379953496306,-2.1685894419517293,-0.9667905115445765,-1.814600559438042,-0.04834712569390026,-0.30564175681978667,-0.7511765232689073,-0.13245433437195475,-0.08315965390371449,0.0,-0.5696028707893561,3.9042825067221543,2856.1015454359413
Dallas Howell,-3.1369270186943656,-2.5191690701300105,-0.6177579485643553,-2.013120823900544,-0.08696484981387652,-0.4190833964155897,-0.33324878545534486,-0.16498109670169864,-0.11952806640731178,0.0,-0.7905574093384766,3.812693617620582,4187.322056364317
Rob Diaz III,-3.1370822683632715,-2.7445212245839317,-0.3925610437793399,-1.9297743226076076,-0.18354791351674674,-0.6311989884595774,-0.2898732432353268,-0.0020684038122100318,-0.10061939673180309,0.0,-0.9174347025203373,3.9813040060562246,2206.990996050195
Mark Drone,-3.137851751753488,-2.468760653661251,-0.6690910980922369,-1.7608266613075167,-0.09704626608269915,-0.6108877262710348,-0.6545224611756282,0.057531721958875376,-0.07210035887548401,0.0,-0.7225026292703427,3.8744843831218923,3170.4850919218006
Davonte Sweatman,-3.1383533065772085,-2.6184147296814437,-0.5199385768957648,-1.9706393946036342,-0.17228889795283328,-0.47548643712497607,-0.4330297348919392,0.03904234722250194,-0.1259511892263276,0.0,-0.734684177081635,3.947363735070081,2463.01000219478
Juwan Maxey,-3.138458193792972,-2.300935701013695,-0.837522492779277,-2.13907294200877,-0.08826039172179839,-0.07360236728312608,-0.6810178261806867,-0.07871493810901942,-0.07778972848957086,0.0,-0.3183674256035147,3.8946849745021215,2944.424803226869
Nate Brafford,-3.1393156023984297,-2.4054583079238148,-0.7338572944746147,-1.9900435618097603,-0.23952514244565826,-0.17588960366839612,-0.5500596681890084,-0.0907286136212935,-0.09306901266431272,0.0,-0.5992123723996605,3.8418590745794985,3631.9944629992815
Josh Corbin,-3.13962232676161,-2.3442580974438307,-0.7953642293177793,-1.9262819673550056,-0.17842260763973275,-0.23955352244909237,-0.7038622087400963,-0.012325088482333449,-0.07917693209534948,0.0,-0.509478150666508,3.900799238098685,2865.942389546588
Derrius Ward,-3.1398291858918124,-2.7950318517097843,-0.34479733418202807,-2.0889939153288077,-0.32032610517002114,-0.38571183121095554,-0.22713992847608744,-0.026138102298122225,-0.09151930340781841,0.0,-0.8236953420869173,3.8401947039164788,3658.83338311723
Corey Tripp,-3.1415964927700966,-2.524980492470583,-0.6166160002995134,-1.7877642973982422,-0.17504191915552264,-0.5621742759168185,-0.3872579918825555,-0.14035114936057214,-0.08900685905638568,0.0,-0.9665742034892989,3.837458531386724,3715.172736712686
LA Pratt,-3.141633358298036,-2.5730477031589496,-0.5685856551390861,-1.97456201987672,-0.1474419873897325,-0.45104369589249727,-0.5294385677831748,0.06647599873605994,-0.10562308609197125,0.0,-0.637632770638141,3.884205286188596,3049.0963088411786
Canin Jefferson,-3.1421735049880435,-2.47162125422235,-0.6705522507656935,-1.8526582201482904,-0.10495594828964955,-0.51400708578441,-0.5650246796879659,0.002118131783871019,-0.10764570286159858,0.0,-0.7244906051517871,3.874841620608668,3166.5464498958563
Juanse Gorosito,-3.143592890989492,-2.3215288441601643,-0.8220640468293274,-1.8632703183325834,-0.055925759599561836,-0.402332766228019,-0.6492294388963574,-0.08217932498445073,-0.09065528294851934,0.0,-0.6310931337605509,3.7661807122821895,5519.515813811622
Mwani Wilkinson,-3.1436935983889005,-2.719934701514268,-0.42375889687463264,-1.9892997950376008,-0.1998029835303505,-0.5308319229463168,-0.4160410262996509,0.09429292095555128,-0.10201079153053302,0.0,-0.738352777051649,3.932930497930808,2563.174150648734
Adante' Holiman,-3.1440608258617004,-2.313239014620377,-0.830821811241323,-1.9242938047369111,-0.23023766912404048,-0.15870754075942534,-0.7152321431803973,-0.015262005234663548,-0.1003276628262622,0.0,-0.5045348779443916,3.9694273364655492,2291.380571309765
EJ Neal Jr.,-3.1443000755478225,-2.773373377411464,-0.37092669813635853,-1.9753999809727185,-0.2801509097236841,-0.5178224867150613,-0.33056555709050056,0.06127467255820043,-0.10163581360405845,0.0,-0.8383345374846035,3.9790279486016855,2220.3690261012007
Lance Stone,-3.144664508974083,-2.178154481079072,-0.966510027895011,-1.9408339814275821,0.017344555157529584,-0.25466505480901913,-0.6721771364023106,-0.19469922746130489,-0.09963366403139556,0.0,-0.5316533911441901,4.002737893276069,2080.975010323431
Jayden Reid,-3.1448523872033776,-2.3547055881380787,-0.7901467990652988,-1.7945162833977282,0.01617459235465707,-0.5763638970950075,-0.7359459245782297,0.050195271076439646,-0.10439614556350872,0.0,-0.6143901792274195,3.77766610704174,5128.571479136739
Robert Ford III,-3.1450335341445683,-2.5129811011418175,-0.632052433002751,-1.749403433910709,-0.1368175385919616,-0.6267601286391467,-0.6353319340977432,0.0906187855487546,-0.08733928445376242,0.0,-0.7602981661361161,4.003822945607522,2074.413332129554
Mekhi Conner,-3.145838174774977,-2.3677204504734464,-0.7781177243015309,-1.8075865556529216,-0.21668870069212798,-0.3434451941283969,-0.6314891892789508,-0.055463851588210114,-0.09116468343436997,0.0,-0.706762429843105,3.791570037057647,4713.780860176635
Xavier DuSell,-3.1461251708777707,-2.3751015583290718,-0.7710236125486989,-1.6853795242669973,-0.04927098683021722,-0.6404510472318574,-0.5758450551387021,-0.10918369527422958,-0.08599486213576726,0.0,-0.8849005914720715,3.8452030806108817,3586.464539784959
Kane Milling,-3.147831282623778,-2.34270779744402,-0.8051234851797581,-1.8204693484493943,-0.12658417844218814,-0.39565427055243774,-0.7417820780328105,0.019942753222426474,-0.08328416036937404,0.0,-0.5855798561415735,3.9797919934022628,2228.893189016492
Jorn Everson,-3.147838784650733,-2.409946617338104,-0.7378921673126289,-2.000791596315227,-0.13346943377452394,-0.2756855872483527,-0.5080252944777947,-0.14866123450977456,-0.08120563832505961,0.0,-0.6390218938577108,3.9566296955022127,2387.1188438261834
Morris Ugusuk,-3.148602464231571,-2.176123482726508,-0.9724789815050628,-1.767915032153326,0.07592985520921952,-0.48413830578240197,-0.792937635200408,-0.08085984000781611,-0.09868150629683872,0.0,-0.5877497968778372,3.966964564067081,2311.2375909116477
Kahlil Singleton,-3.1490690782504465,-2.5169799105562687,-0.6320891676941777,-1.8180218954108078,-0.10572991608174409,-0.5932280990637164,-0.37519600837542044,-0.17922403980492185,-0.07766911951383534,0.0,-0.9558511744642177,3.812465438260951,4192.545579222306
JP Pegues,-3.149186227289049,-2.333737416242777,-0.8154488110462723,-1.7376017927759482,-0.10384324757084142,-0.49229237589598734,-0.6634872434460333,-0.08401195271639467,-0.06794961488384431,0.0,-0.7480971910670677,3.9353856695800546,2553.3862773052624
Omari Witherspoon,-3.149491548853078,-2.5234102713332622,-0.6260812775198158,-1.8516313862631528,-0.23384013043568974,-0.4379387546344197,-0.4471196879904142,-0.10399029676996287,-0.07497129275943874,0.0,-0.850740474599511,3.9256552032103498,2632.302019387258
Tre Dinkins,-3.1501694994937517,-2.1472883383772436,-1.002881161116508,-1.8895904875451026,-0.08119102286347207,-0.176506827968669,-0.8677377906202134,-0.047405195600637856,-0.08773817489565676,0.0,-0.39284122132843574,3.7605646703413327,5754.823496368169
Caleb Williams,-3.1503937794306647,-2.5433627171023163,-0.6070310623283484,-1.885778879170221,-0.25699547813425694,-0.40058835979783874,-0.35514285513086447,-0.1364340813136184,-0.11545412588386553,0.0,-0.9094720451295797,3.799955196236249,4500.228620866611
Marcus Tankersley,-3.151561817097964,-2.445203300857051,-0.7063585162409131,-1.964233226783461,0.05045006674076785,-0.5314201408143581,-0.55400510702897,-0.038043777706848414,-0.11430963150509468,0.0,-0.6333234832855332,3.7632272882529056,5661.641701933771
Malik Messina-Moore,-3.152070437047743,-2.39392261191142,-0.7581478251363232,-1.7558628858610992,-0.11031593708358674,-0.5277437889667342,-0.6879110515163507,0.024126291988689486,-0.09436306560866203,0.0,-0.7082964996702936,3.739510192862145,6731.898460604566
Kerwin Walton,-3.152413720750518,-2.1262035366876586,-1.0262101840628595,-1.7858704708519668,-0.01903678428142111,-0.32129628155427054,-0.8749643867553887,-0.0803368252961869,-0.07090897201128377,0.0,-0.49157886314316235,3.9215198063580656,2670.641617841712
Alejandro Vasquez,-3.1530411641940512,-2.347143839322874,-0.8058973248711776,-2.072249459111301,-0.034386390782511655,-0.24050798942906101,-0.5856461802178026,-0.11909317536638463,-0.1011579692869904,0.0,-0.4951455248649477,3.923323761078955,2663.3505170507824
Mike Nwoko,-3.153658670725621,-2.218830467871852,-0.9348282028537687,-1.892920953056147,-0.19878490866780688,-0.12712460614789794,-0.7627486393660389,-0.09507300451264607,-0.07700655897508374,0.0,-0.49798907830343464,3.870649949937253,3223.9555181349115
Ante Beljan,-3.1537053217976934,-2.6263012847684735,-0.5274040370292199,-1.7842349537554811,-0.4438193481666033,-0.39824698284638893,-0.5257161313371757,0.08071265046842771,-0.08240055616047187,0.0,-0.8437542367050364,3.9996680062557295,2108.7163043684973
Jackson Sivills,-3.1539581956011826,-2.230365085744893,-0.9235931098562898,-1.7770839454716112,-0.1857848175280704,-0.2674963227452114,-0.7049017600124001,-0.15084177662598847,-0.06784957321790133,0.0,-0.6719724901171716,3.923525489900661,2647.007977489615
Cole Farrell,-3.1544212838352474,-2.543000555594281,-0.6114207282409664,-2.079207561251414,-0.06884249210350926,-0.39495050223935796,-0.6630402568766021,0.13911643877327262,-0.0874969101376369,0.0,-0.4121734657072315,3.8401856769736833,3659.6979181506167
Bryson Tucker,-3.1547206621149497,-2.0123891573503547,-1.1423315047645948,-1.837366355218114,-0.034338578724179614,-0.14068422340806092,-0.9071062703228255,-0.1519354905933179,-0.08328974384845125,0.0,-0.41024803657400966,4.008269373506262,2057.691315625673
Stefan Todorovic,-3.1553059920376576,-2.065806455249441,-1.0894995367882165,-1.6740861818070731,-0.024015355940430777,-0.36770491750193723,-0.8604179084111983,-0.11960173581772382,-0.10947989255929443,0.0,-0.6208019018193863,3.892867728391528,2953.65049897516
Alexis Reyes,-3.155855190988026,-2.3942019658943248,-0.7616532250937011,-1.9242531211788314,-0.24088961446762525,-0.22905923024786842,-0.5317045243735012,-0.1378541764240152,-0.09209452429618467,0.0,-0.6998975454356936,3.8921179570304005,2955.431898865004
Bowen Born,-3.1566547706911816,-2.5422172494511317,-0.6144375212400501,-1.7750123779558127,-0.004271160742188446,-0.7629337107531304,-0.36804168217418515,-0.14430831484796536,-0.10208752421789952,0.0,-1.0136007105611837,3.873183109229012,3179.110151651489
Kario Oquendo,-3.1572185284233987,-2.5287657375689205,-0.6284527908544781,-1.7732050142320355,-0.2269134700959797,-0.5286472532409052,-0.5031983465514329,-0.027326364376594692,-0.0979280799264506,0.0,-0.8808151676399303,3.860660095062363,3349.755927692458
Nendah Tarke,-3.1573318141919993,-2.710480118047405,-0.44685169614459397,-1.9555688959402506,-0.08369980894184789,-0.6712114131653069,-0.39518231979702023,0.06208121165710545,-0.11375058800467919,0.0,-0.8065805984547285,3.8349828732371796,3754.8420771745837
Jared Turner,-3.1575482522228855,-2.2947650282624017,-0.8627832239604836,-1.967671649333358,0.055181331841857556,-0.38227471077090114,-0.8879672126622067,0.08940045059968507,-0.06421646189796196,0.0,-0.30190939022732044,3.8689606145676425,3246.139810723673
Wayne McKinney III,-3.158010542457098,-2.437798458726246,-0.7202120837308521,-1.8470246822669947,-0.046839700824388514,-0.5439340756348626,-0.7121793168372456,0.07930617507666057,-0.0873389419702671,0.0,-0.5988065433528577,3.8746665524803183,3168.761303577768
Kaleb Banks,-3.158513060784311,-2.6813563833336183,-0.4771566774506929,-2.007916493303992,-0.19854692358060896,-0.4748929664490172,-0.37699390583899306,-0.020541688548345406,-0.0796210830633544,0.0,-0.7736026616413259,3.839959057006158,3646.6291628066774
Elijah Fisher,-3.159177286591512,-2.717333157137161,-0.44184412945435103,-1.9943874348507808,-0.2283519210625391,-0.494593801223841,-0.3190610045671691,-0.033249355048848045,-0.08953376983833383,0.0,-0.845728847173562,3.7687140551506215,5422.8871102067715
AJ Lopez,-3.160019386601736,-2.354373397119811,-0.8056459894819251,-1.696294790719963,-0.1204793700068601,-0.537599236392988,-0.7347300644462803,0.03320067538990362,-0.10411660042554835,0.0,-0.7289945314354928,3.778570136978203,5095.141160606288
Clark Slajchert,-3.160404833573431,-2.315120405360575,-0.8452844282128558,-1.6782631347079822,-0.17504649073253406,-0.461810779920059,-0.6587035589287746,-0.08110057296982538,-0.10548029631425573,0.0,-0.8234381399366741,3.96737165417743,2307.8043878131894
Shadrak Lasu,-3.1608387386493195,-2.579016408360262,-0.5818223302890578,-2.247737153893659,-0.20091164193394748,-0.13036761253265527,-0.4428290113387778,-0.038680214328106595,-0.10031310462217345,0.0,-0.47027257341688283,3.8358388520889584,3757.042199355712
Jaylon Johnson,-3.1609998920479265,-2.233483910849076,-0.9275159811988509,-1.9021804177609625,-0.04365769260222335,-0.28764580048588984,-0.8318168680927902,-0.031394851148788455,-0.06430426195727229,0.0,-0.4270026061941739,3.7898470551855943,4755.8478903005835
Ibu Yamazaki,-3.161765673608612,-2.6582734211730212,-0.5034922524355906,-1.641579015374634,-0.2027042138069182,-0.8139901919914689,-0.23375991769598015,-0.18473315326035344,-0.08499918147925696,0.0,-1.2864267405379974,3.817217664833484,4086.9267446142503
Marcus Hall,-3.1630786225604646,-2.368251863425288,-0.7948267591351765,-1.6911351671704271,-0.10749092917328243,-0.5696257670815784,-0.5593408660885538,-0.16318457126075558,-0.07230132178586718,0.0,-0.9126025893014835,3.7617637136452546,5690.176455439896
Josh Morgan,-3.1635839953486915,-2.5804830936320435,-0.5831009017166477,-1.7497944942415997,-0.25317960423438546,-0.5775089951560584,-0.4914663349846886,0.0027500391111292682,-0.09438460584308836,0.0,-0.922323166122403,3.9671787204488833,2309.43377965104
Jacob Cofie,-3.163724094661208,-2.502277959352383,-0.6614461353088246,-1.7766142545370849,-0.19685058625971466,-0.5288131185555837,-0.532865340883207,-0.06977263686095506,-0.058808157564662546,0.0,-0.8542444992409158,3.817806111484511,4095.0130599995828
Emmett Adair,-3.1637684819630385,-2.1884737561418337,-0.9752947258212046,-1.6769659574790483,-0.03718684958985008,-0.4743209490729353,-0.8386336158681792,-0.03710520192194687,-0.09955590803107849,0.0,-0.6481689086158108,3.998699536616373,2132.2137817508765
Darryl Simmons II,-3.1637832224387843,-2.1013901006910847,-1.0623931217476996,-1.7160572828054517,-0.10633321146399502,-0.27899960642163807,-0.8929168045418757,-0.09642992485344437,-0.07304639235237956,0.0,-0.554809135091457,3.760828516729181,5729.784357486209
Adrian Myers,-3.166377249805826,-2.5488547848963923,-0.6175224649094336,-2.041124937562909,-0.1318074766838527,-0.3759223706496305,-0.25395796663908893,-0.250585225949839,-0.11297927232050578,0.0,-0.871294345603828,3.9532751555296066,2395.860090164737
Kamari Lands,-3.167606150537008,-2.5413651699647475,-0.6262409805722602,-1.7607145084892344,-0.06589620824268003,-0.7147544532328332,-0.512243528725856,-0.03445850125758307,-0.0795389505888211,0.0,-0.8946481133219174,3.7887120394681064,4790.266701226633
Dorian McMillian,-3.1676968192370576,-2.6705215072840964,-0.49717531195296116,-1.8544673627558264,-0.3485849460906534,-0.467469198437617,-0.36295559218752255,0.00045974460877062917,-0.13467946437420927,0.0,-0.950273864293709,3.807009329653935,4311.615809097709
Kamdyn Curfman,-3.1680638666735863,-2.429796821599469,-0.7382670450741176,-1.8673264297982848,-0.09165825734533511,-0.470812134455849,-0.5535750671209626,-0.08255476285524728,-0.10213721509790763,0.0,-0.7471623697543391,3.9156869444955533,2735.8678694397972
Reis Jones,-3.168749916150659,-2.571196484357931,-0.5975534317927277,-1.76856523027365,-0.21205665148007363,-0.5905746026042074,-0.24922133682241054,-0.24014061926836153,-0.10819147570195567,0.0,-1.1509633490545983,3.8873177973602475,3011.9030798126414
Anthony Roy,-3.168796945293931,-2.5527835025125567,-0.6160134427813743,-1.7289660930262003,-0.04901088416156066,-0.7748065253247957,-0.42322864854978715,-0.11510627944688553,-0.07767851478470154,0.0,-1.0166022037179434,3.8250817710219267,3935.222987079829
Zion Sensley,-3.169140927715707,-2.3303488851675542,-0.8387920425481528,-1.7512165909190893,-0.14165798444566505,-0.4374743098027999,-0.515680073285292,-0.23841134655893462,-0.0847006227039262,0.0,-0.9022442635113257,3.9166885828626525,2707.585877943373
Andre Snoddy,-3.169514411187259,-2.3450911710691567,-0.8244232401181024,-1.9657870397741957,-0.10310114419571263,-0.27620298709924823,-0.47956025146933356,-0.23743798682225017,-0.1074250018265187,0.0,-0.7241671199437297,3.831526166198651,3811.9365128235195
Jordan Johnson,-3.1696273711221887,-2.5335398870997845,-0.6360874840224041,-1.829668310951086,-0.1820051537619488,-0.5218664223867499,-0.552158791775787,0.01963724771002505,-0.10356593995664225,0.0,-0.7878002683953158,3.928967411664534,2597.1454284542824
Curtis Givens III,-3.1698510915172644,-2.3377389331689207,-0.8321121583483437,-1.7838355613438883,-0.18193796369302165,-0.3719654081320106,-0.6212260023443189,-0.1091379958885481,-0.10174816011547676,0.0,-0.7647895278290571,3.877047335670852,3134.5480817164766
Quion Burns,-3.170924320322553,-2.5549320256140233,-0.6159922947085292,-1.830729887314883,-0.1280614898046576,-0.5961406484944827,-0.5137587269530169,-0.005061633220887901,-0.0971719345346243,0.0,-0.8264357060546526,3.8994610661621505,2871.9522118337736
Comeh Emuobor,-3.17105814426793,-2.5814721705435613,-0.5895859737243686,-1.8867880755794137,-0.34792806709682766,-0.3467560278673203,-0.36732509960432635,-0.11258392277537274,-0.10967695134466947,0.0,-0.9169449690841902,3.953377490821221,2380.6068962829536
Nazir Williams,-3.171783162051727,-2.5141714135020465,-0.6576117485496805,-1.6292640336309918,-0.22106076458493068,-0.663846615286124,-0.4480586780100845,-0.10483803554845418,-0.10471503499114189,0.0,-1.0944604504106508,3.8770122742002466,3138.5593841235022
Dorion Staples,-3.173012113245854,-2.676278089702886,-0.496734023542968,-1.8703372388495807,-0.21807493492938618,-0.587865915923919,-0.3094408909368145,-0.09699304247507537,-0.09030009013107813,0.0,-0.9932339834594587,3.9659515156851763,2323.876968273213
Ryan Beasley,-3.173288306670025,-2.4143000713356817,-0.758988235334343,-1.9870723113915991,-0.08151713542389757,-0.34571062452018486,-0.6918661473881492,0.015495119619423806,-0.08261720756561765,0.0,-0.4943498478902763,3.7744478368738625,5239.982673668461
Chad Moodie,-3.173865880830419,-2.808889474642654,-0.36497640618776517,-2.146633423424331,-0.3530603493935418,-0.30919570182478084,-0.19883162021419154,-0.06306141434698263,-0.10308337162659095,0.0,-0.8284008371918963,3.864746829298319,3292.8879501734527
Bryan Greenlee,-3.1741393677294014,-2.552941969325037,-0.6211973984043645,-1.9710989553494798,-0.20935879203843183,-0.37248422193712516,-0.5421015708779496,0.010385695504728495,-0.08948152303114332,0.0,-0.6609388415019719,3.9855705235605465,2189.760484617614
Paul Djobet,-3.1752612385366423,-2.3477838455528093,-0.8274773929838329,-1.8695485502962372,-0.1159198681167107,-0.3623154271398613,-0.5250320152166982,-0.18598307634713673,-0.11646230141999801,0.0,-0.7806806730237068,3.8996093561554446,2877.1669072104823
Anthony Selden,-3.1759984162453856,-2.533100755325915,-0.6428976609194705,-1.847350188781412,-0.24147564790291498,-0.4442749186415878,-0.4285398839069655,-0.1290631845634867,-0.08529459244901823,0.0,-0.9001083435570076,3.876429618446864,3146.4577344764184
LeJuan Watts,-3.1760938904063387,-2.4544476362257863,-0.7216462541805524,-1.5454868445373244,-0.33352159234900014,-0.5754391993394616,-0.4907212433107989,-0.12640720621701684,-0.10451780465273666,0.0,-1.1398858025582153,3.7630845242534714,5641.1787623981945
JaCobi Wood,-3.1768108992773634,-2.535982405720387,-0.6408284935569768,-1.777809493364154,-0.16332951706169047,-0.5948433952945422,-0.5136500259178609,-0.03172558128288154,-0.09545288635623439,0.0,-0.8853513799953485,3.7973608269548613,4545.05527208136
Mike Loughnane,-3.177008362883143,-2.2955817947283745,-0.8814265681547683,-1.768501063852626,0.016275441524050444,-0.5433561723997989,-0.6681723759624408,-0.14993217080863436,-0.063322021383693,0.0,-0.7403349230680759,3.801534231764388,4443.382092030235
Carter Whitt,-3.1770380212740252,-2.417176387576126,-0.7598616336978994,-1.9580322950880518,-0.17782903334174302,-0.2813150591463311,-0.5685600242645814,-0.08180276078621919,-0.10949884864709886,0.0,-0.6504457019213921,3.862008056099023,3336.3571359402795
Tariq Francis,-3.177462051252005,-2.233769437376567,-0.9436926138754381,-1.682481751843126,0.02213519847565945,-0.5734228840091004,-0.775167016822582,-0.08285661126669573,-0.0856689857861603,0.0,-0.719813282586297,3.7703182409325002,5357.5859226473885
Lachlan Brewer,-3.1777857030925536,-2.265019414942901,-0.9127662881496524,-1.9134019388722403,-0.07786744709580073,-0.2737500289748602,-0.7725868380127484,-0.04639983553211433,-0.09377961460478967,0.0,-0.491796926207565,3.8079145943683184,4342.949997262798
Javon Cooley,-3.1779398597429513,-2.391497113070772,-0.7864427466721793,-1.849656678029488,-0.12305890921327776,-0.41878152582800643,-0.6959061735029906,0.0015504014056191423,-0.0920869745748079,0.0,-0.6323770082104729,3.8006516469319056,4453.2263695975735
Josiah Davis,-3.178229686594245,-2.6463373233049365,-0.5318923632893084,-1.7311195485425706,-0.20158402443133167,-0.7136337503310343,-0.4198134892605123,-0.002537390043949983,-0.10954148398484619,0.0,-1.0272966487911621,3.757577138615499,5850.823509314561
Traivar Jackson,-3.178382508665149,-2.638507021087148,-0.5398754875780011,-2.059645793027421,-0.2091871294997497,-0.36967409855997796,-0.46243162292310735,0.02453281033188051,-0.10197667498677418,0.0,-0.6563050927146213,3.91826857898809,2683.9889209643434
Malcolm Wrisby-Jefferson,-3.1785920492359727,-2.6926797481084037,-0.4859123011275692,-1.69670359949386,-0.32862886118304235,-0.6673472874315012,-0.42566299586437495,0.04542110358530212,-0.10567040884849636,0.0,-1.0562254538777378,3.9169531158847857,2703.9379901650573
Dan Gherezgher,-3.178791619175354,-1.9641493260655611,-1.2146422931097929,-1.7734783528426779,-0.057475342910165136,-0.1331956303127183,-0.9419057150978527,-0.1647430502443297,-0.10799352776761059,0.0,-0.4634075512348238,3.804343688717636,4394.630562326944
EJ Ryans,-3.1788219952203476,-2.242500091467468,-0.9363219037528795,-1.8667498519286316,-0.0375092343175083,-0.3382410052213279,-0.533429795059913,-0.30174681775013124,-0.10114529094283531,0.0,-0.7786423482318027,3.8682430221530044,3235.975546081002
Brandon Hardy,-3.17903720382484,-2.7161695123000777,-0.4628676915247621,-2.036144340534674,0.03971558432974964,-0.7197407560951533,-0.4476999818681785,0.0902284039424942,-0.10539611359907781,0.0,-0.6951928814219873,3.8607387274263405,3349.2941798136817
Isaiah Mbeng,-3.1792986230141342,-2.5834626873308872,-0.5958359356832469,-1.8859753223711342,-0.10048513086369314,-0.5970022340960599,-0.518581743403334,0.025217603516205472,-0.10247179579611838,0.0,-0.774741557239666,3.8541820201437753,3443.4250940950533
Romelle Mansel,-3.1793211473299023,-2.6379393132304494,-0.5413818340994531,-1.838052400547955,-0.23898631473473536,-0.5609005979477591,-0.42715220107326773,-0.04614041559847197,-0.06808921742771337,0.0,-0.9141165457086798,3.908673246109457,2779.9978124823456
Brian Goracke,-3.180205680954531,-2.6319254376444787,-0.5482802433100523,-1.7672576205853558,-0.14257855854308377,-0.7220892585160394,-0.3433087914853501,-0.08053324685301978,-0.12443820497168245,0.0,-1.0696392688838254,3.9998571360533597,2105.9008241904826
Dionjahe Thomas,-3.181351903707116,-2.5617900634039312,-0.6195618403031847,-1.9128868223570472,-0.433998007414626,-0.2149052336322578,-0.33409123056753454,-0.18503513976629077,-0.10043546996935941,0.0,-0.934373850782534,3.9353851160268154,2541.8716142692756
Malcolm Chimezie,-3.1818671257084628,-2.454390710309681,-0.7274764153987817,-1.815764317293697,-0.29313873249126265,-0.345487660524721,-0.5076827270060191,-0.12476847633807134,-0.09502521205469125,0.0,-0.8584200814087463,3.9427677926155855,2471.989100425052
Mekhi Cameron,-3.1831858713170287,-2.659309644398429,-0.5238762269185995,-1.9065801653974086,-0.17852105098940577,-0.5742084280116145,-0.2638405687732847,-0.17422616778946098,-0.08580949035585378,0.0,-1.012765137146335,3.9298099762944405,2596.4351710752408
Issac Williamson,-3.183299272600498,-2.74227102947512,-0.44102824312537836,-1.965108355578445,-0.06199995152498182,-0.7151627223716932,-0.23375889639636233,-0.09231456491648547,-0.11495478181253058,0.0,-0.9844320206256911,3.95690402245589,2383.3720807871905
Braden Housley,-3.183886601535381,-2.1855839797689143,-0.9983026217664664,-1.9166156250159776,-0.07557294216027961,-0.19339541259265736,-0.8905332737575842,-0.005891510060416771,-0.10187783794846546,0.0,-0.37673770276181917,3.845570995600502,3583.710724505445
Reggie Ward Jr.,-3.184026929405274,-2.8159647385060307,-0.3680621908992432,-1.914769623007314,-0.2730859098350891,-0.6281092056636275,-0.36602598503552997,0.09298125188507847,-0.09501745774879164,0.0,-0.9032313213624298,3.9801067981242215,2222.4927798054123
Jalen Terry,-3.1842486832742725,-2.365701374117333,-0.8185473091569393,-1.8377375324519345,-0.16539671544782314,-0.3625671262175756,-0.7347062631674567,0.0033395192975278903,-0.08718056528701049,0.0,-0.6118048876548813,3.8319646080684233,3804.924342196866
Zaxton King,-3.184319937640022,-2.7534902314108862,-0.43082970622913563,-1.9173950579858294,-0.18042892423361667,-0.6556662491914401,-0.4486458304626253,0.11233458439225108,-0.09451846015876145,0.0,-0.8182790491915671,3.8114168139829205,4209.81706514042
Brandyn Talbot,-3.1853243805764873,-2.445897050675122,-0.7394273299013655,-1.7594397528493095,-0.2494135294476325,-0.43704376837818,-0.4901517224252152,-0.16558742023962048,-0.08368818723652985,0.0,-0.9357329053019628,3.972397393289871,2267.2721477422965
Jaden Walker,-3.18606733773048,-2.579664719197604,-0.6064026185328761,-1.854566580552865,-0.21639323686213052,-0.5087049017826084,-0.5401254583910686,0.011600537410166062,-0.07787769755197356,0.0,-0.7913752987865464,3.9036758013426542,2834.6665974703856
Oscar Berry,-3.1862590653531067,-2.289494173908359,-0.8967648914447475,-1.8883210933191765,-0.11587586109915889,-0.28529721949002373,-0.6944208131755625,-0.10027817068146494,-0.10206590758772004,0.0,-0.6035171588583675,3.939986471081797,2499.7840027130796
Evan Johnson,-3.186484677836518,-2.518029205359699,-0.6684554724768192,-1.9368027593012458,-0.11857376669421012,-0.46265267936424287,-0.6016619995575827,0.027634927104726606,-0.09442840002396319,0.0,-0.6480199189776896,3.98089931854969,2222.743000489112
Isaiah Hill,-3.186646554394262,-2.5299759010732616,-0.6566706533210005,-1.755396898824234,-0.19756732795816745,-0.5770116742908603,-0.561679429238304,-0.005258622593442466,-0.08973260148925401,0.0,-0.8695702263317242,3.935098317899149,2545.782406282532
Ja'Juan Carr,-3.187351693931168,-2.0827785689751117,-1.1045731249560564,-1.7968874644375614,-0.0500763284909867,-0.23581477604656353,-0.8305553092583629,-0.16727133726985294,-0.10674647842784074,0.0,-0.5599089202352439,3.949647092992398,2426.5133431358845
Christian Ings,-3.188376385711326,-2.573515188219688,-0.6148611974916381,-1.5957434228995204,-0.21174596890151287,-0.7660257964186546,-0.4011309510027861,-0.10918843081492033,-0.10454181567393171,0.0,-1.1915020118090196,3.9093481351118826,2775.139675865348
Alex Crawford,-3.188466282807579,-2.667768577431367,-0.5206977053762125,-1.9699746775463782,-0.21087942146970295,-0.4869144784152856,-0.3484611314929432,-0.047657296175787414,-0.12457927770748187,0.0,-0.8700304737682579,3.843720912524408,3609.054743031611
Jaylin Jackson-Posey,-3.18894752659474,-2.535837922364317,-0.6531096042304231,-1.9986321356737329,-0.13039545728317042,-0.4068103294074136,-0.6974668676431781,0.12068198153122725,-0.07632471811847223,0.0,-0.49284852327782896,3.97654751003177,2245.425506849786
Collin Mulholland,-3.189093169706244,-2.3322449158217906,-0.8568482538844534,-1.7980595870979528,0.03367003806324262,-0.5678553667870805,-0.5010089453628495,-0.27111807512621766,-0.08472123339538626,0.0,-0.8900246372454418,4.021071157550068,2011.412118938196
Brit Harris,-3.1891093848962075,-2.3226880601717292,-0.8664213247244785,-1.8085192027685013,-0.05381016187453236,-0.46035869552869574,-0.593976944291276,-0.1464388449747639,-0.12600553545843857,0.0,-0.7866132378364306,3.8633545507261484,3315.2351721793784
Josh Pierre-Louis,-3.1891438156453153,-2.376389580386637,-0.8127542352586784,-1.6872809072708976,-0.29361936697769836,-0.39548930613804134,-0.5979124162709923,-0.12564526203521656,-0.08919655695246949,0.0,-0.9039504921034257,4.011266930079712,2040.0901127092316
Kam Burton,-3.1891642989740734,-2.2947797560099112,-0.8943845429641623,-1.8936879897324912,0.038200707753003965,-0.4392924740304242,-0.5983506642396162,-0.19430553256755229,-0.10172834615699367,0.0,-0.6971256450019662,3.8692605456870393,3242.377037720002
Reese Miller,-3.1897261402474526,-2.543457235645454,-0.6462689046019986,-1.6918914191921177,-0.1262576036590034,-0.7253082127943329,-0.5541404228001559,-0.013634400084728923,-0.07849408171711383,0.0,-0.943694298255179,3.945448182284445,2472.8118452347558
Andre Curbelo,-3.1899551674961035,-2.6146604375218887,-0.5752947299742149,-1.8078814027781314,-0.2413282601804964,-0.5654507745632608,-0.6203557240197703,0.13395722132534785,-0.08889622727979239,0.0,-0.7617180406982017,3.9959725789076486,2131.515368519362
Dexter Akanno,-3.1901817141535513,-2.5779969851618683,-0.6121847289916833,-1.9186340571098968,-0.29927536265591775,-0.3600875653960537,-0.5655488855867187,0.051394872033698025,-0.09803071543866265,0.0,-0.705998771456936,3.8555095246596234,3424.2503619807985
Roger McFarlane,-3.1903715122369336,-2.594565952871812,-0.5958055593651217,-1.976980176012056,-0.15779028681477397,-0.4597954900449823,-0.5015321990941187,-0.011152869617285066,-0.08312049065371802,0.0,-0.7118591371307594,3.841074659508433,3646.1128503520395
Eze Wali,-3.1908395133408227,-2.749268237560511,-0.44157127578031186,-2.157123598296893,-0.020256051940083675,-0.5718885873235345,-0.40823298617063497,0.04644316128913076,-0.0797814508988076,0.0,-0.6254829288732952,3.8885802886752585,2982.724891305542
Wilhelm Breidenbach,-3.1909897146705277,-2.7138770659810043,-0.4771126486895234,-1.925875234261777,-0.3339412239985542,-0.45406060772067297,-0.5699644911491133,0.1589536238378477,-0.06610178137825783,0.0,-0.6951499892596373,3.8928885979572008,2954.5262997374957
Ashton Hardaway,-3.191318926131125,-2.7631687604152875,-0.42815016571583764,-1.9317000200703343,-0.29973952930103664,-0.5317292110439165,-0.2005222768868935,-0.11386475933774279,-0.11376312949120138,0.0,-1.0590966291738972,3.9736809472021,2257.2630551019593
Caleb Fields,-3.191537227730453,-2.2796587333460603,-0.9118784943843927,-1.7380685544673493,-0.1915496813557324,-0.3500404975229785,-0.684635192603916,-0.13871421611947796,-0.08852908566099876,0.0,-0.7688334806591877,3.9318282189004727,2578.897304573011
Trent Middleton Jr.,-3.1924920377922437,-2.4681035265526643,-0.7243885112395795,-1.7917913546623787,-0.23692807690040868,-0.439384094989877,-0.540379876775892,-0.09597067547091968,-0.08803795899276778,0.0,-0.8603208063539731,3.8082258452275433,4292.155625156551
Jalen Blackmon,-3.193950007382127,-2.0923384894996944,-1.1016115178824326,-1.6939413449893843,-0.050969859300570325,-0.3474272852097399,-0.7799223672900659,-0.2336641307993727,-0.08802501979299385,0.0,-0.7200862951026769,3.9236663341044546,2648.0140382188174
Cbo Newton,-3.1940517916100033,-2.337764399769577,-0.8562873918404261,-1.7218855465601446,-0.052538743160210205,-0.5633401100492222,-0.8409348974058224,0.06980451434926799,-0.0851570087838718,0.0,-0.6312313476440363,3.857998127037335,3376.458423950452
Brandon Benjamin,-3.1947611559781457,-2.4167253567044593,-0.7780357992736862,-1.903902026442844,-0.06917626679588938,-0.44364706346572613,-0.44058081996348536,-0.25396148732271995,-0.08349349198748077,0.0,-0.8502783095718163,3.89487808786491,2923.794423559733
Jailen Bedford,-3.195222028921541,-2.139519686786307,-1.055702342135234,-1.8118466325894451,-0.03314798429457988,-0.2945250699022818,-0.8185753252404426,-0.13490156323133226,-0.10222545366345924,0.0,-0.5648000710916532,3.787931149236428,4800.744170896819
Rickey Ballard,-3.195338144586983,-2.7871987259945215,-0.40813941859246144,-1.8306645321992747,-0.2340826492760718,-0.722451544519175,-0.31133338130660504,0.013580552367754253,-0.11038658965361066,0.0,-1.0533402310811033,3.8658478163139476,3279.2620046635784
Jeremiah Burke,-3.196424543189135,-2.1380360783948618,-1.0583884647942732,-1.7814254091819741,-0.061239721998318675,-0.2953709472145689,-0.6915388024808282,-0.2659541189634086,-0.1008955433500363,0.0,-0.7234603315263324,3.8401086181517714,3660.3419827031958
John Kelly,-3.196716847619662,-2.6509442247789643,-0.5457726228406977,-1.8911230735473348,-0.21354659984144703,-0.5462745513901823,-0.24113184225136075,-0.20054833954888407,-0.10409244104045294,0.0,-1.0644619318209663,4.009682354807746,2031.3169511764497
Jaxon Olvera,-3.1967676843462316,-2.341471524140072,-0.8552961602061593,-1.8775584128743699,-0.04786220492066731,-0.41605090634503505,-0.6479149218399586,-0.11366414976445124,-0.09371708860174947,0.0,-0.671294349631903,3.83250772618274,3796.08107082078
Sam Wright,-3.196881451366278,-2.5002552147587904,-0.6966262366074875,-1.6861432076618281,-0.14535100099628523,-0.6687610061006769,-0.4677086764967372,-0.13146437337718525,-0.09745318673356491,0.0,-1.0430295672077121,3.8613209772847994,3348.915329274565
Josiah Parker,-3.1972210326646575,-2.305151836732966,-0.8920691959316918,-1.9194792443195348,-0.08431344438767131,-0.3013591480257596,-0.6174841001475749,-0.16970853301573954,-0.10487656276837726,0.0,-0.6602576881975477,3.9804636434583704,2218.211131353822
Nic McClain,-3.1972654696780163,-2.7325729380116184,-0.46469253166639785,-1.9567634750139482,-0.3268303081940323,-0.4489791548036379,-0.3371902283133291,-0.03554519730280204,-0.0919571060502667,0.0,-0.903311766350739,3.9204273808059624,2677.9269697631594
Davide Poser,-3.1978650230799714,-2.5301066040788283,-0.6677584190011432,-1.8745136216992255,-0.17436401430690743,-0.4812289680726953,-0.5943692447630565,-0.00268007781736658,-0.0707090964207201,0.0,-0.7289821566176894,3.796714742834886,4540.924306079804
Jordan Battle,-3.1979165066309463,-2.5213246848463777,-0.6765918217845688,-1.5877290539330122,-0.24762739298746167,-0.6859682379259036,-0.4286620677668049,-0.14915819087898713,-0.09877156313877675,0.0,-1.1815253849311291,3.776788174648233,5133.326850967389
Chris Komin,-3.1982489540727577,-2.371716651952568,-0.8265323021201897,-1.8742773725339505,-0.09396588053979178,-0.4034733988788257,-0.7093741951829161,-0.020258176834252815,-0.09689993010302078,0.0,-0.6145973863558911,3.9489108959064017,2436.678427408041
Jamyron Keller,-3.1985253506744313,-2.5350106315064376,-0.6635147191679939,-1.7401578220228329,-0.32587371360264283,-0.4689790958809619,-0.6062923656107813,0.03895199426411705,-0.09617434782132958,0.0,-0.8520751630408173,3.9753869959763546,2242.6156190000693
Terrance Ford Jr.,-3.1989948833980817,-2.62142015340565,-0.5775747299924314,-1.9065873761600298,-0.11154344430988329,-0.603289332935737,-0.3911929959024675,-0.08863397928516695,-0.09774775480479708,0.0,-0.9012145113355843,3.9244212262863503,2644.360708379244
Tennessee Rainwater,-3.199082828165315,-2.283303466916205,-0.9157793612491102,-1.5030684901429945,-0.27019924687594793,-0.5100357298972625,-0.6391506915125839,-0.16759029630593011,-0.10903837343059615,0.0,-1.0568636465097367,3.846274243805236,3570.334530586795
Amahrie Simpkins,-3.1991884823142276,-2.489758818833203,-0.7094296634810245,-1.8975331471704655,-0.2418936252666187,-0.35033204639611865,-0.506926439628465,-0.09260423587448266,-0.10989898797807698,0.0,-0.7947288955152969,3.9482976780767856,2441.4129172039993
Ryan Dufault,-3.200266750662195,-2.0271698733394827,-1.1730968773227124,-1.4623761368038855,-0.08623911775979486,-0.47855461877580235,-1.0088954195080362,-0.06216239875562787,-0.10203905905904836,0.0,-0.7289951943502735,3.850518684229659,3486.118471006751
Mark Butler,-3.201731846092529,-2.5622478034935994,-0.6394840425989297,-2.007475843202568,-0.04130861678543557,-0.5134633435055957,-0.42044412468445014,-0.11804443566111658,-0.10099548225336291,0.0,-0.7738118782055108,3.7648741076186614,5562.162975690639
Bryce Pope,-3.2019355272071657,-2.4116034449741206,-0.7903320822330453,-1.9211329643011592,-0.02955517681291661,-0.46091530386004503,-0.5430650068539365,-0.15604633174326538,-0.09122074363584341,0.0,-0.7377375560520705,3.914792231118221,2720.326869933665
Roscoe Eastmond,-3.2021718212101553,-2.6659503202034474,-0.5362215010067081,-1.7103731358485044,-0.23609367800453085,-0.7194835063504121,-0.46093182748664707,0.03376281051416227,-0.10905248403422332,0.0,-1.030866857875004,4.006900540536371,2064.3400543544103
Bryce Quinet,-3.2023034743002716,-2.524405133058247,-0.6778983412420247,-1.7372949409164058,-0.034971444557121145,-0.7521387475847197,-0.5286304017390517,-0.0778757422361526,-0.07139219726682039,0.0,-0.9363781316448139,3.933116949702009,2564.776949731928
LJ Thomas,-3.202320483007785,-2.0845495537540324,-1.1177709292537528,-1.864623262593588,0.15200975468077882,-0.3719360458412233,-0.882724262352272,-0.14930927773171643,-0.08573738916976444,0.0,-0.45497295806192534,3.8106995778377226,4235.600561538862
Jackson Threadgill,-3.202834894202392,-2.662221892071334,-0.540613002131058,-1.7720520055165745,-0.17431046075112389,-0.7158594258036355,-0.3644667019503005,-0.09334943146113704,-0.0827968687196204,0.0,-1.0663161867355169,3.9130391471191004,2743.470912284394
Dontrez Styles,-3.2038978871170642,-2.205755382888829,-0.9981425042282354,-2.1507871383163426,0.0033573718072014147,-0.058325616379687695,-0.7752035983551274,-0.1211583339698308,-0.10178057190327716,0.0,-0.2779071504455942,3.89885044325401,2885.5270467198825
Brandon Weston,-3.204247256172378,-2.357214113737249,-0.847033142435129,-1.8045798357529514,-0.18429469369071333,-0.368339584293584,-0.7160860372849913,-0.02460486285552909,-0.10634224229460855,0.0,-0.683581383134435,3.965425618016344,2315.278257280618
Ben Roy,-3.205076256518975,-2.4609973126850804,-0.7440789438338947,-1.9117831471256923,-0.065461201620284,-0.48375296393910394,-0.6750344445115984,0.029813592893399105,-0.0988580922156954,0.0,-0.6182586648816842,3.9032247329101977,2842.5320147975804
Toby Harris,-3.205257069111626,-2.247814562582372,-0.9574425065292534,-1.8852575162595875,-0.23475020592569604,-0.12780684039708873,-0.7620824870595553,-0.0954810124056609,-0.09987900706403732,0.0,-0.5579170657924829,3.946364216333574,2469.9030629441713
Viljami Vartiainen,-3.2058336568001433,-2.3411576636538944,-0.8646759931462489,-1.6296831222778312,0.0183783111142716,-0.7298528524903348,-0.6360756802852234,-0.15437333664543135,-0.07422697621559408,0.0,-0.9400748542370887,3.7937466292495596,4637.738695036171
AJ Barnes,-3.20613294030026,-2.050330054690647,-1.1558028856096134,-2.085905736760873,-0.08596411107377995,0.1215397931440062,-0.9968409336417572,-0.07152624679321598,-0.08743570517464021,0.0,-0.12338626989762994,3.9326802513359915,2562.8872335548026
Noah Bolanga,-3.2069132933765343,-2.662575921846389,-0.5443373715301453,-1.798765046745059,-0.22488044066219604,-0.638930434439134,-0.4072908447611075,-0.03365918744758351,-0.10338733932145423,0.0,-1.0008574018703678,3.8139688477951776,4159.802472652417
Mike Pajeaud,-3.2075235856494153,-2.6005853627203748,-0.6069382229290408,-1.9140882858215085,-0.2704340207470437,-0.41606305615182276,-0.5280685955304478,0.02872270144762641,-0.10759232884621936,0.0,-0.7653667042974595,3.9717698642845827,2266.1343775621126
Chevalier Emery,-3.2075753665372857,-2.412508211099004,-0.7950671554382819,-1.7833950905253662,-0.06443043137003542,-0.5646826892036022,-0.5595413139609933,-0.11968148593057577,-0.11584435554671275,0.0,-0.8646389620509263,3.8338882572435384,3766.7436264300936
CJ Hardy,-3.207955433093967,-2.24364385867855,-0.9643115744154169,-1.8987518005706399,-0.029759831519217267,-0.3151322265886928,-0.9823553951842341,0.1003288247014664,-0.08228500393264923,0.0,-0.32684823733909285,3.855121679926083,3441.6307030039316
Justin Hawkins,-3.2089040010735266,-2.6220403188914654,-0.586863682182061,-1.7884316070953534,-0.19790706671060132,-0.6357016450855107,-0.4045519945556351,-0.09142776899269418,-0.0908839186337317,0.0,-1.015920399422538,3.990368191146399,2155.836777967995
Jarred Hyder,-3.2089243953163056,-2.5963979870596825,-0.612526408256623,-1.7545602138417413,-0.23668612317266524,-0.6051516500452763,-0.46370060511192773,-0.03298512340602424,-0.115840679738671,0.0,-0.9906635763626367,3.8610246943044686,3347.876711085033
Terrance Dixon Jr.,-3.20900935127927,-2.444994738994598,-0.7640146122846722,-1.9114585389095584,-0.1282350516943005,-0.40530114839073894,-0.5603180505466774,-0.09611922512467717,-0.10757733661331763,0.0,-0.7372327618230342,3.9328737122391084,2571.2450190056356
Max Green,-3.20914844489092,-2.289710212270675,-0.9194382326202449,-1.7824995615744077,0.048833764669392155,-0.5560444153656596,-0.725014322899547,-0.12329137106959692,-0.0711325386511009,0.0,-0.7016345604169653,3.9039642060123105,2843.86556824103
KiJan Robinson,-3.2091522759978,-2.655002247729293,-0.5541500282685072,-1.7823179299495855,-0.1259947227170699,-0.7466895950626378,-0.25797414039899486,-0.19680121781006477,-0.09937467005944757,0.0,-1.1688602056492199,3.8799653438517354,3104.200476498899
Tajavis Miller,-3.209386488227769,-2.4389783289555025,-0.7704081592722668,-1.7659505820210433,-0.09137970023059551,-0.5816480467038638,-0.4539999724111263,-0.2425046632403274,-0.0739035236208131,0.0,-0.9894359337955998,3.8031683659481135,4410.294605617968
Brendan Terry,-3.209564302524093,-2.774454277470356,-0.4351100250537374,-1.8646422459459233,-0.26146647114437355,-0.6483455603800592,-0.4609677575834352,0.11761910553947869,-0.09176137300978089,0.0,-0.883954298994735,3.8636834456569433,3297.03176968312
Eric Parnell,-3.2096257685970393,-2.455441679863457,-0.754184088733582,-2.1758020668567477,0.03969803942095143,-0.31933765242766066,-0.5681922778834095,-0.11996383446640602,-0.06602797638376649,0.0,-0.4656314238568818,3.925010265790633,2652.719825975062
Tyler Isaak,-3.2097660559174432,-2.597233951758848,-0.6125321041585956,-1.7815396469004243,-0.16316434387567474,-0.6525299609827488,-0.2772465536778461,-0.24678296376608902,-0.08850258671466044,0.0,-1.150979855339173,3.9546744813211805,2389.400084294488
Leland Walker,-3.211391720048864,-2.29879038675459,-0.912601333294274,-1.7866439762930766,-0.028351904023535823,-0.4837945064379775,-0.7415639085476857,-0.07407719354991459,-0.09696023119667357,0.0,-0.6831838352081014,3.7487156963364017,6250.256086443167
Kenny Strawbridge Jr.,-3.2120755219231354,-2.878023519749635,-0.33405200217350006,-1.9676722641785451,-0.15411633376713949,-0.7562349218039508,-0.34370685122719846,0.11032746706959132,-0.10067261801589289,0.0,-0.9006964065173919,3.946371996029672,2462.514052156557
Churchill Abass,-3.213139214556956,-2.6723240875054097,-0.5408151270515462,-1.92562420280316,-0.4447339548602505,-0.3019659298419991,-0.3175793779308702,-0.08682026491905069,-0.1364154842016253,0.0,-0.9699356338229257,3.9171935222612717,2697.6712851584534
Chris Moncrief,-3.2133855069521333,-2.3157872569235867,-0.8975982500285469,-1.6433022423483938,-0.12065183603384504,-0.551833178541348,-0.682083650679443,-0.10102155185078393,-0.11449304749831987,0.0,-0.8879996139242967,3.8595499866950007,3364.354960724187
Mylyjael Poteat,-3.2143570995299546,-2.5516337969063083,-0.6627233026236464,-1.6911113929762736,-0.3121185038676863,-0.5484039000623486,-0.4230930856580609,-0.14883359929961515,-0.09079661766597034,0.0,-1.1001526208956205,3.9947999976506283,2121.4301187049855
Kenny White Jr.,-3.2147508924421517,-2.651135259173457,-0.563615633268695,-2.03099203731546,-0.2520859969926719,-0.36805722486532494,-0.39451909782239053,-0.09204143264270566,-0.07705510280359884,0.0,-0.7892397573043014,3.9595601188309404,2362.5349810550897
Andrew Morgan,-3.2163130694152855,-2.7426685146400427,-0.47364455477524303,-1.9158474249456707,-0.36277533585261096,-0.46404575384176106,-0.1760253715101862,-0.2070380334961395,-0.09058114976891729,0.0,-1.1244402729594287,3.9110824646871913,2762.7246723948183
Andre Mills,-3.21662682162896,-2.3983273376694685,-0.8182994839594915,-1.8588678018212463,-0.1338901485215868,-0.40556938732663517,-0.5659464721728747,-0.17782539107147569,-0.07452762071514107,0.0,-0.7918125476348387,3.92772533768847,2604.4169987674145
Almar Atlason,-3.2167750233590318,-2.5241437557711257,-0.692631267587906,-1.8036454953784051,0.042951641600495166,-0.7634499019932157,-0.6612136924070593,0.05961720428539782,-0.09103477946624462,0.0,-0.7519158355735673,3.824147578202312,3969.61096030153
Mikale Stevenson,-3.2173588853533506,-2.819490537158537,-0.397868348194814,-1.9133756196159701,-0.3036963465689929,-0.602418570973574,-0.36949601061959403,0.05796956953858501,-0.08634190711380493,0.0,-0.9344872551177869,3.7658989972561017,5513.533810356275
Alden Applewhite,-3.218373451662836,-2.0961334526609177,-1.1222399990019185,-1.7486062747976185,0.05082985109413171,-0.39835702895743075,-1.1478668439618485,0.10693525021330363,-0.08130840525337377,0.0,-0.32190033290336917,3.7671772501784253,5466.442345532917
Boden Skunberg,-3.2183792879818216,-2.4834072871446145,-0.7349720008372073,-1.7765381887524458,-0.1776317633374893,-0.5292373350546795,-0.4752418710843834,-0.17659015275933315,-0.08313997699349074,0.0,-0.9665992281449928,3.774869941314973,5194.504117804761
Kevin de Kovachich,-3.2188683833677847,-2.1963726030712216,-1.022495780296563,-2.0221285235241826,-0.0619982500654719,-0.1122458294815672,-0.8722028959515618,-0.03449026004488151,-0.11580262430011976,0.0,-0.32453696389204034,3.909614258536429,2775.611379368438
Filip Skobalj,-3.218984357887064,-2.404600438847062,-0.8143839190400015,-1.781285504943289,-0.061474735979104855,-0.5618401979246683,-0.6914538306605078,-0.0368603175866022,-0.08606977079289145,0.0,-0.7462450222832668,3.8552005209051177,3430.7686731616923
Gabe Spinelli,-3.219250327236447,-2.7174038872309954,-0.5018464400054516,-1.9347398162625777,-0.17680883976963804,-0.6058552311987795,-0.39141275698341116,-0.0236964325535211,-0.08673725046851939,0.0,-0.893097753990458,3.9263706382854133,2625.052076701425
Logan McIntire,-3.219432209958717,-2.3791755464970428,-0.8402566634616742,-1.7553879579750213,-0.2739077590030856,-0.3498798295189359,-0.6856229071701878,-0.07507586359326401,-0.07955789269822233,0.0,-0.7784213448135079,3.9858543481932553,2192.3263711168656
Morgan Safford,-3.219535498241954,-2.4389871621350694,-0.7805483361068845,-1.8040424273814906,-0.2290080554946291,-0.40593667925894944,-0.7155878911276641,0.016220413603479825,-0.08118085858270019,0.0,-0.699905179732799,3.794801025474376,4627.1839944375515
Damari Wheeler-Thomas,-3.2197790587988164,-2.515080814599139,-0.7046982441996772,-1.7548657977841142,-0.07401821802933196,-0.6861967987856928,-0.5356457512532472,-0.08771834281797744,-0.08133415012845262,0.0,-0.9292675097614548,3.786982336838336,4826.054553500431
Jason Thirdkill Jr.,-3.220813725973584,-2.4669195472661087,-0.7538941787074751,-1.935453939401363,-0.12289144549091865,-0.4085741623738269,-0.6245184593054617,-0.05720607982881484,-0.07216963957319854,0.0,-0.6608413272667589,3.985861835007958,2180.2286521843
Hayden Welling,-3.2210198206435874,-2.373496746430553,-0.8475230742130342,-1.8738397760864374,-0.1598407155092167,-0.3398162548348993,-0.6118777803336132,-0.1445183660532039,-0.09112692782621717,0.0,-0.7353022642235372,3.918850269114,2684.0838691511444
JaVar Daniel,-3.221872226929235,-2.1884947556866265,-1.033377471242608,-1.9488820345926643,-0.06637143050585285,-0.17324129058810944,-0.949778262130911,0.012764440179993619,-0.09636364929169071,0.0,-0.3232119302056594,4.010166171178617,2052.277992463911
Nasir Whitlock,-3.2221743860300394,-2.2837136846851616,-0.9384607013448779,-1.4990068072863378,-0.21245601141250192,-0.5722508659863218,-0.7004441075016806,-0.13900682069995884,-0.09900977314323846,0.0,-1.022723471242021,3.7675386893482954,5467.970128369123
Keishawn Davidson,-3.222716574031214,-2.5395928298043056,-0.6831237442269084,-1.7256703870797783,-0.10733666869557665,-0.7065857740289507,-0.5024127430350037,-0.08877693816022525,-0.09193406303167935,0.0,-0.994633443916432,3.9708704256350003,2283.6992278256153
Alex Holt,-3.2235118080747345,-2.4796194359072237,-0.7438923721675108,-1.8821936893773874,-0.19697379739635307,-0.4004519491334835,-0.5991733394842169,-0.047684410253573055,-0.09703462242972088,0.0,-0.7421447792131304,3.91058421026149,2762.1799151702144
Luke Kasubke,-3.223606800786383,-2.3710126606447925,-0.8525941401415904,-1.8121890902292919,-0.1137547244046784,-0.44506884601082225,-0.6506047043926141,-0.12291395447529152,-0.07907548127368474,0.0,-0.7608130061644769,3.984797596574651,2188.9569911697718
Ben Eisendrath,-3.225086196283358,-2.493216758790251,-0.7318694374931071,-1.875999380781867,-0.2126168772310745,-0.40460050077730975,-0.5999203647356519,-0.045447008983297336,-0.08650206377415784,0.0,-0.7491664507658394,3.9214786229297283,2663.1414439386144
Joseph Venzant,-3.226596594856439,-2.687832368745755,-0.5387642261106841,-1.8004886661374895,-0.28429955372238014,-0.6030441488858854,-0.748272117417406,0.25886443859436015,-0.049356547287638226,0.0,-0.6778358113015437,3.8028814430810187,4374.866910276387
Ernest Shelton,-3.2269743362626446,-2.424531559772926,-0.8024427764897186,-2.0321484901957136,-0.023990153516316587,-0.36839291606089547,-0.5822601770669066,-0.10009595175110945,-0.12008664767170266,0.0,-0.6125656690000242,3.8562495037968603,3424.004524212587
Tyson Acuff,-3.227409988140308,-2.431254340145828,-0.7961556479944798,-1.9139780310856285,-0.09654491880987248,-0.4207313902503272,-0.6104146310239887,-0.08960783848076499,-0.09613317848972605,0.0,-0.7030173260306908,3.8663448607449524,3268.706343455561
Straton Rogers,-3.22763533788568,-2.3482909004512176,-0.8793444374344627,-1.903812321430005,-0.12060083999191659,-0.32387773902929606,-0.7511714861961007,-0.05574939893343986,-0.07242355230492203,0.0,-0.5726515302595746,3.987331275725994,2166.194727751761
Cameron Palesse,-3.2280832040384753,-2.5649284423173957,-0.6631547617210796,-1.767019720204256,-0.10034563518515877,-0.6975630869279811,-0.46397831322012845,-0.08962080785481591,-0.10955564064613516,0.0,-0.9970851706140909,3.7722709991227306,5291.00158963883
CJ Gunn,-3.228091769497089,-2.669940496391145,-0.5581512731059441,-1.8984911418669383,-0.10254488032420006,-0.6689044742000069,-0.395862187237046,-0.06076076188607432,-0.10152832398282383,0.0,-0.9337384403931052,3.7917871351448285,4622.277682675718
Brian Waddell,-3.228991809585139,-2.2156736223303484,-1.013318187254791,-1.6442854946671275,-0.14246086092989504,-0.428927266733326,-0.8134478473248441,-0.11104846843929254,-0.08882187149065426,0.0,-0.7712584675931677,3.891317242926972,2965.4209648311253
Noble Crawford,-3.229995060982028,-2.676724043423801,-0.5532710175582267,-1.7228654275084174,-0.33839394334283623,-0.6154646725725477,-0.6870460453289807,0.2243661972085614,-0.0905911694378074,0.0,-0.8200835881446299,3.9498949872433924,2430.104191061217
Jack Janicki,-3.230205313250774,-2.3502075518426064,-0.8799977614081675,-1.6391768147906283,-0.006626503577924353,-0.7044042334740537,-0.7220029982769797,-0.08062593112114594,-0.07736883201004202,0.0,-0.8690255001831659,4.012673678062128,2023.946712481536
Terrell Ard Jr.,-3.230495570542244,-2.675696158183394,-0.5547994123588504,-1.8922533725125403,-0.33073218786150493,-0.4527105978093486,-0.4066848788548385,-0.035170034686556814,-0.11294449881745507,0.0,-0.9315573191748653,4.002689651763388,2093.1004932016103
Kylen Milton,-3.2305728180934477,-2.680027200165923,-0.5505456179275245,-1.8375193901877283,-0.1694321461556933,-0.6730756638225012,-0.42095910605754233,-0.018724572601083705,-0.11086193926889848,0.0,-0.9720943218481766,3.83006778945892,3836.81287893464
Tyler Mrus,-3.23228107642579,-2.4500994037784776,-0.7821816726473126,-1.8609179512532463,-0.13371098696693007,-0.4554704655583012,-0.637370188012075,-0.05443492401163062,-0.09037656062360704,0.0,-0.7339929371604689,3.9488126298941353,2440.4080340421624
Kaseem Watson,-3.2324569467287145,-2.2464323054033626,-0.9860246413253518,-1.6779346158021027,-0.0855165292471647,-0.482981160354095,-0.9303148072211807,0.04432429130582684,-0.10003412540999801,0.0,-0.6242075237054309,3.785251448897465,4877.711449199041
Zarique Nutter,-3.232853676339537,-2.582403245187319,-0.6504504311522178,-1.9570478693352542,-0.16621765278309422,-0.4591377230689705,-0.4230092343958922,-0.13311170779850295,-0.0943294889578227,0.0,-0.8527965726083903,3.891909717965059,2964.9556830729225
Kolton Mitchell,-3.2329595866299954,-2.1292275274391215,-1.1037320591908737,-1.603735361700834,0.008507595402653362,-0.5339997611409408,-0.8855088359523079,-0.12115898617785673,-0.09706423706070909,0.0,-0.7437153889768533,3.778086697111927,5110.710864575838
Noah Batchelor,-3.2337137619603964,-2.224595162182506,-1.0091185997778904,-1.6099592507431821,-0.13076928623901646,-0.48386662520030754,-0.9170515028085695,-0.010529725114806682,-0.08153737185451432,0.0,-0.706703008408645,3.7831248191613738,4943.963262583964
Greyson Uelmen,-3.2337990520902737,-2.4195463477465626,-0.8142527043437111,-1.734006654271679,-0.1424337244583248,-0.5431059690165586,-0.7316528313115314,0.017168973703022616,-0.09976884673520232,0.0,-0.7681395665070632,3.89669381674345,2913.985634869151
Brandon McCreesh,-3.2338389649223593,-2.3263523116920517,-0.9074866532303076,-1.6466484445008664,-0.12114578876648457,-0.5585580784247005,-0.6377002184307555,-0.17278266503887407,-0.09700376976067802,0.0,-0.9494903019907371,3.9838034000789397,2195.2566109203563
Corey Stephenson,-3.2339802902311336,-2.0744587161885915,-1.1595215740425422,-1.7436091521152322,-0.2612791801346441,-0.06957038393871534,-1.2230363503885502,0.1325919656172172,-0.06907718927120926,0.0,-0.2673347877273515,3.776939786503406,5159.656075516912
Kendal Coleman,-3.234601720477708,-2.5487706042234803,-0.6858311162542277,-1.951541999430782,-0.19897895335610383,-0.3982496514365945,-0.3063458953623647,-0.2659194196699057,-0.11356580122195732,0.0,-0.9767138256845613,3.9498621822202704,2421.9830981193445
Elijah Duval,-3.234815116634466,-2.400563374355986,-0.8342517422784798,-1.7052636765508313,-0.2686720436657201,-0.4266276541394345,-0.5410127364406512,-0.18573934478858606,-0.10749966104924254,0.0,-0.9885387036429832,3.9348687809144196,2555.5064340690687
Abdou Khadre Kébé,-3.2353778490547973,-2.673214615934748,-0.5621632331200495,-2.0018884411926265,-0.2592769997739795,-0.412049174968142,-0.4939385039974361,0.0272705039361633,-0.09549523305877668,0.0,-0.739550903864735,4.0109975031719625,2047.89082148074
Landon Moore,-3.23587543274992,-2.4878410017838535,-0.7480344309660666,-1.6678989300516163,-0.12179565819632035,-0.698146413535917,-0.41014036246288404,-0.22756541901880054,-0.11032864948438202,0.0,-1.1578361402354198,3.846732737918946,3547.21486647336
Macon Emory,-3.2362940813924017,-2.9562985973793565,-0.2799954840130451,-1.8462516281166967,-0.29010116195879554,-0.8199458073038643,-0.09306670750452634,-0.10699582407940297,-0.0799329524291158,0.0,-1.2969757457711788,3.8106063873495204,4235.414193964191
Jared Frey,-3.236389588052566,-2.5476131734937177,-0.6887764145588485,-1.883842848330696,-0.25429470121876246,-0.4094756239442594,-0.5911012068738549,-0.0010224468354996796,-0.09665276084949395,0.0,-0.7614455328480154,3.923347428794741,2648.5415295748726
Milhan Charles,-3.2365483908376187,-2.805924769942213,-0.43062362089540535,-1.7794942729056895,-0.23957855073532291,-0.7868519463012007,-0.3039483814978269,-0.01811927447519804,-0.10855596492238044,0.0,-1.1531057364341022,3.9050346796757673,2822.284587419015
Desmond Polk,-3.2367829723650674,-2.5595935290726493,-0.6771894432924184,-1.9093078408475743,-0.2423238517619382,-0.40796183646313666,-0.5428541334559492,-0.057210041878059344,-0.07712526795840978,0.0,-0.7846209980615441,3.943997561666444,2486.665735033814
Deuce Turner,-3.2384408972683114,-2.517091341760046,-0.7213495555082657,-1.7191944253841203,-0.1435919177918039,-0.6543049985841214,-0.45716586396606573,-0.15740896631064072,-0.10677472523155926,0.0,-1.0620806079181253,3.79730577599309,4555.9691859671475
Elmore James IV,-3.2393157851289365,-2.6625121822718394,-0.5768036028570969,-2.001248651617725,-0.06398541429742798,-0.5972781163566862,-0.5125257958128199,0.007742898973166865,-0.07202070601744381,0.0,-0.7255413376983911,3.7864148847574413,4825.773344145668
Jalin Billingsley,-3.23941191727947,-2.4893467922178623,-0.7500651250616078,-1.916905597321386,-0.2620929545936115,-0.3103482403028649,-0.5804158046734149,-0.0708808486602802,-0.0987684717279127,0.0,-0.7420905152846693,3.9105135111854676,2769.7061470915023
Foster Wonders,-3.2394971283585097,-2.811998432695473,-0.427498695663037,-1.9421562861679624,-0.28069782767784773,-0.5891443188496628,-0.040355980573986205,-0.2583767682069884,-0.1287659468820624,0.0,-1.2569848616165613,3.814234250266359,4144.91660170631
Zae Blake,-3.2396256923377584,-2.584888579631708,-0.6547371127060506,-1.8951311333371892,-0.24561775933998015,-0.4441396869545383,-0.5165053023564297,-0.05208640193895054,-0.08614540841067041,0.0,-0.8279892566441394,3.8832235822314565,3063.474852734595
Jovan Milicevic,-3.2413021827522517,-2.4460050425535025,-0.795297140198749,-1.6675490481545439,-0.09864439481031319,-0.6798115995886456,-0.5942656056479466,-0.09874345426228673,-0.10228808028851567,0.0,-0.9794875289497611,3.8506368348228905,3524.7591984017226
Collin Moore,-3.242717598323251,-2.58532194179645,-0.6573956565268008,-1.690551811025182,-0.25968634727733725,-0.6350837834939307,-0.5971547117663535,0.029353961252340466,-0.08959490601278779,0.0,-0.9550110755317152,3.880395207141919,3104.4757849290336
Christian Wright,-3.2428452541781514,-2.5171383946927737,-0.7257068594853775,-1.794315829834842,-0.14555141373764366,-0.5772711511202879,-0.5632657297697443,-0.059030335121813465,-0.10341079459381976,0.0,-0.8852636945735648,3.9259616016527863,2623.053098751403
Shaqir O'Neal,-3.24425528510936,-2.600683300442397,-0.6435719846669634,-1.8942337641457279,-0.19715671694743586,-0.5092928193492332,-0.22851822818943507,-0.2798425826189007,-0.13521117385862763,0.0,-1.1215032927741975,3.8686168831003953,3247.677583100025
Kasheem Grady II,-3.244869043745338,-2.4526600522288553,-0.7922089915164826,-1.9567724172962015,-0.14090856738846277,-0.3549790675441907,-0.7341764021741237,0.036711547247380225,-0.09474413658973914,0.0,-0.5539202242750123,3.884959862378738,3029.3238318892018
Dylan Ducommun,-3.2449923314234597,-2.8421291891622995,-0.4028631422611602,-2.0245584793827724,-0.20405988248023377,-0.6135108272992934,-0.3396470656203732,-0.007301330071090878,-0.05591474656969612,0.0,-0.8807867864203142,3.959869389699535,2352.895476053427
Gregg Glenn III,-3.2452336357587317,-2.398542492566272,-0.8466911431924595,-1.7885394473237466,-0.11106583742089483,-0.49893720782163065,-0.6414743955339826,-0.10113500291458341,-0.10408174474389352,0.0,-0.8152197929010024,4.016991029212415,2022.2250253172567
Jalen Vazquez,-3.2460678832442724,-2.771563557340559,-0.47450432590371333,-2.0642350506657916,-0.23379862477038404,-0.4735298819043836,-0.2962986771344174,-0.06586295455878344,-0.11234269421051253,0.0,-0.8855341554440637,4.013782343387465,2010.8213468643185
Collin Holloway,-3.2462317970197674,-2.5387857504640423,-0.7074460465557253,-1.8958072363043426,-0.313765270412784,-0.32921324374691574,-0.6568048494111971,0.0568506967252998,-0.10749189386982794,0.0,-0.693619711304228,3.8599584143775987,3363.6694161841597
Jedy Cordilia,-3.246682986669332,-2.8968890201680666,-0.3497939665012655,-1.9772039474335876,-0.40826998187668995,-0.5114150908577889,-0.04111520642429095,-0.24058132777059665,-0.0680974323063779,0.0,-1.2283638328114534,3.878486405645087,3109.3712512781212
James Graham,-3.246845486708958,-2.2673175396927743,-0.9795279470161837,-1.7745871766364076,-0.026214518211194665,-0.466515844845172,-0.621605948602409,-0.2598040133925447,-0.0981179850212299,0.0,-0.8506523614701413,3.9447904105389795,2471.537337823249
Quion Williams,-3.247138534061352,-2.7805396181266464,-0.46659891593470587,-1.9444026941843229,-0.3128682777685449,-0.5232686461737787,-0.37806376991446244,0.010245121341134186,-0.09878026736137761,0.0,-0.9246720699625669,3.738428401376561,6767.394265396944
Jaehshon Thomas,-3.247728370193414,-2.3679273809168064,-0.8798009892766077,-1.8382402914328686,0.036448259175174025,-0.5661353486591121,-0.502140703655868,-0.2553097190837158,-0.12235056653702384,0.0,-0.9073473751046777,3.8416267789057525,3640.6902867316803
Dalen Davis,-3.2479548397784526,-2.584470087100507,-0.6634847526779458,-1.7796221830136747,-0.18511374693349006,-0.6197341571533423,-0.4967568173712846,-0.07743255782553399,-0.08929537748112726,0.0,-0.9715758393934936,3.8598390116562014,3357.330928793387
Cavan Reilly,-3.2481103354138416,-2.470710733899551,-0.7773996015142907,-1.8284652183793013,-0.0979550416258134,-0.5442904738944361,-0.4898463127981224,-0.19834519312941398,-0.08920809558675426,0.0,-0.9297988042364177,3.8435403029559,3611.8785554202814
Jackson Munro,-3.2495233715516036,-2.6204400697611336,-0.6290833017904698,-1.8984053343652585,-0.20699819488927104,-0.5150365405066042,-0.14824559582374186,-0.3663934326421564,-0.11444427332457158,0.0,-1.2028724413626033,3.8169748556794723,4106.357983287214
Keyon Kensie Jr.,-3.2501566122476415,-2.740072732534213,-0.5100838797134285,-1.8038720778196977,-0.3646145141586603,-0.5715861405558549,-0.4553183975514279,0.023144265954730875,-0.07790974811673142,0.0,-0.9909661368765158,3.872860935562987,3189.1537363451293
Zaire Hayes,-3.250683532008685,-2.414128677345867,-0.8365548546628184,-1.8655245154486877,-0.15081190176644688,-0.3977922601307325,-0.6052516183282968,-0.11465378575539739,-0.11664945057912425,0.0,-0.779907398231701,3.8217948026652917,4005.1704409300696
Jordan Stiemke,-3.251161636873267,-2.558669589779906,-0.6924920470933613,-1.8482950797155226,-0.08774148161056707,-0.6226330284538161,-0.37162221576682763,-0.2301763389672488,-0.09069349235928494,0.0,-1.031244341390917,3.790224821261449,4748.647881021691
Grant Stubblefield,-3.251236623905539,-2.7371765617526442,-0.5140600621528945,-1.8576944872020078,-0.16245133451816524,-0.7170307400324714,-0.41902234371737346,-0.0020708736416269052,-0.09296684479389414,0.0,-0.9745197929861578,3.879217693275927,3111.7191063302384
Nate Lliteras,-3.251355676452169,-2.476525648483248,-0.7748300279689213,-1.8165073410160362,-0.11800314631640484,-0.5420151611508068,-0.6206655417475566,-0.05220343251963111,-0.10196105370173364,0.0,-0.8141827936885764,3.881217060953744,3081.668293661467
Dominick Stewart,-3.2533567838890223,-2.5845736753904265,-0.6687831084985956,-1.8442247092223394,-0.24454750537819642,-0.495801460789891,-0.5694835021876682,-0.01357466556202079,-0.08572494074890655,0.0,-0.8396485724790148,3.9414134916768684,2502.0152189098444
Jack Karasinski,-3.2534130138700093,-2.2455370866355953,-1.007875927234414,-1.4810903887094427,-0.045574504204701466,-0.7188721937214511,-0.7277668911341367,-0.19958284954606276,-0.08052618655421448,0.0,-1.0445557340264298,3.8342376317470737,3790.6089776515005
Jahni Summers,-3.2541442826609597,-2.3689199964138643,-0.8852242862470956,-1.8029670859608826,-0.08416344291372799,-0.4817894675392538,-0.7207045169519297,-0.06864642949082692,-0.09587333980433896,0.0,-0.7304726797481477,3.882339242803284,3066.7418435364007
John Buggs III,-3.2542842142304793,-2.4702780180575665,-0.7840061961729128,-1.835246121628682,-0.06965867623994204,-0.5653732201889424,-0.6087826689180775,-0.06446589699300567,-0.11075763026182958,0.0,-0.8102554236837197,3.8906860624793187,2966.9114510616023
Christian Moore,-3.2548158670748264,-2.329726457375206,-0.9250894096996202,-1.9215910986640308,-0.0036075484157136184,-0.40452781029546153,-0.6904955267873418,-0.16312691180669986,-0.07146697110557854,0.0,-0.6427292416234535,3.84791947216297,3552.9981579732685
Max Agbonkpolo,-3.2553755463422847,-2.5060614021483905,-0.7493141441938942,-1.7931184090251027,-0.17052319379362424,-0.5424197993296634,-0.5693932449693222,-0.0854328966895061,-0.0944880025350659,0.0,-0.8928638923478596,3.979625526217228,2225.234024868595
Keith Palek III,-3.2555589363021404,-2.275387343819406,-0.9801715924827346,-1.6958698707344861,-0.031761458388036845,-0.5477560146968833,-0.8197560040599337,-0.06735575510067839,-0.09305983332212256,0.0,-0.7399330615077211,3.867600035764853,3244.3918851906033
Miles Brewster,-3.255866645677811,-2.5179093613896044,-0.7379572842882064,-1.8860436222354753,-0.17904890546525784,-0.452816833688871,-0.6339522113034544,-0.03365955561980367,-0.07034551736494829,0.0,-0.7358708121388808,3.882683543887423,3060.881095916509
Javian McCollum,-3.256667646758416,-2.379767653271642,-0.8768999934867739,-1.6168387856428588,-0.20398351979922483,-0.5589453478295582,-0.8733706949303877,0.07268097980387278,-0.07621027836025905,0.0,-0.7664581661851693,3.8877910978807937,3011.315066678549
James Bishop IV,-3.258202944844279,-2.5049969734530255,-0.7532059713912534,-1.8612824308991547,-0.0935246515445555,-0.5501898910093151,-0.3791592231687555,-0.26875741957306987,-0.10528932864942805,0.0,-1.0177612907763685,3.9063593109964927,2818.4586181894956
Jamille Reynolds,-3.2585223138845385,-2.771181535541282,-0.48734077834325656,-1.904124568890064,-0.42886920879475904,-0.4381877578564588,-0.15488822391943546,-0.23670758742118267,-0.09574496700263842,0.0,-1.1995095210750388,3.968962133320394,2295.7996823807284
Alec Woodard,-3.2587986060821743,-2.675330252083636,-0.5834683539985381,-1.8980251799354726,-0.24961526865628697,-0.5276898034918761,-0.554011242161161,0.055148932354493835,-0.08460604419187093,0.0,-0.8067621839855402,4.015127786715284,2012.394800178076
Tyler Smith,-3.2590939150800584,-2.6943472600331146,-0.5647466550469438,-1.804221736679597,-0.2546206230883601,-0.6355049002651576,-0.39908740478714544,-0.05262455310895257,-0.11303469715084577,0.0,-1.055784773613316,4.000585834580199,2096.7399661413624
Jalen Lake,-3.2592214680991756,-2.522096046432317,-0.7371254216668583,-1.719874767690265,-0.0368220318817753,-0.7653992468602765,-0.5362775283775777,-0.1079402396204094,-0.09290765366887127,0.0,-1.0030691720313325,3.8403355164375155,3666.0555489413373
Gavin Sykes,-3.2594285198195925,-2.4664486686298,-0.7929798511897925,-1.7792760071162714,-0.07290784688948947,-0.6142648146240395,-0.5706671323347352,-0.15840372337078246,-0.0639089954842749,0.0,-0.9094853803685863,3.899547629328034,2872.295881236483
TJ Nadeau,-3.259985558947858,-2.3404798312081896,-0.9195057277396687,-1.7555816374423219,-0.16935527761938476,-0.4155429161464831,-0.5900744702683278,-0.23075394970949234,-0.09867730776184842,0.0,-0.9143294512372087,3.8297669381678587,3841.8823033655617
Kevin Kalu,-3.260032509027033,-2.5683713071002234,-0.6916612019268091,-1.98252444951393,-0.18543687137052112,-0.40040998621577223,-0.6867876835725784,0.08807627322345002,-0.09294979157768084,0.0,-0.5907203759405242,3.964899867861634,2306.480365965521
Andrew Meadow,-3.26172220846919,-2.167809365403965,-1.093912843065225,-1.7010350747427119,-0.06255090306979061,-0.40422338759146226,-0.7982540538597946,-0.23613700845316402,-0.05952178075226629,0.0,-0.7624330798666832,3.776506095035379,5153.967982118231
Lewis Walker,-3.261974116789096,-2.0260221462483154,-1.2359519705407804,-1.8173360157412461,0.008705788789451052,-0.21739191929652044,-0.8342910037451016,-0.3135763737851679,-0.08808459301051089,0.0,-0.6103470973027482,3.885673490887518,3038.1407869366017
Sonny Wilson,-3.2624306250234123,-2.0266887689556317,-1.2357418560677806,-1.7165510055874384,0.11857101065713305,-0.42870877402532614,-1.123763437701409,-0.029290076603918552,-0.08268834176245318,0.0,-0.4221161817345649,3.7333811534206713,7065.114601571309
Lorenzo Downey,-3.264044092500883,-2.751138577624238,-0.5129055148766452,-1.8703078417909886,-0.43574540989923466,-0.4450853259340147,-0.4497206190476765,0.03400111900285392,-0.09718601483182254,0.0,-0.9440156316622179,3.9593544639361102,2356.6914784157752
Shemar Rathan-Mayes,-3.2643932955110655,-2.511092645815321,-0.7533006496957446,-1.7113931891444962,-0.1697691629091506,-0.6299302937616741,-0.7067959239429509,0.05866503037095183,-0.10516975612374552,0.0,-0.8462041824236184,3.9393007575077834,2509.3864384679323
Jaydon Young,-3.2646932993625475,-2.4338960360575235,-0.8307972633050241,-1.9389649659649064,-0.12993185537609175,-0.36499921471652497,-0.5750190480942992,-0.16173706067996607,-0.09404115453075891,0.0,-0.7507092853033417,3.988985253859428,2162.818374747196
Apostolos Roumoglou,-3.2656966359503308,-2.7028738443567084,-0.5628227915936225,-1.9550857960792594,-0.11971868372923541,-0.628069364548214,-0.4389097747084093,-0.04335015248197609,-0.08056286440323703,0.0,-0.8717010651626625,3.942022267061923,2480.719454796742
Stefano Faloppa,-3.266165834180982,-2.454919718779175,-0.8112461154018067,-2.003578376344756,-0.11383242638104822,-0.33750891605337097,-0.6149216317038804,-0.11798535216998843,-0.07833913152793795,0.0,-0.6476658261323456,3.9185241194649643,2693.592483140602
Jarrett Hensley,-3.267262283392427,-2.528892694891682,-0.738369588500745,-1.9412624898417448,-0.2078287651125796,-0.37980143993735793,-0.45467271491071126,-0.17543762621368844,-0.10825924737634525,0.0,-0.8713270786399713,4.008555664084018,2056.528062823067
Mohammad Habhab,-3.2675660243856495,-2.5181832827877937,-0.7493827415978559,-1.871563359604937,-0.08714830786897895,-0.5594716153138778,-0.4741229849173874,-0.18661582001286353,-0.08864393666760491,0.0,-0.9218796798633252,3.870082730620531,3226.4092639660844
Collin O'Connor,-3.267629094895904,-2.197390773046755,-1.070238321849149,-1.903196697136976,-0.10402320655283223,-0.19017086935694677,-0.9089371430176802,-0.08033924922736092,-0.0809619296041078,0.0,-0.4554952547412477,3.961242415606199,2343.00999489036
Wyatt Nausadis,-3.268465426097554,-2.6037404059332268,-0.6647250201643273,-1.8478886740021097,-0.11502892607805881,-0.6408228058530581,-0.5304869210962372,-0.030175849479952846,-0.10406224958813723,0.0,-0.890089830999207,3.8957121044383323,2920.64909304887
Carson Johnson,-3.2699315242224816,-2.0220145145520196,-1.247917009670462,-1.5948120000714041,-0.0021323079572130865,-0.4250702065234025,-0.9309880680363489,-0.20732134656005172,-0.10960759507406126,0.0,-0.7441314561147285,3.853072153586931,3456.5843273341584
Jabri Fitzpatrick,-3.271318631144361,-2.8416315616750416,-0.4296870694693194,-1.8610101572327804,-0.28543714571723366,-0.6951842587250274,-0.20616475961897124,-0.13359638193224146,-0.08992592791810665,0.0,-1.2041437142926092,3.8872555435876137,3007.854218662796
KC Shaw,-3.272170777730586,-2.4690886258612768,-0.8030821518693094,-1.940308790620997,-0.09176836140763242,-0.4370114738326476,-0.3978993075583015,-0.3060708914873022,-0.09911195282370568,0.0,-0.9339626795512879,3.7905020462992414,4721.789509389586
Ethan Butler,-3.272295342482171,-2.698461230449531,-0.5738341120326398,-1.9583412702477088,-0.32723196248768627,-0.4128879977141363,-0.46638766760272765,-0.010477186669084287,-0.09696925776082788,0.0,-0.8475664046317347,3.9530178485620544,2414.762849681581
Chris Walker,-3.2727139642608347,-2.3423079869265386,-0.9304059773342962,-1.8185098538705884,-0.17549321088442357,-0.34830492217152687,-0.6411876203844831,-0.18216107143162164,-0.10705728551819153,0.0,-0.8130164900057636,3.9262271829245994,2613.729539898067
Calvin Sirmans III,-3.272852240070453,-2.471871728614863,-0.8009805114555903,-1.8464154873110359,-0.08782754886952603,-0.5376286924343011,-0.6213070125902065,-0.08111638297478163,-0.0985571158906022,0.0,-0.805129740169211,3.9825455751065397,2208.588535605592
Jordan Wood,-3.273253508879522,-2.5959224054710597,-0.6773311034084625,-1.9133456582279704,-0.2109720340566781,-0.4716047131864111,-0.38783758389551926,-0.18261891321713541,-0.10687460629580785,0.0,-0.9720702667560325,3.985892508802837,2180.548717851552
Aidan Mahaney,-3.274395381013647,-2.354527841302101,-0.9198675397115461,-1.9686099240086374,-0.08193897774685376,-0.3039789395466098,-0.6920624699076325,-0.14904211097328462,-0.07876295883062895,0.0,-0.613722987097377,3.7559445120610184,5931.893767987947
Louie Jordan,-3.274431256568082,-2.658524010531359,-0.6159072460367235,-1.8329869693530565,-0.14993309995934267,-0.6756039412189594,-0.443501647403821,-0.08365132405871961,-0.08875427457418299,0.0,-0.9979426398112046,3.9371909440680777,2536.867368526583
Frankie Fidler,-3.2747092184532764,-2.5976957569547743,-0.6770134614985021,-1.8120673820658149,-0.19788981075314635,-0.5877385641358128,-0.5438243364129227,-0.05067385374877355,-0.08251527133680583,0.0,-0.9188174999745385,3.8433375756311188,3621.8394341376506
James O'Donnell,-3.2747810390625256,-2.7517949477333254,-0.5229860913292003,-1.728021941781101,-0.4152577718130775,-0.6085152341391469,-0.25049646006114795,-0.18086046750536156,-0.09162916376269072,0.0,-1.2962626372202766,3.878002989449456,3125.5737808056724
Brian Sumpter,-3.2782253834258936,-2.6254743634333777,-0.652751019992516,-1.8490346113430676,-0.08336484708020338,-0.6930749050101067,-0.23538464161396766,-0.3056730100519887,-0.11169336832655949,0.0,-1.1938061304688583,4.003148800877676,2075.9942726745767
Sam Hughes,-3.2800227124122454,-2.3691633324779935,-0.9108593799342519,-1.7420107949818517,-0.113940677001167,-0.5132118604949746,-0.6874444016129236,-0.13275467592795237,-0.09066030239337591,0.0,-0.8505675158174697,3.901319166152006,2866.7760908511727
Kade Douglas,-3.280030319723,-2.5029397610351714,-0.7770905586878288,-1.9026187252200362,-0.24085405834467272,-0.3594669774704627,-0.6744008716142269,-0.006475681567898975,-0.0962140055057029,0.0,-0.7030107228887373,3.9234654246465963,2656.8009412129795
Johan Nziemi,-3.280310061480246,-2.4291816181015937,-0.8511284433786519,-1.8577705248058014,-0.1980282734047956,-0.3733828198909968,-0.7160084387259251,-0.059275894513700855,-0.07584411013902596,0.0,-0.7065310979485192,3.852262829453884,3471.176135384345
Johnathan Lawson,-3.280379798196441,-2.31601492974928,-0.964364868447161,-1.852259238356338,-0.07799440925044827,-0.3857612821424935,-0.9874618401074826,0.10058490030250727,-0.07748792864218558,0.0,-0.44065871973262005,3.7723998107913164,5314.995658930427
Shaquil Bender,-3.2820054248516386,-2.5441005999673463,-0.7379048248842923,-1.8097188649272016,-0.3078147717748894,-0.4265669632652552,-0.5226269060215439,-0.1091249585984516,-0.10615296026429683,0.0,-0.949659653902893,3.783089883139537,4942.517523899795
Major Freeman,-3.2824934365789855,-2.5018055760178766,-0.7806878605611088,-1.9616589686739114,-0.20216314578890376,-0.33798346155506115,-0.6661665645365425,-0.014927371506475842,-0.09959392451809049,0.0,-0.6546679033685312,3.8596662509320323,3367.3931561716017
T.J. Weeks Jr.,-3.282595428286314,-2.3632704914061704,-0.9193249368801438,-1.9097400712820507,-0.24211702510279906,-0.21141339502132078,-0.6838247556422031,-0.1439371599247564,-0.09156302131318429,0.0,-0.6890306013620605,3.8180472796149245,4078.343740723014
Dylan Brumfield,-3.2826481851331772,-2.3723566353556045,-0.9102915497775728,-1.624884764927394,-0.2312808620644387,-0.5161910083637719,-0.9047284978833283,0.09823971500796955,-0.10380276690221396,0.0,-0.7530349223224551,3.8634714075858145,3308.578066971617
Marcus Johnson,-3.2827079456912966,-2.531386227492747,-0.7513217181985494,-1.7880353758524417,-0.12750741884803746,-0.615843432792268,-0.5836625251013601,-0.08156161209474956,-0.08609758100243982,0.0,-0.9110100447374949,3.989581760984273,2173.0318177228864
Corey Caulker,-3.2828689101835002,-2.3680967968272912,-0.9147721133562091,-1.84329377753199,-0.019480877736059082,-0.505322141559242,-0.9315176164017458,0.09769672282527114,-0.0809512197797345,0.0,-0.5080575162497645,3.894470204781339,2944.667553564809
Lou Hutchinson,-3.283124713170925,-2.660774908707034,-0.622349804463891,-1.8881082389656363,-0.0507825220411659,-0.7218841477002317,-0.33429990089890926,-0.18846429978229526,-0.09958560378268648,0.0,-1.0607165733063793,3.931364226468508,2573.181692029896
Kendrick De Luna,-3.2835126343754517,-3.118938340470298,-0.16457429390515343,-2.1235958119180096,-0.35414716701383875,-0.6411953615384496,-0.056767297658275706,-0.023513647240826434,-0.08429334900605129,0.0,-1.103149524799166,3.8322545013746336,3796.837538094268
Skylar Wicks,-3.283741983037732,-2.6671125283119355,-0.6166294547257968,-1.8732865363956719,-0.20186394327103374,-0.5919620486452297,-0.4683188513498213,-0.03545584618148842,-0.112854757194487,0.0,-0.9421365952922389,3.8163568318412375,4095.8848172293156
Jordan Davis,-3.2843293121051467,-2.627791040559156,-0.656538271545991,-1.987522620378564,-0.10623374885304106,-0.5340346713275506,-0.4761149495540331,-0.08826668764042092,-0.09215663435153695,0.0,-0.8206917421725495,3.975762304849785,2241.826645431346
Ismael Plet,-3.284383592969056,-2.6479657017495914,-0.6364178912194649,-1.984948357553956,-0.29236741107932734,-0.37064993311630806,-0.4363596204742884,-0.10593086166340476,-0.09412740908177179,0.0,-0.863075614940812,3.9710722143276,2272.4801173945784
AJ Clark,-3.2844685450648794,-2.848423790157746,-0.43604475490713357,-2.0654807689810495,-0.2534229564393571,-0.5295200647373393,-0.47215297854867894,0.14528739575370964,-0.10917917211216428,0.0,-0.746834797535151,3.8509660919223636,3487.4336035962137
Latrell Davis,-3.284894521179985,-2.4544727299404547,-0.8304217912395304,-1.7172756690175708,-0.06685443357207929,-0.6703426273508046,-0.6429789399321167,-0.08152331384679087,-0.10591953746062276,0.0,-0.9246399122302976,3.9866452114907003,2177.528930024021
Jaden Seymour,-3.2865059204828078,-2.408713005566281,-0.8777929149165269,-1.9524420479560962,-0.27749867021155694,-0.17877228739862733,-0.6868734363413614,-0.09245135359389522,-0.09846812498127022,0.0,-0.6471904361853498,3.8486285754078304,3538.7518623122423
Preston Ruedinger,-3.287098495832592,-2.5808782377619055,-0.7062202580706868,-1.7184393878985944,-0.08525841527726656,-0.7771804345860442,-0.49260715640360403,-0.12555512532296328,-0.08805797634411952,0.0,-1.0760519515303937,3.75059569530244,6154.8246085681585
Jeremiah Quigley,-3.287206693052325,-2.2246162946063754,-1.06259039844595,-1.8089614818313033,0.08081851178022043,-0.4964733245552927,-0.8043439658348346,-0.15579544443594856,-0.10245098817516682,0.0,-0.6739012453861877,3.8031276834509957,4405.849098181396
Treyson Anderson,-3.2880599756341975,-2.396276568379813,-0.8917834072543847,-1.755441319576482,-0.17764696971162708,-0.4631882790917036,-0.9091569784163354,0.08451988424105539,-0.06714631307910465,0.0,-0.6234616776413799,4.003414942034569,2087.234613634956
Devin Askew,-3.289991260821916,-2.444723320356003,-0.8452679404659135,-1.7876034589774132,-0.09628815278798454,-0.5608317085906052,-0.8641993515821106,0.10698792019589484,-0.08805650907969777,0.0,-0.6381884502623926,3.7828277969569557,4966.858809193439
Truth Harris,-3.2901162841678846,-2.453931971170169,-0.8361843129977157,-1.716118745225316,-0.1417496848142571,-0.5960635411305957,-0.6667183871755477,-0.05384663057820058,-0.1156192952439674,0.0,-0.9072791517670208,3.8492040026465766,3507.1585670098384
Jalen Weaver,-3.2910507134833344,-2.4898566927852266,-0.8011940206981079,-1.883442167518631,-0.19052691825936394,-0.41588760700723176,-0.6484697515736491,-0.041785418050057505,-0.11093885107440123,0.0,-0.7591387943910545,3.9608049997285293,2345.3705312170696
Kendall Lewis,-3.2911435406237026,-2.6042798876631523,-0.6868636529605504,-1.9072990074318388,-0.35265114492146443,-0.3443297353098491,-0.5436433215273767,-0.04712189417137145,-0.09609843726180223,0.0,-0.8402012116644872,4.002269336132886,2091.734733780334
Julian Hammond III,-3.2918163519505006,-2.5397779833542424,-0.7520383685962584,-1.7510609526913146,-0.23997712241496028,-0.5487399082479678,-0.7311516304621599,0.0354180542596669,-0.05630479239376539,0.0,-0.8096037687970266,3.883378630916823,3068.465877176639
Franck Emmou,-3.2928872872213226,-2.1814115308994286,-1.1114757563218938,-1.7812328027624784,-0.01387845814374103,-0.38630026999320904,-0.9568234218248012,-0.08449265315671688,-0.07015968134037576,0.0,-0.5548310626340427,3.9280786984471447,2612.2999050050457
Jah Short,-3.2940840007069525,-2.520820753678292,-0.7732632470286604,-1.9845568624099403,-0.05771165763685873,-0.4785522336314929,-0.5938417157661684,-0.06315595932186194,-0.1162655719406301,0.0,-0.7156854225308437,3.9665515393260318,2300.0884159382367
Taeshaud Jackson,-3.2945675459539254,-2.7277478812575056,-0.5668196646964198,-1.9093740841825242,-0.28947044294693103,-0.5289033541280505,-0.3897545838073544,-0.08843777594925159,-0.08862730493981373,0.0,-0.9954388779640468,3.7904401282569213,4703.0550765481985
Milton Matthews,-3.295637993446559,-2.338649953031565,-0.956988040414994,-2.0182593192194695,-0.112023057425204,-0.20836757638689163,-0.6862323316878465,-0.17794714436310843,-0.09280856436403906,0.0,-0.5911463425392431,3.9278214697206697,2620.512331373894
Kyle Jenkins,-3.2965722464072797,-2.844151713718209,-0.45242053268907084,-2.0424191211504317,-0.29294319188071605,-0.5087894006870615,-0.29552796632874456,-0.05095772089560148,-0.1059348454647248,0.0,-0.9586251589281037,3.8700961956340594,3225.6405692981834
Marcus Kell,-3.296805118243517,-2.281142152558677,-1.0156629656848406,-1.8708513928166433,-0.05736790914227852,-0.35292285059975503,-0.6366049501485869,-0.29895390760969165,-0.08010410792656208,0.0,-0.7893487752782873,3.8080467114847667,4313.778618578536
Yuto Yamanouchi-Williams,-3.2975604110283534,-2.876092714946162,-0.42146769608219126,-2.1834943194743075,-0.37377215810303666,-0.3188262373688178,-0.05772507811216476,-0.22910895609617443,-0.13463366187385206,0.0,-1.056341013441881,3.96308372488505,2330.0615253567757
Grant Randall,-3.2977094784312193,-2.6913774642739483,-0.606332014157271,-1.9886497154620086,-0.2929328631846053,-0.4097948856273343,-0.28283727078432824,-0.21926211528253434,-0.10423262809040845,0.0,-1.0262224921848824,3.842318937916886,3636.144098080963
Justus McNair,-3.297981031793613,-2.2581716555093805,-1.0398093762842326,-1.8280859993885852,-0.05089409794668302,-0.37919155817411243,-0.8749601000944864,-0.09651101009866406,-0.06833826609108215,0.0,-0.5949349323105417,3.947674280508961,2458.838702617606
Nolan Dorsey,-3.2981704965828227,-2.775492881688438,-0.5226776148943846,-1.8889140858395361,-0.17918672888643594,-0.7073920669624658,-0.4761150374498215,0.03813989386030937,-0.08470247130487246,0.0,-0.9331413732934648,3.829808159454505,3836.228395442552
CJ Shaw,-3.2986064753987523,-2.5008859942165316,-0.7977204811822206,-1.6053555128608274,-0.4124880681481221,-0.48304241320758207,-0.6973100191692156,1.8717352493494155e-05,-0.10042917936549849,0.0,-0.9959409433687091,3.902544186462322,2846.5019881262942
Renars Sondors,-3.2986173191603134,-2.827809667373609,-0.4708076517867046,-1.8019849635450587,-0.10297292594813638,-0.922851777880414,-0.31064069897572044,-0.074777147804845,-0.0853898050061391,0.0,-1.1859916566395343,3.921496326344817,2678.8203689433612
Terell Strickland,-3.2988171167221765,-2.8198823475457093,-0.478934769176467,-1.791312777336188,-0.2330469543313036,-0.7955226158782176,-0.5608893604109234,0.1661669244960005,-0.08421233326154408,0.0,-0.9466149789750649,3.9793629254259204,2224.009823392551
Jalen Jackson,-3.300288448678978,-2.6935383308539445,-0.6067501178250335,-1.9792191329408397,-0.23047678535466737,-0.48384241255843746,-0.7010005160226294,0.16801493444714946,-0.07376453624955363,0.0,-0.620068799715509,3.9073394660419543,2789.410968348323
Koron Davis,-3.300746908975363,-2.3575868792538093,-0.9431600297215539,-1.7848319386182723,-0.1011392664752854,-0.4716156741602515,-0.7740762140564132,-0.08152634222090932,-0.08755747344423126,0.0,-0.7418387563006774,3.8876283894978245,3011.9907154439143
Jahvin Carter,-3.301041830924075,-2.4040302084652154,-0.8970116224588598,-1.6412011425404698,-0.025632499993889724,-0.7371965659308557,-0.7491078586361882,-0.05426076005084407,-0.09364300377182741,0.0,-0.9107328297474169,3.895906975164919,2918.8425156939165
Wesley Celichowski,-3.3011576141972108,-2.871263543802849,-0.42989407039436184,-1.8254061795763896,-0.20117513705942436,-0.8446822271670349,-0.2197058149685281,-0.1372318272967713,-0.07295642812906243,0.0,-1.2560456196522929,3.8790731005580357,3098.8250927763825
Tahron Allen,-3.302032315249579,-2.6782405908538536,-0.6237917243957252,-2.015634795907466,-0.11953348064483829,-0.5430723143015492,-0.40848339036426723,-0.11486116182974879,-0.10044717220170912,0.0,-0.8779141289778454,4.002664301819538,2084.2594946122254
Jinwoo Kim,-3.302817186723016,-2.382878831449875,-0.9199383552731406,-1.8418361056797379,-0.13873977634040122,-0.40230294942973566,-0.7046522079369248,-0.12675631100239637,-0.08852983633381944,0.0,-0.7563288731063527,3.7923730126909416,4685.397432439349
Noa Gonsalves,-3.3042130688139437,-2.573162449162907,-0.7310506196510367,-1.8755510352396407,-0.240455983816742,-0.45715543010652404,-0.6204877117282132,-0.028348847137736936,-0.08221406078508664,0.0,-0.8081743218460896,3.803182800243886,4407.536867475401
Elijah Brooks,-3.3046356738438223,-2.4325791840635573,-0.8720564897802648,-1.906626624335283,-0.11348734096449073,-0.41246521876378356,-0.6455847684052664,-0.12278115902414397,-0.10369056235085448,0.0,-0.7524242811032728,3.9142275222951946,2732.3265543091748
Giovanni Emejuru,-3.3050984280681113,-2.72408354760884,-0.5810148804592713,-2.0686369756354828,-0.4662246135374521,-0.18922195843590522,-0.42784597191308676,-0.06187313661564117,-0.09129577193054335,0.0,-0.8086154805195419,3.773330243512511,5250.079253541862
Kamrin Oriol,-3.3060260495242577,-2.3513170771623795,-0.9547089723618785,-1.7100295534444943,-0.11720048344273966,-0.5240870402751459,-0.5684968379657032,-0.2635342499386997,-0.12267788445747561,0.0,-1.027499658114061,3.7909950061225106,4703.731094818518
Micah Simpson,-3.3063859446575954,-2.26258809012765,-1.0437978545299456,-1.8134046345719945,0.027316035361207414,-0.4764994909168626,-0.9254176021445204,-0.031634789455374346,-0.0867454629300508,0.0,-0.5675637079410804,3.800446792686651,4470.036835591912
Rory Stewart,-3.3064796363471523,-2.3476901877135665,-0.9587894486335857,-1.7634167220101888,-0.18927158729477128,-0.39500187840860623,-0.690498725063821,-0.195331700190228,-0.07295902337953676,0.0,-0.8525641892731421,3.8842636668288932,3062.1198964931937
Brandon Garrison,-3.306709369249492,-2.3087965603119613,-0.9979128089375305,-1.8735829399055284,-0.03659571411793408,-0.3986179062884989,-0.771745631642689,-0.14195719646942342,-0.08420998082541817,0.0,-0.6613807977012746,3.8293791384152236,3856.8994736531977
Duncan Powell,-3.306954210754759,-2.3331302830996528,-0.9738239276551063,-1.8155521151617073,-0.17085265434681948,-0.346725513591126,-0.6736396063909086,-0.2136095522605014,-0.08657476900369629,0.0,-0.8177624892021432,3.8072414821755087,4315.588685467042
Tyler Thomas,-3.308010616986136,-2.5196649101394284,-0.7883457068467074,-1.8311645192117425,-0.16059382510080802,-0.5279065658268777,-0.6039016822483738,-0.09219370891253266,-0.09225031568580089,0.0,-0.8729444155260192,3.912534770126598,2757.7751121151596
Sherman Weatherspoon IV,-3.3083688945108074,-2.3640999899515363,-0.944268904559271,-2.0285239708947165,-0.08313076654665207,-0.2524452525101676,-0.7828099171781919,-0.06568844968860184,-0.0957705376924772,0.0,-0.49703500643789866,3.9935816729162315,2144.7623750786242
T.O. Barrett,-3.309377548845723,-2.324683250138208,-0.9846942987075149,-1.64415580196294,-0.33672237246934533,-0.3438050757059229,-0.8953874925505017,-0.004492179368177307,-0.08481462678883593,0.0,-0.7698342543322814,3.9419701919675183,2486.2913443841735
Lamin Sabally,-3.3097395391440143,-2.5873412807671157,-0.7223982583768989,-1.6607294607423149,-0.1940394067219256,-0.7325724133028751,-0.552357904018536,-0.0655306937395059,-0.10450966061885687,0.0,-1.0966521743831636,3.836677269999352,3717.491113850032
Dior Johnson,-3.3105203121508198,-1.943348776921052,-1.3671715352297678,-1.640389222799061,-0.13054276295779907,-0.17241679116419178,-1.0602558765211905,-0.21888354753332429,-0.08803211117525284,0.0,-0.609875212830568,3.9667267723643347,2309.107897943123
Asjon Anderson,-3.310784926342567,-2.661359216691965,-0.6494257096506021,-2.1235773412221692,-0.24942244605517466,-0.2883594294146208,-0.671649590321958,0.12170740151790096,-0.09948352084654503,0.0,-0.5155579947984394,3.9495267700982044,2435.9186861542785
Dez White,-3.312522627781122,-2.3926943024275706,-0.9198283253535514,-1.7835306062419052,-0.14972951683603408,-0.45943417934963143,-0.741377866248166,-0.07368531141630807,-0.10476514768907728,0.0,-0.7876141552910508,3.7663898587248057,5503.658930759907
Avery Felts,-3.3143055617399084,-2.390104905252413,-0.9242006564874953,-1.9518596119867038,0.03548072321794393,-0.47372601648365326,-0.7697966147589212,-0.07292707363958575,-0.08147696808898833,0.0,-0.5926493349942834,3.94336179494686,2490.398371567343
Ryan Myers,-3.31571439882533,-2.604680245607986,-0.7110341532173438,-1.792917909293242,-0.22287464845546393,-0.5888876878592803,-0.49067174859298934,-0.12930902313158193,-0.09105338149277242,0.0,-1.0321247409390986,3.789797290802904,4757.059797924927
Jared Coleman-Jones,-3.3160590188477697,-2.7769277652549933,-0.5391312535927764,-1.94934922622013,-0.23834031086959886,-0.5892382281652643,-0.3457510836002608,-0.0921110799081668,-0.10126909008434871,0.0,-1.0209587090273786,3.9206705155887795,2678.6673942144243
Isaac Finlinson,-3.316586534322201,-2.8478935942288137,-0.46869294009338747,-1.9507514136767266,-0.3200373636921483,-0.5771048168599391,-0.3276193422978523,-0.04660907005389031,-0.0944645277416449,0.0,-1.0382157783476227,3.9537586402838114,2415.975002676599
Caleb Fields,-3.3169433006218876,-2.6094088327745366,-0.7075344678473512,-1.978743047878614,-0.11117724949103083,-0.5194885354048915,-0.5806240267145152,-0.025230088339077687,-0.10168035279375835,0.0,-0.7575762260287583,3.977828865987524,2236.880044031033
Lucas Hobin,-3.317483441410781,-2.703875705735822,-0.6136077356749593,-1.8129491547416539,-0.3396303959504532,-0.5512961550437144,-0.32737693415727775,-0.1913079009418742,-0.09492290057580735,0.0,-1.1771573525118493,3.909334151279868,2765.515357325785
Darrick Jones Jr.,-3.318000450386818,-2.482774150994967,-0.8352262993918516,-1.8119801944390974,-0.19773930684514804,-0.4730546497107215,-0.7308039095714473,0.00014147325502067432,-0.10456386307542502,0.0,-0.7752163463762738,4.0178718891251,2003.197817547406
Seydou Traore,-3.318372722365254,-2.46993292500374,-0.8484397973615141,-1.818722182076531,-0.1765679804141451,-0.474642762513064,-0.7916981651703321,0.010365397270822932,-0.067107029462005,0.0,-0.707952375118391,3.7991828761598248,4499.126834003544
Sam Alajiki,-3.3184363322078148,-2.5620003820651163,-0.7564359501426985,-1.9702862798939678,-0.20933283865565908,-0.38238126351548946,-0.4989715738130404,-0.1700224758422358,-0.08744190048742223,0.0,-0.8491784785008065,3.9905833619899562,2148.549767063011
Ryan Bartley,-3.3185904352717923,-2.664266418312538,-0.6543240169592541,-1.8268947062861196,-0.16796892590503074,-0.6694027861213878,-0.40866348729325297,-0.1408395282350591,-0.10482100143094207,0.0,-1.0830322416924196,3.917950659597235,2716.4923442411064
Xavier Hall,-3.3187345670457686,-2.659840507893329,-0.6588940591524397,-1.8359012928636746,-0.23189520232312344,-0.5920440127065311,-0.5415725803276248,-0.024870054659274277,-0.09245142416554065,0.0,-0.9412606938544694,3.930358470610819,2588.2346147116486
Jon Sanders II,-3.319171051776737,-2.5651392149110106,-0.7540318368657264,-1.8823739575299128,-0.355036820276687,-0.3277284371044109,-0.4999046479681943,-0.1688963975773139,-0.08523079132021819,0.0,-0.9368924462786299,3.874997795065783,3155.3681833448923
Marcus Randolph,-3.3194394853046374,-2.5673094290975556,-0.7521300562070818,-1.9366606709855165,-0.28442606454516167,-0.34622269356687707,-0.6584515803026941,-0.0009649598437300594,-0.09271351606065774,0.0,-0.7243272340164265,3.906890831184383,2810.6617640023187
Del Jones,-3.3210545602578607,-2.505340404364519,-0.8157141558933415,-1.8282155604049097,-0.07578647976552921,-0.6013383641940804,-0.5311361418272313,-0.19241505483585827,-0.09216295923025182,0.0,-0.9617028580257198,3.8283998494305727,3880.4898177240902
Keith Higgins Jr.,-3.3210791298436737,-2.5522810545186982,-0.7687980753249753,-1.9172035832767704,-0.14282841193831172,-0.49224905930361607,-0.5861174217272027,-0.08474330892401562,-0.09793734467375706,0.0,-0.8177581248397005,3.933243709894029,2565.329968141188
Afan Trnka,-3.3231345066414844,-2.913590458352581,-0.4095440482889035,-1.9704784322691693,-0.40008990388508764,-0.543022122198324,-0.22711220620481676,-0.07220238845706951,-0.11022945362701725,0.0,-1.1255438681674983,3.8814168141429994,3092.4501653632797
Joe Munden Jr.,-3.323534506256799,-2.8131907250231105,-0.5103437812336885,-2.035815892789508,-0.1601368155915223,-0.6172380166420799,-0.4675536811858254,0.06571377618264984,-0.10850387623051293,0.0,-0.8201649322814653,3.9589461577038545,2355.528691977067
JJ Kelly,-3.323606234994781,-2.5267162286286173,-0.7968900063661633,-1.7713589841976876,-0.20987134748264674,-0.5454858969482831,-0.47815858789557747,-0.22773580877305902,-0.09099560969752679,0.0,-1.0740886629015156,3.9389951491840254,2518.6910094284012
Bryce Johnson,-3.3239785927403998,-2.586480941800044,-0.7374976509403557,-1.7225871649362494,-0.15664283309193372,-0.7072509437718606,-0.45620535316892735,-0.1802173861732197,-0.10107491159820856,0.0,-1.1451860746352227,3.8842215639139606,3044.6172659123886
Steven Verplancken Jr.,-3.324037941259116,-2.584681193212624,-0.7393567480464921,-1.7425519112341041,-0.19583919616965426,-0.6462900858088655,-0.6525800825752721,-0.012079403052007859,-0.07469726241921217,0.0,-0.9289059474497398,3.9594935197952,2354.7879084493534
Sam Alamutu,-3.324665068790936,-2.5013152019393132,-0.8233498668516227,-1.8203804704581046,-0.13754071652765887,-0.5433940149535497,-0.7405681771808381,-0.007696288429276249,-0.07508540124150831,0.0,-0.7637164211519931,3.8566533548841355,3409.67086200329
Romad Dean,-3.324860142185603,-2.1835713371463377,-1.141288805039265,-1.7883421254348135,-0.17656087103562806,-0.2186683406758959,-0.8428361846526893,-0.19510064266495378,-0.10335197772162198,0.0,-0.6936818320980997,3.8101881804556066,4244.022531380242
Isaiah Rivera,-3.3261470054769164,-2.7322866769954084,-0.5938603284815083,-1.875836123859285,-0.2847278302300708,-0.5717227229060525,-0.46986705291582503,-0.02376067543572013,-0.10023260012996316,0.0,-0.9804438287018066,3.835329119008852,3709.6044389181307
Brantly Stevenson,-3.326881963161152,-2.6110450984284888,-0.715836864732663,-2.1496302987604747,-0.12966702907893132,-0.33174777058908267,-0.5631736629431002,-0.0790379045811433,-0.07362529720841934,0.0,-0.6140780014575767,3.9299747915930587,2589.9190075750726
Donovan Williams,-3.327705719858364,-2.453917974168045,-0.873787745690319,-1.9440855784007514,0.01553759496625201,-0.5253699907335455,-0.7756151037104813,0.005057580601917966,-0.1032302225817557,0.0,-0.6080050377471312,3.8727493145995435,3183.1619534787083
Matteus Case,-3.3283197834070193,-2.65474621597927,-0.6735735674277495,-1.7920606761920588,-0.24729561380504267,-0.6153899259821682,-0.5669583223440668,0.0010385711098006983,-0.10765381619348338,0.0,-0.9693007848708936,3.937270990289245,2525.1991488903495
CJ Evans,-3.328378859516569,-2.6177827994010885,-0.7105960601154803,-1.9434052372680581,-0.2285864278877736,-0.44579113424525674,-0.5718214959529087,0.00038636629383852206,-0.1391609304564101,0.0,-0.813152126295602,3.9201330505748126,2668.4440632029273
Nick Shogbonyo,-3.3285495921765182,-2.7150223257114074,-0.6135272664651109,-1.6141841588663635,-0.43111853477018725,-0.6697196320748564,-0.4149284456762691,-0.10240998890174292,-0.0961888318870989,0.0,-1.2994369876338854,3.81669793614847,4102.891527361395
Jaden Kempson,-3.330897399559961,-2.771708284726583,-0.5591891148333777,-1.9116682515516292,-0.3028956053584886,-0.557144427816465,-0.2785138706515477,-0.17999731926903506,-0.10067792491279495,0.0,-1.1407152773567835,3.9938887553251483,2139.588991929827
Jaquan Sanders,-3.3314976878281017,-2.6834660107492225,-0.6480316770788793,-1.9680998719345926,-0.18948310103536703,-0.5258830377792632,-0.5555915461474462,-0.013363492899564997,-0.07907663803186815,0.0,-0.8078062697460633,3.8166340082404715,4105.9561857893195
Tyler Mack,-3.3325022176873156,-2.897065365032973,-0.43543685265434257,-2.106828990884236,-0.16574074704251512,-0.6244956271062219,-0.1968393399907417,-0.16130325274507046,-0.0772942599185304,0.0,-1.028833886812338,3.949805594734796,2432.859434924112
Sam Griffin,-3.3326675118397433,-2.617739285138269,-0.7149282267014745,-1.7717651119843372,-0.1594694113306807,-0.6865047618232507,-0.4945880953725097,-0.11028304604616934,-0.11005708528279542,0.0,-1.0663143044828962,3.960916164888747,2346.204222708612
Romeo Myrthil,-3.3328667366284463,-2.687080148174078,-0.6457865884543685,-1.9707453809247237,-0.15745651639737623,-0.5588782508519777,-0.4372312366394068,-0.14114574977723773,-0.06740960203772407,0.0,-0.9248901190643157,3.9109917005723793,2757.174572322355
Jayden Stone,-3.3331743355886885,-2.4266469338642294,-0.9065274017244592,-1.7249568595497982,-0.19838502606223754,-0.5033050482521938,-0.6524737387005506,-0.1748521420064688,-0.07920152101743981,0.0,-0.95574373733834,3.8331674188369322,3801.5479824818735
Austin Johnson,-3.3356258284014153,-2.63990492287712,-0.695720905524295,-1.9845768855742707,-0.2682037069090401,-0.387124330393809,-0.504006530765594,-0.089106271678623,-0.10260810308007803,0.0,-0.8470424120615503,3.9669474470198147,2315.7948264606202
Deon Perry,-3.3356305164724205,-2.5642322987524815,-0.771398217719939,-2.0005857449542312,-0.07745465694823933,-0.48619189685001085,-0.6034119353543925,-0.0897354574454063,-0.07825082492014007,0.0,-0.7316328361637967,3.8948406790054806,2924.6219552472
Ricardo Wright,-3.3357884013627026,-2.348765799676531,-0.9870226016861717,-2.0003241251620016,-0.24387791436290365,-0.10456376015162583,-0.8495174042191589,-0.03589542816757597,-0.10160976929943688,0.0,-0.4859468719815423,3.9904662917490423,2156.563645238093
Scotty Middleton,-3.335849066334185,-2.5554477758882674,-0.7804012904459177,-1.9285807932836279,-0.11547001292777444,-0.5113969696768652,-0.7491897921075164,0.03653600167785877,-0.06774750001626004,0.0,-0.658078480943041,3.815355623009642,4137.732693163682
Jalen Bolden,-3.336006424564995,-2.568563520855002,-0.7674429037099929,-1.922702979162201,-0.21067552329336287,-0.435185018399438,-0.5644142023447996,-0.11479530382718575,-0.08823339753800764,0.0,-0.8488892430579943,3.80013436166643,4467.989341137536
Myles Wilmoth,-3.337400166119101,-2.9248669945348063,-0.4125331715842945,-2.1301734107789017,-0.20723482731730525,-0.5874587564385998,-0.3052376887043873,0.011590019648379926,-0.1188855025282871,0.0,-0.9019890666358122,3.8931733086917286,2939.046034365735
Isaiah Chappell,-3.338244911985959,-2.819035704282487,-0.5192092077034722,-1.946720934233952,-0.21268770684570676,-0.6596270632028285,-0.33511722678914035,-0.1020996092111532,-0.08199237170317873,0.0,-1.0564067509628672,3.895729377835984,2912.243282749999
Cal Liston,-3.3389027085140954,-2.7186383009489075,-0.6202644075651879,-2.0059780528628317,-0.2155966001686938,-0.4970636479173818,-0.2651127984324485,-0.23822374607213706,-0.11692786306060232,0.0,-1.0678118572188149,3.9363608346255927,2527.7192600701264
Elias Cato,-3.338989653697805,-2.6717296257247183,-0.6672600279730867,-1.9133812210967844,-0.18015139961305002,-0.5781970050148839,-0.32575286180099317,-0.2348524831829318,-0.10665468298916173,0.0,-1.0998555708000275,3.8939376615905084,2937.3587558990707
Chauncey Wiggins,-3.3391304983817642,-2.482508561147808,-0.8566219372339561,-1.8031242898269395,-0.09284314745305748,-0.586541123867811,-0.5920343220851798,-0.17441517093045894,-0.09017244421831741,0.0,-0.9439718864696447,3.779756696937446,5035.620103623672
Cade Tyson,-3.3391940136176546,-2.394490231743764,-0.9447037818738906,-1.6694135826187906,-0.15381620945291513,-0.5712604396720582,-0.7651881798952116,-0.09872093640520327,-0.08079466557347573,0.0,-0.9045922511036524,3.764316498228147,5590.062421868692
Layden Blocker,-3.3396821505790637,-3.4401239789607723,0.10044182838170858,-2.05605783266684,-0.4555574400622331,-0.9285087062316993,0.16547917654593103,0.041727353759378125,-0.10676470192360059,0.0,-1.449103494458155,3.799971377588503,4367.645721770612
Jonah Pierce,-3.340607903956471,-2.518556795933803,-0.8220511080226676,-1.7862598274672805,-0.3205534538500586,-0.41174351461646397,-0.6130466760280857,-0.11220386157580699,-0.09680057041877493,0.0,-0.9413014004611044,3.8160681539157997,4131.076985844251
Amar Augillard,-3.3407469984848337,-2.5518862827787108,-0.7888607157061232,-1.9865112126321292,-0.19397163177902002,-0.3714034383675619,-0.7201230778603415,0.05107056235998342,-0.11980820020576508,0.0,-0.6341127079923636,3.952569639614145,2416.0568899438804
Iverson King,-3.341396714748584,-2.688030602512675,-0.6533661122359091,-1.8351793207613705,-0.12628393045956576,-0.7265673512917388,-0.4127191698923627,-0.14950203332007123,-0.09114490902347533,0.0,-1.093498224094851,3.9654787756034375,2320.7232914146507
Marvin McGhee III,-3.3414035176468544,-2.722507160960759,-0.6188963566860952,-1.8951231296457502,-0.18290408431767147,-0.6444799469973376,-0.40578021283458976,-0.1384906239940001,-0.07462551985750532,0.0,-1.0405001751665144,3.7479302141648607,6282.895518287798
Jackson Furman,-3.341775537861541,-2.355437140831672,-0.9863383970298689,-1.9611881148629593,-0.16619083893596448,-0.2280581870327484,-0.7392197443650144,-0.14013067167559023,-0.10698798098926426,0.0,-0.6413676786335674,3.9743626502209697,2251.1017940534143
Jaylen Wysinger,-3.341793711292694,-2.4793400035505258,-0.8624537077421683,-1.7574845969321882,-0.20976819491897356,-0.5120872116993638,-0.7135242779188844,-0.03929217031447304,-0.10963725950881084,0.0,-0.8707848364416213,3.8627057989081384,3318.2937851621296
Leif Moeller,-3.342508636777696,-2.475766493113673,-0.8667421436640227,-1.8406351617830885,-0.1790836074461949,-0.4560477238843895,-0.5208548742204411,-0.23684552615432036,-0.10904174328926135,0.0,-0.981018600774166,3.883938875956933,3061.8793161935578
Kyler D'Augustino,-3.342813696635596,-2.4176108875620943,-0.9252028090735015,-1.7058277376092223,-0.024275285879997194,-0.6875078640728748,-0.9162969272180638,0.08687656275425742,-0.0957824446096952,0.0,-0.7206890318083098,3.8719373765634604,3192.2510812096616
Jalin Rice,-3.3435302661269466,-2.736963660425176,-0.6065666057017705,-1.8146882171881091,-0.21975302826405915,-0.7025224149730083,-0.4912530428044284,-0.02263850738409172,-0.09267505551325038,0.0,-1.0375890061344095,3.99566824887805,2121.6911135558603
Sam Hofman,-3.343579258777932,-2.5957315962390357,-0.7478476625388962,-1.9326395836517176,-0.06645433038680779,-0.5966376822005102,-0.5702090039863881,-0.09941189687264287,-0.07822676167986531,0.0,-0.8407306711398261,3.9635931371917463,2321.043780229805
Julius Rollins,-3.3447700783760475,-2.460794159264001,-0.8839759191120466,-1.786479506633425,-0.15295543252654598,-0.52135922010403,-0.6413608622502058,-0.1418054786201448,-0.10080957824169595,0.0,-0.9169297094924167,3.84169832452323,3638.1084896919765
Masen Miller,-3.3449167804701605,-2.5876248915824425,-0.757291888887718,-1.6948924071805707,-0.2082236731438992,-0.6845088112579728,-0.4703356982008937,-0.1863425597499711,-0.10061363093685331,0.0,-1.1796886750886963,3.980605962767307,2214.265431020232
Khaleb Wilson-Rouse,-3.3457659284199366,-2.61461124313752,-0.7311546852824167,-2.0102782285227323,-0.27452578332238864,-0.329807231292399,-0.7947035344515778,0.1470185821948457,-0.08346973302568465,0.0,-0.5407841654456266,4.015213424824271,2016.9264872565725
Tan Yildizoglu,-3.3457760326337507,-2.4920830203813344,-0.8536930122524162,-1.8431467385495852,-0.07676760614677361,-0.5721686756849755,-0.7384325169515042,-0.004506681487143144,-0.11075381381376885,0.0,-0.7641967771326611,3.786284071954014,4847.2609247740265
Jakai Sanders,-3.3462687784486556,-2.909082667112872,-0.4371861113357837,-1.955506945538632,-0.2945522358411725,-0.6590234857330669,-0.23972347738963573,-0.08258512037102958,-0.1148775135751184,0.0,-1.1510383555203874,3.90097187690888,2864.4890680065446
Marcus Glover,-3.346276482765799,-2.6497500761015393,-0.6965264066642596,-1.8598541964436106,-0.2853312046027555,-0.5045646750551736,-0.4718380332202372,-0.13158826395838727,-0.09310010948563513,0.0,-1.0145842531019515,3.906569663615987,2803.716576179857
Andrew Phillips,-3.346491231137178,-2.300640297716477,-1.0458509334207011,-1.7089200900161992,0.05127147089296366,-0.6429916785932411,-0.8116542115577114,-0.14572056121051657,-0.08847616065247302,0.0,-0.825916929563267,3.7943103859425444,4629.051243583907
Jaylan Ouwinga,-3.3472481466606196,-2.859166967262601,-0.4880811793980189,-1.856893676784278,-0.30654735660971677,-0.6957259338686057,-0.2501838412420208,-0.10273237408368922,-0.13516496407230888,0.0,-1.2401706286343206,3.925600913815578,2631.7173777876715
Kam Craft,-3.3472659493498025,-2.1459346505022316,-1.201331298847571,-1.9977900798226642,-0.013470775606518548,-0.134673795073049,-0.9884941949988857,-0.12170772938905827,-0.09112937445962711,0.0,-0.3609816745282529,3.845344965573311,3597.2586293984396
Dusan Neskovic,-3.348548266373455,-2.580371821724243,-0.7681764446492119,-1.6112314255108944,-0.25935137510030143,-0.7097890211130472,-0.5805963277640513,-0.08024820313053925,-0.1073319137546212,0.0,-1.156720513098509,3.924365424296655,2639.0699631597154
Jah'Likai King,-3.348797558520438,-2.5590929340254607,-0.7897046244949776,-1.8824154333030056,-0.0995362669093421,-0.577141233813113,-0.49020206086712664,-0.20780739412136848,-0.09169516950648253,0.0,-0.9761800643503061,3.8843683883973936,3054.1923540979406
Brandon Noel,-3.3494303896843056,-2.466735183367021,-0.8826952063172847,-1.441161821195002,-0.38755003519666015,-0.6380233269753592,-0.5540245149288108,-0.22278088106516863,-0.10588981032330536,0.0,-1.3542440535604934,3.778476685538658,5087.7419239353185
Andrej Shoshkikj,-3.3507095479229703,-2.828361911076302,-0.522347636846668,-1.8447613888539787,-0.20093536850155136,-0.7826651537207723,-0.43121983543489545,-0.009884815837932576,-0.08124298557383991,0.0,-1.074728323634096,3.9493781293888364,2434.336381981807
Zion Russell,-3.351204216745378,-2.512794974725969,-0.8384092420194091,-1.9747184223466066,-0.21917308120554757,-0.31890347117381457,-0.7577376510695364,0.0035919477953726686,-0.08426353874524545,0.0,-0.618748143329235,3.7960171701378216,4577.096092056096
Luca Soroa Schaller,-3.3538978300472846,-2.522275415606599,-0.8316224144406856,-2.120908810028006,-0.18620731008370572,-0.21515929549488721,-0.8416113867890902,0.10152522924006685,-0.09153625689166218,0.0,-0.39137763323018826,4.016427446129165,2010.4326515868743
Tanahj Pettway,-3.354198963314211,-2.662006343522502,-0.6921926197917088,-1.909562333732076,-0.1425521515462233,-0.6098918582442028,-0.4845857339082498,-0.0799745422585814,-0.12763234362487746,0.0,-0.9600508956738849,3.915698298597127,2724.2225210580214
Trey Thomas,-3.354619684634686,-2.310961656029646,-1.0436580286050399,-1.9840711644245996,-0.003330052700673658,-0.3235604389043727,-0.8933913881901296,-0.04891346896221382,-0.10135317145269644,0.0,-0.47715713201995663,3.857279182323068,3407.3982642426263
Deuce Jones,-3.3546443979039253,-2.219333895057942,-1.1353105028459833,-1.9521630535546586,-0.1063019929272754,-0.16086884857600814,-1.0913743670606317,0.04804836338753618,-0.0919844991728877,0.0,-0.311106977288635,3.92681810558665,2625.165888820433
Hermann Koffi,-3.354852674055519,-2.577362674021896,-0.7774900000336232,-1.9223520950977966,-0.06500476727174852,-0.590005811652351,-0.37820670677236556,-0.3152811861578091,-0.0840021071034486,0.0,-1.0542938721853572,3.782127947834713,4975.646621736827
Tony Toney,-3.3562476227119546,-2.3263156660197413,-1.0299319566922136,-1.8131607246367838,-0.1463445951322207,-0.3668103462507367,-0.8525319223026311,-0.09128865766811721,-0.08611137672146538,0.0,-0.6905549757725401,3.8864943029347354,3021.807372978693
Kyler Vanderjagt,-3.356777928511912,-2.574233696533133,-0.7825442319787792,-1.8562443408847482,-0.15901410052893272,-0.5589752551194521,-0.6500100971920894,-0.0301568104240583,-0.10237732436263158,0.0,-0.8505234904350747,3.8026956532917464,4426.169210240239
Eddie Placer,-3.3573217935314372,-2.447395635320285,-0.9099261582111521,-1.8978783306755844,-0.28760461205505705,-0.26191269258964345,-0.5521358234930516,-0.27415622275237805,-0.08363411196572242,0.0,-0.907307639362801,3.9532810569003334,2402.0273935302503
Nigel Burris,-3.3575664675504244,-2.4924583710907817,-0.8651080964596429,-1.8166211728999233,-0.16731387466915393,-0.5085233235217044,-0.5360051799057635,-0.2379257336486378,-0.09117718290524167,0.0,-1.0049401147447377,3.803449715730913,4387.53033646004
Sin'Cere McMahon,-3.3579418676223405,-2.603394366776043,-0.7545475008462976,-1.8389128687517986,-0.20696335880780461,-0.5575181392164398,-0.6101987415688969,-0.039252359853584495,-0.10509639942381631,0.0,-0.9088302573016451,3.9293426242155354,2600.1286353827672
TJ Johnson,-3.3597243916627955,-2.632283336162698,-0.7274410555000977,-1.9970078503331867,-0.04290645220235548,-0.5923690336271557,-0.587675501721064,-0.03967141059913024,-0.10009414317990346,0.0,-0.7750410396085449,3.7719283868279003,5301.553827602427
Gabe Warren,-3.3611189300453628,-2.401651879595629,-0.959467050449734,-1.7109838206632144,0.04347806158695072,-0.7341461205193653,-0.7941382511329749,-0.07866353377792608,-0.08666526553883298,0.0,-0.8559968582491737,3.828451275271242,3881.7402645530838
Marcus Dockery,-3.361604271651034,-2.432189687166203,-0.9294145844848306,-1.760570419944737,-0.31027798522163014,-0.36134128199983623,-0.6887613339434717,-0.15101285751429505,-0.08964039302706382,0.0,-0.9122725177628253,3.8156995982090844,4127.679433445219
Will Hornseth,-3.3622107887440955,-2.700272970215839,-0.6619378185282568,-1.8920356664580018,-0.22774752673487436,-0.5804897770229623,-0.5413811026973933,-0.050353566460261234,-0.07020314937060233,0.0,-0.9287940195887003,3.855090342972873,3425.492922442563
Daemar Kelly,-3.3634148726966635,-2.806778707418656,-0.5566361652780075,-1.976953763057136,-0.29388212448326173,-0.535942819878258,-0.30811278406245035,-0.1292138192973786,-0.11930956191817857,0.0,-1.078348325577077,3.8289864911314186,3851.821611455125
London Fields,-3.3637743568927347,-2.5187443183895017,-0.845030038503233,-2.1013322847594518,-0.03157072436880751,-0.3858413092612426,-0.7074241366928785,-0.05412468616136218,-0.08348121564899241,0.0,-0.5550179354404047,4.012122861567031,2021.0404750969137
Tibet Gorener,-3.3656414919591415,-2.59110853900953,-0.7745329529496114,-1.8419096023936505,-0.15127244648911048,-0.5979264901267691,-0.6012007042238006,-0.0630146055690515,-0.11031764315675935,0.0,-0.9225311853416904,3.9528219225616006,2418.5606396765133
Patrick Punch,-3.366681622550116,-2.9726189343950082,-0.39406268815510814,-2.034251519057351,-0.3275297214507721,-0.610837693886885,-0.25635896789075774,-0.031190071345157763,-0.10651364891919264,0.0,-1.0760711356020074,3.9059786526586473,2798.81022155417
Blake Barkley,-3.366822417082413,-2.283407972982928,-1.0834144440994853,-1.8105021438249804,-0.11579045827405401,-0.3571153708838933,-1.0033349568927452,-0.0024957517779115174,-0.07758373542882849,0.0,-0.5529853163646873,3.9179413353464283,2703.522605489243
Turner Buttry,-3.3668506507820797,-2.206725986272763,-1.1601246645093166,-1.7203462460895436,-0.16685248562519883,-0.31952725455802067,-0.7567848883056019,-0.312572775253278,-0.09076700095043659,0.0,-0.889719516386934,3.7964577696487516,4589.507493352308
Brandon Angel,-3.3669277661046655,-2.539819726429104,-0.8271080396755615,-1.6264077056788615,-0.26916727598283563,-0.6442447447674067,-0.5331467439720301,-0.19642903068336837,-0.09753226502016304,0.0,-1.2073733164537737,3.8450945021607175,3590.488945835139
Evan Nelson,-3.3669596948780036,-2.6566757555117655,-0.7102839393662382,-1.8239640551206353,-0.2764855878436835,-0.5562261125474466,-0.6089239049508374,-0.012157208393378846,-0.08920282602202204,0.0,-0.9340717348065309,3.964068411746909,2326.9793362858054
Thomas Howell,-3.3670353718786195,-2.5581300612069264,-0.8089053106716931,-1.9518446096355755,-0.1518717055809254,-0.4544137459904256,-0.6349534499552786,-0.07275606960840988,-0.10119579110800471,0.0,-0.7802373122877655,4.010220957514898,2036.3798973570838
Zach Bell,-3.3671021862851696,-2.647403606273451,-0.7196985800117182,-1.9389815909565569,-0.19032437946090244,-0.5180976358559919,-0.646415916940618,0.028591158840046607,-0.1018738219111468,0.0,-0.7817046783879945,3.902792266244873,2851.1646811096157
Toby Nnadozie,-3.367197539058256,-2.7493771474524924,-0.6178203916057635,-1.8622132668103883,-0.3135289356599511,-0.5736349449821526,-0.7946230449958105,0.24208415947555142,-0.06528150608550443,0.0,-0.7103612272520567,3.8795895677488317,3086.0238412886783
Marcus Rigsby Jr.,-3.3676031412661023,-2.8105137084191343,-0.5570894328469681,-2.1128097401887724,-0.32176930865760855,-0.37593465957275307,-0.5768962186281359,0.12508353006579076,-0.10527674428462294,0.0,-0.6778971824491938,3.868445373427187,3251.5847281419265
Maguire Mitchell,-3.3677647566115576,-2.402465501301324,-0.9652992553102338,-1.7605613250029897,0.01891403873938738,-0.6608182150377216,-1.0670889839069932,0.18318147023059514,-0.08139174163383561,0.0,-0.5401144477015747,3.9145472650667164,2724.84767592561
Rahmir Moore,-3.368110491798027,-2.635059809050613,-0.7330506827474136,-2.0264449383374243,-0.03938677353251935,-0.5692280971806698,-0.39958406379765343,-0.23497020290391957,-0.09849641604584058,0.0,-0.9420814896629492,3.9974306342154535,2103.3666654694607
Landon Glasper,-3.369297866475205,-2.110473275935163,-1.258824590540042,-1.9330857967430803,0.184690103836894,-0.3620775830289765,-0.970939011457495,-0.1678689524028405,-0.12001662667970656,0.0,-0.4652730582746296,3.9609698334241434,2348.770585919503
Money Williams,-3.369331474236663,-2.6091317921610253,-0.7601996820756376,-1.5455683822145834,-0.3398287301307973,-0.7237346798156445,-0.5475720911927557,-0.13358863488431535,-0.07903895599856652,0.0,-1.2761910008293238,3.7712975475585777,5343.005678751726
Mark Freeman,-3.369568357591904,-2.471122983696533,-0.8984453738953713,-1.8347877359820541,-0.15841467532241787,-0.4779205723920608,-0.614315407903624,-0.18835786370524138,-0.09577210228650587,0.0,-0.9204652137062259,3.9236935637364816,2655.383250053152
Geoff Sprouse,-3.372966855337906,-2.438776205931786,-0.9341906494061201,-1.8502891889187458,-0.161129191869685,-0.4273578251433551,-0.8108391313464662,-0.030004559141548322,-0.09334695891810549,0.0,-0.7118385350726939,3.794701737386308,4615.171701198437
Jamahri Harvey,-3.37465719322674,-2.5401576745602044,-0.8344995186665356,-1.834519265199906,-0.2176062036264877,-0.48803220573381045,-0.783422017903143,0.04524171313049444,-0.09631921389388697,0.0,-0.7567159101236907,3.936663954929302,2526.8836037234387
Evan Taylor,-3.3749340521049356,-2.7984634395593693,-0.5764706125455664,-1.8736749020063235,-0.07370504175239412,-0.8510834958006515,-0.384332551478141,-0.08833960530041982,-0.10379845576700568,0.0,-1.116926598620471,4.000670179864216,2091.2553395286063
Blair Thompson,-3.375792243528414,-2.5060818486917222,-0.8697103948366915,-1.9209056779684555,-0.2575544100389152,-0.3276217606843518,-0.6400631020647065,-0.15712770632331502,-0.07251958644867013,0.0,-0.814823463495252,3.7774912765692354,5101.692771577238
Isaac Haney,-3.3759341088652537,-2.3969771382764504,-0.9789569705888032,-1.7363728686154083,-0.13366246902033455,-0.5269418006407074,-0.8585653015332745,-0.020562239946871633,-0.09982942910865704,0.0,-0.7809959387165706,3.879936089662876,3097.700087703775
Brian Taylor,-3.3761771278232504,-2.6385533526112086,-0.7376237752120418,-2.047518333498478,-0.22523923660722917,-0.3657957825055017,-0.5249337097816865,-0.11430726293264644,-0.09838280249770878,0.0,-0.8037250845430862,3.930841623487716,2583.8770469473125
Markeese Hastings,-3.376215646961108,-2.6060633590183255,-0.7701522879427823,-2.0090096057006117,-0.24966594504182774,-0.3473878082758863,-0.5640516229625613,-0.12180717064856833,-0.08429349433165283,0.0,-0.8031544182979352,3.9701139259277,2277.1918320781797
Kheni Briggs,-3.3769082078497594,-2.6319347944521936,-0.7449734133975657,-1.9217002017836455,-0.05784169161494193,-0.652392901053606,-0.7663039237641683,0.11917880395949526,-0.09784829359289268,0.0,-0.6889040823019453,3.932070278627679,2571.0471585872306
Tsotne Tsartsidze,-3.3786874273799348,-2.4973763904798316,-0.881311036900103,-1.9998476941755967,-0.09180153094568341,-0.4057271653585517,-0.630286724171301,-0.15936198340750457,-0.09166232932129738,0.0,-0.7485530090330371,4.000822440903817,2101.3944624658893
Jeremiah Johnson,-3.378732091072843,-2.3741054629189575,-1.0046266281538854,-1.7330045547156074,-0.11779691432621227,-0.5233039938771378,-0.9531466860864545,0.040615893579451195,-0.09209583564688209,0.0,-0.692580850270781,3.793763417165424,4637.017092236822
Ben Bradford,-3.379603685405824,-2.4573326058300817,-0.9222710795757425,-1.653580475373468,-0.11336199385747903,-0.6903901365991347,-0.623978949628512,-0.2092104280569979,-0.08908170189023251,0.0,-1.1020442604038443,3.8731537789129002,3182.1170209742304
Kaleb Brown,-3.382751324006152,-2.843273673450744,-0.539477650555408,-1.9045626769878286,-0.36779405709501756,-0.5709169393678979,-0.46323073823539096,-0.0006303381820506743,-0.07561657413796641,0.0,-1.0149579087829326,3.873187891390507,3178.855291377845
Ethan Taylor,-3.3839648727923195,-2.7446511763840022,-0.6393136964083173,-1.818850118258915,-0.20949220805601615,-0.7163088500690712,-0.4671810532936565,-0.060302544131640975,-0.11183009898301982,0.0,-1.097933701239748,3.807558227050455,4294.713293060313
El Ellis,-3.3842020077017865,-2.51609938745757,-0.8681026202442162,-1.7743950899074665,-0.20473495612633347,-0.5369693414237703,-0.6126834994736233,-0.16113687804351312,-0.09428224272707982,0.0,-0.9971234183206968,4.019678128503002,2001.6103934038256
Quincy Olivari,-3.3851358907264677,-2.412827490880956,-0.9723083998455118,-1.8341637800554054,-0.14838964122453624,-0.43027406960101433,-0.7549708839547299,-0.11425658335728367,-0.10308093253349826,0.0,-0.7960012267163326,3.93123638727076,2582.799464762532
Connor Sevilla,-3.3855530862736516,-2.559178089528883,-0.8263749967447683,-1.817669062912135,-0.11616432835235481,-0.6253446982643931,-0.5482501864611138,-0.17140427333776442,-0.10672053694589013,0.0,-1.0196338369004025,3.7821629989135634,4978.769918920205
Jake DiMichele,-3.3862731333979186,-2.5963514542077726,-0.7899216791901459,-1.7890179880390507,-0.27371319596358246,-0.5336202702051395,-0.5959046654353944,-0.10165038002050072,-0.09236663373425066,0.0,-1.0013504799234734,3.977420185591686,2227.873985654701
Adrian Uchidiuno,-3.387373315112691,-2.8873477207217175,-0.5000255943909733,-2.0595084812917337,-0.17971729100368883,-0.6481219484262951,-0.3480913125496478,-0.057073146460827895,-0.0948611353804976,0.0,-0.9797735212713095,3.9751068900900886,2253.0755092129775
Aaron Clark,-3.3875510517883978,-2.492572634461495,-0.8949784173269031,-1.6949775417329138,-0.07225672552699465,-0.7253383672015865,-0.7224870016187372,-0.04639651806155362,-0.12609489764661225,0.0,-0.9700865084367472,3.8749608346979714,3158.0705444438718
Dwayne Pierce,-3.389207066433359,-2.5192048740967117,-0.8700021923366472,-2.1093130088278325,-0.19545375257656739,-0.21443811269231183,-0.3814739864216481,-0.38697528496339584,-0.10155292095160326,0.0,-0.8984200711838783,4.018106367241409,2001.7419201907535
Al Green,-3.389589339543436,-2.3081855784397396,-1.0814037611036964,-1.8679546422382456,-0.1657538201346603,-0.2744771160668338,-0.9412760117193765,-0.04819975480255692,-0.09192799458176315,0.0,-0.5803586855858142,3.94119226573337,2509.4183797600726
Denver Anglin,-3.391187297117063,-2.4971833889637116,-0.8940039081533515,-2.0055842980733294,-0.00967769622445766,-0.4819213946659247,-0.7404340705485852,-0.08248501131164994,-0.07108482629311633,0.0,-0.6451689284951486,3.8243187720948315,3943.6320461135224
Ace Talbert,-3.3913021706297606,-2.7294373332443334,-0.661864837385427,-1.9595083440150618,-0.11336176875171147,-0.6565672204775603,-0.7039478675005124,0.11453809224881636,-0.07245506213373093,0.0,-0.7278459591141864,3.8426990842387276,3617.556093918905
AJ Dancler,-3.3923180242553306,-2.6771416669212815,-0.7151763573340489,-1.824857742279692,-0.07137976866584449,-0.7809041559757451,-0.36635793304545283,-0.2473799538874718,-0.1014384704011243,0.0,-1.2011023489301857,3.7651570892349917,5555.43349813078
Jordan Rogers,-3.3954493395153817,-2.7962332014080933,-0.5992161381072886,-2.081940760999201,-0.23109668629166372,-0.48319575411722837,-0.3439100598497191,-0.14608659493536227,-0.1092194833222072,0.0,-0.9695985186664615,3.8220805465956396,3989.1395241045016
Assane Diop,-3.3956523368048095,-2.798713369166813,-0.5969389676379967,-1.9928529682539002,-0.40242900736208664,-0.4034313935508261,-0.25353430335409866,-0.2823714556469257,-0.061033208636972404,0.0,-1.1492650651968108,3.8991311487690137,2870.276986073175
Mickey Pearson Jr.,-3.3961709316748503,-2.4456261346505013,-0.9505447970243491,-1.7773756207213627,-0.2246119121595373,-0.44363860176960107,-0.6426296447595518,-0.19068911359314353,-0.11722603867165382,0.0,-0.9761656661939357,3.848090246778261,3537.579561112793
Ahmad Harrison,-3.3962056883561043,-2.755034350706559,-0.6411713376495451,-2.0871976100060365,-0.1010638433864576,-0.5667728973140653,-0.6076259767254384,0.06448859804883639,-0.09803395897294309,0.0,-0.7013821016246296,3.945827230128326,2444.569579673838
Michael McNair,-3.397389783401345,-2.240795442737686,-1.1565943406636594,-1.697993691894472,-0.07593406894885214,-0.46686768189436173,-0.7971517191982677,-0.26527381896077906,-0.09416880250461256,0.0,-0.9022443723086055,3.7735540839228654,5252.843813453198
Tai'Reon Joseph,-3.397850969844165,-2.591507506929639,-0.8063434629145261,-1.9436260892092827,-0.0222873548443617,-0.625594062875995,-0.9768153081528259,0.2642330591015186,-0.09376121386321884,0.0,-0.4774095724820569,3.791341390027202,4706.205358284371
Kyle Thomas,-3.3981698599831223,-2.7402133808564346,-0.6579564791266878,-1.868841203047411,-0.37111091887208403,-0.5002612589369395,-0.4003654085001034,-0.16837238253233794,-0.08921868809424637,0.0,-1.1289632484356078,3.996936358757613,2129.1951667580206
AJ Casey,-3.398791903100059,-2.5432109180656237,-0.8555809850344354,-1.8591109953226852,-0.2036333925249122,-0.48046653021802627,-0.7465512801625324,-0.00934341790262845,-0.09968628696927445,0.0,-0.7931296276148414,3.872894541148139,3193.8145036399505
Cade Hornecker,-3.3993259971991803,-2.7754001914985986,-0.6239258057005819,-1.8768943272804828,-0.3716989929159572,-0.5268068713021585,-0.4502813721583192,-0.06490454822804313,-0.10873988531421948,0.0,-1.0721502977603783,3.984880815960937,2191.1947730714
Christian Humphrey-Rembert,-3.400037732099533,-2.629866231891791,-0.7701715002077422,-1.8183750810464505,-0.003459099010044736,-0.8080320518352955,-0.43635293544561654,-0.2177863871529318,-0.11603217760919379,0.0,-1.1453097156074656,3.915534271893863,2719.962670964256
Caleb Walker,-3.4001091877536744,-2.8660802659982276,-0.5340289217554466,-1.8370906648461036,-0.4973815298128532,-0.5316080713392709,-0.4645623536594821,0.007349247284817381,-0.0768158153807818,0.0,-1.0984561692480888,3.9489067223314263,2433.256463089099
Elijah Jamison,-3.4015129584408355,-2.4575234371591654,-0.9439895212816698,-1.9242922131780138,-0.15249685922851794,-0.38073436475263395,-0.7165566574256998,-0.12123225662067917,-0.1062006072352908,0.0,-0.7606640878371218,3.7994055799333695,4496.697310933301
Keynan Davis,-3.4018503694887556,-2.5676763048419784,-0.8341740646467773,-1.9472262043617392,-0.22064711085623645,-0.39980298962400285,-0.7998555490518175,0.04472430578359021,-0.07904282137854998,0.0,-0.6547686160751991,3.917552425724702,2698.3664674308684
Hassan Perkins,-3.402554260018282,-2.3518067651024652,-1.0507474949158169,-1.788388277305333,-0.09607979541833023,-0.4673386923788022,-0.8939944542920519,-0.06860190208067606,-0.08815113854308897,0.0,-0.7201715284208975,3.875488023481466,3148.5882626530542
Matija Belic,-3.4035905198563805,-2.4998615081323483,-0.9037290117240322,-1.7682529619445193,-0.2974002357498629,-0.434208310437966,-0.7331934755754539,-0.09302856492613434,-0.07750697122244393,0.0,-0.9021440823364071,3.9809111533632113,2228.3639727260124
Jay Alvarez,-3.4069120052737967,-2.5360013853293135,-0.8709106199444833,-2.099110495403311,-0.2167319089899942,-0.22015898093600833,-0.4912389146831061,-0.26918723086118235,-0.11048447440019482,0.0,-0.8165625951873797,3.942015863639809,2488.2188831059557
Sebastian Akins,-3.4072983289967236,-2.472194754679021,-0.9351035743177026,-1.7950250899119784,-0.10307770389346511,-0.5740919608735776,-0.875722246296776,0.012545794677559688,-0.07192712269848636,0.0,-0.7365509927879694,3.872780223284025,3195.716002487976
Robert Braswell IV,-3.4076851089952016,-2.4415114168937606,-0.9661736921014409,-1.9101239058187802,-0.1704497481683009,-0.36093776290667967,-0.7119355077851459,-0.13871441139890642,-0.11552377291738854,0.0,-0.7856256953912756,3.960885583962473,2348.175391826357
Christopher Flippin,-3.4078170980698763,-3.1521816108563865,-0.2556354872134896,-1.9471738519930057,-0.4513020187976319,-0.7537057400657488,-0.12976820073684825,-0.03053995540769732,-0.09532733106894405,0.0,-1.330875045340022,3.9223902449634527,2651.589944312469
Toneari Lane,-3.4078278615684425,-2.026417870981961,-1.3814099905864814,-1.7873272222217031,0.035611410341119754,-0.2747020591013776,-1.0448583202110964,-0.2314247706943362,-0.10512689968104884,0.0,-0.5756423191356429,3.746496869933697,6338.45236061156
Terrance Williams II,-3.4092793105740338,-2.505115282428953,-0.9041640281450807,-1.8337183411954023,-0.13518013871873197,-0.5362168025148186,-0.6501445248235884,-0.15269775437930327,-0.10132174894218887,0.0,-0.9254164445550428,3.8377763714916373,3706.040901908379
Coleton Benson,-3.4094283517384922,-2.476071271043225,-0.9333570806952675,-1.9104574201559346,-0.22601458501165628,-0.33959926587563427,-0.5858953344184337,-0.2463235760617125,-0.10113817021512132,0.0,-0.9130755971641243,3.767332050815695,5481.801905909046
Devon Ellis,-3.4114745581226824,-2.651042057568909,-0.7604325005537733,-1.8950633907572214,-0.06367045614380858,-0.6923082106678792,-0.70526520950146,0.02366698784203143,-0.0788342788943448,0.0,-0.8111459578640011,3.8179240211007297,4080.334876089894
Trevon Reddish-Rhone,-3.412607228184143,-2.6575065316578166,-0.7551006965263267,-1.9464180336040728,-0.31949555929078705,-0.39159293876295703,-0.6693116845000681,0.012424030201278219,-0.09821304222753686,0.0,-0.7968775100800027,3.9860786021754335,2177.647001932087
Jaeden Marshall,-3.414776672309938,-2.67593426120131,-0.7388424111086281,-1.907914159583089,-0.1557194996175323,-0.6123006020006886,-0.5150823033341715,-0.11379500717225634,-0.10996510060220036,0.0,-0.9917802093926775,3.8153795599408604,4129.556148302211
Blake Peters,-3.4150642328715777,-2.429721807255073,-0.985342425616505,-1.7737278541753478,-0.07937796344896553,-0.5766159896307596,-0.766134065046789,-0.1313131839023114,-0.08789517666740451,0.0,-0.875202313649441,3.9079982882694124,2786.4733254965095
TJ Caldwell,-3.4159155542656774,-2.617605743985802,-0.7983098102798752,-1.8972170427431025,-0.1354359171584832,-0.5849527840842164,-0.556861309700105,-0.1549979530193043,-0.08645054756046595,0.0,-0.9618372018224698,3.8744878289726246,3173.540874026347
Tobi Lawal,-3.415971101875527,-2.6024903923830287,-0.8134807094924982,-1.8559275130433799,-0.2710906708514681,-0.47547220848818084,-0.5786704554449308,-0.13966214205711636,-0.095148111990451,0.0,-0.9813731333872163,3.8066047609864637,4318.199150683427
Braxton Williams,-3.4166931356215233,-2.329417788491128,-1.0872753471303958,-1.8743665469183868,-0.09277866248083536,-0.36227257909190574,-0.9226145264374833,-0.06112203506559837,-0.1035387856273141,0.0,-0.6197120622656536,3.9067168785758892,2813.0784669959103
Jaden Baker,-3.416925255838445,-2.314142098490863,-1.1027831573475821,-2.028870096591483,-0.2238414350735275,-0.061430566825852184,-0.8573454686011214,-0.14884596292266372,-0.09659172582379727,0.0,-0.5307096906458406,3.9919030425202027,2141.858863774347
Josiah Harris,-3.416928246968758,-2.041932626921769,-1.374995620046989,-1.8091031161059843,-0.10077903542395852,-0.13205047539182602,-1.1918222551602882,-0.09832172136129896,-0.08485164352540188,0.0,-0.4160028757024854,3.902463949803434,2836.3744283679516
Bukky Oboye,-3.4173947180881576,-2.6490131781291257,-0.7683815399590319,-1.9201242549332804,-0.2813957658126397,-0.44749315738320594,-0.6494391925605588,0.005369563453803461,-0.1243119108522765,0.0,-0.8478312705943187,4.01172149413643,2037.053258295053
Yuri Covington,-3.4175182298672624,-2.4332670701001726,-0.9842511597670895,-1.8919736834111895,-0.26416672059127366,-0.27712666609770964,-0.6691780627445119,-0.2044041025992925,-0.11066899442328511,0.0,-0.856366483711561,3.84564614928774,3583.666972993059
Yacine Toumi,-3.419019114048429,-2.7916881760213963,-0.6273309380270329,-2.0352291230459203,-0.2939587441766248,-0.46250030879885107,-0.5582438579933565,0.006495925986861856,-0.0755830060205383,0.0,-0.8255461330091522,3.8575417769407188,3381.9328355239086
Evan Phelps,-3.420463629344293,-2.861128351857201,-0.5593352774870919,-2.028991098703826,-0.2785551985523329,-0.5535820546010426,-0.6448536242751669,0.1729014719609104,-0.08738312517283545,0.0,-0.7466189063653005,3.873284816197345,3171.738455659844
John Squire,-3.42051205032191,-2.767786577164566,-0.6527254731573442,-1.9853135091779144,-0.2352868723258479,-0.5471861956608034,-0.46400293611913507,-0.08661246155300314,-0.10211007548520604,0.0,-0.9711956050248605,3.9505118391291862,2416.0244876209317
Darren Williams,-3.420717349705754,-2.486421160371367,-0.9342961893343871,-1.8831418958765052,-0.07022980158509148,-0.5330494629097702,-0.8124022621745404,-0.043051433363483146,-0.07884249379636354,0.0,-0.7251731916547084,3.97694926700012,2236.452901200486
Brady Cummins,-3.4207483267539667,-2.709384486277612,-0.7113638404763548,-1.7713673730112294,-0.11265651284874076,-0.8253606004176417,-0.4865339466416697,-0.13221609269096704,-0.09261380114371813,0.0,-1.1628470071010677,3.890364932377099,2985.1238681598998
Marko Ljubicic,-3.424294872361456,-2.705071852055923,-0.7192230203055331,-1.9991714100822604,-0.2587018690246742,-0.44719857294898835,-0.5909618541910542,-0.02752231754549593,-0.10073884856898296,0.0,-0.8341616080881414,4.009601499351196,2041.697003942253
JJ Traynor,-3.4255769087558896,-2.40705739881053,-1.0185195099453597,-1.943555698120483,-0.29043934397291654,-0.17306235671713038,-0.8779236938016088,-0.04252291660704912,-0.09807289953670167,0.0,-0.6040975168337976,3.8191448350226045,4026.058053209923
Quentin Heady,-3.4256270669313347,-2.880003260357139,-0.5456238065741961,-1.9209317621522428,-0.3008517710366445,-0.6582197271682515,-0.43826844044048235,0.012297965704892486,-0.1196533318386062,0.0,-1.0664268643386097,3.881595325854432,3076.890604005253
George Natsvlishvili,-3.426734012657499,-2.453086278459323,-0.9736477341981763,-1.9491927272172327,-0.2015506931492047,-0.30234285809288575,-0.7311071416497769,-0.15133951539133206,-0.09120107715706735,0.0,-0.7464341437904899,3.967706964501147,2297.7855614829914
Alfred Worrell Jr.,-3.4272565176085283,-2.4767776664289167,-0.9504788511796114,-1.8286867078859665,-0.2331835887108835,-0.41490736983206666,-0.6296253061867817,-0.2158664436292159,-0.10498710136361378,0.0,-0.9689445035357799,3.8450267753409824,3597.0779450261944
Noah Melson,-3.428246851234019,-2.5024135796836964,-0.9258332715503225,-1.8515625658368808,-0.10059124540271498,-0.5502597684441008,-0.7604756108370215,-0.07234974669597036,-0.09300791401733052,0.0,-0.8162086745601168,3.9697624999063823,2289.1978213941848
Dailliss Cox,-3.4284809492436947,-2.4136657656902796,-1.014815183553415,-2.0987784210035803,-0.04498579006312245,-0.26990155462357696,-1.0545697656512645,0.1348231940152694,-0.09506861191741986,0.0,-0.2751327625888499,4.000151536168293,2084.783955718902
Jayden Williams,-3.428935159795658,-2.4848796097682495,-0.9440555500274085,-1.8633059462722974,-0.12669266262865467,-0.4948810008672976,-0.760421913130802,-0.10243060308794229,-0.0812030338086642,0.0,-0.8052073003925587,3.8277861390098424,3895.830277212597
Emanuel Richards,-3.4289411820407834,-2.7869224595703406,-0.6420187224704429,-1.8331287574237198,-0.33620408096792026,-0.6175896211787005,-0.5528724621682309,-0.0011564219693526029,-0.08798983833285932,0.0,-1.0429399624488327,3.8182209339205007,4048.9601033638337
Khali Horton,-3.4290410250122836,-2.5472792448861625,-0.8817617801261212,-2.0778353710478856,-0.08605447455168168,-0.38338939928659516,-0.6968893032890471,-0.07418602187320139,-0.11068645496387272,0.0,-0.654316350675351,3.860678082388602,3340.8672288514445
Kayden Mingo,-3.430965096193237,-2.3888492317077814,-1.0421158644854558,-1.6101868869091047,-0.019273573383518317,-0.7593887714151586,-0.9772178932721347,0.0201660432786976,-0.08506401449201864,0.0,-0.8435603160119979,3.918119478043741,2693.8291446184667
Daniel Mayfield,-3.4311664109218007,-2.7676175511146726,-0.663548859807128,-2.0534687619174985,-0.12093217741592113,-0.593216611781253,-0.3620982472663773,-0.19780970110264193,-0.10364091143810877,0.0,-1.0155994017379248,3.936083681536185,2526.099901358702
Jamir Simpson,-3.4314815234565166,-2.650915524910814,-0.7805659985457029,-1.9641149533826614,-0.21485520384818074,-0.47194536767997153,-0.38415467927486546,-0.2765307952618757,-0.11988052400896165,0.0,-1.0832118907989896,3.7822305229995896,4972.343032388893
Tyler Schmidt,-3.4325890280973175,-2.1343293014340317,-1.2982597266632858,-1.7488938031545023,-0.0794726867333592,-0.30596281154617005,-1.1334772683542718,-0.0999056700596468,-0.06487678824936725,0.0,-0.5502179565885433,3.9071733071965125,2810.8635571171844
Supreme Cook,-3.4338767462860864,-2.538181904842066,-0.8956948414440205,-1.790781252121795,-0.2651658066471499,-0.48223484607312095,-0.698758000479574,-0.11611131384513143,-0.08082552711931505,0.0,-0.9443374936847172,3.9242532691029677,2630.5606365051317
Jake Lemelman,-3.4345923269742915,-2.3572009632604556,-1.0773913637138357,-1.763102582205455,-0.1350126263324815,-0.4590857547225193,-1.066735694288774,0.08447947176985246,-0.09513514119491412,0.0,-0.6047540504800624,3.8398321040724337,3685.144709285976
Issac McBride,-3.435109391666239,-2.515502384287404,-0.9196070073788354,-1.7046170943571344,-0.0034196281000152817,-0.8074656618302544,-0.6723517941453222,-0.13838526417116348,-0.10886994906234972,0.0,-1.058140503163783,3.798173128617141,4537.889276740532
Anthony Wrzeszcz,-3.436175850411134,-2.8004387521125906,-0.6357370982985431,-1.999949864164284,-0.0573335747736983,-0.7431553131746085,-0.48161440885906875,-0.0449849788372448,-0.10913771060222953,0.0,-0.9546115773877811,3.8927325480261756,2950.0959958262583
TJ Gadsden,-3.438040137087763,-2.7705392210195767,-0.6675009160681862,-1.9146157124157661,-0.22911789147534548,-0.6268056171284654,-0.4646796934006892,-0.11138959332903663,-0.09143162933846037,0.0,-1.0587447312713079,3.9813556823350322,2215.163916102133
Khayri Dunn,-3.4389980880307505,-2.5918209249333293,-0.8471771630974214,-2.0686495223664094,-0.12247491070635792,-0.4006964918605622,-0.6025923382117305,-0.16670035545278178,-0.07788446943290903,0.0,-0.7677562274526111,4.016344355734377,2009.4479053390437
Jalen Haralson,-3.43905243494036,-2.651298631035825,-0.7877538039045348,-1.7655886302813972,-0.23853738638092042,-0.6471726143735073,-0.5223568245816489,-0.17021783386809874,-0.09517914545478708,0.0,-1.1511069800773133,4.000019878788381,2102.613090834341
Tim Oboh,-3.4395657475557155,-3.1947094784216494,-0.244856269134066,-2.029298251010007,-0.4035466725960148,-0.7618645548156278,-0.1415908483889876,-0.0072048256807178,-0.09606059506436061,0.0,-1.268676648156721,3.9190107328401127,2678.9075857427924
Matt Mayock,-3.4396726390203645,-2.777436879004971,-0.6622357600153939,-1.844202808251254,-0.14680174065389337,-0.7864323300998237,-0.4833724561132483,-0.102021500111274,-0.07684180379087152,0.0,-1.1120973746558627,3.7814638422979,4981.557890819283
Cobie Montgomery,-3.4401847709186217,-2.602140336382044,-0.8380444345365776,-2.1284694296444746,-0.06478813223511641,-0.40888277450245303,-0.5292618552489885,-0.20421120953377245,-0.10457136975381662,0.0,-0.7824534860251585,3.9889644276996954,2169.9890939761335
Wes Peterson Jr.,-3.442012888579654,-2.992978593249417,-0.44903429533023687,-1.7410188169419056,-0.20443740329189639,-1.0475223730156151,-0.06229048249327873,-0.29331076656720156,-0.09343304626975656,0.0,-1.6387035891444697,3.800779585720602,4456.772172727131
Will Shortt,-3.442039778658376,-2.96604584667793,-0.47599393198044593,-1.9365293226191298,-0.4232602576135094,-0.606256266445291,-0.18586783208362584,-0.20116219201328117,-0.08896390788353892,0.0,-1.3196426239556205,3.9644860089697005,2314.567184766842
Ruot Bijiek,-3.4422243397856596,-2.609340497881322,-0.8328838419043378,-2.073812424178009,-0.07179844554118164,-0.4637296281621314,-0.7716480271924768,0.0333943314976759,-0.09463014620953693,0.0,-0.596763888415174,3.8226960134479895,3989.8481383152475
Landon Clark,-3.442284790392103,-2.5376693289046917,-0.9046154614874116,-1.9259491191070925,-0.2730109896585451,-0.3387092201390539,-0.6651942174923402,-0.16660517546267273,-0.07281606853239865,0.0,-0.8511414537926704,3.9606233649361173,2343.10464408794
Santiago Trouet,-3.444235940029111,-2.8367303584120536,-0.6075055816170573,-1.9399019193607463,-0.2320069269093532,-0.6648215121419541,-0.5517474190861043,0.026219730702044475,-0.08197789323299746,0.0,-0.9525866015822603,3.812274737486368,4208.371685191472
Kenyon Goodin,-3.445805669435911,-2.42865703800147,-1.0171486314344411,-1.6434638975188547,-0.055873208326543564,-0.7293199321560717,-0.6876823096317489,-0.20303165501271156,-0.12643466678998055,0.0,-1.1146594622853074,3.840987842406786,3657.16400645853
X'Zaevion Barnett,-3.4472764095496276,-2.7580244268327765,-0.6892519827168512,-2.06338309119881,-0.17285490843707108,-0.5217864271968957,-0.4847890713088326,-0.07972290451694014,-0.12474000689107842,0.0,-0.8991042470419854,3.9507073170296163,2416.132915076255
Victor Valdes,-3.447852648752612,-2.724563505184311,-0.7232891435683012,-1.8313420063242019,-0.2697718599689046,-0.623449638891205,-0.5977664292966858,-0.03555070461473141,-0.08997200965688405,0.0,-1.018744213131725,3.7987857013832134,4522.992865771563
Nick Spinoso,-3.4493241287501064,-2.821170054699964,-0.6281540740501423,-1.9244048146558552,-0.2995253090382779,-0.5972399310058308,-0.2666339240172853,-0.24342046259714442,-0.1180996874357126,0.0,-1.2582853900769657,3.905731109481386,2829.767607465541
A.J. McGinnis,-3.449382230438113,-2.655289514046891,-0.7940927163912218,-1.951358426360483,-0.10213968802752109,-0.6017913996588866,-0.6579018676654759,-0.023935430673497134,-0.1122554180522488,0.0,-0.8401219364121536,3.935419220564622,2543.58968402716
Tyler Shirley,-3.450530749275347,-2.7639893538647513,-0.6865413954105958,-1.8580465866540126,-0.27946851922658034,-0.6264742479841583,-0.7027614925817671,0.10049024893011824,-0.0842701517589469,0.0,-0.8897226700395673,3.884319174919382,3042.844404030235
Jeffrey Mills,-3.4512797047457755,-2.3884746219251722,-1.0628050828206033,-1.7337351940383674,-0.19107912787460127,-0.46366030001220354,-0.9897442523928972,0.02050734165460226,-0.09356817208230818,0.0,-0.7278002583145108,3.8669359737458637,3263.8477577245067
Trey Horton III,-3.4521448767724086,-2.6655016405765686,-0.7866432361958401,-2.100425454279913,-0.22731697488684827,-0.3377592114098074,-0.8103673210693971,0.12393497105671891,-0.10021088618316187,0.0,-0.5413521014230986,4.011484297098528,2040.0988471730293
Nick Honor,-3.453296635460487,-2.463433891976951,-0.9898627434835359,-1.7979753176144961,-0.1016772902462501,-0.5637812841162049,-0.8728020841189315,-0.019424229714590048,-0.09763642965001446,0.0,-0.7825192337270594,3.957015351385719,2381.6434584487615
Micah Tucker,-3.455202233052732,-2.581463902350924,-0.8737383307018081,-1.8159691906786024,-0.21655398158519834,-0.548940730087123,-0.7351196490630935,-0.03355610035285769,-0.10506258128585692,0.0,-0.9041133933110359,3.890550223404479,2980.9275278768164
Sam Lecholat,-3.4555019253685546,-2.362483082506444,-1.0930188428621106,-1.9641287324354866,-0.18880202045284578,-0.2095523296181114,-1.0035166461139042,-0.02493814329098893,-0.06456405345721736,0.0,-0.48785654681916346,3.950940388928401,2421.960006157701
Kaleb Stewart,-3.455840475293275,-2.3948238709460594,-1.0610166043472156,-1.740966110122881,-0.04459334610968099,-0.6092644147134975,-0.8392249187385612,-0.11012104173687738,-0.11167064387177697,0.0,-0.8756494464318328,3.9112276619137742,2761.2295184100076
R.J. Greene,-3.456969632475227,-2.6653330900176,-0.791636542457627,-1.9190250202140609,-0.3006591698618768,-0.44564889994166257,-0.659747620346136,-0.029273723984159464,-0.10261519812733154,0.0,-0.8781969919150304,3.935018517395754,2548.6771797841643
Villiam Garcia Adsten,-3.4583592336709974,-2.916989583656778,-0.5413696500142193,-1.9285834746294042,-0.3833525346736786,-0.6050535743536951,-0.2789239544614879,-0.1502286745876082,-0.11221702096512326,0.0,-1.2508518045801051,3.9305370718868504,2578.2866513271256
Evan Sterck,-3.460028646865538,-2.678187445704237,-0.781841201161301,-1.900108788057103,-0.3070788107605852,-0.47099984688654883,-0.6834814214666456,-0.02560985556213731,-0.07274992413251802,0.0,-0.8764384373417894,3.9975097811104354,2111.5790198515488
Yusef Salih,-3.4602083895437112,-2.7303858553276057,-0.7298225342161054,-1.8904706399000297,-0.2207401112290766,-0.6191751041984994,-0.6554406787517135,0.023282794980481775,-0.09766465044487374,0.0,-0.9142970708919679,4.012012083557347,2029.9996164777667
AJ Storr,-3.461746581139746,-2.3675342662382293,-1.0942123149015166,-1.8344329702255415,-0.08892539390834764,-0.44417590210433994,-0.8873842955787209,-0.1128228111567513,-0.09400520816604441,0.0,-0.7399293153354832,3.764212656761311,5592.792743576521
PJ Fuller II,-3.462877219727827,-2.752497505148429,-0.7103797145793982,-1.8687097036056686,-0.2995205805951283,-0.5842672209476318,-0.761047330841563,0.13405623093067032,-0.08338861466850554,0.0,-0.8331201852805954,3.9534639197033763,2414.411967426695
Jaren Johnson,-3.464316638927271,-2.63435970192182,-0.8299569370054506,-1.7328643517253983,-0.18459981342846543,-0.7168955367679566,-0.716619102475089,-0.02979191119975176,-0.08354592333060987,0.0,-1.0148331847267837,3.920011376697996,2676.979238909049
Michael Teal,-3.4643790420224105,-2.546747226019097,-0.9176318160033132,-2.0162627149531565,-0.34344949117603213,-0.18703501988990856,-0.7919350039031732,-0.033084257591646064,-0.09261255450849405,0.0,-0.6561813231660807,3.8073261953136797,4314.337283658222
Tyler Whitney-Sidney,-3.4664323621821276,-2.799858444923159,-0.6665739172589683,-1.6441461412450389,-0.1576697287179638,-0.9980425749601564,-0.4631990195555339,-0.11661077024222333,-0.08676412746121107,0.0,-1.3590872013815547,3.8342351084786452,3768.3016749787157
Joryam Saizonou,-3.466647467908262,-2.578985998460323,-0.8876614694479388,-1.9132777170495472,-0.18946620134076966,-0.4762420800700062,-0.6288492819747521,-0.17034765749500164,-0.08846452997818505,0.0,-0.9245204688839626,3.9727569055501903,2271.9938524087893
Brycen Blaine,-3.466740268697464,-2.6788485098775436,-0.7878917588199206,-1.8935209683476044,-0.25731466249062523,-0.5280128790393142,-0.6107401954123376,-0.08452765523966185,-0.09262390816792106,0.0,-0.9624791049375224,3.9884433711910954,2184.6392698925465
Eric Acker,-3.467395939760147,-2.451016123278061,-1.0163798164820859,-1.9128232994847516,-0.31476456497936234,-0.22342825881394743,-0.7477600884129352,-0.15756628070293466,-0.11105344736621607,0.0,-0.8068125518624605,3.882586538443179,3051.587554184646
Connor Kochera,-3.471391595766389,-2.7171068915685392,-0.7542847041978493,-1.747217603622228,-0.19677256283586914,-0.7731167251104422,-0.5725924484916889,-0.09054099370686856,-0.09115126199929197,0.0,-1.151581543652472,3.8165445754532636,4095.2374953540175
Lucas Lorenzen,-3.4716509781469904,-2.6403594069832437,-0.8312915711637466,-1.8701492610665325,-0.11283846510914045,-0.6573716808075709,-0.6044370706298786,-0.12769609974343932,-0.0991584007904287,0.0,-0.9970646464505794,3.930087346474127,2583.337228392372
Izaiah Pasha,-3.4731213673412142,-2.593494083824819,-0.8796272835163956,-1.7913854069993183,-0.30827206529774176,-0.49383661152775926,-0.5575350715041422,-0.22065692129318779,-0.10143529071906571,0.0,-1.1242008888377544,3.956221952337756,2383.2328290246605
Tony Felder,-3.4745435918182506,-2.586575897958361,-0.8879676938598898,-1.8509898561303937,-0.1490795204728881,-0.5865065213550789,-0.7404729059872763,-0.040871865097234845,-0.10662292277537865,0.0,-0.8830808297005804,4.008922856591422,2046.1035218065877
Brycen Long,-3.4748315075849856,-2.490965851634463,-0.9838656559505223,-1.7406159122613072,-0.16069241992311895,-0.5896575194500369,-0.9850867776539854,0.10334622416838851,-0.10212510246492543,0.0,-0.7491288176696929,3.976371441942929,2251.98763417304
Yaniel Rivera,-3.475374626884768,-2.6384539364802855,-0.8369206904044827,-1.8207983392068345,-0.1833607253095767,-0.6342948719638744,-0.9223148531454493,0.15147287639079066,-0.0660787136498241,0.0,-0.7322614345324845,3.880708340950549,3080.9647286722875
Owen Larson,-3.4755002142223286,-2.3987969508567186,-1.07670326336561,-1.6690737524237236,-0.14356998324369724,-0.5861532151892981,-0.7932504949301564,-0.20284336183326862,-0.080609406602185,0.0,-1.0131759668684488,3.8329373643070856,3793.3079511493743
Billy Smith,-3.4768988431499768,-2.6094448917900444,-0.8674539513599322,-1.8206030046427943,-0.11939980358040703,-0.669442083566843,-0.6320597569762242,-0.1410398846018116,-0.09435430978189636,0.0,-1.024236081530958,3.7917183039660984,4701.824848724799
Luis Kortright,-3.4792252944873927,-2.5012102438287314,-0.9780150506586612,-1.8099520992914602,-0.17035922254957883,-0.5208989219876923,-0.650249428909864,-0.22946317557154386,-0.09830244617725337,0.0,-1.0190237662860682,3.9505924420737495,2421.964416774291
Caleb Smith,-3.481241909353411,-2.505468156979047,-0.9757737523743638,-2.0975991574600115,-0.16528906107981797,-0.24257993843921777,-0.7756108588702925,-0.10250394827992167,-0.09765894522414965,0.0,-0.6080318930231071,3.9428998989909374,2484.780528868683
Kalen Williams,-3.4814659824484187,-2.6890903048968218,-0.7923756775515971,-2.0233899641576087,-0.1526940770914607,-0.5130062636477526,-0.7108875313829948,0.01632581746995565,-0.09781396363855804,0.0,-0.7471884869078156,4.018074192558082,2011.9991682652867
Isaiah Addo-Ankrah,-3.4817979792396967,-2.383869110589819,-1.0979288686498778,-1.9228501651876637,-0.17242703948489216,-0.2885919059172627,-0.841799332536327,-0.1572450358965789,-0.09888450021697183,0.0,-0.7171484815157055,3.9022789199147945,2847.387449353224
MJ Russell,-3.4827514736408824,-2.4555867787840717,-1.0271646948568107,-1.925671765300983,-0.07470766941008614,-0.4552073440730026,-0.7738219105136933,-0.14108601413776384,-0.11225677020535352,0.0,-0.7832577978262062,3.8399543825364435,3670.0061645176806
Tyler Betsey,-3.48330506568151,-2.310173778339358,-1.173131287342152,-1.7928386440242992,-0.03548127743342666,-0.48185385688163257,-1.0512897015017892,-0.03228120021129063,-0.08956038562907202,0.0,-0.6391767201554218,3.966447874508433,2322.5011123117583
Izzy Miles,-3.4836259556707416,-2.7288021432272584,-0.754823812443483,-1.7440353558446666,-0.394480669314363,-0.5902861180682288,-0.7468245240149911,0.08433116903088186,-0.09233045745937371,0.0,-0.9927660758110837,3.8160416385325893,4115.789813443678
Caleb Kenney,-3.4848188379833687,-2.5999023584387633,-0.8849164795446053,-1.9629386320826603,-0.3220936513035381,-0.31487007505256503,-0.5761646495842417,-0.20668120423002517,-0.10207062573033841,0.0,-0.9457155563164669,3.8622159886476064,3334.0827804488854
Lonnell Martin Jr.,-3.485949390320914,-2.7412709612558794,-0.7446784290650346,-1.7849404704213576,-0.19041772696450535,-0.7659127638700164,-0.4967898865956739,-0.14974140579476192,-0.09814713667459869,0.0,-1.2042190333038825,4.013014707337156,2028.8568948791421
Petar Krivokapic,-3.4863021706931834,-2.7802471920800302,-0.7060549786131533,-1.9007487740652038,-0.3749572323279043,-0.5045411856869217,-0.6010368397575514,-0.01265270193563714,-0.09236543691996468,0.0,-0.9845165568704278,3.869627169393037,3231.6820779740165
Jaxon Edwards,-3.486829912165634,-2.4911420949399483,-0.9956878172256858,-1.9928499960261261,-0.06769222706232687,-0.4305998718514954,-0.8872072370546461,-0.03006369523331761,-0.07841688493772203,0.0,-0.6067726790848619,3.8642780024746397,3291.304482396832
Donovan Rivers,-3.4893904490115566,-2.617283588906261,-0.8721068601052954,-2.0019628899616015,-0.3210598216815545,-0.29426087726310546,-0.6835682284255573,-0.0845011402562549,-0.10403749142348315,0.0,-0.8038593306243981,3.875689935211589,3150.7864013346843
Edouard Benoit,-3.489945698765305,-2.6096992790254014,-0.8802464197399034,-1.9684082088786887,-0.17419315818278752,-0.4670979119639251,-0.49225456489113556,-0.2866973494628907,-0.10129450538587717,0.0,-1.0292829249954805,3.890683425842539,2981.2602499214127
Malachi Brown,-3.490025826080646,-2.572904654164653,-0.9171211719159928,-2.0111542830724667,-0.10592506984161007,-0.4558253012505763,-0.7490696613811592,-0.09613635825154217,-0.07191515228329146,0.0,-0.7298018816270201,3.7915298520183107,4710.381682835523
Kaspar Sepp,-3.4904100384008387,-2.6294758329652703,-0.8609342054355685,-1.8237454808067382,-0.25409305726892206,-0.5516372948896101,-0.6198952073722075,-0.14998802891806207,-0.09105096914529895,0.0,-1.046769350221893,3.8517586567524287,3447.5044616824907
Andrew Henderson,-3.4908048790619706,-2.2845266471253463,-1.2062782319366243,-1.7834168941234276,-0.13341887851690773,-0.36769087448501103,-1.029720744302214,-0.10765579550847806,-0.06890169212593213,0.0,-0.6776672406363289,3.8651827312026183,3300.3721834966655
Tyson Commander,-3.4910156693049097,-2.5673111612621873,-0.9237045080427224,-1.9155970393125237,-0.20255406300178033,-0.44916005894788363,-0.6224179219587629,-0.21064556620054561,-0.09064101988341386,0.0,-0.9530007080336235,3.788815334376826,4762.186331924488
Demarco Bethea,-3.4924181138446984,-2.709166489667834,-0.7832516241768643,-1.9319279009422279,-0.27567544418880807,-0.5015631445367978,-0.7511422394266851,0.0672511839975641,-0.09936056874774331,0.0,-0.8093479734757851,3.8782722550164648,3125.608250513047
Javonte Johnson,-3.4937261382160596,-2.6322510568247806,-0.8614750813912793,-1.837995539831749,-0.1417536528176429,-0.6525018641753887,-0.8669358276593636,0.08785265283499424,-0.08239190656690983,0.0,-0.7887947707249473,3.914923981944062,2717.02485217136
Jace Roquemore,-3.4938044922423566,-2.8345311335975567,-0.6592733586448,-1.6941666211624078,-0.32037717413088485,-0.819987338304264,-0.41350578098646007,-0.1432348894690063,-0.10253268818933359,0.0,-1.3861320900934888,3.914704718749932,2726.4422171177857
Alex Doyle,-3.4971522905430623,-2.5244686375112577,-0.9726836530318048,-2.032251817860155,-0.20993896147647764,-0.28227785817462503,-0.7163748325075601,-0.14148445120657632,-0.11482436931766843,0.0,-0.7485256401753475,3.9903306881756744,2157.572427173639
Tyson Jackson,-3.497859589931533,-2.7179079604742844,-0.7799516294572484,-1.8707718755725566,-0.24876791845732893,-0.598368166444399,-0.6737433158766948,-0.008445093517048766,-0.0977632200635048,0.0,-0.9533443984822816,4.002294085923279,2080.557171276312
Jakob Blakley,-3.498293745035564,-2.872538592320767,-0.6257551527147968,-2.089539265067779,-0.1851797674925234,-0.5978195597604646,-0.4270544381015075,-0.08955061469745762,-0.10915009991583158,0.0,-0.9817000418662772,4.00443794705344,2075.589409688798
Demari Williams,-3.498432369658438,-2.4145467960386657,-1.0838855736197721,-1.8453362346180122,-0.05560973694644135,-0.513600824474212,-0.9739953686774744,-0.008684903666689628,-0.10120530127560803,0.0,-0.6791007663629509,3.9394381342143614,2506.1936677704944
Myles Mayfield,-3.4984661195585014,-2.5951533904063195,-0.903312729152182,-1.7637210871756812,-0.27082326560046655,-0.5606090376301719,-0.6227282485719822,-0.20552456716424017,-0.07505991341595962,0.0,-1.1120167838108381,3.9899261380811235,2159.1149503506044
Khaliq Abdul-Mateen,-3.4989390066488335,-2.527682470581854,-0.9712565360669794,-1.8269735337099233,-0.17245876506831043,-0.5282501718036203,-0.8193600182881392,-0.05130255520603966,-0.10059396257280051,0.0,-0.852605454650771,3.9519930346942123,2418.1455693906405
Malachi Poindexter,-3.4994268867299674,-2.4807686029797655,-1.018658283750202,-1.6646623208050069,-0.2007877558531603,-0.6153185263215982,-0.7789206689496926,-0.1502604829764144,-0.08947713182409513,0.0,-1.0558438969752681,3.887101160233392,3017.345128925392
Eli Beard,-3.49953186102488,-2.607720295056313,-0.891811565968567,-1.8492155792271074,-0.12476470467177733,-0.6337400111574285,-0.8380990578936941,0.04262188735903437,-0.09633439543390727,0.0,-0.8122172239040788,3.945324316961278,2483.371380840258
Terrence Hargrove Jr.,-3.500100168313155,-2.4581893653162044,-1.0419108029969506,-1.7040148994812536,-0.2050860758682482,-0.5490883899667025,-0.8437837967725554,-0.0928658033791025,-0.10526120284529261,0.0,-0.9523014720593459,4.008434887887584,2050.845871259211
Shane Lancaster,-3.5004273178258276,-2.5532594499631536,-0.9471678678626739,-1.8794353929614742,-0.16619379866895406,-0.5076302583327251,-0.7438928825766561,-0.0719163506566411,-0.1313586346293767,0.0,-0.877099042287697,3.9077249831805685,2786.23067404752
Karmello Branch,-3.500538459487081,-2.829988523522572,-0.6705499359645086,-2.0755372062853787,-0.24522271232585108,-0.5092286049113419,-0.4406904837194541,-0.14603266749967547,-0.08382678474537913,0.0,-0.9843107694822475,3.9456126759716805,2455.142904010124
Micah Davis,-3.500848611507265,-2.7981841963159484,-0.7026644151913166,-1.909308122760216,-0.35825326335610264,-0.5306228101996296,-0.7208357746408072,0.1298388206229886,-0.111667461173498,0.0,-0.8707047141062417,3.907704427265855,2785.7460581806763
Jack Graham,-3.5009260294075855,-2.718827102571993,-0.7820989268355925,-1.997239340322959,-0.248230180842159,-0.47335758140687445,-0.5457608514906401,-0.14774768232303082,-0.0885903930219215,0.0,-0.9579258375939858,3.9252935686076738,2622.2568977378305
Cornelius Robinson III,-3.5009940473219494,-2.4411581938537448,-1.0598358534682046,-1.933757333855744,-0.21184668229992185,-0.2955541776980791,-0.8234130536827153,-0.1431063874998066,-0.09331641228568263,0.0,-0.7438236597834902,3.806171075773989,4334.361767535625
Sami Pissis,-3.5016994793902914,-2.6378581061160644,-0.8638413732742267,-1.9197445165542075,-0.18650899690615333,-0.5316045926557034,-0.6219094030009069,-0.12733469293442734,-0.11459727733889251,0.0,-0.9600455598351765,3.8010614532490283,4450.687817516566
Bailey Nunn,-3.5033440124869832,-2.694327947678458,-0.8090160648085252,-1.6711280781058655,-0.1476915818767144,-0.875508287695878,-0.6419797477408281,-0.08330099363290827,-0.08373532343478883,0.0,-1.1902361866402895,3.8530718719842096,3461.7654078910764
Anwar Gill,-3.5051066665680786,-2.4720478804188795,-1.033058786149199,-1.7670015725632071,-0.23774015799180132,-0.46730614986387076,-0.8558546164945215,-0.10594343351277158,-0.07126073614190608,0.0,-0.8822504775103498,3.8673250710957303,3267.4018859857792
Rasheed Jones,-3.506352253505891,-2.5574682641587136,-0.9488839893471774,-2.03386618663994,-0.08556135831210189,-0.4380407192066716,-0.6214779191279033,-0.23710339067007588,-0.0903026795491983,0.0,-0.8510081477380478,3.773464348378112,5261.733013168801
Cole Anderson,-3.5079171177200745,-2.543233328887312,-0.9646837888327627,-1.8222899177450358,-0.18900805357033668,-0.5319353575719392,-0.8375309840818699,-0.044614922224345425,-0.08253788252654748,0.0,-0.8480962158931687,3.8536956099304316,3474.5506560541658
Cayden Ward,-3.5083174990422266,-2.4521206842837557,-1.0561968147584708,-1.7028244619787165,-0.3718287823874339,-0.377467439917605,-0.8027501392290992,-0.16713024409159125,-0.08631643143778028,0.0,-1.0027428978344104,3.814596320960917,4150.151027344052
Ethan Greenberg,-3.5084452528335452,-2.491012264177985,-1.0174329886555606,-2.0217732867935596,-0.05862607185494931,-0.41061290552947566,-0.8926252050482977,-0.033310103384626304,-0.09149768022263666,0.0,-0.594046760991688,3.932805524357663,2558.054944325072
Diego Campisano,-3.5088762799966853,-2.4570658127061806,-1.0518104672905044,-1.94109462683935,0.08095512907774605,-0.5969263149445766,-0.921845112956803,-0.026653942996481092,-0.10331141133722038,0.0,-0.6459365402005319,3.8805240766232036,3103.2536687794127
Osiris Grady,-3.5094262607471896,-2.8087290547712302,-0.7006972059759593,-1.9240986479738582,-0.22878041030145743,-0.6558499964959145,-0.47642990643794436,-0.1336553340401536,-0.0906119654978613,0.0,-1.1088977063353866,3.7960339166977786,4602.492139302941
Jackson Benigni,-3.5095272398230093,-2.653123708047988,-0.8564035317750213,-1.5493989106154318,-0.28314648965347655,-0.8205783077790798,-0.5658013105003593,-0.19936919449416235,-0.09123302678049963,0.0,-1.3943270187072183,3.843548386418613,3602.741943435203
Joseph Octave,-3.510266728999081,-2.763071065463878,-0.7471956635352031,-1.8793758271483358,-0.19481759205682336,-0.6888776462587185,-0.5638327501842771,-0.0723899012801666,-0.11097301207075932,0.0,-1.067058151666468,3.9099974396250663,2771.2787741513266
Jalen Forrest,-3.5143709122376063,-2.9053918175235296,-0.6089790947140767,-2.0792096616052507,-0.1688779551002945,-0.6573042008179846,-0.4501457086598164,-0.03642432753881171,-0.1224090585154487,0.0,-0.9850155419725395,3.837748027915385,3711.1701504961197
Darius DeAveiro,-3.519881796711604,-2.7003316168779397,-0.8195501798336646,-1.8785184450472012,-0.14492007877472496,-0.6768930930560134,-0.7075780576492025,-0.016084495732070783,-0.0958876264523913,0.0,-0.9337852940152005,3.860279959822487,3366.858971770807
Jamison Battle,-3.521219539478809,-2.5752892954798643,-0.9459302439989448,-2.024272687411063,-0.029400943300968096,-0.5216156647678332,-0.715568072790612,-0.13779298641547164,-0.09256918479286111,0.0,-0.7813787792771341,3.941303493592734,2500.0035552019235
Kylan Blackmon,-3.5226740604533178,-2.713736547163469,-0.8089375132898488,-1.9017027767897086,-0.31388221773058,-0.4981515526431808,-0.4594626543002752,-0.25312690836419327,-0.09634795062538025,0.0,-1.161508629363334,3.8188105001049344,4053.6299714654506
Alvin Stredic,-3.525023277330105,-3.018354169718183,-0.5066691076119221,-1.998875586703969,-0.5130735164285092,-0.5064050665857048,-0.307975493168271,-0.07294970402609514,-0.1257439104175559,0.0,-1.2181721974578652,3.961380470910082,2332.9849196401856
Taje' Kelly,-3.5261265689237664,-2.6127230189121198,-0.9134035500116466,-1.9056002685156115,-0.3341676371822359,-0.37295511321427244,-0.4963434987254723,-0.3139228185511996,-0.10313723273497472,0.0,-1.1241828016826825,3.8207279121699207,4024.9347462376804
Rob Lawson,-3.526866401052616,-2.5573262321380383,-0.969540168914578,-1.9844220973583948,-0.17464086027959688,-0.3982632745000465,-0.7597481364233218,-0.10332562357772668,-0.10646640891352938,0.0,-0.7826961672708994,3.761869939824152,5682.990896644023
Micah Thomas,-3.526881542479513,-2.4772384045000106,-1.0496431379795021,-1.587662820825548,-0.07642724937256923,-0.8131483343018931,-1.0718067206037536,0.1219172671138119,-0.09975368448956044,0.0,-0.8674120010502109,3.7777134794001888,5113.2112131896665
Josh Taylor,-3.528519424582009,-2.847358211055594,-0.6811612135264147,-2.0905573517865386,-0.3160158531195312,-0.4407850061495242,-0.5284481138677988,-0.05891284528789431,-0.09380025437072165,0.0,-0.9095139589276713,3.877569967584546,3136.7182603366477
Tana Kopa,-3.5346734300535774,-2.7420289055019946,-0.7926445245515827,-1.8282514038389306,-0.15954069821545777,-0.7542368034476065,-0.5625839558340315,-0.12758572456680312,-0.1024748441507482,0.0,-1.1438380703806155,3.8735744117693462,3171.026041778726
Cole Franklin,-3.5357108094669947,-2.901785863919666,-0.6339249455473286,-1.9409934527966404,-0.22558201877528364,-0.7352103923477417,-0.5931759697741614,0.06161232882678261,-0.1023613045999497,0.0,-1.0015413868961924,3.8847557141695024,3017.464730118935
Camp Wagner,-3.537942385327339,-2.541076552098444,-0.9968658332288947,-1.9728066121281125,-0.26196573243908117,-0.30630420753125026,-0.623871406632035,-0.2885533953539967,-0.084441031242863,0.0,-0.9412643665671911,3.805615295157336,4357.434836341354
Kiree Huie,-3.5427620886577493,-2.6393962559473167,-0.9033658327104326,-2.045402189824006,-0.21958721291797184,-0.37440685320533873,-0.7350913302500809,-0.07022481956395997,-0.09804968289639174,0.0,-0.7622685685836622,3.8357100488773184,3756.040468289677
Josiah Hammons,-3.5470556881672994,-2.413880936161266,-1.1331747520060331,-1.8809358493976638,-0.180795696724939,-0.35214939003866336,-0.8560488795580616,-0.17217985648805884,-0.10494601595991268,0.0,-0.8100709592115738,3.836348637710848,3736.0399703242656
Collin Tanner,-3.5489711593297026,-2.6094535407624764,-0.9395176185672262,-1.9123541481169346,-0.13259433482300692,-0.5645050578225348,-0.8039180313402534,-0.05342316012671032,-0.08217642710026238,0.0,-0.8326989798725145,3.9297149989272113,2590.402007168228
Nehemiah Benson,-3.5499965586620106,-2.711586256776974,-0.8384103018850365,-1.791649769428078,-0.3096456262598364,-0.6102908610890596,-0.6304241557931652,-0.12382225872429987,-0.08416388736757142,0.0,-1.1279226334407673,3.943999896427788,2468.8991471504764
Austin Swartz,-3.550679247329051,-2.466440929493675,-1.0842383178353763,-1.8608335142814472,0.02729352489471537,-0.6329009401069433,-0.9552820078396072,-0.0404439557779079,-0.08851235421786112,0.0,-0.734563725207997,3.8901162042553277,2981.683426542485
Eemeli Yalaho,-3.5512406047370293,-2.3491571869650882,-1.2020834177719408,-1.720021739877958,-0.30926309369699556,-0.31987235339013476,-0.8461807910643684,-0.24556211232619105,-0.1103405143813814,0.0,-0.9850380737947028,3.8790224348637903,3112.692031960396
Drew King,-3.551753007215202,-2.444448449759561,-1.1073045574556408,-1.9367431602697667,-0.25704090884835346,-0.25066438064144114,-0.8590044745860628,-0.15800769785328925,-0.09029238501628889,0.0,-0.7560053723593728,3.830509809436543,3846.572236848986
David Brown III,-3.552330410266072,-2.6152881948710744,-0.9370422153949978,-1.876050880313469,-0.3058423917616735,-0.4333949227959319,-0.7725119036608535,-0.07294951472530381,-0.09158079700884046,0.0,-0.9037676262917498,3.9349425203890194,2542.061499267944
Kaleb Smith,-3.5529374889168808,-2.7372777672742705,-0.8156597216426104,-1.9416792179827147,-0.151832444218769,-0.6437661050727865,-0.5687975426136256,-0.1554486380803578,-0.09141354094862701,0.0,-1.0424607283205405,3.8897547249118736,2984.1963928730374
Louis Bleechmore,-3.554101307211373,-2.5959786125407356,-0.9581226946706373,-1.8581967570853988,-0.10769022721137748,-0.6300916282439593,-0.7830764865584607,-0.07873176602481177,-0.09631444208736471,0.0,-0.9128280635675132,3.9362905439973748,2531.441091795949
Michael James,-3.5562067885797806,-2.4878995389184335,-1.0683072496613473,-1.5708310542692243,-0.22412341721141105,-0.6929450674377982,-0.9109076618676855,-0.03814116518558229,-0.11925842260807946,0.0,-1.074468072442871,3.840870045556913,3639.104516750993
Cliff Davis,-3.559206608433532,-2.573545569753903,-0.9856610386796293,-1.8644646615001483,-0.1956019746105778,-0.5134789336431769,-0.7826596539696976,-0.11885213967845479,-0.08414924503147689,0.0,-0.9120822929636864,3.7540833174964465,6001.542907320491
Chris Austin,-3.5596108858514945,-2.439558700812861,-1.1200521850386334,-1.7637221965909322,-0.12247583112097374,-0.5533606731009549,-0.8657053488793633,-0.15887910044266207,-0.09546773571660813,0.0,-0.9301833403811989,3.878039226377921,3123.96884506494
Kaden Rickard,-3.5621683900955907,-2.6732771657648975,-0.8888912243306933,-1.9681465643281133,-0.17296292659841303,-0.5321676748383715,-0.6527773247996311,-0.12457060808216598,-0.11154329144889615,0.0,-0.9412445009678467,3.9876039810042867,2177.0445451014207
Liam Murphy,-3.5627981218134632,-2.543831264401591,-1.0189668574118727,-1.9324110674779915,-0.22029750810798793,-0.3911226888156114,-0.6751002087505285,-0.2437081851072765,-0.10015846355406774,0.0,-0.9552868455849435,3.9721269136021986,2269.6136219814343
Jalen Miller,-3.5648721638606107,-2.503661045791553,-1.0612111180690578,-1.8353836759527054,-0.11204414075233146,-0.5562332290865162,-0.879731215532672,-0.08611860108859226,-0.09536130144779348,0.0,-0.8497572723752334,3.958797010522911,2365.680568054812
Kaleb Washington,-3.565550683296772,-3.009790146738748,-0.5557605365580238,-2.0105970770737978,-0.2255214951553431,-0.7736715745096074,-0.5589607235986518,0.08203634695686435,-0.07883615991623637,0.0,-0.9959928826243225,3.917534351019917,2701.32167050163
Tamarion Hoover,-3.5722067332367455,-2.441176125760696,-1.1310306074760497,-1.9329174310641275,-0.15386490837660555,-0.35439378631996293,-0.7099807387809816,-0.3076811760595861,-0.113368692635482,0.0,-0.9293085633916366,3.919854681504522,2670.9346076001902
Louie Semona,-3.5743475074371354,-2.7236328622765837,-0.8507146451605518,-1.7961717328892446,-0.23091777635478125,-0.6965433530325581,-0.6981155357322899,-0.0639155038006999,-0.08868360562756211,0.0,-1.0800602388156013,3.9370294501594696,2523.277370702643
Troy D'Amico,-3.5755691666048843,-2.7302027383780905,-0.8453664282267939,-1.870759630694329,-0.2542987497751677,-0.6051443579085934,-0.5935397546484205,-0.15862294180606415,-0.09320373177230924,0.0,-1.1112697812621346,3.87876641014986,3082.7188412953324
K'Jei Parker,-3.576850639922659,-2.581687270920347,-0.9951633690023122,-1.8888767240494184,-0.2678004431087436,-0.425010103762185,-0.8496017380502274,-0.060482278608413126,-0.08507935234367159,0.0,-0.8383721778230134,3.8758084088206832,3144.4535661509203
Max Frazier,-3.5771433232843624,-2.6385901654874075,-0.9385531577969547,-1.7943649520401677,-0.29686701411374905,-0.5473581993334912,-0.5382944066970408,-0.291028247666969,-0.10923050343294496,0.0,-1.2444839645471542,3.8876502282069763,3024.4290141395577
Justyn Fernandez,-3.5784746868480575,-2.525021425951666,-1.0534532608963914,-1.5044277522212826,-0.3469591031409369,-0.6736345705894468,-0.8654326328793207,-0.09673814933681363,-0.09128247868025714,0.0,-1.2086143017474544,3.8372982413952093,3714.9336357742723
Ace Flagg,-3.580712284271991,-2.6728456023979836,-0.9078666818740072,-1.7995109604095245,-0.16788431970264778,-0.7054503222858114,-0.9292184568210641,0.11678901024438046,-0.09543723529732358,0.0,-0.8519828670414022,3.980434181362993,2220.236243989435
Mario Tatum Jr.,-3.582392704328228,-2.493571689374167,-1.0888210149540614,-2.0037727182337974,0.019505695598194095,-0.5093046667385637,-0.8139580332266756,-0.1878392328929585,-0.08702374883442729,0.0,-0.7646619528677554,3.9624965175110343,2335.3989887147327
Chas Kelley III,-3.5848227357809126,-2.6263671651572342,-0.9584555706236784,-1.7199552844021302,-0.2973658334960053,-0.6090460472590985,-0.8104527517387501,-0.05472696031377906,-0.09327585857114912,0.0,-1.054414699640032,3.8575338844207248,3392.3599232901443
Justus Jackson,-3.586029178289559,-2.497981037727692,-1.0880481405618672,-1.7103250397093495,-0.22359375690726754,-0.5640622411110751,-0.8556367355214358,-0.1417704707564951,-0.09064093428393621,0.0,-1.020067403058774,3.977243166978338,2249.054069995631
Dorian Hayes,-3.5911838078360665,-2.6862358427817163,-0.9049479650543499,-2.217117854126516,-0.08673828631265307,-0.38237970234254726,-0.614486941535977,-0.17677869102295474,-0.11368233249541819,0.0,-0.7595790121735733,3.957265825841778,2379.422095959826
Vice Zanki,-3.5914567219372358,-2.8057278680308064,-0.7857288539064293,-1.9208590898813824,-0.35131952229156027,-0.5335492558578634,-0.7612809463054115,0.06625097660993304,-0.0906988842109508,0.0,-0.9093166857504414,3.906306899270251,2801.566519322442
Timofei Rudovskii,-3.5934539637406884,-2.6826178251484087,-0.9108361385922799,-2.046129743098902,-0.3684463767300493,-0.26804170531945704,-0.5920180437948135,-0.2283323798747467,-0.09048571492271959,0.0,-0.9553061768469726,3.9130579032703814,2764.9092995486135
Ocypher Owens,-3.594946092913979,-3.055596454321296,-0.5393496385926828,-1.9932882226928665,-0.4580087636877574,-0.6042994679406722,-0.35164353438271073,-0.0721940225431127,-0.11551208166685936,0.0,-1.2500143358384017,3.869230272850461,3235.3848053782294
Victor Payne,-3.59779402056913,-2.5098886810584102,-1.0879053395107199,-1.765742111530582,-0.3233414864906127,-0.4208050830372153,-0.8329100332739838,-0.16351491664496948,-0.09148038959176656,0.0,-0.9991418757645639,3.926072954889526,2614.0325935307683
Lamar Oden Jr.,-3.5989760031964515,-2.6941130268626523,-0.904862976333799,-1.9262145670752753,-0.23471801424323063,-0.533180445544146,-0.6218156857381126,-0.21192318003996405,-0.07112411055572238,0.0,-1.050945750383063,3.8777941446049784,3133.2182956729275
Carter Kingsbury,-3.598997493472531,-2.4986152990609645,-1.1003821944115666,-1.942711190782957,-0.1568950643410703,-0.39900904393693715,-0.815446534329453,-0.18519613267882962,-0.09973952740328403,0.0,-0.8408397683601211,3.8950874456856273,2924.5430382884715
Isaac Garrett,-3.599213468071199,-2.081145286679412,-1.518068181391787,-1.800560534844664,-0.09447147444685672,-0.18611327738789124,-1.336873279115398,-0.09046140433958522,-0.09073349793680346,0.0,-0.46177965411113664,3.952281306761662,2419.0348646089587
Michael Thomas,-3.60177060862741,-2.3846116393188828,-1.2171589693085272,-1.7428819674878842,-0.16265672019702263,-0.479072951633976,-1.1530989375856509,0.03453843941787346,-0.09859847114074966,0.0,-0.7057897035538747,3.965548330101968,2312.569891548631
Christian Meeks,-3.604601468901693,-2.2927185022934644,-1.3118829666082288,-1.7172444010864643,-0.20282517361552518,-0.3726489275914753,-1.0627426499996584,-0.15159570563632263,-0.09754461097224786,0.0,-0.824614417815571,3.9236480382034036,2641.062136574933
Bijan Cortes,-3.606117556510852,-2.6933581779204188,-0.9127593785904331,-1.8307771442775251,-0.44334848335164834,-0.41923255029124573,-0.6969080976497042,-0.11291335959588004,-0.10293792134484897,0.0,-1.078432314583623,3.941178110629191,2510.105233920524
Joshua Ola-Joseph,-3.6073558737294156,-2.81835562540972,-0.7890002483196956,-1.7338732432271677,-0.4804494169955524,-0.604032965187,-0.4227544163077873,-0.2544823012715349,-0.11176353074037332,0.0,-1.4507282141944606,3.8469091186641156,3556.364146550649
Tyler Bike,-3.609818723559338,-2.721707036449149,-0.8881116871101892,-2.2695131507294217,0.1406712313968606,-0.592865117116588,-0.882049077780864,0.07721906412000129,-0.08328167344932633,0.0,-0.4582564950490524,3.9900089088140005,2161.9809684256934
Luke Bumbalough,-3.6102738515639494,-2.7191060555530187,-0.8911677960109308,-1.7785587563737164,-0.22677756185078224,-0.7137697373285202,-0.5737074569512578,-0.2086368621849318,-0.10882347687474114,0.0,-1.2580076382389753,3.999309881540276,2095.9552039641253
JaSteven Walker,-3.61084932971496,-2.858338460423295,-0.7525108692916651,-2.288122788337716,0.004201919510750773,-0.5744175915963298,-0.5005769128538664,-0.14757018432015206,-0.10436377211764664,0.0,-0.8221496285233778,3.933668264855173,2556.777230700428
Krystian Lewis,-3.6115597281541794,-2.5260585346148647,-1.0855011935393146,-1.9292957628309038,-0.11158552012785122,-0.48517725165611,-0.8761729026804013,-0.10243117747851974,-0.10689711338039362,0.0,-0.8060910626428746,3.8450628617588576,3593.30312993985
Dylan Jones,-3.6121842442517558,-2.3540952529974097,-1.2580889912543458,-1.8099573176681691,-0.2213669576363458,-0.322770977692895,-1.0557523916129372,-0.1299879946417352,-0.07234860499967326,0.0,-0.7464745349706492,3.834849958855643,3763.7997744126264
Cam Haffner,-3.612204072449195,-2.7232554490606016,-0.8889486233885933,-1.8288448129825638,-0.1624834749980716,-0.7319271610799659,-0.8023555592890084,0.00017879054465430588,-0.08677185464423923,0.0,-0.9810037001776224,3.869592521661361,3231.238254235629
CJ Hyland,-3.6130344939967154,-2.6286751334205873,-0.9843593605761283,-1.9019976889083385,-0.3209314645785034,-0.40574597993374534,-0.8846380231552785,-0.009844954082309884,-0.08987638333853988,0.0,-0.8263987819330986,4.017289199305024,2004.0891612959138
Austin Nunez,-3.6135866628070885,-2.655138722908195,-0.9584479398988934,-1.9513481612197794,-0.1315448969907955,-0.5722456646976201,-0.9653345279952996,0.09648776138287599,-0.08960117328646983,0.0,-0.6969039735920095,3.9473610965605017,2464.028573535478
Joe French,-3.6147125206606896,-2.645387660182817,-0.9693248604778726,-1.8423714322041962,-0.17840715303461716,-0.6246090749440033,-0.7426056012196401,-0.12334203948746325,-0.10337721977076916,0.0,-1.029735487236853,3.9746316952314396,2254.822617974828
Cam Denson,-3.618495435753118,-2.990361254337701,-0.6281341814154167,-2.0730571664918727,-0.4172967588671519,-0.5000073289786762,-0.46304127211047136,-0.05507128471555972,-0.11002162458938562,0.0,-1.0823969971507734,3.8578687699023777,3385.458404992234
Justin Page,-3.62193811192852,-2.747443147673936,-0.8744949642545838,-1.950418460332256,-0.11027767340883164,-0.6867470139328484,-0.5331264530380759,-0.2551397128475925,-0.08622879836891545,0.0,-1.138393198558188,3.823711848178525,3950.355461066414
Connor Amundsen,-3.622592354843807,-2.366698472014173,-1.2558938828296335,-1.708469765789369,-0.12407230483665681,-0.5341564013881471,-1.075783968839362,-0.12027053921996599,-0.05983937477030566,0.0,-0.8383386202150755,3.819894591598021,4041.399463096932
Dailin Smith,-3.6269175655475054,-2.593041764346144,-1.0338758012013616,-2.0068034351336888,-0.1271370674748205,-0.4591012617376345,-0.9172131371643324,0.006245628895319794,-0.12290829293234887,0.0,-0.7029009932494841,3.8146504409400377,4162.627637026611
Tyler Andrews,-3.6271260575652184,-2.845222626399551,-0.7819034311656674,-1.9862406082797792,-0.3055555959690358,-0.5534264221507361,-0.6744753017241786,-0.02027478084265815,-0.08715334859883071,0.0,-0.9664101475612608,3.8915737945905433,2982.460596151721
Khalil Farmer,-3.6289291920493243,-2.5367672907810315,-1.0921619012682928,-1.9118932569097766,-0.09658642606079008,-0.5282876078104648,-0.9776589750819451,-0.027348401628822426,-0.08715452455752534,0.0,-0.7393769600576027,3.9305675227888717,2590.345072800465
Trevon Payton,-3.636632723298211,-2.259900035390582,-1.3767326879076291,-1.7626967090116852,-0.0003876308449891619,-0.4968156955339076,-1.035331060862982,-0.25408282536965165,-0.08731880167499559,0.0,-0.838604953423544,3.857220306443772,3400.4192996634074
Joe Nugent,-3.6392910743264713,-2.6564789801917303,-0.982812094134741,-1.7546558824504357,-0.27190627031586856,-0.629916827425426,-0.5994948868302821,-0.29226729414939545,-0.09104991315506353,0.0,-1.2851403050457535,3.7985414727015705,4527.980940531544
Jerome Palm,-3.640300143870923,-2.716823242059873,-0.9234769018110501,-1.8505774833262585,-0.30254770641677203,-0.5636980523168426,-0.7410404835437536,-0.09468145980473396,-0.08775495846256252,0.0,-1.048682177000911,3.8495601916946707,3493.5211149401284
Isaiah Campbell-Finch,-3.6449012006087043,-2.7777981451085774,-0.8671030555001269,-2.116296413398292,-0.06375648622877449,-0.5977452454815106,-0.5841289844102591,-0.2025019401265551,-0.0804721309633127,0.0,-0.944475802800153,4.010515807468433,2048.4282267029394
Jalyke Gaines-Wyatt,-3.6452377671957272,-2.6116433885702492,-1.033594378625478,-1.68361443924098,-0.1030484375317648,-0.8249805117975044,-0.6655072274081706,-0.2593498368046118,-0.10873731441269562,0.0,-1.2961161005465767,3.8113220340039873,4219.005748900684
Anquan Boldin Jr,-3.648928432108913,-3.0158854673418465,-0.6330429647670662,-2.1040911019492836,-0.4703503052559957,-0.44144406013656695,-0.582007427731586,0.05620397707388253,-0.1072395141093628,0.0,-0.962829902428043,3.8538309685078933,3451.7640847196903
Jacob Theodosiou,-3.6536334521180667,-2.926994421724199,-0.7266390303938675,-1.8883446028839175,-0.2653903332112445,-0.7732594856290376,-0.7321289088838253,0.10347387090476515,-0.09798399241480732,0.0,-1.0331599403503244,3.8380130113885644,3719.521632981191
Isaiah Barnes,-3.656534774972706,-2.9847563168979807,-0.6717784580747257,-1.9339805734458506,-0.2895692696483206,-0.7612064738038097,-0.47502913966448845,-0.11241396864258124,-0.08433534976765597,0.0,-1.2475250618623677,3.848397463932295,3521.7225301876706
Ryan Curry,-3.6580099608621897,-2.7706585156481296,-0.8873514452140601,-1.920457727114288,-0.19851652948882348,-0.6516842590450184,-0.5156691186186773,-0.2813635818673721,-0.09031874472801073,0.0,-1.2218831151292247,3.7468533394541037,6324.509270780309
CJ Booker,-3.658184914106754,-2.6516216187851587,-1.0065632953215953,-1.845985728267813,-0.04945552622541166,-0.7561803642919338,-0.808935480576507,-0.10943461576596711,-0.08819319897912117,0.0,-1.0032637052624338,3.920729403369795,2671.701391291914
John Hugley IV,-3.6597366605461668,-2.92849648301803,-0.7312401775281369,-1.6904024352644456,-0.47126289884973566,-0.7668311489038486,-0.3883210440494662,-0.23983763493655658,-0.10308149854211411,0.0,-1.5810131812322548,3.8991112326742807,2881.716397934014
Nicolas Louis-Jacques,-3.663693623225818,-2.752952856232201,-0.9107407669936165,-1.875402709121368,-0.30082090692714913,-0.5767292401836841,-0.7547531063239354,-0.055852771547027086,-0.10013488912265396,0.0,-1.0335378077805142,3.935903904561752,2537.256822622239
Keith Lamar,-3.66610355935037,-2.945838488126264,-0.720265071224106,-1.9617012594481282,-0.28735969229899705,-0.6967775363791386,-0.4225429508149313,-0.19592946956149726,-0.10179265084767739,0.0,-1.2818593490873103,3.99951995154229,2103.6257806914655
Tre Beard,-3.66697645121259,-2.225797141022013,-1.4411793101905765,-1.695579150810953,-0.09727252118393324,-0.43294546902712694,-1.1114752932149643,-0.22578480265502746,-0.1039192143205847,0.0,-0.8599220071866723,3.898295649952998,2873.56854460967
Ben Michaels,-3.6690693089489788,-2.785425219115633,-0.8836440898333462,-1.9366227669816025,-0.2600775492288468,-0.5887249029051836,-0.7067920896806148,-0.07847102593944742,-0.09838097421328396,0.0,-1.0256544522867619,3.958007367590646,2352.0813738296097
Pedro Lopez-Sanvicente,-3.6694919213842008,-2.4521177671099297,-1.217374154274271,-1.990209081054632,-0.09267430311405522,-0.3692343829412423,-1.0405815659959181,-0.08920467645286972,-0.08758791182548312,0.0,-0.6387012743336503,3.975671900486223,2242.413194089644
Trey Fort,-3.6737232610778294,-2.644852143744507,-1.0288711173333225,-2.0306037711738183,-0.20675521539131655,-0.4074931571793723,-0.8247485372579612,-0.10420502123774737,-0.09991755883761394,0.0,-0.8183709526460501,3.9009077589064813,2880.239137410791
Mike James,-3.685164981166237,-2.7333526326768354,-0.9518123484894018,-1.8955739004659942,-0.31867603059353977,-0.5191027016173014,-0.7480684397525228,-0.11677449352258754,-0.08696941521429143,0.0,-1.04152264094772,3.904181115157918,2820.2807027557565
Dylan Godfrey,-3.685175028911807,-2.516711041276656,-1.168463987635151,-1.920718108099538,-0.19318137481519393,-0.402811558361924,-1.1458987697546887,0.061713880180555014,-0.08427909806101734,0.0,-0.6185581510575802,4.0045577153143865,2076.7588943769165
Kadar Waller,-3.7009878606003705,-2.8721781319170083,-0.8288097286833623,-1.8769873439547315,-0.1997376477137099,-0.7954531402485668,-0.8673872334762958,0.13175237220418828,-0.09317486741125484,0.0,-0.9566132831693434,3.836433851858301,3724.1063090779608
Mak Manciel,-3.701351051429454,-2.587322931448569,-1.114028119980885,-1.8131757898079557,-0.1742612437386745,-0.5998858979019386,-1.0163963414503905,-0.01895232256456636,-0.07867945596592832,0.0,-0.8717789201711077,3.9492058913389183,2449.9480401145074
Jayme Mitchell Jr.,-3.7092507447026972,-2.6106697560086154,-1.0985809886940818,-1.8668452229681203,-0.13196937121454366,-0.6118551618259516,-0.9859197895823156,-0.02018640303164323,-0.0924747960801228,0.0,-0.8564857321522612,3.7815524091218484,4989.725942784142
Yohan Traore,-3.713881810816104,-2.6014052602735998,-1.112476550542504,-1.7406274349688107,-0.3151304242883311,-0.5456474010164579,-0.7359260712353473,-0.24981234320254211,-0.12673813610461482,0.0,-1.237328304611946,3.8205813232397983,4023.3118365995956
Tyler Coleman,-3.7333560547751077,-2.4312777188319186,-1.302078335943189,-1.8737079714785994,-0.20972425446634657,-0.34784549288697264,-1.088876073374072,-0.12639205542807483,-0.08681020714104194,0.0,-0.770772009922436,4.0114479572189765,2024.4867612763505
Coltie Young,-3.742759791869114,-2.552957318645074,-1.18980247322404,-2.0436577226916137,-0.1689354535643482,-0.34036414238911217,-1.0313216995549501,-0.05153096607143945,-0.10694980759765046,0.0,-0.6677803696225503,3.8391807817777783,3673.1458793804995
Ben Johnson,-3.7473856375009986,-2.5472288513748778,-1.2001567861261209,-1.9253544055725822,-0.03400584984733537,-0.5878685959549601,-0.8145359315038976,-0.298879364514499,-0.08674149010772442,0.0,-1.0074953004245188,3.8199654780753654,4057.9652186959242
Solomon Callaghan,-3.7565405644493044,-2.6124790410852112,-1.1440615233640932,-1.8730128449898484,-0.13670890389658244,-0.60275729219878,-0.7823097583093173,-0.26016530227302004,-0.10158646278175586,0.0,-1.1012179611501383,3.8142873581242887,4161.626591294926
Aaron Davis III,-3.756701356762931,-2.4959210852188405,-1.2607802715440901,-2.021260178834427,-0.1254162339569755,-0.3492446724274377,-0.9952737319640119,-0.16741035213103422,-0.09809618744904408,0.0,-0.7401674459644914,3.973379405224305,2283.2560389469054
Noah Treadwell,-3.7609801925564144,-2.6716258617849022,-1.0893543307715123,-2.0344553974454436,-0.4511395911998774,-0.18603087313958128,-0.9342162144012229,-0.044336751328664985,-0.11080136504162436,0.0,-0.7923085807097481,3.997231204843831,2122.3364201558115
Jordan Chatman,-3.7620440515621034,-2.65032729857874,-1.1117167529833636,-1.8676896151575428,-0.3252486020471848,-0.4573890813740121,-0.8856928512059343,-0.13648955414790026,-0.08953434762952894,0.0,-1.008661585198626,3.782649363581571,4958.497140364848
Colin Smalls,-3.762161452941166,-2.5596464265498167,-1.2025150263913498,-1.8493231647934907,-0.22247749771393932,-0.4878457640423869,-0.9812903397558954,-0.12423376568290073,-0.09699092095255375,0.0,-0.9315479483917807,3.8995267517181684,2869.6554004197073
Jaxson Bell,-3.7705000695250996,-2.697955925785572,-1.0725441437395276,-1.8613086571190753,-0.2686116826555881,-0.5680355860109086,-1.0039266027338631,0.012394923801146152,-0.08101246480681054,0.0,-0.9052648096721612,3.968534175620073,2297.927874638423
Kolten Griffin,-3.787342220500343,-2.7143883343842585,-1.0729538861160846,-2.1046455882783888,-0.14449349122439636,-0.46524925488147306,-0.7583337746662854,-0.2099016166488047,-0.10471849480099457,0.0,-0.9243628575556687,3.800435523025124,4483.625759110561
Jahnathan Lamothe,-3.7976353934048372,-2.6535681605667953,-1.144067232838042,-2.0805081348375354,-0.16052496075819642,-0.41253506497106357,-0.8263416279913731,-0.23007531612796558,-0.08765028871870323,0.0,-0.8907856305759287,3.8832282682785184,3054.0732062191446
Johnny O'Neil,-3.7987002449006964,-2.737080227965259,-1.0616200169354375,-1.9418414239579742,-0.3465298230802596,-0.44870898092702466,-0.8179094611364685,-0.1519272113061556,-0.09178334449281335,0.0,-1.0389493598062531,3.8490034566331723,3519.59426900774
Vincent Delano,-3.8072743890818717,-2.536171474963216,-1.2711029141186558,-1.8761387129130058,-0.1990913335526156,-0.46094142849759445,-0.9176142224457458,-0.2549766959228137,-0.0985119957500963,0.0,-1.01352145372312,3.8656821883141026,3282.639858018207
De'Sean Allen-Eikens,-3.813864521427227,-2.660196926872625,-1.153667594554602,-1.725787021460963,-0.2973069541433533,-0.6371029512683084,-0.8749731378958954,-0.18327379435172345,-0.09542066230698319,0.0,-1.2131043620703683,3.969326071175136,2291.332193070761
Ryan Mabrey,-3.82121670205823,-2.7554028508205817,-1.065813851237648,-1.9985053684595087,-0.21093435653006934,-0.5459631258310038,-0.8958321138869103,-0.06942432971842319,-0.10055740763231462,0.0,-0.9268792197118109,3.7998138202667078,4496.301712130332
Donovan Sanders,-3.822018669055269,-2.811281248614643,-1.0107374204406259,-2.0531288137077293,-0.3213451135329385,-0.4368073213739747,-0.7739242421777714,-0.12471781394075754,-0.11209536432209695,0.0,-0.9949656131697677,3.916810427130673,2696.327462459057
Martin Kheil,-3.8241389176140426,-2.6294037617268797,-1.1947351558871628,-1.7158299921959441,-0.12883203907185203,-0.7847417304590834,-0.8866733003904811,-0.22131377844615352,-0.08674807705052816,0.0,-1.2216356250276172,3.9276653011722247,2646.6318057418384
Joey Chammaa,-3.832241028207296,-2.551488945628118,-1.2807520825791776,-1.9141512640620437,-0.16094776514322667,-0.4763899164228476,-1.3383209716412086,0.1568689515502503,-0.09930006248821947,0.0,-0.5797687925040435,3.986099943455553,2191.0667606200514
Parker Friedrichsen,-3.8357694631967676,-2.5130512975412582,-1.3227181656555094,-1.7450476202967373,-0.17675033822282007,-0.5912533390217007,-1.2959355516323332,0.036630979241941974,-0.06341359326511814,0.0,-0.7947862912676968,3.8244370316904637,3965.422092207301
Mikah Ballew,-3.8436211139009213,-2.825536633641584,-1.0180844802593374,-1.919814466488522,-0.29467952365798805,-0.6110426434950738,-0.8543358807894734,-0.06493925342652564,-0.09880934604333826,0.0,-1.0694707666229257,3.8778689041698775,3140.135308278207
Aiden Disu,-3.8502361629525774,-2.9182196867830266,-0.9320164761695509,-2.080401019605962,-0.2332218622170423,-0.6045968049600223,-0.5974298745581205,-0.2211459223149304,-0.1134406792964999,0.0,-1.172405268788495,3.9603091478162655,2352.0452751255
Nick Woodard,-3.854573914132734,-2.791637183271505,-1.0629367308612296,-1.9439907493229143,-0.3281073493021039,-0.5195390846464868,-0.6651281427363751,-0.28513865612518474,-0.11266993199966975,0.0,-1.2454550220734453,3.8410002954273796,3639.5813357183924
Chace Watley,-3.8591206855911437,-2.5510242840792405,-1.308096401511903,-2.0501711583311,-0.12165826219190837,-0.37919486355623216,-0.9410196491015533,-0.2628616792058327,-0.10421507320451691,0.0,-0.8679298781584902,3.953148189796875,2405.993458225102
Tyler Brelsford,-3.8595073512490163,-2.6893525458471688,-1.1701548054018476,-1.7657076263394682,-0.21264102694984227,-0.7110038925578583,-0.8875271183863008,-0.19493380572084087,-0.08769388129470579,0.0,-1.2062726065232474,3.8865942199718173,3025.4429022851127
Aquan Smart,-3.863400952084093,-2.7660441368637416,-1.0973568152203514,-1.8604090387244476,-0.3256227950023275,-0.5800123031369668,-1.060944549066562,0.0425861553387734,-0.07899842149256282,0.0,-0.9420473642930838,4.007867472015188,2056.947696641234
James Morrow,-3.864779686432259,-2.837692142574559,-1.0270875438577003,-1.9405639657439664,-0.6075910271958,-0.28953714963479293,-0.9448884710799352,0.012999385214125622,-0.09519845799189057,0.0,-0.9793272496083579,3.9656459973928873,2316.5230115835902
Mason Porter-Brown,-3.871414556095956,-2.531582279155387,-1.339832276940569,-1.8807617279778739,-0.25655678005178684,-0.3942637711257265,-1.185942651774421,-0.07623325665580058,-0.07765636851034746,0.0,-0.8047101763436615,4.003269399159325,2094.801788111954
Nick Krass,-3.8741305047878187,-2.601546542032895,-1.272583962754924,-1.7709625203110586,-0.14887434150537762,-0.6817096802164588,-1.272211261872351,0.09035109195124075,-0.09072379283381385,0.0,-0.8309567226044094,3.989760258439215,2159.859032721924
Bryson Wilson,-3.8957710978635007,-2.9494784797399243,-0.9462926181235763,-2.0395341018423614,-0.3003673576741496,-0.6095770202234135,-0.7476847584252696,-0.09415647354445629,-0.10445138615385038,0.0,-1.1085522375958696,3.8477116535252374,3532.454913440743
Trey Thomas,-3.8985251172544193,-2.748034393202392,-1.1504907240520272,-1.9566106187115786,-0.21037280156826124,-0.581050972922552,-0.8864589568865574,-0.16639164690540548,-0.09764012026006436,0.0,-1.055455541656283,3.95360370788184,2414.1519524941123
Aleksander Pachucki,-3.904393616013076,-2.685638772580834,-1.218754843432242,-2.10953059064456,-0.11264808408642807,-0.46346009784984593,-0.8869115078378412,-0.21294329157378897,-0.11890004402061191,0.0,-0.9079515175306749,4.0068559531401515,2047.4502947093993
Tasos Cook,-3.9070924703825067,-2.5380274120796336,-1.3690650583028734,-1.8488191400357676,-0.09500223654491438,-0.5942060354989516,-1.2765310107399996,0.015852177531607156,-0.108386225094481,0.0,-0.7817423196067398,3.8188433179508094,4059.628697487985
Spence Sims,-3.926055831989647,-2.8894490252300398,-1.0366068067596068,-1.9615143891306233,-0.24175372520765143,-0.686180910891765,-0.7749367662609613,-0.16943007142911481,-0.09223996906953073,0.0,-1.1896046765980621,3.9573462833170323,2376.3718958738273
Corey Perkins,-3.9426841419000542,-3.0097920253070285,-0.9328921165930258,-2.0305860622610266,-0.43461429941573004,-0.5445916636302722,-0.9462428413002646,0.10699804800434298,-0.0936473232971042,0.0,-0.9658552383387635,3.827193619888794,3890.471794051014
Ashley Sims II,-3.968259869330364,-2.9548362982686616,-1.013423571061702,-1.8438533683703082,-0.32489073017353903,-0.7860921997248147,-0.7102328784013967,-0.2077532033326026,-0.09543748932770282,0.0,-1.4141736225586592,3.9128203560356147,2755.8075625096785
Dariyus Woodson,-3.971313739301846,-2.9653966555796267,-1.0059170837222189,-2.047878202344956,-0.25330878336375934,-0.6642096698709113,-0.6054288000235988,-0.3083350759873763,-0.09215320771124388,0.0,-1.3180067369332908,3.8801908236328124,3091.3362399983193
Kody Williams,-3.984288951931714,-2.9332644225178743,-1.05102452941384,-1.8142128168853189,-0.3070882099515076,-0.8119633956810481,-0.7899176048070378,-0.15908609215709607,-0.10202083244970621,0.0,-1.380158530239358,3.9117012694789874,2748.026078196398
Josh Pickett,-4.029073034385042,-2.8192029223327753,-1.2098701120522664,-1.8695381517261875,-0.3456310511482462,-0.6040337194583415,-1.0599551900577469,-0.0550372954779402,-0.09487762651657936,0.0,-1.0995796926011072,3.837737931694458,3712.376804247554
Jordan Tillmon,-4.048663966146544,-2.7841897479852826,-1.2644742181612605,-1.9488438010865916,-0.22614594749470662,-0.6091999994039843,-1.041154330728328,-0.11707846106971603,-0.10624142636321653,0.0,-1.0586658343316235,3.9854778623869342,2190.2371812383108
Zion Bethea,-4.053456755578804,-3.20603764986228,-0.8474191057165239,-2.241618316552722,-0.159842454343636,-0.8045768789659216,-0.7015229939693026,-0.05974440072886256,-0.08615171101835875,0.0,-1.1103154450567787,3.935792108357932,2541.251174670876
Judson Martindale,-4.070288254029064,-2.798778225460453,-1.2715100285686116,-1.872292005979756,-0.28462641036171443,-0.6418598091189821,-1.0455194945825976,-0.12489560934953542,-0.10109492463647855,0.0,-1.1524767534667104,3.980231817198745,2218.8240725407745
Tyran Cook,-4.0769297410309,-2.9256679380805277,-1.1512618029503718,-1.9004159102924278,-0.2130515450158805,-0.8122004827722196,-0.9539029683109636,-0.10387736460929183,-0.09348147003011648,0.0,-1.2226108624275085,3.96066233243497,2349.4803633686147
Anthony Benard,-4.138335745860957,-3.0285916949662046,-1.1097440508947518,-1.8083704450440992,-0.3392777005856682,-0.8809435493364375,-1.0249304833491177,0.017960244068609174,-0.10277381161424311,0.0,-1.3050348174677397,3.9023564186174298,2848.8090363172228
Travis Roberts,-4.159591716258906,-3.182312740156021,-0.977278976102885,-2.0159198958461513,-0.394498448008871,-0.7718943963009988,-0.7278741734355617,-0.12923486503881326,-0.1201699376285101,0.0,-1.4157976469771931,3.931649923180339,2565.6421627496507
Colin Hawkins,-4.165782823927396,-3.072089887087167,-1.093692936840229,-1.8117328589512283,-0.4004192704221522,-0.8599377577137863,-0.7081487755133442,-0.28549410976147216,-0.10005005156541276,0.0,-1.6459011894628235,3.894158191065277,2931.1028881288594
Makhai Valentine,-4.26278942114635,-2.7156393598423443,-1.547150061304006,-1.9928157260172557,-0.4012936696122946,-0.3215299642127939,-1.2934029706401442,-0.15286775848311457,-0.10087933218074711,0.0,-0.9765707244889501,3.913371166875525,2723.7858290661916
Eli Robinson,-4.359737451952704,-3.2750899831138423,-1.0846474688388612,-1.9754200210051052,-0.4851089803644395,-0.8145609817442975,-0.7365765295511023,-0.2388953288896152,-0.10917561039814372,0.0,-1.6477409013964959,3.932799921667549,2555.7237386503734
